-41,-45,lrPugEk+MI4BzL8TSJG5NPRxKk0=,MDeW3L3F2B8jH7o/cddgX01Vr+Y=
-46,-45,lrPugEk+MI4BzL8TSJG5NPRxKk0=,MDeW3L3F2B8jH7o/cddgX01Vr+Y=
-34,-33,WvDeCfsaCKClHOb9b8DRMNMitek=,MDeW3L3F2B8jH7o/cddgX01Vr+Y=
-33,-33,WvDeCfsaCKClHOb9b8DRMNMitek=,MDeW3L3F2B8jH7o/cddgX01Vr+Y=
-35,-33,tzkGSOST1KDTNgx8ftAuMtL5fBk=,MDeW3L3F2B8jH7o/cddgX01Vr+Y=
-36,-33,tzkGSOST1KDTNgx8ftAuMtL5fBk=,MDeW3L3F2B8jH7o/cddgX01Vr+Y=
-37,-33,tzkGSOST1KDTNgx8ftAuMtL5fBk=,MDeW3L3F2B8jH7o/cddgX01Vr+Y=
-40,-33,tzkGSOST1KDTNgx8ftAuMtL5fBk=,MDeW3L3F2B8jH7o/cddgX01Vr+Y=
-47,-45,tzkGSOST1KDTNgx8ftAuMtL5fBk=,MDeW3L3F2B8jH7o/cddgX01Vr+Y=
-41,-33,tzkGSOST1KDTNgx8ftAuMtL5fBk=,MDeW3L3F2B8jH7o/cddgX01Vr+Y=
-36,-34,tzkGSOST1KDTNgx8ftAuMtL5fBk=,MDeW3L3F2B8jH7o/cddgX01Vr+Y=
-40,-34,tzkGSOST1KDTNgx8ftAuMtL5fBk=,MDeW3L3F2B8jH7o/cddgX01Vr+Y=
-41,-34,tzkGSOST1KDTNgx8ftAuMtL5fBk=,MDeW3L3F2B8jH7o/cddgX01Vr+Y=
-37,-34,tzkGSOST1KDTNgx8ftAuMtL5fBk=,MDeW3L3F2B8jH7o/cddgX01Vr+Y=
-39,-33,tzkGSOST1KDTNgx8ftAuMtL5fBk=,MDeW3L3F2B8jH7o/cddgX01Vr+Y=
-34,-35,tzkGSOST1KDTNgx8ftAuMtL5fBk=,MDeW3L3F2B8jH7o/cddgX01Vr+Y=
-36,-35,tzkGSOST1KDTNgx8ftAuMtL5fBk=,MDeW3L3F2B8jH7o/cddgX01Vr+Y=
-34,-34,tzkGSOST1KDTNgx8ftAuMtL5fBk=,MDeW3L3F2B8jH7o/cddgX01Vr+Y=
-37,-35,tzkGSOST1KDTNgx8ftAuMtL5fBk=,MDeW3L3F2B8jH7o/cddgX01Vr+Y=
-35,-34,tzkGSOST1KDTNgx8ftAuMtL5fBk=,MDeW3L3F2B8jH7o/cddgX01Vr+Y=
-40,-35,tzkGSOST1KDTNgx8ftAuMtL5fBk=,MDeW3L3F2B8jH7o/cddgX01Vr+Y=
-35,-36,tzkGSOST1KDTNgx8ftAuMtL5fBk=,MDeW3L3F2B8jH7o/cddgX01Vr+Y=
-38,-35,tzkGSOST1KDTNgx8ftAuMtL5fBk=,MDeW3L3F2B8jH7o/cddgX01Vr+Y=
-36,-36,tzkGSOST1KDTNgx8ftAuMtL5fBk=,MDeW3L3F2B8jH7o/cddgX01Vr+Y=
-37,-36,tzkGSOST1KDTNgx8ftAuMtL5fBk=,MDeW3L3F2B8jH7o/cddgX01Vr+Y=
-38,-36,tzkGSOST1KDTNgx8ftAuMtL5fBk=,MDeW3L3F2B8jH7o/cddgX01Vr+Y=
-39,-36,tzkGSOST1KDTNgx8ftAuMtL5fBk=,MDeW3L3F2B8jH7o/cddgX01Vr+Y=
-40,-36,tzkGSOST1KDTNgx8ftAuMtL5fBk=,MDeW3L3F2B8jH7o/cddgX01Vr+Y=
-33,-46,tzkGSOST1KDTNgx8ftAuMtL5fBk=,MDeW3L3F2B8jH7o/cddgX01Vr+Y=
-34,-48,tzkGSOST1KDTNgx8ftAuMtL5fBk=,MDeW3L3F2B8jH7o/cddgX01Vr+Y=
-33,-47,tzkGSOST1KDTNgx8ftAuMtL5fBk=,MDeW3L3F2B8jH7o/cddgX01Vr+Y=
-34,-47,tzkGSOST1KDTNgx8ftAuMtL5fBk=,MDeW3L3F2B8jH7o/cddgX01Vr+Y=
-35,-37,tzkGSOST1KDTNgx8ftAuMtL5fBk=,MDeW3L3F2B8jH7o/cddgX01Vr+Y=
-36,-37,tzkGSOST1KDTNgx8ftAuMtL5fBk=,MDeW3L3F2B8jH7o/cddgX01Vr+Y=
-37,-37,tzkGSOST1KDTNgx8ftAuMtL5fBk=,MDeW3L3F2B8jH7o/cddgX01Vr+Y=
-38,-37,tzkGSOST1KDTNgx8ftAuMtL5fBk=,MDeW3L3F2B8jH7o/cddgX01Vr+Y=
-39,-37,tzkGSOST1KDTNgx8ftAuMtL5fBk=,MDeW3L3F2B8jH7o/cddgX01Vr+Y=
-40,-37,tzkGSOST1KDTNgx8ftAuMtL5fBk=,MDeW3L3F2B8jH7o/cddgX01Vr+Y=
-34,-46,tzkGSOST1KDTNgx8ftAuMtL5fBk=,MDeW3L3F2B8jH7o/cddgX01Vr+Y=
-35,-48,tzkGSOST1KDTNgx8ftAuMtL5fBk=,MDeW3L3F2B8jH7o/cddgX01Vr+Y=
-35,-47,tzkGSOST1KDTNgx8ftAuMtL5fBk=,MDeW3L3F2B8jH7o/cddgX01Vr+Y=
-33,-37,tzkGSOST1KDTNgx8ftAuMtL5fBk=,MDeW3L3F2B8jH7o/cddgX01Vr+Y=
-36,-38,tzkGSOST1KDTNgx8ftAuMtL5fBk=,MDeW3L3F2B8jH7o/cddgX01Vr+Y=
-37,-38,tzkGSOST1KDTNgx8ftAuMtL5fBk=,MDeW3L3F2B8jH7o/cddgX01Vr+Y=
-38,-38,tzkGSOST1KDTNgx8ftAuMtL5fBk=,MDeW3L3F2B8jH7o/cddgX01Vr+Y=
-39,-38,tzkGSOST1KDTNgx8ftAuMtL5fBk=,MDeW3L3F2B8jH7o/cddgX01Vr+Y=
-40,-38,tzkGSOST1KDTNgx8ftAuMtL5fBk=,MDeW3L3F2B8jH7o/cddgX01Vr+Y=
-35,-46,tzkGSOST1KDTNgx8ftAuMtL5fBk=,MDeW3L3F2B8jH7o/cddgX01Vr+Y=
-34,-37,tzkGSOST1KDTNgx8ftAuMtL5fBk=,MDeW3L3F2B8jH7o/cddgX01Vr+Y=
-35,-38,tzkGSOST1KDTNgx8ftAuMtL5fBk=,MDeW3L3F2B8jH7o/cddgX01Vr+Y=
-38,-33,tzkGSOST1KDTNgx8ftAuMtL5fBk=,MDeW3L3F2B8jH7o/cddgX01Vr+Y=
-36,-39,tzkGSOST1KDTNgx8ftAuMtL5fBk=,MDeW3L3F2B8jH7o/cddgX01Vr+Y=
-33,-34,tzkGSOST1KDTNgx8ftAuMtL5fBk=,MDeW3L3F2B8jH7o/cddgX01Vr+Y=
-38,-39,tzkGSOST1KDTNgx8ftAuMtL5fBk=,MDeW3L3F2B8jH7o/cddgX01Vr+Y=
-39,-39,tzkGSOST1KDTNgx8ftAuMtL5fBk=,MDeW3L3F2B8jH7o/cddgX01Vr+Y=
-40,-39,tzkGSOST1KDTNgx8ftAuMtL5fBk=,MDeW3L3F2B8jH7o/cddgX01Vr+Y=
-41,-39,tzkGSOST1KDTNgx8ftAuMtL5fBk=,MDeW3L3F2B8jH7o/cddgX01Vr+Y=
-36,-46,tzkGSOST1KDTNgx8ftAuMtL5fBk=,MDeW3L3F2B8jH7o/cddgX01Vr+Y=
-33,-35,tzkGSOST1KDTNgx8ftAuMtL5fBk=,MDeW3L3F2B8jH7o/cddgX01Vr+Y=
-37,-47,tzkGSOST1KDTNgx8ftAuMtL5fBk=,MDeW3L3F2B8jH7o/cddgX01Vr+Y=
-39,-34,tzkGSOST1KDTNgx8ftAuMtL5fBk=,MDeW3L3F2B8jH7o/cddgX01Vr+Y=
-39,-35,tzkGSOST1KDTNgx8ftAuMtL5fBk=,MDeW3L3F2B8jH7o/cddgX01Vr+Y=
-34,-38,tzkGSOST1KDTNgx8ftAuMtL5fBk=,MDeW3L3F2B8jH7o/cddgX01Vr+Y=
-38,-34,tzkGSOST1KDTNgx8ftAuMtL5fBk=,MDeW3L3F2B8jH7o/cddgX01Vr+Y=
-34,-36,tzkGSOST1KDTNgx8ftAuMtL5fBk=,MDeW3L3F2B8jH7o/cddgX01Vr+Y=
-37,-40,tzkGSOST1KDTNgx8ftAuMtL5fBk=,MDeW3L3F2B8jH7o/cddgX01Vr+Y=
-40,-40,tzkGSOST1KDTNgx8ftAuMtL5fBk=,MDeW3L3F2B8jH7o/cddgX01Vr+Y=
-41,-40,tzkGSOST1KDTNgx8ftAuMtL5fBk=,MDeW3L3F2B8jH7o/cddgX01Vr+Y=
-37,-46,tzkGSOST1KDTNgx8ftAuMtL5fBk=,MDeW3L3F2B8jH7o/cddgX01Vr+Y=
-38,-47,tzkGSOST1KDTNgx8ftAuMtL5fBk=,MDeW3L3F2B8jH7o/cddgX01Vr+Y=
-33,-38,tzkGSOST1KDTNgx8ftAuMtL5fBk=,MDeW3L3F2B8jH7o/cddgX01Vr+Y=
-40,-41,tzkGSOST1KDTNgx8ftAuMtL5fBk=,MDeW3L3F2B8jH7o/cddgX01Vr+Y=
-41,-41,tzkGSOST1KDTNgx8ftAuMtL5fBk=,MDeW3L3F2B8jH7o/cddgX01Vr+Y=
-42,-41,tzkGSOST1KDTNgx8ftAuMtL5fBk=,MDeW3L3F2B8jH7o/cddgX01Vr+Y=
-38,-46,tzkGSOST1KDTNgx8ftAuMtL5fBk=,MDeW3L3F2B8jH7o/cddgX01Vr+Y=
-39,-47,tzkGSOST1KDTNgx8ftAuMtL5fBk=,MDeW3L3F2B8jH7o/cddgX01Vr+Y=
-39,-42,tzkGSOST1KDTNgx8ftAuMtL5fBk=,MDeW3L3F2B8jH7o/cddgX01Vr+Y=
-40,-42,tzkGSOST1KDTNgx8ftAuMtL5fBk=,MDeW3L3F2B8jH7o/cddgX01Vr+Y=
-41,-42,tzkGSOST1KDTNgx8ftAuMtL5fBk=,MDeW3L3F2B8jH7o/cddgX01Vr+Y=
-43,-42,tzkGSOST1KDTNgx8ftAuMtL5fBk=,MDeW3L3F2B8jH7o/cddgX01Vr+Y=
-44,-42,tzkGSOST1KDTNgx8ftAuMtL5fBk=,MDeW3L3F2B8jH7o/cddgX01Vr+Y=
-45,-42,tzkGSOST1KDTNgx8ftAuMtL5fBk=,MDeW3L3F2B8jH7o/cddgX01Vr+Y=
-39,-46,tzkGSOST1KDTNgx8ftAuMtL5fBk=,MDeW3L3F2B8jH7o/cddgX01Vr+Y=
-33,-43,tzkGSOST1KDTNgx8ftAuMtL5fBk=,MDeW3L3F2B8jH7o/cddgX01Vr+Y=
-34,-43,tzkGSOST1KDTNgx8ftAuMtL5fBk=,MDeW3L3F2B8jH7o/cddgX01Vr+Y=
-36,-43,tzkGSOST1KDTNgx8ftAuMtL5fBk=,MDeW3L3F2B8jH7o/cddgX01Vr+Y=
-40,-43,tzkGSOST1KDTNgx8ftAuMtL5fBk=,MDeW3L3F2B8jH7o/cddgX01Vr+Y=
-42,-43,tzkGSOST1KDTNgx8ftAuMtL5fBk=,MDeW3L3F2B8jH7o/cddgX01Vr+Y=
-43,-43,tzkGSOST1KDTNgx8ftAuMtL5fBk=,MDeW3L3F2B8jH7o/cddgX01Vr+Y=
-44,-43,tzkGSOST1KDTNgx8ftAuMtL5fBk=,MDeW3L3F2B8jH7o/cddgX01Vr+Y=
-45,-43,tzkGSOST1KDTNgx8ftAuMtL5fBk=,MDeW3L3F2B8jH7o/cddgX01Vr+Y=
-46,-43,tzkGSOST1KDTNgx8ftAuMtL5fBk=,MDeW3L3F2B8jH7o/cddgX01Vr+Y=
-40,-46,tzkGSOST1KDTNgx8ftAuMtL5fBk=,MDeW3L3F2B8jH7o/cddgX01Vr+Y=
-33,-44,tzkGSOST1KDTNgx8ftAuMtL5fBk=,MDeW3L3F2B8jH7o/cddgX01Vr+Y=
-34,-44,tzkGSOST1KDTNgx8ftAuMtL5fBk=,MDeW3L3F2B8jH7o/cddgX01Vr+Y=
-35,-44,tzkGSOST1KDTNgx8ftAuMtL5fBk=,MDeW3L3F2B8jH7o/cddgX01Vr+Y=
-36,-44,tzkGSOST1KDTNgx8ftAuMtL5fBk=,MDeW3L3F2B8jH7o/cddgX01Vr+Y=
-38,-44,tzkGSOST1KDTNgx8ftAuMtL5fBk=,MDeW3L3F2B8jH7o/cddgX01Vr+Y=
-39,-44,tzkGSOST1KDTNgx8ftAuMtL5fBk=,MDeW3L3F2B8jH7o/cddgX01Vr+Y=
-40,-44,tzkGSOST1KDTNgx8ftAuMtL5fBk=,MDeW3L3F2B8jH7o/cddgX01Vr+Y=
-41,-44,tzkGSOST1KDTNgx8ftAuMtL5fBk=,MDeW3L3F2B8jH7o/cddgX01Vr+Y=
-42,-44,tzkGSOST1KDTNgx8ftAuMtL5fBk=,MDeW3L3F2B8jH7o/cddgX01Vr+Y=
-43,-44,tzkGSOST1KDTNgx8ftAuMtL5fBk=,MDeW3L3F2B8jH7o/cddgX01Vr+Y=
-44,-44,tzkGSOST1KDTNgx8ftAuMtL5fBk=,MDeW3L3F2B8jH7o/cddgX01Vr+Y=
-46,-44,tzkGSOST1KDTNgx8ftAuMtL5fBk=,MDeW3L3F2B8jH7o/cddgX01Vr+Y=
-33,-45,tzkGSOST1KDTNgx8ftAuMtL5fBk=,MDeW3L3F2B8jH7o/cddgX01Vr+Y=
-34,-45,tzkGSOST1KDTNgx8ftAuMtL5fBk=,MDeW3L3F2B8jH7o/cddgX01Vr+Y=
-35,-45,tzkGSOST1KDTNgx8ftAuMtL5fBk=,MDeW3L3F2B8jH7o/cddgX01Vr+Y=
-36,-45,tzkGSOST1KDTNgx8ftAuMtL5fBk=,MDeW3L3F2B8jH7o/cddgX01Vr+Y=
-37,-45,tzkGSOST1KDTNgx8ftAuMtL5fBk=,MDeW3L3F2B8jH7o/cddgX01Vr+Y=
-38,-45,tzkGSOST1KDTNgx8ftAuMtL5fBk=,MDeW3L3F2B8jH7o/cddgX01Vr+Y=
-39,-45,tzkGSOST1KDTNgx8ftAuMtL5fBk=,MDeW3L3F2B8jH7o/cddgX01Vr+Y=
-40,-45,tzkGSOST1KDTNgx8ftAuMtL5fBk=,MDeW3L3F2B8jH7o/cddgX01Vr+Y=
-35,-39,tzkGSOST1KDTNgx8ftAuMtL5fBk=,MDeW3L3F2B8jH7o/cddgX01Vr+Y=
-38,-40,tzkGSOST1KDTNgx8ftAuMtL5fBk=,MDeW3L3F2B8jH7o/cddgX01Vr+Y=
-35,-35,tzkGSOST1KDTNgx8ftAuMtL5fBk=,MDeW3L3F2B8jH7o/cddgX01Vr+Y=
-39,-40,tzkGSOST1KDTNgx8ftAuMtL5fBk=,MDeW3L3F2B8jH7o/cddgX01Vr+Y=
-33,-36,tzkGSOST1KDTNgx8ftAuMtL5fBk=,MDeW3L3F2B8jH7o/cddgX01Vr+Y=
-36,-40,tzkGSOST1KDTNgx8ftAuMtL5fBk=,MDeW3L3F2B8jH7o/cddgX01Vr+Y=
-37,-39,tzkGSOST1KDTNgx8ftAuMtL5fBk=,MDeW3L3F2B8jH7o/cddgX01Vr+Y=
-33,-39,tzkGSOST1KDTNgx8ftAuMtL5fBk=,MDeW3L3F2B8jH7o/cddgX01Vr+Y=
-33,-40,tzkGSOST1KDTNgx8ftAuMtL5fBk=,MDeW3L3F2B8jH7o/cddgX01Vr+Y=
-34,-39,tzkGSOST1KDTNgx8ftAuMtL5fBk=,MDeW3L3F2B8jH7o/cddgX01Vr+Y=
-35,-40,tzkGSOST1KDTNgx8ftAuMtL5fBk=,MDeW3L3F2B8jH7o/cddgX01Vr+Y=
-33,-48,tzkGSOST1KDTNgx8ftAuMtL5fBk=,MDeW3L3F2B8jH7o/cddgX01Vr+Y=
-37,-44,tzkGSOST1KDTNgx8ftAuMtL5fBk=,MDeW3L3F2B8jH7o/cddgX01Vr+Y=
-36,-48,tzkGSOST1KDTNgx8ftAuMtL5fBk=,MDeW3L3F2B8jH7o/cddgX01Vr+Y=
-36,-47,tzkGSOST1KDTNgx8ftAuMtL5fBk=,MDeW3L3F2B8jH7o/cddgX01Vr+Y=
-38,-48,tzkGSOST1KDTNgx8ftAuMtL5fBk=,MDeW3L3F2B8jH7o/cddgX01Vr+Y=
-39,-48,tzkGSOST1KDTNgx8ftAuMtL5fBk=,MDeW3L3F2B8jH7o/cddgX01Vr+Y=
-39,-43,tzkGSOST1KDTNgx8ftAuMtL5fBk=,MDeW3L3F2B8jH7o/cddgX01Vr+Y=
-38,-43,tzkGSOST1KDTNgx8ftAuMtL5fBk=,MDeW3L3F2B8jH7o/cddgX01Vr+Y=
-37,-48,tzkGSOST1KDTNgx8ftAuMtL5fBk=,MDeW3L3F2B8jH7o/cddgX01Vr+Y=
-37,-43,tzkGSOST1KDTNgx8ftAuMtL5fBk=,MDeW3L3F2B8jH7o/cddgX01Vr+Y=
-37,-41,tzkGSOST1KDTNgx8ftAuMtL5fBk=,MDeW3L3F2B8jH7o/cddgX01Vr+Y=
-36,-42,tzkGSOST1KDTNgx8ftAuMtL5fBk=,MDeW3L3F2B8jH7o/cddgX01Vr+Y=
-40,-48,tzkGSOST1KDTNgx8ftAuMtL5fBk=,MDeW3L3F2B8jH7o/cddgX01Vr+Y=
-40,-47,tzkGSOST1KDTNgx8ftAuMtL5fBk=,MDeW3L3F2B8jH7o/cddgX01Vr+Y=
-33,-42,tzkGSOST1KDTNgx8ftAuMtL5fBk=,MDeW3L3F2B8jH7o/cddgX01Vr+Y=
-38,-41,tzkGSOST1KDTNgx8ftAuMtL5fBk=,MDeW3L3F2B8jH7o/cddgX01Vr+Y=
-36,-41,tzkGSOST1KDTNgx8ftAuMtL5fBk=,MDeW3L3F2B8jH7o/cddgX01Vr+Y=
-33,-41,tzkGSOST1KDTNgx8ftAuMtL5fBk=,MDeW3L3F2B8jH7o/cddgX01Vr+Y=
-48,-44,tzkGSOST1KDTNgx8ftAuMtL5fBk=,MDeW3L3F2B8jH7o/cddgX01Vr+Y=
-48,-48,tzkGSOST1KDTNgx8ftAuMtL5fBk=,MDeW3L3F2B8jH7o/cddgX01Vr+Y=
-39,-41,tzkGSOST1KDTNgx8ftAuMtL5fBk=,MDeW3L3F2B8jH7o/cddgX01Vr+Y=
-48,-34,tzkGSOST1KDTNgx8ftAuMtL5fBk=,MDeW3L3F2B8jH7o/cddgX01Vr+Y=
-48,-47,tzkGSOST1KDTNgx8ftAuMtL5fBk=,MDeW3L3F2B8jH7o/cddgX01Vr+Y=
-35,-43,tzkGSOST1KDTNgx8ftAuMtL5fBk=,MDeW3L3F2B8jH7o/cddgX01Vr+Y=
-42,-45,tzkGSOST1KDTNgx8ftAuMtL5fBk=,MDeW3L3F2B8jH7o/cddgX01Vr+Y=
-48,-33,tzkGSOST1KDTNgx8ftAuMtL5fBk=,MDeW3L3F2B8jH7o/cddgX01Vr+Y=
-42,-47,tzkGSOST1KDTNgx8ftAuMtL5fBk=,MDeW3L3F2B8jH7o/cddgX01Vr+Y=
-48,-46,tzkGSOST1KDTNgx8ftAuMtL5fBk=,MDeW3L3F2B8jH7o/cddgX01Vr+Y=
-48,-43,tzkGSOST1KDTNgx8ftAuMtL5fBk=,MDeW3L3F2B8jH7o/cddgX01Vr+Y=
-48,-45,tzkGSOST1KDTNgx8ftAuMtL5fBk=,MDeW3L3F2B8jH7o/cddgX01Vr+Y=
-48,-36,tzkGSOST1KDTNgx8ftAuMtL5fBk=,MDeW3L3F2B8jH7o/cddgX01Vr+Y=
-48,-35,tzkGSOST1KDTNgx8ftAuMtL5fBk=,MDeW3L3F2B8jH7o/cddgX01Vr+Y=
-34,-42,tzkGSOST1KDTNgx8ftAuMtL5fBk=,MDeW3L3F2B8jH7o/cddgX01Vr+Y=
-43,-48,tzkGSOST1KDTNgx8ftAuMtL5fBk=,MDeW3L3F2B8jH7o/cddgX01Vr+Y=
-42,-46,tzkGSOST1KDTNgx8ftAuMtL5fBk=,MDeW3L3F2B8jH7o/cddgX01Vr+Y=
-38,-42,tzkGSOST1KDTNgx8ftAuMtL5fBk=,MDeW3L3F2B8jH7o/cddgX01Vr+Y=
-42,-48,tzkGSOST1KDTNgx8ftAuMtL5fBk=,MDeW3L3F2B8jH7o/cddgX01Vr+Y=
-48,-38,tzkGSOST1KDTNgx8ftAuMtL5fBk=,MDeW3L3F2B8jH7o/cddgX01Vr+Y=
-35,-42,tzkGSOST1KDTNgx8ftAuMtL5fBk=,MDeW3L3F2B8jH7o/cddgX01Vr+Y=
-41,-46,tzkGSOST1KDTNgx8ftAuMtL5fBk=,MDeW3L3F2B8jH7o/cddgX01Vr+Y=
-48,-40,tzkGSOST1KDTNgx8ftAuMtL5fBk=,MDeW3L3F2B8jH7o/cddgX01Vr+Y=
-37,-42,tzkGSOST1KDTNgx8ftAuMtL5fBk=,MDeW3L3F2B8jH7o/cddgX01Vr+Y=
-48,-42,tzkGSOST1KDTNgx8ftAuMtL5fBk=,MDeW3L3F2B8jH7o/cddgX01Vr+Y=
-48,-39,tzkGSOST1KDTNgx8ftAuMtL5fBk=,MDeW3L3F2B8jH7o/cddgX01Vr+Y=
-47,-44,tzkGSOST1KDTNgx8ftAuMtL5fBk=,MDeW3L3F2B8jH7o/cddgX01Vr+Y=
-44,-47,tzkGSOST1KDTNgx8ftAuMtL5fBk=,MDeW3L3F2B8jH7o/cddgX01Vr+Y=
-45,-44,tzkGSOST1KDTNgx8ftAuMtL5fBk=,MDeW3L3F2B8jH7o/cddgX01Vr+Y=
-42,-33,tzkGSOST1KDTNgx8ftAuMtL5fBk=,MDeW3L3F2B8jH7o/cddgX01Vr+Y=
-44,-46,tzkGSOST1KDTNgx8ftAuMtL5fBk=,MDeW3L3F2B8jH7o/cddgX01Vr+Y=
-43,-33,tzkGSOST1KDTNgx8ftAuMtL5fBk=,MDeW3L3F2B8jH7o/cddgX01Vr+Y=
-48,-37,tzkGSOST1KDTNgx8ftAuMtL5fBk=,MDeW3L3F2B8jH7o/cddgX01Vr+Y=
-48,-41,tzkGSOST1KDTNgx8ftAuMtL5fBk=,MDeW3L3F2B8jH7o/cddgX01Vr+Y=
-41,-47,tzkGSOST1KDTNgx8ftAuMtL5fBk=,MDeW3L3F2B8jH7o/cddgX01Vr+Y=
-43,-45,tzkGSOST1KDTNgx8ftAuMtL5fBk=,MDeW3L3F2B8jH7o/cddgX01Vr+Y=
-41,-48,tzkGSOST1KDTNgx8ftAuMtL5fBk=,MDeW3L3F2B8jH7o/cddgX01Vr+Y=
-46,-33,tzkGSOST1KDTNgx8ftAuMtL5fBk=,MDeW3L3F2B8jH7o/cddgX01Vr+Y=
-45,-33,tzkGSOST1KDTNgx8ftAuMtL5fBk=,MDeW3L3F2B8jH7o/cddgX01Vr+Y=
-42,-34,tzkGSOST1KDTNgx8ftAuMtL5fBk=,MDeW3L3F2B8jH7o/cddgX01Vr+Y=
-45,-46,tzkGSOST1KDTNgx8ftAuMtL5fBk=,MDeW3L3F2B8jH7o/cddgX01Vr+Y=
-45,-45,tzkGSOST1KDTNgx8ftAuMtL5fBk=,MDeW3L3F2B8jH7o/cddgX01Vr+Y=
-35,-41,tzkGSOST1KDTNgx8ftAuMtL5fBk=,MDeW3L3F2B8jH7o/cddgX01Vr+Y=
-47,-33,tzkGSOST1KDTNgx8ftAuMtL5fBk=,MDeW3L3F2B8jH7o/cddgX01Vr+Y=
-43,-46,tzkGSOST1KDTNgx8ftAuMtL5fBk=,MDeW3L3F2B8jH7o/cddgX01Vr+Y=
-45,-47,tzkGSOST1KDTNgx8ftAuMtL5fBk=,MDeW3L3F2B8jH7o/cddgX01Vr+Y=
-45,-34,tzkGSOST1KDTNgx8ftAuMtL5fBk=,MDeW3L3F2B8jH7o/cddgX01Vr+Y=
-46,-46,tzkGSOST1KDTNgx8ftAuMtL5fBk=,MDeW3L3F2B8jH7o/cddgX01Vr+Y=
-47,-34,tzkGSOST1KDTNgx8ftAuMtL5fBk=,MDeW3L3F2B8jH7o/cddgX01Vr+Y=
-43,-47,tzkGSOST1KDTNgx8ftAuMtL5fBk=,MDeW3L3F2B8jH7o/cddgX01Vr+Y=
-41,-35,tzkGSOST1KDTNgx8ftAuMtL5fBk=,MDeW3L3F2B8jH7o/cddgX01Vr+Y=
-46,-34,tzkGSOST1KDTNgx8ftAuMtL5fBk=,MDeW3L3F2B8jH7o/cddgX01Vr+Y=
-47,-43,tzkGSOST1KDTNgx8ftAuMtL5fBk=,MDeW3L3F2B8jH7o/cddgX01Vr+Y=
-45,-35,tzkGSOST1KDTNgx8ftAuMtL5fBk=,MDeW3L3F2B8jH7o/cddgX01Vr+Y=
-44,-33,tzkGSOST1KDTNgx8ftAuMtL5fBk=,MDeW3L3F2B8jH7o/cddgX01Vr+Y=
-41,-43,tzkGSOST1KDTNgx8ftAuMtL5fBk=,MDeW3L3F2B8jH7o/cddgX01Vr+Y=
-43,-35,tzkGSOST1KDTNgx8ftAuMtL5fBk=,MDeW3L3F2B8jH7o/cddgX01Vr+Y=
-47,-46,tzkGSOST1KDTNgx8ftAuMtL5fBk=,MDeW3L3F2B8jH7o/cddgX01Vr+Y=
-46,-47,tzkGSOST1KDTNgx8ftAuMtL5fBk=,MDeW3L3F2B8jH7o/cddgX01Vr+Y=
-42,-36,tzkGSOST1KDTNgx8ftAuMtL5fBk=,MDeW3L3F2B8jH7o/cddgX01Vr+Y=
-43,-36,tzkGSOST1KDTNgx8ftAuMtL5fBk=,MDeW3L3F2B8jH7o/cddgX01Vr+Y=
-46,-35,tzkGSOST1KDTNgx8ftAuMtL5fBk=,MDeW3L3F2B8jH7o/cddgX01Vr+Y=
-44,-48,tzkGSOST1KDTNgx8ftAuMtL5fBk=,MDeW3L3F2B8jH7o/cddgX01Vr+Y=
-44,-36,tzkGSOST1KDTNgx8ftAuMtL5fBk=,MDeW3L3F2B8jH7o/cddgX01Vr+Y=
-44,-45,tzkGSOST1KDTNgx8ftAuMtL5fBk=,MDeW3L3F2B8jH7o/cddgX01Vr+Y=
-47,-47,tzkGSOST1KDTNgx8ftAuMtL5fBk=,MDeW3L3F2B8jH7o/cddgX01Vr+Y=
-45,-36,tzkGSOST1KDTNgx8ftAuMtL5fBk=,MDeW3L3F2B8jH7o/cddgX01Vr+Y=
-41,-37,tzkGSOST1KDTNgx8ftAuMtL5fBk=,MDeW3L3F2B8jH7o/cddgX01Vr+Y=
-47,-42,tzkGSOST1KDTNgx8ftAuMtL5fBk=,MDeW3L3F2B8jH7o/cddgX01Vr+Y=
-42,-35,tzkGSOST1KDTNgx8ftAuMtL5fBk=,MDeW3L3F2B8jH7o/cddgX01Vr+Y=
-43,-37,tzkGSOST1KDTNgx8ftAuMtL5fBk=,MDeW3L3F2B8jH7o/cddgX01Vr+Y=
-42,-37,tzkGSOST1KDTNgx8ftAuMtL5fBk=,MDeW3L3F2B8jH7o/cddgX01Vr+Y=
-44,-35,tzkGSOST1KDTNgx8ftAuMtL5fBk=,MDeW3L3F2B8jH7o/cddgX01Vr+Y=
-45,-37,tzkGSOST1KDTNgx8ftAuMtL5fBk=,MDeW3L3F2B8jH7o/cddgX01Vr+Y=
-44,-37,tzkGSOST1KDTNgx8ftAuMtL5fBk=,MDeW3L3F2B8jH7o/cddgX01Vr+Y=
-45,-48,tzkGSOST1KDTNgx8ftAuMtL5fBk=,MDeW3L3F2B8jH7o/cddgX01Vr+Y=
-46,-42,tzkGSOST1KDTNgx8ftAuMtL5fBk=,MDeW3L3F2B8jH7o/cddgX01Vr+Y=
-42,-42,tzkGSOST1KDTNgx8ftAuMtL5fBk=,MDeW3L3F2B8jH7o/cddgX01Vr+Y=
-46,-36,tzkGSOST1KDTNgx8ftAuMtL5fBk=,MDeW3L3F2B8jH7o/cddgX01Vr+Y=
-47,-35,tzkGSOST1KDTNgx8ftAuMtL5fBk=,MDeW3L3F2B8jH7o/cddgX01Vr+Y=
-34,-40,tzkGSOST1KDTNgx8ftAuMtL5fBk=,MDeW3L3F2B8jH7o/cddgX01Vr+Y=
-45,-38,tzkGSOST1KDTNgx8ftAuMtL5fBk=,MDeW3L3F2B8jH7o/cddgX01Vr+Y=
-46,-38,tzkGSOST1KDTNgx8ftAuMtL5fBk=,MDeW3L3F2B8jH7o/cddgX01Vr+Y=
-46,-37,tzkGSOST1KDTNgx8ftAuMtL5fBk=,MDeW3L3F2B8jH7o/cddgX01Vr+Y=
-44,-38,tzkGSOST1KDTNgx8ftAuMtL5fBk=,MDeW3L3F2B8jH7o/cddgX01Vr+Y=
-47,-36,tzkGSOST1KDTNgx8ftAuMtL5fBk=,MDeW3L3F2B8jH7o/cddgX01Vr+Y=
-47,-41,tzkGSOST1KDTNgx8ftAuMtL5fBk=,MDeW3L3F2B8jH7o/cddgX01Vr+Y=
-47,-37,tzkGSOST1KDTNgx8ftAuMtL5fBk=,MDeW3L3F2B8jH7o/cddgX01Vr+Y=
-47,-48,tzkGSOST1KDTNgx8ftAuMtL5fBk=,MDeW3L3F2B8jH7o/cddgX01Vr+Y=
-43,-39,tzkGSOST1KDTNgx8ftAuMtL5fBk=,MDeW3L3F2B8jH7o/cddgX01Vr+Y=
-46,-39,tzkGSOST1KDTNgx8ftAuMtL5fBk=,MDeW3L3F2B8jH7o/cddgX01Vr+Y=
-43,-38,tzkGSOST1KDTNgx8ftAuMtL5fBk=,MDeW3L3F2B8jH7o/cddgX01Vr+Y=
-47,-38,tzkGSOST1KDTNgx8ftAuMtL5fBk=,MDeW3L3F2B8jH7o/cddgX01Vr+Y=
-41,-36,tzkGSOST1KDTNgx8ftAuMtL5fBk=,MDeW3L3F2B8jH7o/cddgX01Vr+Y=
-34,-41,tzkGSOST1KDTNgx8ftAuMtL5fBk=,MDeW3L3F2B8jH7o/cddgX01Vr+Y=
-47,-39,tzkGSOST1KDTNgx8ftAuMtL5fBk=,MDeW3L3F2B8jH7o/cddgX01Vr+Y=
-45,-39,tzkGSOST1KDTNgx8ftAuMtL5fBk=,MDeW3L3F2B8jH7o/cddgX01Vr+Y=
-44,-39,tzkGSOST1KDTNgx8ftAuMtL5fBk=,MDeW3L3F2B8jH7o/cddgX01Vr+Y=
-43,-40,tzkGSOST1KDTNgx8ftAuMtL5fBk=,MDeW3L3F2B8jH7o/cddgX01Vr+Y=
-43,-41,tzkGSOST1KDTNgx8ftAuMtL5fBk=,MDeW3L3F2B8jH7o/cddgX01Vr+Y=
-42,-40,tzkGSOST1KDTNgx8ftAuMtL5fBk=,MDeW3L3F2B8jH7o/cddgX01Vr+Y=
-44,-41,tzkGSOST1KDTNgx8ftAuMtL5fBk=,MDeW3L3F2B8jH7o/cddgX01Vr+Y=
-47,-40,tzkGSOST1KDTNgx8ftAuMtL5fBk=,MDeW3L3F2B8jH7o/cddgX01Vr+Y=
-42,-38,tzkGSOST1KDTNgx8ftAuMtL5fBk=,MDeW3L3F2B8jH7o/cddgX01Vr+Y=
-42,-39,tzkGSOST1KDTNgx8ftAuMtL5fBk=,MDeW3L3F2B8jH7o/cddgX01Vr+Y=
-46,-41,tzkGSOST1KDTNgx8ftAuMtL5fBk=,MDeW3L3F2B8jH7o/cddgX01Vr+Y=
-45,-41,tzkGSOST1KDTNgx8ftAuMtL5fBk=,MDeW3L3F2B8jH7o/cddgX01Vr+Y=
-44,-34,tzkGSOST1KDTNgx8ftAuMtL5fBk=,MDeW3L3F2B8jH7o/cddgX01Vr+Y=
-43,-34,tzkGSOST1KDTNgx8ftAuMtL5fBk=,MDeW3L3F2B8jH7o/cddgX01Vr+Y=
-46,-40,tzkGSOST1KDTNgx8ftAuMtL5fBk=,MDeW3L3F2B8jH7o/cddgX01Vr+Y=
-44,-40,tzkGSOST1KDTNgx8ftAuMtL5fBk=,MDeW3L3F2B8jH7o/cddgX01Vr+Y=
-41,-38,tzkGSOST1KDTNgx8ftAuMtL5fBk=,MDeW3L3F2B8jH7o/cddgX01Vr+Y=
-45,-40,tzkGSOST1KDTNgx8ftAuMtL5fBk=,MDeW3L3F2B8jH7o/cddgX01Vr+Y=
-46,-48,tzkGSOST1KDTNgx8ftAuMtL5fBk=,MDeW3L3F2B8jH7o/cddgX01Vr+Y=
-33,-49,nLdiBEsHdPhRBk/YLAlXWYKWd44=,AhRDGv2tTdUqO6IRm3f3LUXHVTc=
-39,-49,nLdiBEsHdPhRBk/YLAlXWYKWd44=,AhRDGv2tTdUqO6IRm3f3LUXHVTc=
-38,-49,nLdiBEsHdPhRBk/YLAlXWYKWd44=,AhRDGv2tTdUqO6IRm3f3LUXHVTc=
-40,-49,40bEYfnC+w3rAOtkcwMFqjp9Ks4=,AhRDGv2tTdUqO6IRm3f3LUXHVTc=
-36,-49,40bEYfnC+w3rAOtkcwMFqjp9Ks4=,AhRDGv2tTdUqO6IRm3f3LUXHVTc=
-34,-49,40bEYfnC+w3rAOtkcwMFqjp9Ks4=,AhRDGv2tTdUqO6IRm3f3LUXHVTc=
-41,-61,V7IlG5FQ4ZgjUcdMqN3SFCZEYeY=,AhRDGv2tTdUqO6IRm3f3LUXHVTc=
-35,-49,VhJXHXfq6xRdzBFRvrwpLkFYmfc=,AhRDGv2tTdUqO6IRm3f3LUXHVTc=
-41,-49,9OYRodqRnI9Y0r+k6QObwnTHi/k=,AhRDGv2tTdUqO6IRm3f3LUXHVTc=
-45,-61,9OYRodqRnI9Y0r+k6QObwnTHi/k=,AhRDGv2tTdUqO6IRm3f3LUXHVTc=
-40,-61,9OYRodqRnI9Y0r+k6QObwnTHi/k=,AhRDGv2tTdUqO6IRm3f3LUXHVTc=
-44,-61,9OYRodqRnI9Y0r+k6QObwnTHi/k=,AhRDGv2tTdUqO6IRm3f3LUXHVTc=
-44,-49,9OYRodqRnI9Y0r+k6QObwnTHi/k=,AhRDGv2tTdUqO6IRm3f3LUXHVTc=
-42,-49,9OYRodqRnI9Y0r+k6QObwnTHi/k=,AhRDGv2tTdUqO6IRm3f3LUXHVTc=
-45,-49,9OYRodqRnI9Y0r+k6QObwnTHi/k=,AhRDGv2tTdUqO6IRm3f3LUXHVTc=
-42,-61,9OYRodqRnI9Y0r+k6QObwnTHi/k=,AhRDGv2tTdUqO6IRm3f3LUXHVTc=
-43,-49,9OYRodqRnI9Y0r+k6QObwnTHi/k=,AhRDGv2tTdUqO6IRm3f3LUXHVTc=
-43,-63,9OYRodqRnI9Y0r+k6QObwnTHi/k=,AhRDGv2tTdUqO6IRm3f3LUXHVTc=
-44,-62,9OYRodqRnI9Y0r+k6QObwnTHi/k=,AhRDGv2tTdUqO6IRm3f3LUXHVTc=
-48,-49,9OYRodqRnI9Y0r+k6QObwnTHi/k=,AhRDGv2tTdUqO6IRm3f3LUXHVTc=
-37,-49,9OYRodqRnI9Y0r+k6QObwnTHi/k=,AhRDGv2tTdUqO6IRm3f3LUXHVTc=
-33,-50,9OYRodqRnI9Y0r+k6QObwnTHi/k=,AhRDGv2tTdUqO6IRm3f3LUXHVTc=
-34,-50,9OYRodqRnI9Y0r+k6QObwnTHi/k=,AhRDGv2tTdUqO6IRm3f3LUXHVTc=
-46,-61,9OYRodqRnI9Y0r+k6QObwnTHi/k=,AhRDGv2tTdUqO6IRm3f3LUXHVTc=
-44,-64,9OYRodqRnI9Y0r+k6QObwnTHi/k=,AhRDGv2tTdUqO6IRm3f3LUXHVTc=
-37,-50,9OYRodqRnI9Y0r+k6QObwnTHi/k=,AhRDGv2tTdUqO6IRm3f3LUXHVTc=
-39,-50,9OYRodqRnI9Y0r+k6QObwnTHi/k=,AhRDGv2tTdUqO6IRm3f3LUXHVTc=
-40,-50,9OYRodqRnI9Y0r+k6QObwnTHi/k=,AhRDGv2tTdUqO6IRm3f3LUXHVTc=
-35,-50,9OYRodqRnI9Y0r+k6QObwnTHi/k=,AhRDGv2tTdUqO6IRm3f3LUXHVTc=
-42,-50,9OYRodqRnI9Y0r+k6QObwnTHi/k=,AhRDGv2tTdUqO6IRm3f3LUXHVTc=
-41,-50,9OYRodqRnI9Y0r+k6QObwnTHi/k=,AhRDGv2tTdUqO6IRm3f3LUXHVTc=
-43,-50,9OYRodqRnI9Y0r+k6QObwnTHi/k=,AhRDGv2tTdUqO6IRm3f3LUXHVTc=
-42,-62,9OYRodqRnI9Y0r+k6QObwnTHi/k=,AhRDGv2tTdUqO6IRm3f3LUXHVTc=
-38,-50,9OYRodqRnI9Y0r+k6QObwnTHi/k=,AhRDGv2tTdUqO6IRm3f3LUXHVTc=
-43,-62,9OYRodqRnI9Y0r+k6QObwnTHi/k=,AhRDGv2tTdUqO6IRm3f3LUXHVTc=
-45,-64,9OYRodqRnI9Y0r+k6QObwnTHi/k=,AhRDGv2tTdUqO6IRm3f3LUXHVTc=
-36,-50,9OYRodqRnI9Y0r+k6QObwnTHi/k=,AhRDGv2tTdUqO6IRm3f3LUXHVTc=
-43,-61,9OYRodqRnI9Y0r+k6QObwnTHi/k=,AhRDGv2tTdUqO6IRm3f3LUXHVTc=
-48,-50,9OYRodqRnI9Y0r+k6QObwnTHi/k=,AhRDGv2tTdUqO6IRm3f3LUXHVTc=
-33,-51,9OYRodqRnI9Y0r+k6QObwnTHi/k=,AhRDGv2tTdUqO6IRm3f3LUXHVTc=
-47,-61,9OYRodqRnI9Y0r+k6QObwnTHi/k=,AhRDGv2tTdUqO6IRm3f3LUXHVTc=
-34,-51,9OYRodqRnI9Y0r+k6QObwnTHi/k=,AhRDGv2tTdUqO6IRm3f3LUXHVTc=
-47,-50,9OYRodqRnI9Y0r+k6QObwnTHi/k=,AhRDGv2tTdUqO6IRm3f3LUXHVTc=
-44,-50,9OYRodqRnI9Y0r+k6QObwnTHi/k=,AhRDGv2tTdUqO6IRm3f3LUXHVTc=
-44,-63,9OYRodqRnI9Y0r+k6QObwnTHi/k=,AhRDGv2tTdUqO6IRm3f3LUXHVTc=
-43,-64,9OYRodqRnI9Y0r+k6QObwnTHi/k=,AhRDGv2tTdUqO6IRm3f3LUXHVTc=
-40,-51,9OYRodqRnI9Y0r+k6QObwnTHi/k=,AhRDGv2tTdUqO6IRm3f3LUXHVTc=
-39,-61,9OYRodqRnI9Y0r+k6QObwnTHi/k=,AhRDGv2tTdUqO6IRm3f3LUXHVTc=
-41,-51,9OYRodqRnI9Y0r+k6QObwnTHi/k=,AhRDGv2tTdUqO6IRm3f3LUXHVTc=
-42,-51,9OYRodqRnI9Y0r+k6QObwnTHi/k=,AhRDGv2tTdUqO6IRm3f3LUXHVTc=
-43,-51,9OYRodqRnI9Y0r+k6QObwnTHi/k=,AhRDGv2tTdUqO6IRm3f3LUXHVTc=
-36,-51,9OYRodqRnI9Y0r+k6QObwnTHi/k=,AhRDGv2tTdUqO6IRm3f3LUXHVTc=
-39,-51,9OYRodqRnI9Y0r+k6QObwnTHi/k=,AhRDGv2tTdUqO6IRm3f3LUXHVTc=
-35,-51,9OYRodqRnI9Y0r+k6QObwnTHi/k=,AhRDGv2tTdUqO6IRm3f3LUXHVTc=
-38,-61,9OYRodqRnI9Y0r+k6QObwnTHi/k=,AhRDGv2tTdUqO6IRm3f3LUXHVTc=
-37,-61,9OYRodqRnI9Y0r+k6QObwnTHi/k=,AhRDGv2tTdUqO6IRm3f3LUXHVTc=
-36,-61,9OYRodqRnI9Y0r+k6QObwnTHi/k=,AhRDGv2tTdUqO6IRm3f3LUXHVTc=
-44,-51,9OYRodqRnI9Y0r+k6QObwnTHi/k=,AhRDGv2tTdUqO6IRm3f3LUXHVTc=
-38,-51,9OYRodqRnI9Y0r+k6QObwnTHi/k=,AhRDGv2tTdUqO6IRm3f3LUXHVTc=
-45,-50,9OYRodqRnI9Y0r+k6QObwnTHi/k=,AhRDGv2tTdUqO6IRm3f3LUXHVTc=
-46,-63,9OYRodqRnI9Y0r+k6QObwnTHi/k=,AhRDGv2tTdUqO6IRm3f3LUXHVTc=
-46,-51,9OYRodqRnI9Y0r+k6QObwnTHi/k=,AhRDGv2tTdUqO6IRm3f3LUXHVTc=
-47,-62,9OYRodqRnI9Y0r+k6QObwnTHi/k=,AhRDGv2tTdUqO6IRm3f3LUXHVTc=
-33,-52,9OYRodqRnI9Y0r+k6QObwnTHi/k=,AhRDGv2tTdUqO6IRm3f3LUXHVTc=
-45,-63,9OYRodqRnI9Y0r+k6QObwnTHi/k=,AhRDGv2tTdUqO6IRm3f3LUXHVTc=
-35,-61,9OYRodqRnI9Y0r+k6QObwnTHi/k=,AhRDGv2tTdUqO6IRm3f3LUXHVTc=
-34,-61,9OYRodqRnI9Y0r+k6QObwnTHi/k=,AhRDGv2tTdUqO6IRm3f3LUXHVTc=
-45,-51,9OYRodqRnI9Y0r+k6QObwnTHi/k=,AhRDGv2tTdUqO6IRm3f3LUXHVTc=
-34,-52,9OYRodqRnI9Y0r+k6QObwnTHi/k=,AhRDGv2tTdUqO6IRm3f3LUXHVTc=
-46,-62,9OYRodqRnI9Y0r+k6QObwnTHi/k=,AhRDGv2tTdUqO6IRm3f3LUXHVTc=
-42,-52,9OYRodqRnI9Y0r+k6QObwnTHi/k=,AhRDGv2tTdUqO6IRm3f3LUXHVTc=
-41,-52,9OYRodqRnI9Y0r+k6QObwnTHi/k=,AhRDGv2tTdUqO6IRm3f3LUXHVTc=
-45,-52,9OYRodqRnI9Y0r+k6QObwnTHi/k=,AhRDGv2tTdUqO6IRm3f3LUXHVTc=
-40,-52,9OYRodqRnI9Y0r+k6QObwnTHi/k=,AhRDGv2tTdUqO6IRm3f3LUXHVTc=
-47,-51,9OYRodqRnI9Y0r+k6QObwnTHi/k=,AhRDGv2tTdUqO6IRm3f3LUXHVTc=
-38,-52,9OYRodqRnI9Y0r+k6QObwnTHi/k=,AhRDGv2tTdUqO6IRm3f3LUXHVTc=
-45,-62,9OYRodqRnI9Y0r+k6QObwnTHi/k=,AhRDGv2tTdUqO6IRm3f3LUXHVTc=
-42,-63,9OYRodqRnI9Y0r+k6QObwnTHi/k=,AhRDGv2tTdUqO6IRm3f3LUXHVTc=
-33,-61,9OYRodqRnI9Y0r+k6QObwnTHi/k=,AhRDGv2tTdUqO6IRm3f3LUXHVTc=
-47,-64,9OYRodqRnI9Y0r+k6QObwnTHi/k=,AhRDGv2tTdUqO6IRm3f3LUXHVTc=
-34,-64,9OYRodqRnI9Y0r+k6QObwnTHi/k=,AhRDGv2tTdUqO6IRm3f3LUXHVTc=
-37,-51,9OYRodqRnI9Y0r+k6QObwnTHi/k=,AhRDGv2tTdUqO6IRm3f3LUXHVTc=
-43,-52,9OYRodqRnI9Y0r+k6QObwnTHi/k=,AhRDGv2tTdUqO6IRm3f3LUXHVTc=
-33,-64,9OYRodqRnI9Y0r+k6QObwnTHi/k=,AhRDGv2tTdUqO6IRm3f3LUXHVTc=
-48,-51,9OYRodqRnI9Y0r+k6QObwnTHi/k=,AhRDGv2tTdUqO6IRm3f3LUXHVTc=
-46,-64,9OYRodqRnI9Y0r+k6QObwnTHi/k=,AhRDGv2tTdUqO6IRm3f3LUXHVTc=
-33,-62,9OYRodqRnI9Y0r+k6QObwnTHi/k=,AhRDGv2tTdUqO6IRm3f3LUXHVTc=
-44,-52,9OYRodqRnI9Y0r+k6QObwnTHi/k=,AhRDGv2tTdUqO6IRm3f3LUXHVTc=
-33,-63,9OYRodqRnI9Y0r+k6QObwnTHi/k=,AhRDGv2tTdUqO6IRm3f3LUXHVTc=
-46,-52,9OYRodqRnI9Y0r+k6QObwnTHi/k=,AhRDGv2tTdUqO6IRm3f3LUXHVTc=
-42,-64,9OYRodqRnI9Y0r+k6QObwnTHi/k=,AhRDGv2tTdUqO6IRm3f3LUXHVTc=
-46,-50,9OYRodqRnI9Y0r+k6QObwnTHi/k=,AhRDGv2tTdUqO6IRm3f3LUXHVTc=
-33,-53,9OYRodqRnI9Y0r+k6QObwnTHi/k=,AhRDGv2tTdUqO6IRm3f3LUXHVTc=
-34,-53,9OYRodqRnI9Y0r+k6QObwnTHi/k=,AhRDGv2tTdUqO6IRm3f3LUXHVTc=
-39,-52,9OYRodqRnI9Y0r+k6QObwnTHi/k=,AhRDGv2tTdUqO6IRm3f3LUXHVTc=
-42,-53,9OYRodqRnI9Y0r+k6QObwnTHi/k=,AhRDGv2tTdUqO6IRm3f3LUXHVTc=
-41,-53,9OYRodqRnI9Y0r+k6QObwnTHi/k=,AhRDGv2tTdUqO6IRm3f3LUXHVTc=
-48,-62,9OYRodqRnI9Y0r+k6QObwnTHi/k=,AhRDGv2tTdUqO6IRm3f3LUXHVTc=
-35,-52,9OYRodqRnI9Y0r+k6QObwnTHi/k=,AhRDGv2tTdUqO6IRm3f3LUXHVTc=
-43,-53,9OYRodqRnI9Y0r+k6QObwnTHi/k=,AhRDGv2tTdUqO6IRm3f3LUXHVTc=
-35,-53,9OYRodqRnI9Y0r+k6QObwnTHi/k=,AhRDGv2tTdUqO6IRm3f3LUXHVTc=
-37,-52,9OYRodqRnI9Y0r+k6QObwnTHi/k=,AhRDGv2tTdUqO6IRm3f3LUXHVTc=
-48,-61,9OYRodqRnI9Y0r+k6QObwnTHi/k=,AhRDGv2tTdUqO6IRm3f3LUXHVTc=
-48,-60,9OYRodqRnI9Y0r+k6QObwnTHi/k=,AhRDGv2tTdUqO6IRm3f3LUXHVTc=
-38,-53,9OYRodqRnI9Y0r+k6QObwnTHi/k=,AhRDGv2tTdUqO6IRm3f3LUXHVTc=
-35,-64,9OYRodqRnI9Y0r+k6QObwnTHi/k=,AhRDGv2tTdUqO6IRm3f3LUXHVTc=
-33,-54,9OYRodqRnI9Y0r+k6QObwnTHi/k=,AhRDGv2tTdUqO6IRm3f3LUXHVTc=
-34,-54,9OYRodqRnI9Y0r+k6QObwnTHi/k=,AhRDGv2tTdUqO6IRm3f3LUXHVTc=
-36,-52,9OYRodqRnI9Y0r+k6QObwnTHi/k=,AhRDGv2tTdUqO6IRm3f3LUXHVTc=
-41,-62,9OYRodqRnI9Y0r+k6QObwnTHi/k=,AhRDGv2tTdUqO6IRm3f3LUXHVTc=
-37,-53,9OYRodqRnI9Y0r+k6QObwnTHi/k=,AhRDGv2tTdUqO6IRm3f3LUXHVTc=
-39,-53,9OYRodqRnI9Y0r+k6QObwnTHi/k=,AhRDGv2tTdUqO6IRm3f3LUXHVTc=
-48,-52,9OYRodqRnI9Y0r+k6QObwnTHi/k=,AhRDGv2tTdUqO6IRm3f3LUXHVTc=
-45,-53,9OYRodqRnI9Y0r+k6QObwnTHi/k=,AhRDGv2tTdUqO6IRm3f3LUXHVTc=
-35,-63,9OYRodqRnI9Y0r+k6QObwnTHi/k=,AhRDGv2tTdUqO6IRm3f3LUXHVTc=
-39,-54,9OYRodqRnI9Y0r+k6QObwnTHi/k=,AhRDGv2tTdUqO6IRm3f3LUXHVTc=
-35,-54,9OYRodqRnI9Y0r+k6QObwnTHi/k=,AhRDGv2tTdUqO6IRm3f3LUXHVTc=
-42,-54,9OYRodqRnI9Y0r+k6QObwnTHi/k=,AhRDGv2tTdUqO6IRm3f3LUXHVTc=
-47,-52,9OYRodqRnI9Y0r+k6QObwnTHi/k=,AhRDGv2tTdUqO6IRm3f3LUXHVTc=
-47,-60,9OYRodqRnI9Y0r+k6QObwnTHi/k=,AhRDGv2tTdUqO6IRm3f3LUXHVTc=
-43,-54,9OYRodqRnI9Y0r+k6QObwnTHi/k=,AhRDGv2tTdUqO6IRm3f3LUXHVTc=
-40,-53,9OYRodqRnI9Y0r+k6QObwnTHi/k=,AhRDGv2tTdUqO6IRm3f3LUXHVTc=
-40,-54,9OYRodqRnI9Y0r+k6QObwnTHi/k=,AhRDGv2tTdUqO6IRm3f3LUXHVTc=
-44,-53,9OYRodqRnI9Y0r+k6QObwnTHi/k=,AhRDGv2tTdUqO6IRm3f3LUXHVTc=
-36,-64,9OYRodqRnI9Y0r+k6QObwnTHi/k=,AhRDGv2tTdUqO6IRm3f3LUXHVTc=
-34,-63,9OYRodqRnI9Y0r+k6QObwnTHi/k=,AhRDGv2tTdUqO6IRm3f3LUXHVTc=
-33,-55,9OYRodqRnI9Y0r+k6QObwnTHi/k=,AhRDGv2tTdUqO6IRm3f3LUXHVTc=
-46,-60,9OYRodqRnI9Y0r+k6QObwnTHi/k=,AhRDGv2tTdUqO6IRm3f3LUXHVTc=
-34,-55,9OYRodqRnI9Y0r+k6QObwnTHi/k=,AhRDGv2tTdUqO6IRm3f3LUXHVTc=
-45,-60,9OYRodqRnI9Y0r+k6QObwnTHi/k=,AhRDGv2tTdUqO6IRm3f3LUXHVTc=
-47,-63,9OYRodqRnI9Y0r+k6QObwnTHi/k=,AhRDGv2tTdUqO6IRm3f3LUXHVTc=
-44,-60,9OYRodqRnI9Y0r+k6QObwnTHi/k=,AhRDGv2tTdUqO6IRm3f3LUXHVTc=
-35,-55,9OYRodqRnI9Y0r+k6QObwnTHi/k=,AhRDGv2tTdUqO6IRm3f3LUXHVTc=
-48,-53,9OYRodqRnI9Y0r+k6QObwnTHi/k=,AhRDGv2tTdUqO6IRm3f3LUXHVTc=
-36,-53,9OYRodqRnI9Y0r+k6QObwnTHi/k=,AhRDGv2tTdUqO6IRm3f3LUXHVTc=
-43,-60,9OYRodqRnI9Y0r+k6QObwnTHi/k=,AhRDGv2tTdUqO6IRm3f3LUXHVTc=
-46,-49,9OYRodqRnI9Y0r+k6QObwnTHi/k=,AhRDGv2tTdUqO6IRm3f3LUXHVTc=
-37,-55,9OYRodqRnI9Y0r+k6QObwnTHi/k=,AhRDGv2tTdUqO6IRm3f3LUXHVTc=
-48,-54,9OYRodqRnI9Y0r+k6QObwnTHi/k=,AhRDGv2tTdUqO6IRm3f3LUXHVTc=
-42,-55,9OYRodqRnI9Y0r+k6QObwnTHi/k=,AhRDGv2tTdUqO6IRm3f3LUXHVTc=
-43,-55,9OYRodqRnI9Y0r+k6QObwnTHi/k=,AhRDGv2tTdUqO6IRm3f3LUXHVTc=
-44,-55,9OYRodqRnI9Y0r+k6QObwnTHi/k=,AhRDGv2tTdUqO6IRm3f3LUXHVTc=
-41,-55,9OYRodqRnI9Y0r+k6QObwnTHi/k=,AhRDGv2tTdUqO6IRm3f3LUXHVTc=
-37,-54,9OYRodqRnI9Y0r+k6QObwnTHi/k=,AhRDGv2tTdUqO6IRm3f3LUXHVTc=
-39,-55,9OYRodqRnI9Y0r+k6QObwnTHi/k=,AhRDGv2tTdUqO6IRm3f3LUXHVTc=
-46,-55,9OYRodqRnI9Y0r+k6QObwnTHi/k=,AhRDGv2tTdUqO6IRm3f3LUXHVTc=
-47,-55,9OYRodqRnI9Y0r+k6QObwnTHi/k=,AhRDGv2tTdUqO6IRm3f3LUXHVTc=
-37,-64,9OYRodqRnI9Y0r+k6QObwnTHi/k=,AhRDGv2tTdUqO6IRm3f3LUXHVTc=
-48,-55,9OYRodqRnI9Y0r+k6QObwnTHi/k=,AhRDGv2tTdUqO6IRm3f3LUXHVTc=
-37,-63,9OYRodqRnI9Y0r+k6QObwnTHi/k=,AhRDGv2tTdUqO6IRm3f3LUXHVTc=
-34,-56,9OYRodqRnI9Y0r+k6QObwnTHi/k=,AhRDGv2tTdUqO6IRm3f3LUXHVTc=
-33,-56,9OYRodqRnI9Y0r+k6QObwnTHi/k=,AhRDGv2tTdUqO6IRm3f3LUXHVTc=
-35,-56,9OYRodqRnI9Y0r+k6QObwnTHi/k=,AhRDGv2tTdUqO6IRm3f3LUXHVTc=
-36,-56,9OYRodqRnI9Y0r+k6QObwnTHi/k=,AhRDGv2tTdUqO6IRm3f3LUXHVTc=
-35,-62,9OYRodqRnI9Y0r+k6QObwnTHi/k=,AhRDGv2tTdUqO6IRm3f3LUXHVTc=
-45,-55,9OYRodqRnI9Y0r+k6QObwnTHi/k=,AhRDGv2tTdUqO6IRm3f3LUXHVTc=
-41,-54,9OYRodqRnI9Y0r+k6QObwnTHi/k=,AhRDGv2tTdUqO6IRm3f3LUXHVTc=
-41,-56,9OYRodqRnI9Y0r+k6QObwnTHi/k=,AhRDGv2tTdUqO6IRm3f3LUXHVTc=
-36,-55,9OYRodqRnI9Y0r+k6QObwnTHi/k=,AhRDGv2tTdUqO6IRm3f3LUXHVTc=
-38,-56,9OYRodqRnI9Y0r+k6QObwnTHi/k=,AhRDGv2tTdUqO6IRm3f3LUXHVTc=
-42,-56,9OYRodqRnI9Y0r+k6QObwnTHi/k=,AhRDGv2tTdUqO6IRm3f3LUXHVTc=
-43,-56,9OYRodqRnI9Y0r+k6QObwnTHi/k=,AhRDGv2tTdUqO6IRm3f3LUXHVTc=
-44,-56,9OYRodqRnI9Y0r+k6QObwnTHi/k=,AhRDGv2tTdUqO6IRm3f3LUXHVTc=
-45,-56,9OYRodqRnI9Y0r+k6QObwnTHi/k=,AhRDGv2tTdUqO6IRm3f3LUXHVTc=
-46,-56,9OYRodqRnI9Y0r+k6QObwnTHi/k=,AhRDGv2tTdUqO6IRm3f3LUXHVTc=
-47,-56,9OYRodqRnI9Y0r+k6QObwnTHi/k=,AhRDGv2tTdUqO6IRm3f3LUXHVTc=
-37,-62,9OYRodqRnI9Y0r+k6QObwnTHi/k=,AhRDGv2tTdUqO6IRm3f3LUXHVTc=
-38,-55,9OYRodqRnI9Y0r+k6QObwnTHi/k=,AhRDGv2tTdUqO6IRm3f3LUXHVTc=
-33,-57,9OYRodqRnI9Y0r+k6QObwnTHi/k=,AhRDGv2tTdUqO6IRm3f3LUXHVTc=
-38,-63,9OYRodqRnI9Y0r+k6QObwnTHi/k=,AhRDGv2tTdUqO6IRm3f3LUXHVTc=
-48,-56,9OYRodqRnI9Y0r+k6QObwnTHi/k=,AhRDGv2tTdUqO6IRm3f3LUXHVTc=
-35,-57,9OYRodqRnI9Y0r+k6QObwnTHi/k=,AhRDGv2tTdUqO6IRm3f3LUXHVTc=
-36,-57,9OYRodqRnI9Y0r+k6QObwnTHi/k=,AhRDGv2tTdUqO6IRm3f3LUXHVTc=
-34,-57,9OYRodqRnI9Y0r+k6QObwnTHi/k=,AhRDGv2tTdUqO6IRm3f3LUXHVTc=
-40,-55,9OYRodqRnI9Y0r+k6QObwnTHi/k=,AhRDGv2tTdUqO6IRm3f3LUXHVTc=
-40,-57,9OYRodqRnI9Y0r+k6QObwnTHi/k=,AhRDGv2tTdUqO6IRm3f3LUXHVTc=
-41,-57,9OYRodqRnI9Y0r+k6QObwnTHi/k=,AhRDGv2tTdUqO6IRm3f3LUXHVTc=
-42,-57,9OYRodqRnI9Y0r+k6QObwnTHi/k=,AhRDGv2tTdUqO6IRm3f3LUXHVTc=
-43,-57,9OYRodqRnI9Y0r+k6QObwnTHi/k=,AhRDGv2tTdUqO6IRm3f3LUXHVTc=
-37,-56,9OYRodqRnI9Y0r+k6QObwnTHi/k=,AhRDGv2tTdUqO6IRm3f3LUXHVTc=
-44,-57,9OYRodqRnI9Y0r+k6QObwnTHi/k=,AhRDGv2tTdUqO6IRm3f3LUXHVTc=
-46,-57,9OYRodqRnI9Y0r+k6QObwnTHi/k=,AhRDGv2tTdUqO6IRm3f3LUXHVTc=
-38,-64,9OYRodqRnI9Y0r+k6QObwnTHi/k=,AhRDGv2tTdUqO6IRm3f3LUXHVTc=
-37,-57,9OYRodqRnI9Y0r+k6QObwnTHi/k=,AhRDGv2tTdUqO6IRm3f3LUXHVTc=
-39,-64,9OYRodqRnI9Y0r+k6QObwnTHi/k=,AhRDGv2tTdUqO6IRm3f3LUXHVTc=
-38,-62,9OYRodqRnI9Y0r+k6QObwnTHi/k=,AhRDGv2tTdUqO6IRm3f3LUXHVTc=
-45,-57,9OYRodqRnI9Y0r+k6QObwnTHi/k=,AhRDGv2tTdUqO6IRm3f3LUXHVTc=
-39,-63,9OYRodqRnI9Y0r+k6QObwnTHi/k=,AhRDGv2tTdUqO6IRm3f3LUXHVTc=
-40,-56,9OYRodqRnI9Y0r+k6QObwnTHi/k=,AhRDGv2tTdUqO6IRm3f3LUXHVTc=
-34,-58,9OYRodqRnI9Y0r+k6QObwnTHi/k=,AhRDGv2tTdUqO6IRm3f3LUXHVTc=
-33,-58,9OYRodqRnI9Y0r+k6QObwnTHi/k=,AhRDGv2tTdUqO6IRm3f3LUXHVTc=
-38,-57,9OYRodqRnI9Y0r+k6QObwnTHi/k=,AhRDGv2tTdUqO6IRm3f3LUXHVTc=
-39,-57,9OYRodqRnI9Y0r+k6QObwnTHi/k=,AhRDGv2tTdUqO6IRm3f3LUXHVTc=
-35,-58,9OYRodqRnI9Y0r+k6QObwnTHi/k=,AhRDGv2tTdUqO6IRm3f3LUXHVTc=
-38,-54,9OYRodqRnI9Y0r+k6QObwnTHi/k=,AhRDGv2tTdUqO6IRm3f3LUXHVTc=
-42,-60,9OYRodqRnI9Y0r+k6QObwnTHi/k=,AhRDGv2tTdUqO6IRm3f3LUXHVTc=
-36,-63,9OYRodqRnI9Y0r+k6QObwnTHi/k=,AhRDGv2tTdUqO6IRm3f3LUXHVTc=
-48,-57,9OYRodqRnI9Y0r+k6QObwnTHi/k=,AhRDGv2tTdUqO6IRm3f3LUXHVTc=
-48,-63,9OYRodqRnI9Y0r+k6QObwnTHi/k=,AhRDGv2tTdUqO6IRm3f3LUXHVTc=
-43,-58,9OYRodqRnI9Y0r+k6QObwnTHi/k=,AhRDGv2tTdUqO6IRm3f3LUXHVTc=
-42,-58,9OYRodqRnI9Y0r+k6QObwnTHi/k=,AhRDGv2tTdUqO6IRm3f3LUXHVTc=
-44,-58,9OYRodqRnI9Y0r+k6QObwnTHi/k=,AhRDGv2tTdUqO6IRm3f3LUXHVTc=
-45,-54,9OYRodqRnI9Y0r+k6QObwnTHi/k=,AhRDGv2tTdUqO6IRm3f3LUXHVTc=
-41,-58,9OYRodqRnI9Y0r+k6QObwnTHi/k=,AhRDGv2tTdUqO6IRm3f3LUXHVTc=
-40,-64,9OYRodqRnI9Y0r+k6QObwnTHi/k=,AhRDGv2tTdUqO6IRm3f3LUXHVTc=
-46,-58,9OYRodqRnI9Y0r+k6QObwnTHi/k=,AhRDGv2tTdUqO6IRm3f3LUXHVTc=
-33,-59,9OYRodqRnI9Y0r+k6QObwnTHi/k=,AhRDGv2tTdUqO6IRm3f3LUXHVTc=
-40,-58,9OYRodqRnI9Y0r+k6QObwnTHi/k=,AhRDGv2tTdUqO6IRm3f3LUXHVTc=
-36,-54,9OYRodqRnI9Y0r+k6QObwnTHi/k=,AhRDGv2tTdUqO6IRm3f3LUXHVTc=
-34,-59,9OYRodqRnI9Y0r+k6QObwnTHi/k=,AhRDGv2tTdUqO6IRm3f3LUXHVTc=
-41,-60,9OYRodqRnI9Y0r+k6QObwnTHi/k=,AhRDGv2tTdUqO6IRm3f3LUXHVTc=
-35,-59,9OYRodqRnI9Y0r+k6QObwnTHi/k=,AhRDGv2tTdUqO6IRm3f3LUXHVTc=
-48,-58,9OYRodqRnI9Y0r+k6QObwnTHi/k=,AhRDGv2tTdUqO6IRm3f3LUXHVTc=
-47,-54,9OYRodqRnI9Y0r+k6QObwnTHi/k=,AhRDGv2tTdUqO6IRm3f3LUXHVTc=
-47,-58,9OYRodqRnI9Y0r+k6QObwnTHi/k=,AhRDGv2tTdUqO6IRm3f3LUXHVTc=
-34,-62,9OYRodqRnI9Y0r+k6QObwnTHi/k=,AhRDGv2tTdUqO6IRm3f3LUXHVTc=
-46,-53,9OYRodqRnI9Y0r+k6QObwnTHi/k=,AhRDGv2tTdUqO6IRm3f3LUXHVTc=
-36,-58,9OYRodqRnI9Y0r+k6QObwnTHi/k=,AhRDGv2tTdUqO6IRm3f3LUXHVTc=
-45,-58,9OYRodqRnI9Y0r+k6QObwnTHi/k=,AhRDGv2tTdUqO6IRm3f3LUXHVTc=
-39,-58,9OYRodqRnI9Y0r+k6QObwnTHi/k=,AhRDGv2tTdUqO6IRm3f3LUXHVTc=
-47,-57,9OYRodqRnI9Y0r+k6QObwnTHi/k=,AhRDGv2tTdUqO6IRm3f3LUXHVTc=
-36,-59,9OYRodqRnI9Y0r+k6QObwnTHi/k=,AhRDGv2tTdUqO6IRm3f3LUXHVTc=
-39,-56,9OYRodqRnI9Y0r+k6QObwnTHi/k=,AhRDGv2tTdUqO6IRm3f3LUXHVTc=
-40,-60,9OYRodqRnI9Y0r+k6QObwnTHi/k=,AhRDGv2tTdUqO6IRm3f3LUXHVTc=
-40,-63,9OYRodqRnI9Y0r+k6QObwnTHi/k=,AhRDGv2tTdUqO6IRm3f3LUXHVTc=
-46,-54,9OYRodqRnI9Y0r+k6QObwnTHi/k=,AhRDGv2tTdUqO6IRm3f3LUXHVTc=
-43,-59,9OYRodqRnI9Y0r+k6QObwnTHi/k=,AhRDGv2tTdUqO6IRm3f3LUXHVTc=
-44,-59,9OYRodqRnI9Y0r+k6QObwnTHi/k=,AhRDGv2tTdUqO6IRm3f3LUXHVTc=
-45,-59,9OYRodqRnI9Y0r+k6QObwnTHi/k=,AhRDGv2tTdUqO6IRm3f3LUXHVTc=
-36,-62,9OYRodqRnI9Y0r+k6QObwnTHi/k=,AhRDGv2tTdUqO6IRm3f3LUXHVTc=
-46,-59,9OYRodqRnI9Y0r+k6QObwnTHi/k=,AhRDGv2tTdUqO6IRm3f3LUXHVTc=
-39,-62,9OYRodqRnI9Y0r+k6QObwnTHi/k=,AhRDGv2tTdUqO6IRm3f3LUXHVTc=
-42,-59,9OYRodqRnI9Y0r+k6QObwnTHi/k=,AhRDGv2tTdUqO6IRm3f3LUXHVTc=
-44,-54,9OYRodqRnI9Y0r+k6QObwnTHi/k=,AhRDGv2tTdUqO6IRm3f3LUXHVTc=
-38,-58,9OYRodqRnI9Y0r+k6QObwnTHi/k=,AhRDGv2tTdUqO6IRm3f3LUXHVTc=
-33,-60,9OYRodqRnI9Y0r+k6QObwnTHi/k=,AhRDGv2tTdUqO6IRm3f3LUXHVTc=
-34,-60,9OYRodqRnI9Y0r+k6QObwnTHi/k=,AhRDGv2tTdUqO6IRm3f3LUXHVTc=
-39,-59,9OYRodqRnI9Y0r+k6QObwnTHi/k=,AhRDGv2tTdUqO6IRm3f3LUXHVTc=
-35,-60,9OYRodqRnI9Y0r+k6QObwnTHi/k=,AhRDGv2tTdUqO6IRm3f3LUXHVTc=
-36,-60,9OYRodqRnI9Y0r+k6QObwnTHi/k=,AhRDGv2tTdUqO6IRm3f3LUXHVTc=
-47,-59,9OYRodqRnI9Y0r+k6QObwnTHi/k=,AhRDGv2tTdUqO6IRm3f3LUXHVTc=
-41,-64,9OYRodqRnI9Y0r+k6QObwnTHi/k=,AhRDGv2tTdUqO6IRm3f3LUXHVTc=
-37,-58,9OYRodqRnI9Y0r+k6QObwnTHi/k=,AhRDGv2tTdUqO6IRm3f3LUXHVTc=
-38,-59,9OYRodqRnI9Y0r+k6QObwnTHi/k=,AhRDGv2tTdUqO6IRm3f3LUXHVTc=
-40,-62,9OYRodqRnI9Y0r+k6QObwnTHi/k=,AhRDGv2tTdUqO6IRm3f3LUXHVTc=
-41,-59,9OYRodqRnI9Y0r+k6QObwnTHi/k=,AhRDGv2tTdUqO6IRm3f3LUXHVTc=
-41,-63,9OYRodqRnI9Y0r+k6QObwnTHi/k=,AhRDGv2tTdUqO6IRm3f3LUXHVTc=
-39,-60,9OYRodqRnI9Y0r+k6QObwnTHi/k=,AhRDGv2tTdUqO6IRm3f3LUXHVTc=
-48,-59,9OYRodqRnI9Y0r+k6QObwnTHi/k=,AhRDGv2tTdUqO6IRm3f3LUXHVTc=
-47,-53,9OYRodqRnI9Y0r+k6QObwnTHi/k=,AhRDGv2tTdUqO6IRm3f3LUXHVTc=
-47,-49,9OYRodqRnI9Y0r+k6QObwnTHi/k=,AhRDGv2tTdUqO6IRm3f3LUXHVTc=
-37,-59,9OYRodqRnI9Y0r+k6QObwnTHi/k=,AhRDGv2tTdUqO6IRm3f3LUXHVTc=
-37,-60,9OYRodqRnI9Y0r+k6QObwnTHi/k=,AhRDGv2tTdUqO6IRm3f3LUXHVTc=
-38,-60,9OYRodqRnI9Y0r+k6QObwnTHi/k=,AhRDGv2tTdUqO6IRm3f3LUXHVTc=
-48,-64,9OYRodqRnI9Y0r+k6QObwnTHi/k=,AhRDGv2tTdUqO6IRm3f3LUXHVTc=
-40,-59,9OYRodqRnI9Y0r+k6QObwnTHi/k=,AhRDGv2tTdUqO6IRm3f3LUXHVTc=
-53,-61,JupCm4oXuuaUv+MYhMfMbHGaANI=,5cHhWNfbzXXS5F8K6NSm2EXR50M=
-60,-61,VMco9tnqY2T66V4kCTKiz3zn3E8=,5cHhWNfbzXXS5F8K6NSm2EXR50M=
-61,-61,VMco9tnqY2T66V4kCTKiz3zn3E8=,5cHhWNfbzXXS5F8K6NSm2EXR50M=
-62,-61,VMco9tnqY2T66V4kCTKiz3zn3E8=,5cHhWNfbzXXS5F8K6NSm2EXR50M=
-50,-49,VMco9tnqY2T66V4kCTKiz3zn3E8=,5cHhWNfbzXXS5F8K6NSm2EXR50M=
-51,-49,VMco9tnqY2T66V4kCTKiz3zn3E8=,5cHhWNfbzXXS5F8K6NSm2EXR50M=
-59,-63,VMco9tnqY2T66V4kCTKiz3zn3E8=,5cHhWNfbzXXS5F8K6NSm2EXR50M=
-52,-49,VMco9tnqY2T66V4kCTKiz3zn3E8=,5cHhWNfbzXXS5F8K6NSm2EXR50M=
-59,-64,VMco9tnqY2T66V4kCTKiz3zn3E8=,5cHhWNfbzXXS5F8K6NSm2EXR50M=
-63,-64,VMco9tnqY2T66V4kCTKiz3zn3E8=,5cHhWNfbzXXS5F8K6NSm2EXR50M=
-58,-62,VMco9tnqY2T66V4kCTKiz3zn3E8=,5cHhWNfbzXXS5F8K6NSm2EXR50M=
-58,-61,VMco9tnqY2T66V4kCTKiz3zn3E8=,5cHhWNfbzXXS5F8K6NSm2EXR50M=
-60,-63,VMco9tnqY2T66V4kCTKiz3zn3E8=,5cHhWNfbzXXS5F8K6NSm2EXR50M=
-63,-61,VMco9tnqY2T66V4kCTKiz3zn3E8=,5cHhWNfbzXXS5F8K6NSm2EXR50M=
-63,-49,VMco9tnqY2T66V4kCTKiz3zn3E8=,5cHhWNfbzXXS5F8K6NSm2EXR50M=
-54,-50,VMco9tnqY2T66V4kCTKiz3zn3E8=,5cHhWNfbzXXS5F8K6NSm2EXR50M=
-60,-64,VMco9tnqY2T66V4kCTKiz3zn3E8=,5cHhWNfbzXXS5F8K6NSm2EXR50M=
-59,-62,VMco9tnqY2T66V4kCTKiz3zn3E8=,5cHhWNfbzXXS5F8K6NSm2EXR50M=
-64,-49,VMco9tnqY2T66V4kCTKiz3zn3E8=,5cHhWNfbzXXS5F8K6NSm2EXR50M=
-57,-61,VMco9tnqY2T66V4kCTKiz3zn3E8=,5cHhWNfbzXXS5F8K6NSm2EXR50M=
-60,-50,VMco9tnqY2T66V4kCTKiz3zn3E8=,5cHhWNfbzXXS5F8K6NSm2EXR50M=
-59,-50,VMco9tnqY2T66V4kCTKiz3zn3E8=,5cHhWNfbzXXS5F8K6NSm2EXR50M=
-62,-50,VMco9tnqY2T66V4kCTKiz3zn3E8=,5cHhWNfbzXXS5F8K6NSm2EXR50M=
-64,-50,VMco9tnqY2T66V4kCTKiz3zn3E8=,5cHhWNfbzXXS5F8K6NSm2EXR50M=
-61,-64,VMco9tnqY2T66V4kCTKiz3zn3E8=,5cHhWNfbzXXS5F8K6NSm2EXR50M=
-61,-63,VMco9tnqY2T66V4kCTKiz3zn3E8=,5cHhWNfbzXXS5F8K6NSm2EXR50M=
-63,-50,VMco9tnqY2T66V4kCTKiz3zn3E8=,5cHhWNfbzXXS5F8K6NSm2EXR50M=
-50,-51,VMco9tnqY2T66V4kCTKiz3zn3E8=,5cHhWNfbzXXS5F8K6NSm2EXR50M=
-61,-50,VMco9tnqY2T66V4kCTKiz3zn3E8=,5cHhWNfbzXXS5F8K6NSm2EXR50M=
-53,-51,VMco9tnqY2T66V4kCTKiz3zn3E8=,5cHhWNfbzXXS5F8K6NSm2EXR50M=
-55,-51,VMco9tnqY2T66V4kCTKiz3zn3E8=,5cHhWNfbzXXS5F8K6NSm2EXR50M=
-56,-51,VMco9tnqY2T66V4kCTKiz3zn3E8=,5cHhWNfbzXXS5F8K6NSm2EXR50M=
-58,-51,VMco9tnqY2T66V4kCTKiz3zn3E8=,5cHhWNfbzXXS5F8K6NSm2EXR50M=
-59,-51,VMco9tnqY2T66V4kCTKiz3zn3E8=,5cHhWNfbzXXS5F8K6NSm2EXR50M=
-60,-51,VMco9tnqY2T66V4kCTKiz3zn3E8=,5cHhWNfbzXXS5F8K6NSm2EXR50M=
-61,-51,VMco9tnqY2T66V4kCTKiz3zn3E8=,5cHhWNfbzXXS5F8K6NSm2EXR50M=
-62,-62,VMco9tnqY2T66V4kCTKiz3zn3E8=,5cHhWNfbzXXS5F8K6NSm2EXR50M=
-62,-51,VMco9tnqY2T66V4kCTKiz3zn3E8=,5cHhWNfbzXXS5F8K6NSm2EXR50M=
-63,-51,VMco9tnqY2T66V4kCTKiz3zn3E8=,5cHhWNfbzXXS5F8K6NSm2EXR50M=
-64,-51,VMco9tnqY2T66V4kCTKiz3zn3E8=,5cHhWNfbzXXS5F8K6NSm2EXR50M=
-62,-63,VMco9tnqY2T66V4kCTKiz3zn3E8=,5cHhWNfbzXXS5F8K6NSm2EXR50M=
-50,-52,VMco9tnqY2T66V4kCTKiz3zn3E8=,5cHhWNfbzXXS5F8K6NSm2EXR50M=
-51,-52,VMco9tnqY2T66V4kCTKiz3zn3E8=,5cHhWNfbzXXS5F8K6NSm2EXR50M=
-52,-52,VMco9tnqY2T66V4kCTKiz3zn3E8=,5cHhWNfbzXXS5F8K6NSm2EXR50M=
-53,-52,VMco9tnqY2T66V4kCTKiz3zn3E8=,5cHhWNfbzXXS5F8K6NSm2EXR50M=
-54,-52,VMco9tnqY2T66V4kCTKiz3zn3E8=,5cHhWNfbzXXS5F8K6NSm2EXR50M=
-55,-52,VMco9tnqY2T66V4kCTKiz3zn3E8=,5cHhWNfbzXXS5F8K6NSm2EXR50M=
-56,-52,VMco9tnqY2T66V4kCTKiz3zn3E8=,5cHhWNfbzXXS5F8K6NSm2EXR50M=
-57,-52,VMco9tnqY2T66V4kCTKiz3zn3E8=,5cHhWNfbzXXS5F8K6NSm2EXR50M=
-58,-52,VMco9tnqY2T66V4kCTKiz3zn3E8=,5cHhWNfbzXXS5F8K6NSm2EXR50M=
-59,-52,VMco9tnqY2T66V4kCTKiz3zn3E8=,5cHhWNfbzXXS5F8K6NSm2EXR50M=
-60,-52,VMco9tnqY2T66V4kCTKiz3zn3E8=,5cHhWNfbzXXS5F8K6NSm2EXR50M=
-62,-52,VMco9tnqY2T66V4kCTKiz3zn3E8=,5cHhWNfbzXXS5F8K6NSm2EXR50M=
-61,-52,VMco9tnqY2T66V4kCTKiz3zn3E8=,5cHhWNfbzXXS5F8K6NSm2EXR50M=
-63,-52,VMco9tnqY2T66V4kCTKiz3zn3E8=,5cHhWNfbzXXS5F8K6NSm2EXR50M=
-64,-52,VMco9tnqY2T66V4kCTKiz3zn3E8=,5cHhWNfbzXXS5F8K6NSm2EXR50M=
-64,-63,VMco9tnqY2T66V4kCTKiz3zn3E8=,5cHhWNfbzXXS5F8K6NSm2EXR50M=
-63,-62,VMco9tnqY2T66V4kCTKiz3zn3E8=,5cHhWNfbzXXS5F8K6NSm2EXR50M=
-58,-49,VMco9tnqY2T66V4kCTKiz3zn3E8=,5cHhWNfbzXXS5F8K6NSm2EXR50M=
-64,-61,VMco9tnqY2T66V4kCTKiz3zn3E8=,5cHhWNfbzXXS5F8K6NSm2EXR50M=
-64,-62,VMco9tnqY2T66V4kCTKiz3zn3E8=,5cHhWNfbzXXS5F8K6NSm2EXR50M=
-50,-63,VMco9tnqY2T66V4kCTKiz3zn3E8=,5cHhWNfbzXXS5F8K6NSm2EXR50M=
-51,-53,VMco9tnqY2T66V4kCTKiz3zn3E8=,5cHhWNfbzXXS5F8K6NSm2EXR50M=
-50,-53,VMco9tnqY2T66V4kCTKiz3zn3E8=,5cHhWNfbzXXS5F8K6NSm2EXR50M=
-52,-53,VMco9tnqY2T66V4kCTKiz3zn3E8=,5cHhWNfbzXXS5F8K6NSm2EXR50M=
-53,-53,VMco9tnqY2T66V4kCTKiz3zn3E8=,5cHhWNfbzXXS5F8K6NSm2EXR50M=
-54,-53,VMco9tnqY2T66V4kCTKiz3zn3E8=,5cHhWNfbzXXS5F8K6NSm2EXR50M=
-55,-53,VMco9tnqY2T66V4kCTKiz3zn3E8=,5cHhWNfbzXXS5F8K6NSm2EXR50M=
-56,-53,VMco9tnqY2T66V4kCTKiz3zn3E8=,5cHhWNfbzXXS5F8K6NSm2EXR50M=
-57,-53,VMco9tnqY2T66V4kCTKiz3zn3E8=,5cHhWNfbzXXS5F8K6NSm2EXR50M=
-58,-53,VMco9tnqY2T66V4kCTKiz3zn3E8=,5cHhWNfbzXXS5F8K6NSm2EXR50M=
-59,-53,VMco9tnqY2T66V4kCTKiz3zn3E8=,5cHhWNfbzXXS5F8K6NSm2EXR50M=
-60,-53,VMco9tnqY2T66V4kCTKiz3zn3E8=,5cHhWNfbzXXS5F8K6NSm2EXR50M=
-61,-53,VMco9tnqY2T66V4kCTKiz3zn3E8=,5cHhWNfbzXXS5F8K6NSm2EXR50M=
-62,-53,VMco9tnqY2T66V4kCTKiz3zn3E8=,5cHhWNfbzXXS5F8K6NSm2EXR50M=
-63,-53,VMco9tnqY2T66V4kCTKiz3zn3E8=,5cHhWNfbzXXS5F8K6NSm2EXR50M=
-51,-64,VMco9tnqY2T66V4kCTKiz3zn3E8=,5cHhWNfbzXXS5F8K6NSm2EXR50M=
-50,-62,VMco9tnqY2T66V4kCTKiz3zn3E8=,5cHhWNfbzXXS5F8K6NSm2EXR50M=
-64,-53,VMco9tnqY2T66V4kCTKiz3zn3E8=,5cHhWNfbzXXS5F8K6NSm2EXR50M=
-51,-63,VMco9tnqY2T66V4kCTKiz3zn3E8=,5cHhWNfbzXXS5F8K6NSm2EXR50M=
-50,-54,VMco9tnqY2T66V4kCTKiz3zn3E8=,5cHhWNfbzXXS5F8K6NSm2EXR50M=
-51,-54,VMco9tnqY2T66V4kCTKiz3zn3E8=,5cHhWNfbzXXS5F8K6NSm2EXR50M=
-52,-54,VMco9tnqY2T66V4kCTKiz3zn3E8=,5cHhWNfbzXXS5F8K6NSm2EXR50M=
-53,-54,VMco9tnqY2T66V4kCTKiz3zn3E8=,5cHhWNfbzXXS5F8K6NSm2EXR50M=
-54,-54,VMco9tnqY2T66V4kCTKiz3zn3E8=,5cHhWNfbzXXS5F8K6NSm2EXR50M=
-55,-54,VMco9tnqY2T66V4kCTKiz3zn3E8=,5cHhWNfbzXXS5F8K6NSm2EXR50M=
-56,-54,VMco9tnqY2T66V4kCTKiz3zn3E8=,5cHhWNfbzXXS5F8K6NSm2EXR50M=
-57,-54,VMco9tnqY2T66V4kCTKiz3zn3E8=,5cHhWNfbzXXS5F8K6NSm2EXR50M=
-59,-54,VMco9tnqY2T66V4kCTKiz3zn3E8=,5cHhWNfbzXXS5F8K6NSm2EXR50M=
-58,-54,VMco9tnqY2T66V4kCTKiz3zn3E8=,5cHhWNfbzXXS5F8K6NSm2EXR50M=
-60,-54,VMco9tnqY2T66V4kCTKiz3zn3E8=,5cHhWNfbzXXS5F8K6NSm2EXR50M=
-57,-49,VMco9tnqY2T66V4kCTKiz3zn3E8=,5cHhWNfbzXXS5F8K6NSm2EXR50M=
-60,-49,VMco9tnqY2T66V4kCTKiz3zn3E8=,5cHhWNfbzXXS5F8K6NSm2EXR50M=
-62,-54,VMco9tnqY2T66V4kCTKiz3zn3E8=,5cHhWNfbzXXS5F8K6NSm2EXR50M=
-63,-63,VMco9tnqY2T66V4kCTKiz3zn3E8=,5cHhWNfbzXXS5F8K6NSm2EXR50M=
-63,-54,VMco9tnqY2T66V4kCTKiz3zn3E8=,5cHhWNfbzXXS5F8K6NSm2EXR50M=
-64,-54,VMco9tnqY2T66V4kCTKiz3zn3E8=,5cHhWNfbzXXS5F8K6NSm2EXR50M=
-51,-62,VMco9tnqY2T66V4kCTKiz3zn3E8=,5cHhWNfbzXXS5F8K6NSm2EXR50M=
-52,-64,VMco9tnqY2T66V4kCTKiz3zn3E8=,5cHhWNfbzXXS5F8K6NSm2EXR50M=
-51,-55,VMco9tnqY2T66V4kCTKiz3zn3E8=,5cHhWNfbzXXS5F8K6NSm2EXR50M=
-52,-55,VMco9tnqY2T66V4kCTKiz3zn3E8=,5cHhWNfbzXXS5F8K6NSm2EXR50M=
-53,-55,VMco9tnqY2T66V4kCTKiz3zn3E8=,5cHhWNfbzXXS5F8K6NSm2EXR50M=
-54,-55,VMco9tnqY2T66V4kCTKiz3zn3E8=,5cHhWNfbzXXS5F8K6NSm2EXR50M=
-55,-55,VMco9tnqY2T66V4kCTKiz3zn3E8=,5cHhWNfbzXXS5F8K6NSm2EXR50M=
-56,-55,VMco9tnqY2T66V4kCTKiz3zn3E8=,5cHhWNfbzXXS5F8K6NSm2EXR50M=
-61,-49,VMco9tnqY2T66V4kCTKiz3zn3E8=,5cHhWNfbzXXS5F8K6NSm2EXR50M=
-57,-55,VMco9tnqY2T66V4kCTKiz3zn3E8=,5cHhWNfbzXXS5F8K6NSm2EXR50M=
-59,-55,VMco9tnqY2T66V4kCTKiz3zn3E8=,5cHhWNfbzXXS5F8K6NSm2EXR50M=
-58,-50,VMco9tnqY2T66V4kCTKiz3zn3E8=,5cHhWNfbzXXS5F8K6NSm2EXR50M=
-61,-55,VMco9tnqY2T66V4kCTKiz3zn3E8=,5cHhWNfbzXXS5F8K6NSm2EXR50M=
-62,-55,VMco9tnqY2T66V4kCTKiz3zn3E8=,5cHhWNfbzXXS5F8K6NSm2EXR50M=
-63,-55,VMco9tnqY2T66V4kCTKiz3zn3E8=,5cHhWNfbzXXS5F8K6NSm2EXR50M=
-64,-55,VMco9tnqY2T66V4kCTKiz3zn3E8=,5cHhWNfbzXXS5F8K6NSm2EXR50M=
-52,-62,VMco9tnqY2T66V4kCTKiz3zn3E8=,5cHhWNfbzXXS5F8K6NSm2EXR50M=
-53,-64,VMco9tnqY2T66V4kCTKiz3zn3E8=,5cHhWNfbzXXS5F8K6NSm2EXR50M=
-53,-63,VMco9tnqY2T66V4kCTKiz3zn3E8=,5cHhWNfbzXXS5F8K6NSm2EXR50M=
-50,-56,VMco9tnqY2T66V4kCTKiz3zn3E8=,5cHhWNfbzXXS5F8K6NSm2EXR50M=
-51,-56,VMco9tnqY2T66V4kCTKiz3zn3E8=,5cHhWNfbzXXS5F8K6NSm2EXR50M=
-52,-56,VMco9tnqY2T66V4kCTKiz3zn3E8=,5cHhWNfbzXXS5F8K6NSm2EXR50M=
-53,-56,VMco9tnqY2T66V4kCTKiz3zn3E8=,5cHhWNfbzXXS5F8K6NSm2EXR50M=
-55,-56,VMco9tnqY2T66V4kCTKiz3zn3E8=,5cHhWNfbzXXS5F8K6NSm2EXR50M=
-57,-56,VMco9tnqY2T66V4kCTKiz3zn3E8=,5cHhWNfbzXXS5F8K6NSm2EXR50M=
-59,-56,VMco9tnqY2T66V4kCTKiz3zn3E8=,5cHhWNfbzXXS5F8K6NSm2EXR50M=
-60,-56,VMco9tnqY2T66V4kCTKiz3zn3E8=,5cHhWNfbzXXS5F8K6NSm2EXR50M=
-60,-55,VMco9tnqY2T66V4kCTKiz3zn3E8=,5cHhWNfbzXXS5F8K6NSm2EXR50M=
-63,-56,VMco9tnqY2T66V4kCTKiz3zn3E8=,5cHhWNfbzXXS5F8K6NSm2EXR50M=
-64,-56,VMco9tnqY2T66V4kCTKiz3zn3E8=,5cHhWNfbzXXS5F8K6NSm2EXR50M=
-53,-62,VMco9tnqY2T66V4kCTKiz3zn3E8=,5cHhWNfbzXXS5F8K6NSm2EXR50M=
-50,-57,VMco9tnqY2T66V4kCTKiz3zn3E8=,5cHhWNfbzXXS5F8K6NSm2EXR50M=
-52,-57,VMco9tnqY2T66V4kCTKiz3zn3E8=,5cHhWNfbzXXS5F8K6NSm2EXR50M=
-58,-55,VMco9tnqY2T66V4kCTKiz3zn3E8=,5cHhWNfbzXXS5F8K6NSm2EXR50M=
-62,-49,VMco9tnqY2T66V4kCTKiz3zn3E8=,5cHhWNfbzXXS5F8K6NSm2EXR50M=
-59,-57,VMco9tnqY2T66V4kCTKiz3zn3E8=,5cHhWNfbzXXS5F8K6NSm2EXR50M=
-58,-56,VMco9tnqY2T66V4kCTKiz3zn3E8=,5cHhWNfbzXXS5F8K6NSm2EXR50M=
-59,-49,VMco9tnqY2T66V4kCTKiz3zn3E8=,5cHhWNfbzXXS5F8K6NSm2EXR50M=
-57,-51,VMco9tnqY2T66V4kCTKiz3zn3E8=,5cHhWNfbzXXS5F8K6NSm2EXR50M=
-63,-57,VMco9tnqY2T66V4kCTKiz3zn3E8=,5cHhWNfbzXXS5F8K6NSm2EXR50M=
-64,-57,VMco9tnqY2T66V4kCTKiz3zn3E8=,5cHhWNfbzXXS5F8K6NSm2EXR50M=
-50,-58,VMco9tnqY2T66V4kCTKiz3zn3E8=,5cHhWNfbzXXS5F8K6NSm2EXR50M=
-51,-58,VMco9tnqY2T66V4kCTKiz3zn3E8=,5cHhWNfbzXXS5F8K6NSm2EXR50M=
-52,-58,VMco9tnqY2T66V4kCTKiz3zn3E8=,5cHhWNfbzXXS5F8K6NSm2EXR50M=
-62,-56,VMco9tnqY2T66V4kCTKiz3zn3E8=,5cHhWNfbzXXS5F8K6NSm2EXR50M=
-61,-56,VMco9tnqY2T66V4kCTKiz3zn3E8=,5cHhWNfbzXXS5F8K6NSm2EXR50M=
-49,-58,VMco9tnqY2T66V4kCTKiz3zn3E8=,5cHhWNfbzXXS5F8K6NSm2EXR50M=
-49,-53,VMco9tnqY2T66V4kCTKiz3zn3E8=,5cHhWNfbzXXS5F8K6NSm2EXR50M=
-49,-57,VMco9tnqY2T66V4kCTKiz3zn3E8=,5cHhWNfbzXXS5F8K6NSm2EXR50M=
-49,-49,VMco9tnqY2T66V4kCTKiz3zn3E8=,5cHhWNfbzXXS5F8K6NSm2EXR50M=
-57,-50,VMco9tnqY2T66V4kCTKiz3zn3E8=,5cHhWNfbzXXS5F8K6NSm2EXR50M=
-61,-54,VMco9tnqY2T66V4kCTKiz3zn3E8=,5cHhWNfbzXXS5F8K6NSm2EXR50M=
-49,-50,VMco9tnqY2T66V4kCTKiz3zn3E8=,5cHhWNfbzXXS5F8K6NSm2EXR50M=
-49,-51,VMco9tnqY2T66V4kCTKiz3zn3E8=,5cHhWNfbzXXS5F8K6NSm2EXR50M=
-57,-57,VMco9tnqY2T66V4kCTKiz3zn3E8=,5cHhWNfbzXXS5F8K6NSm2EXR50M=
-62,-58,VMco9tnqY2T66V4kCTKiz3zn3E8=,5cHhWNfbzXXS5F8K6NSm2EXR50M=
-63,-58,VMco9tnqY2T66V4kCTKiz3zn3E8=,5cHhWNfbzXXS5F8K6NSm2EXR50M=
-64,-58,VMco9tnqY2T66V4kCTKiz3zn3E8=,5cHhWNfbzXXS5F8K6NSm2EXR50M=
-56,-64,VMco9tnqY2T66V4kCTKiz3zn3E8=,5cHhWNfbzXXS5F8K6NSm2EXR50M=
-55,-62,VMco9tnqY2T66V4kCTKiz3zn3E8=,5cHhWNfbzXXS5F8K6NSm2EXR50M=
-56,-63,VMco9tnqY2T66V4kCTKiz3zn3E8=,5cHhWNfbzXXS5F8K6NSm2EXR50M=
-62,-64,VMco9tnqY2T66V4kCTKiz3zn3E8=,5cHhWNfbzXXS5F8K6NSm2EXR50M=
-51,-59,VMco9tnqY2T66V4kCTKiz3zn3E8=,5cHhWNfbzXXS5F8K6NSm2EXR50M=
-52,-59,VMco9tnqY2T66V4kCTKiz3zn3E8=,5cHhWNfbzXXS5F8K6NSm2EXR50M=
-49,-52,VMco9tnqY2T66V4kCTKiz3zn3E8=,5cHhWNfbzXXS5F8K6NSm2EXR50M=
-62,-57,VMco9tnqY2T66V4kCTKiz3zn3E8=,5cHhWNfbzXXS5F8K6NSm2EXR50M=
-54,-59,VMco9tnqY2T66V4kCTKiz3zn3E8=,5cHhWNfbzXXS5F8K6NSm2EXR50M=
-53,-59,VMco9tnqY2T66V4kCTKiz3zn3E8=,5cHhWNfbzXXS5F8K6NSm2EXR50M=
-58,-58,VMco9tnqY2T66V4kCTKiz3zn3E8=,5cHhWNfbzXXS5F8K6NSm2EXR50M=
-60,-62,VMco9tnqY2T66V4kCTKiz3zn3E8=,5cHhWNfbzXXS5F8K6NSm2EXR50M=
-59,-61,VMco9tnqY2T66V4kCTKiz3zn3E8=,5cHhWNfbzXXS5F8K6NSm2EXR50M=
-61,-58,VMco9tnqY2T66V4kCTKiz3zn3E8=,5cHhWNfbzXXS5F8K6NSm2EXR50M=
-59,-58,VMco9tnqY2T66V4kCTKiz3zn3E8=,5cHhWNfbzXXS5F8K6NSm2EXR50M=
-61,-59,VMco9tnqY2T66V4kCTKiz3zn3E8=,5cHhWNfbzXXS5F8K6NSm2EXR50M=
-61,-57,VMco9tnqY2T66V4kCTKiz3zn3E8=,5cHhWNfbzXXS5F8K6NSm2EXR50M=
-63,-59,VMco9tnqY2T66V4kCTKiz3zn3E8=,5cHhWNfbzXXS5F8K6NSm2EXR50M=
-50,-59,VMco9tnqY2T66V4kCTKiz3zn3E8=,5cHhWNfbzXXS5F8K6NSm2EXR50M=
-57,-64,VMco9tnqY2T66V4kCTKiz3zn3E8=,5cHhWNfbzXXS5F8K6NSm2EXR50M=
-64,-59,VMco9tnqY2T66V4kCTKiz3zn3E8=,5cHhWNfbzXXS5F8K6NSm2EXR50M=
-56,-62,VMco9tnqY2T66V4kCTKiz3zn3E8=,5cHhWNfbzXXS5F8K6NSm2EXR50M=
-64,-64,VMco9tnqY2T66V4kCTKiz3zn3E8=,5cHhWNfbzXXS5F8K6NSm2EXR50M=
-59,-59,VMco9tnqY2T66V4kCTKiz3zn3E8=,5cHhWNfbzXXS5F8K6NSm2EXR50M=
-51,-60,VMco9tnqY2T66V4kCTKiz3zn3E8=,5cHhWNfbzXXS5F8K6NSm2EXR50M=
-53,-60,VMco9tnqY2T66V4kCTKiz3zn3E8=,5cHhWNfbzXXS5F8K6NSm2EXR50M=
-52,-60,VMco9tnqY2T66V4kCTKiz3zn3E8=,5cHhWNfbzXXS5F8K6NSm2EXR50M=
-54,-60,VMco9tnqY2T66V4kCTKiz3zn3E8=,5cHhWNfbzXXS5F8K6NSm2EXR50M=
-60,-58,VMco9tnqY2T66V4kCTKiz3zn3E8=,5cHhWNfbzXXS5F8K6NSm2EXR50M=
-57,-58,VMco9tnqY2T66V4kCTKiz3zn3E8=,5cHhWNfbzXXS5F8K6NSm2EXR50M=
-56,-59,VMco9tnqY2T66V4kCTKiz3zn3E8=,5cHhWNfbzXXS5F8K6NSm2EXR50M=
-58,-59,VMco9tnqY2T66V4kCTKiz3zn3E8=,5cHhWNfbzXXS5F8K6NSm2EXR50M=
-56,-60,VMco9tnqY2T66V4kCTKiz3zn3E8=,5cHhWNfbzXXS5F8K6NSm2EXR50M=
-55,-60,VMco9tnqY2T66V4kCTKiz3zn3E8=,5cHhWNfbzXXS5F8K6NSm2EXR50M=
-61,-60,VMco9tnqY2T66V4kCTKiz3zn3E8=,5cHhWNfbzXXS5F8K6NSm2EXR50M=
-62,-60,VMco9tnqY2T66V4kCTKiz3zn3E8=,5cHhWNfbzXXS5F8K6NSm2EXR50M=
-63,-60,VMco9tnqY2T66V4kCTKiz3zn3E8=,5cHhWNfbzXXS5F8K6NSm2EXR50M=
-62,-59,VMco9tnqY2T66V4kCTKiz3zn3E8=,5cHhWNfbzXXS5F8K6NSm2EXR50M=
-64,-60,VMco9tnqY2T66V4kCTKiz3zn3E8=,5cHhWNfbzXXS5F8K6NSm2EXR50M=
-57,-62,VMco9tnqY2T66V4kCTKiz3zn3E8=,5cHhWNfbzXXS5F8K6NSm2EXR50M=
-50,-60,VMco9tnqY2T66V4kCTKiz3zn3E8=,5cHhWNfbzXXS5F8K6NSm2EXR50M=
-50,-61,VMco9tnqY2T66V4kCTKiz3zn3E8=,5cHhWNfbzXXS5F8K6NSm2EXR50M=
-51,-61,VMco9tnqY2T66V4kCTKiz3zn3E8=,5cHhWNfbzXXS5F8K6NSm2EXR50M=
-52,-61,VMco9tnqY2T66V4kCTKiz3zn3E8=,5cHhWNfbzXXS5F8K6NSm2EXR50M=
-57,-59,VMco9tnqY2T66V4kCTKiz3zn3E8=,5cHhWNfbzXXS5F8K6NSm2EXR50M=
-55,-61,VMco9tnqY2T66V4kCTKiz3zn3E8=,5cHhWNfbzXXS5F8K6NSm2EXR50M=
-57,-63,VMco9tnqY2T66V4kCTKiz3zn3E8=,5cHhWNfbzXXS5F8K6NSm2EXR50M=
-54,-61,VMco9tnqY2T66V4kCTKiz3zn3E8=,5cHhWNfbzXXS5F8K6NSm2EXR50M=
-55,-59,VMco9tnqY2T66V4kCTKiz3zn3E8=,5cHhWNfbzXXS5F8K6NSm2EXR50M=
-58,-57,VMco9tnqY2T66V4kCTKiz3zn3E8=,5cHhWNfbzXXS5F8K6NSm2EXR50M=
-56,-61,VMco9tnqY2T66V4kCTKiz3zn3E8=,5cHhWNfbzXXS5F8K6NSm2EXR50M=
-61,-62,VMco9tnqY2T66V4kCTKiz3zn3E8=,5cHhWNfbzXXS5F8K6NSm2EXR50M=
-50,-50,VMco9tnqY2T66V4kCTKiz3zn3E8=,5cHhWNfbzXXS5F8K6NSm2EXR50M=
-56,-49,VMco9tnqY2T66V4kCTKiz3zn3E8=,5cHhWNfbzXXS5F8K6NSm2EXR50M=
-53,-50,VMco9tnqY2T66V4kCTKiz3zn3E8=,5cHhWNfbzXXS5F8K6NSm2EXR50M=
-53,-49,VMco9tnqY2T66V4kCTKiz3zn3E8=,5cHhWNfbzXXS5F8K6NSm2EXR50M=
-60,-59,VMco9tnqY2T66V4kCTKiz3zn3E8=,5cHhWNfbzXXS5F8K6NSm2EXR50M=
-55,-50,VMco9tnqY2T66V4kCTKiz3zn3E8=,5cHhWNfbzXXS5F8K6NSm2EXR50M=
-52,-50,VMco9tnqY2T66V4kCTKiz3zn3E8=,5cHhWNfbzXXS5F8K6NSm2EXR50M=
-54,-51,VMco9tnqY2T66V4kCTKiz3zn3E8=,5cHhWNfbzXXS5F8K6NSm2EXR50M=
-51,-50,VMco9tnqY2T66V4kCTKiz3zn3E8=,5cHhWNfbzXXS5F8K6NSm2EXR50M=
-51,-51,VMco9tnqY2T66V4kCTKiz3zn3E8=,5cHhWNfbzXXS5F8K6NSm2EXR50M=
-58,-64,VMco9tnqY2T66V4kCTKiz3zn3E8=,5cHhWNfbzXXS5F8K6NSm2EXR50M=
-52,-51,VMco9tnqY2T66V4kCTKiz3zn3E8=,5cHhWNfbzXXS5F8K6NSm2EXR50M=
-50,-64,VMco9tnqY2T66V4kCTKiz3zn3E8=,5cHhWNfbzXXS5F8K6NSm2EXR50M=
-56,-56,VMco9tnqY2T66V4kCTKiz3zn3E8=,5cHhWNfbzXXS5F8K6NSm2EXR50M=
-55,-49,VMco9tnqY2T66V4kCTKiz3zn3E8=,5cHhWNfbzXXS5F8K6NSm2EXR50M=
-54,-64,VMco9tnqY2T66V4kCTKiz3zn3E8=,5cHhWNfbzXXS5F8K6NSm2EXR50M=
-54,-63,VMco9tnqY2T66V4kCTKiz3zn3E8=,5cHhWNfbzXXS5F8K6NSm2EXR50M=
-50,-55,VMco9tnqY2T66V4kCTKiz3zn3E8=,5cHhWNfbzXXS5F8K6NSm2EXR50M=
-54,-49,VMco9tnqY2T66V4kCTKiz3zn3E8=,5cHhWNfbzXXS5F8K6NSm2EXR50M=
-54,-56,VMco9tnqY2T66V4kCTKiz3zn3E8=,5cHhWNfbzXXS5F8K6NSm2EXR50M=
-60,-60,VMco9tnqY2T66V4kCTKiz3zn3E8=,5cHhWNfbzXXS5F8K6NSm2EXR50M=
-55,-64,VMco9tnqY2T66V4kCTKiz3zn3E8=,5cHhWNfbzXXS5F8K6NSm2EXR50M=
-54,-62,VMco9tnqY2T66V4kCTKiz3zn3E8=,5cHhWNfbzXXS5F8K6NSm2EXR50M=
-56,-57,VMco9tnqY2T66V4kCTKiz3zn3E8=,5cHhWNfbzXXS5F8K6NSm2EXR50M=
-55,-63,VMco9tnqY2T66V4kCTKiz3zn3E8=,5cHhWNfbzXXS5F8K6NSm2EXR50M=
-56,-50,VMco9tnqY2T66V4kCTKiz3zn3E8=,5cHhWNfbzXXS5F8K6NSm2EXR50M=
-54,-58,VMco9tnqY2T66V4kCTKiz3zn3E8=,5cHhWNfbzXXS5F8K6NSm2EXR50M=
-60,-57,VMco9tnqY2T66V4kCTKiz3zn3E8=,5cHhWNfbzXXS5F8K6NSm2EXR50M=
-54,-57,VMco9tnqY2T66V4kCTKiz3zn3E8=,5cHhWNfbzXXS5F8K6NSm2EXR50M=
-58,-60,VMco9tnqY2T66V4kCTKiz3zn3E8=,5cHhWNfbzXXS5F8K6NSm2EXR50M=
-53,-57,VMco9tnqY2T66V4kCTKiz3zn3E8=,5cHhWNfbzXXS5F8K6NSm2EXR50M=
-55,-57,VMco9tnqY2T66V4kCTKiz3zn3E8=,5cHhWNfbzXXS5F8K6NSm2EXR50M=
-57,-60,VMco9tnqY2T66V4kCTKiz3zn3E8=,5cHhWNfbzXXS5F8K6NSm2EXR50M=
-49,-56,VMco9tnqY2T66V4kCTKiz3zn3E8=,5cHhWNfbzXXS5F8K6NSm2EXR50M=
-49,-55,VMco9tnqY2T66V4kCTKiz3zn3E8=,5cHhWNfbzXXS5F8K6NSm2EXR50M=
-49,-64,VMco9tnqY2T66V4kCTKiz3zn3E8=,5cHhWNfbzXXS5F8K6NSm2EXR50M=
-51,-57,VMco9tnqY2T66V4kCTKiz3zn3E8=,5cHhWNfbzXXS5F8K6NSm2EXR50M=
-52,-63,VMco9tnqY2T66V4kCTKiz3zn3E8=,5cHhWNfbzXXS5F8K6NSm2EXR50M=
-59,-60,VMco9tnqY2T66V4kCTKiz3zn3E8=,5cHhWNfbzXXS5F8K6NSm2EXR50M=
-49,-61,VMco9tnqY2T66V4kCTKiz3zn3E8=,5cHhWNfbzXXS5F8K6NSm2EXR50M=
-53,-58,VMco9tnqY2T66V4kCTKiz3zn3E8=,5cHhWNfbzXXS5F8K6NSm2EXR50M=
-55,-58,VMco9tnqY2T66V4kCTKiz3zn3E8=,5cHhWNfbzXXS5F8K6NSm2EXR50M=
-49,-54,VMco9tnqY2T66V4kCTKiz3zn3E8=,5cHhWNfbzXXS5F8K6NSm2EXR50M=
-49,-59,VMco9tnqY2T66V4kCTKiz3zn3E8=,5cHhWNfbzXXS5F8K6NSm2EXR50M=
-56,-58,VMco9tnqY2T66V4kCTKiz3zn3E8=,5cHhWNfbzXXS5F8K6NSm2EXR50M=
-49,-62,VMco9tnqY2T66V4kCTKiz3zn3E8=,5cHhWNfbzXXS5F8K6NSm2EXR50M=
-49,-60,VMco9tnqY2T66V4kCTKiz3zn3E8=,5cHhWNfbzXXS5F8K6NSm2EXR50M=
-49,-63,VMco9tnqY2T66V4kCTKiz3zn3E8=,5cHhWNfbzXXS5F8K6NSm2EXR50M=
-58,-63,VMco9tnqY2T66V4kCTKiz3zn3E8=,5cHhWNfbzXXS5F8K6NSm2EXR50M=
-63,-48,0d+KfRsF2YVGoXyAB3yHsPlml14=,48Cn/mRIyMIjY8+QOfQtIVnX1TA=
-52,-33,ZDG7lCanWqZZcpAXOpnnFW3B2uM=,48Cn/mRIyMIjY8+QOfQtIVnX1TA=
-53,-33,ZDG7lCanWqZZcpAXOpnnFW3B2uM=,48Cn/mRIyMIjY8+QOfQtIVnX1TA=
-55,-33,TGOS3+AxN8zFeBIdVO1f2GZE9W8=,48Cn/mRIyMIjY8+QOfQtIVnX1TA=
-54,-33,NPiVZ+uHsepeTFvDJHM1zIZE9ZE=,48Cn/mRIyMIjY8+QOfQtIVnX1TA=
-57,-45,NPiVZ+uHsepeTFvDJHM1zIZE9ZE=,48Cn/mRIyMIjY8+QOfQtIVnX1TA=
-58,-45,NPiVZ+uHsepeTFvDJHM1zIZE9ZE=,48Cn/mRIyMIjY8+QOfQtIVnX1TA=
-57,-33,NPiVZ+uHsepeTFvDJHM1zIZE9ZE=,48Cn/mRIyMIjY8+QOfQtIVnX1TA=
-56,-33,NPiVZ+uHsepeTFvDJHM1zIZE9ZE=,48Cn/mRIyMIjY8+QOfQtIVnX1TA=
-58,-46,NPiVZ+uHsepeTFvDJHM1zIZE9ZE=,48Cn/mRIyMIjY8+QOfQtIVnX1TA=
-58,-33,NPiVZ+uHsepeTFvDJHM1zIZE9ZE=,48Cn/mRIyMIjY8+QOfQtIVnX1TA=
-60,-33,NPiVZ+uHsepeTFvDJHM1zIZE9ZE=,48Cn/mRIyMIjY8+QOfQtIVnX1TA=
-62,-33,NPiVZ+uHsepeTFvDJHM1zIZE9ZE=,48Cn/mRIyMIjY8+QOfQtIVnX1TA=
-63,-33,NPiVZ+uHsepeTFvDJHM1zIZE9ZE=,48Cn/mRIyMIjY8+QOfQtIVnX1TA=
-63,-45,NPiVZ+uHsepeTFvDJHM1zIZE9ZE=,48Cn/mRIyMIjY8+QOfQtIVnX1TA=
-61,-33,NPiVZ+uHsepeTFvDJHM1zIZE9ZE=,48Cn/mRIyMIjY8+QOfQtIVnX1TA=
-50,-33,NPiVZ+uHsepeTFvDJHM1zIZE9ZE=,48Cn/mRIyMIjY8+QOfQtIVnX1TA=
-64,-33,NPiVZ+uHsepeTFvDJHM1zIZE9ZE=,48Cn/mRIyMIjY8+QOfQtIVnX1TA=
-51,-33,NPiVZ+uHsepeTFvDJHM1zIZE9ZE=,48Cn/mRIyMIjY8+QOfQtIVnX1TA=
-59,-45,NPiVZ+uHsepeTFvDJHM1zIZE9ZE=,48Cn/mRIyMIjY8+QOfQtIVnX1TA=
-59,-46,NPiVZ+uHsepeTFvDJHM1zIZE9ZE=,48Cn/mRIyMIjY8+QOfQtIVnX1TA=
-51,-34,NPiVZ+uHsepeTFvDJHM1zIZE9ZE=,48Cn/mRIyMIjY8+QOfQtIVnX1TA=
-49,-33,NPiVZ+uHsepeTFvDJHM1zIZE9ZE=,48Cn/mRIyMIjY8+QOfQtIVnX1TA=
-59,-33,NPiVZ+uHsepeTFvDJHM1zIZE9ZE=,48Cn/mRIyMIjY8+QOfQtIVnX1TA=
-53,-34,NPiVZ+uHsepeTFvDJHM1zIZE9ZE=,48Cn/mRIyMIjY8+QOfQtIVnX1TA=
-54,-34,NPiVZ+uHsepeTFvDJHM1zIZE9ZE=,48Cn/mRIyMIjY8+QOfQtIVnX1TA=
-55,-34,NPiVZ+uHsepeTFvDJHM1zIZE9ZE=,48Cn/mRIyMIjY8+QOfQtIVnX1TA=
-56,-34,NPiVZ+uHsepeTFvDJHM1zIZE9ZE=,48Cn/mRIyMIjY8+QOfQtIVnX1TA=
-57,-34,NPiVZ+uHsepeTFvDJHM1zIZE9ZE=,48Cn/mRIyMIjY8+QOfQtIVnX1TA=
-58,-34,NPiVZ+uHsepeTFvDJHM1zIZE9ZE=,48Cn/mRIyMIjY8+QOfQtIVnX1TA=
-59,-34,NPiVZ+uHsepeTFvDJHM1zIZE9ZE=,48Cn/mRIyMIjY8+QOfQtIVnX1TA=
-60,-34,NPiVZ+uHsepeTFvDJHM1zIZE9ZE=,48Cn/mRIyMIjY8+QOfQtIVnX1TA=
-61,-34,NPiVZ+uHsepeTFvDJHM1zIZE9ZE=,48Cn/mRIyMIjY8+QOfQtIVnX1TA=
-62,-34,NPiVZ+uHsepeTFvDJHM1zIZE9ZE=,48Cn/mRIyMIjY8+QOfQtIVnX1TA=
-63,-34,NPiVZ+uHsepeTFvDJHM1zIZE9ZE=,48Cn/mRIyMIjY8+QOfQtIVnX1TA=
-52,-34,NPiVZ+uHsepeTFvDJHM1zIZE9ZE=,48Cn/mRIyMIjY8+QOfQtIVnX1TA=
-56,-45,NPiVZ+uHsepeTFvDJHM1zIZE9ZE=,48Cn/mRIyMIjY8+QOfQtIVnX1TA=
-64,-34,NPiVZ+uHsepeTFvDJHM1zIZE9ZE=,48Cn/mRIyMIjY8+QOfQtIVnX1TA=
-61,-45,NPiVZ+uHsepeTFvDJHM1zIZE9ZE=,48Cn/mRIyMIjY8+QOfQtIVnX1TA=
-62,-46,NPiVZ+uHsepeTFvDJHM1zIZE9ZE=,48Cn/mRIyMIjY8+QOfQtIVnX1TA=
-59,-48,NPiVZ+uHsepeTFvDJHM1zIZE9ZE=,48Cn/mRIyMIjY8+QOfQtIVnX1TA=
-50,-34,NPiVZ+uHsepeTFvDJHM1zIZE9ZE=,48Cn/mRIyMIjY8+QOfQtIVnX1TA=
-52,-35,NPiVZ+uHsepeTFvDJHM1zIZE9ZE=,48Cn/mRIyMIjY8+QOfQtIVnX1TA=
-53,-35,NPiVZ+uHsepeTFvDJHM1zIZE9ZE=,48Cn/mRIyMIjY8+QOfQtIVnX1TA=
-54,-35,NPiVZ+uHsepeTFvDJHM1zIZE9ZE=,48Cn/mRIyMIjY8+QOfQtIVnX1TA=
-55,-35,NPiVZ+uHsepeTFvDJHM1zIZE9ZE=,48Cn/mRIyMIjY8+QOfQtIVnX1TA=
-56,-35,NPiVZ+uHsepeTFvDJHM1zIZE9ZE=,48Cn/mRIyMIjY8+QOfQtIVnX1TA=
-57,-35,NPiVZ+uHsepeTFvDJHM1zIZE9ZE=,48Cn/mRIyMIjY8+QOfQtIVnX1TA=
-58,-35,NPiVZ+uHsepeTFvDJHM1zIZE9ZE=,48Cn/mRIyMIjY8+QOfQtIVnX1TA=
-60,-35,NPiVZ+uHsepeTFvDJHM1zIZE9ZE=,48Cn/mRIyMIjY8+QOfQtIVnX1TA=
-59,-35,NPiVZ+uHsepeTFvDJHM1zIZE9ZE=,48Cn/mRIyMIjY8+QOfQtIVnX1TA=
-51,-35,NPiVZ+uHsepeTFvDJHM1zIZE9ZE=,48Cn/mRIyMIjY8+QOfQtIVnX1TA=
-62,-35,NPiVZ+uHsepeTFvDJHM1zIZE9ZE=,48Cn/mRIyMIjY8+QOfQtIVnX1TA=
-63,-35,NPiVZ+uHsepeTFvDJHM1zIZE9ZE=,48Cn/mRIyMIjY8+QOfQtIVnX1TA=
-61,-35,NPiVZ+uHsepeTFvDJHM1zIZE9ZE=,48Cn/mRIyMIjY8+QOfQtIVnX1TA=
-63,-46,NPiVZ+uHsepeTFvDJHM1zIZE9ZE=,48Cn/mRIyMIjY8+QOfQtIVnX1TA=
-64,-35,NPiVZ+uHsepeTFvDJHM1zIZE9ZE=,48Cn/mRIyMIjY8+QOfQtIVnX1TA=
-59,-47,NPiVZ+uHsepeTFvDJHM1zIZE9ZE=,48Cn/mRIyMIjY8+QOfQtIVnX1TA=
-50,-35,NPiVZ+uHsepeTFvDJHM1zIZE9ZE=,48Cn/mRIyMIjY8+QOfQtIVnX1TA=
-52,-36,NPiVZ+uHsepeTFvDJHM1zIZE9ZE=,48Cn/mRIyMIjY8+QOfQtIVnX1TA=
-51,-36,NPiVZ+uHsepeTFvDJHM1zIZE9ZE=,48Cn/mRIyMIjY8+QOfQtIVnX1TA=
-53,-36,NPiVZ+uHsepeTFvDJHM1zIZE9ZE=,48Cn/mRIyMIjY8+QOfQtIVnX1TA=
-54,-36,NPiVZ+uHsepeTFvDJHM1zIZE9ZE=,48Cn/mRIyMIjY8+QOfQtIVnX1TA=
-55,-36,NPiVZ+uHsepeTFvDJHM1zIZE9ZE=,48Cn/mRIyMIjY8+QOfQtIVnX1TA=
-56,-36,NPiVZ+uHsepeTFvDJHM1zIZE9ZE=,48Cn/mRIyMIjY8+QOfQtIVnX1TA=
-57,-36,NPiVZ+uHsepeTFvDJHM1zIZE9ZE=,48Cn/mRIyMIjY8+QOfQtIVnX1TA=
-58,-36,NPiVZ+uHsepeTFvDJHM1zIZE9ZE=,48Cn/mRIyMIjY8+QOfQtIVnX1TA=
-59,-36,NPiVZ+uHsepeTFvDJHM1zIZE9ZE=,48Cn/mRIyMIjY8+QOfQtIVnX1TA=
-60,-48,NPiVZ+uHsepeTFvDJHM1zIZE9ZE=,48Cn/mRIyMIjY8+QOfQtIVnX1TA=
-61,-48,NPiVZ+uHsepeTFvDJHM1zIZE9ZE=,48Cn/mRIyMIjY8+QOfQtIVnX1TA=
-62,-47,NPiVZ+uHsepeTFvDJHM1zIZE9ZE=,48Cn/mRIyMIjY8+QOfQtIVnX1TA=
-63,-36,NPiVZ+uHsepeTFvDJHM1zIZE9ZE=,48Cn/mRIyMIjY8+QOfQtIVnX1TA=
-63,-47,NPiVZ+uHsepeTFvDJHM1zIZE9ZE=,48Cn/mRIyMIjY8+QOfQtIVnX1TA=
-64,-36,NPiVZ+uHsepeTFvDJHM1zIZE9ZE=,48Cn/mRIyMIjY8+QOfQtIVnX1TA=
-64,-47,NPiVZ+uHsepeTFvDJHM1zIZE9ZE=,48Cn/mRIyMIjY8+QOfQtIVnX1TA=
-62,-48,NPiVZ+uHsepeTFvDJHM1zIZE9ZE=,48Cn/mRIyMIjY8+QOfQtIVnX1TA=
-64,-45,NPiVZ+uHsepeTFvDJHM1zIZE9ZE=,48Cn/mRIyMIjY8+QOfQtIVnX1TA=
-49,-46,NPiVZ+uHsepeTFvDJHM1zIZE9ZE=,48Cn/mRIyMIjY8+QOfQtIVnX1TA=
-49,-48,NPiVZ+uHsepeTFvDJHM1zIZE9ZE=,48Cn/mRIyMIjY8+QOfQtIVnX1TA=
-64,-46,NPiVZ+uHsepeTFvDJHM1zIZE9ZE=,48Cn/mRIyMIjY8+QOfQtIVnX1TA=
-50,-48,NPiVZ+uHsepeTFvDJHM1zIZE9ZE=,48Cn/mRIyMIjY8+QOfQtIVnX1TA=
-50,-36,NPiVZ+uHsepeTFvDJHM1zIZE9ZE=,48Cn/mRIyMIjY8+QOfQtIVnX1TA=
-50,-47,NPiVZ+uHsepeTFvDJHM1zIZE9ZE=,48Cn/mRIyMIjY8+QOfQtIVnX1TA=
-62,-36,NPiVZ+uHsepeTFvDJHM1zIZE9ZE=,48Cn/mRIyMIjY8+QOfQtIVnX1TA=
-49,-47,NPiVZ+uHsepeTFvDJHM1zIZE9ZE=,48Cn/mRIyMIjY8+QOfQtIVnX1TA=
-51,-37,NPiVZ+uHsepeTFvDJHM1zIZE9ZE=,48Cn/mRIyMIjY8+QOfQtIVnX1TA=
-52,-37,NPiVZ+uHsepeTFvDJHM1zIZE9ZE=,48Cn/mRIyMIjY8+QOfQtIVnX1TA=
-60,-47,NPiVZ+uHsepeTFvDJHM1zIZE9ZE=,48Cn/mRIyMIjY8+QOfQtIVnX1TA=
-54,-37,NPiVZ+uHsepeTFvDJHM1zIZE9ZE=,48Cn/mRIyMIjY8+QOfQtIVnX1TA=
-55,-37,NPiVZ+uHsepeTFvDJHM1zIZE9ZE=,48Cn/mRIyMIjY8+QOfQtIVnX1TA=
-56,-37,NPiVZ+uHsepeTFvDJHM1zIZE9ZE=,48Cn/mRIyMIjY8+QOfQtIVnX1TA=
-57,-37,NPiVZ+uHsepeTFvDJHM1zIZE9ZE=,48Cn/mRIyMIjY8+QOfQtIVnX1TA=
-50,-37,NPiVZ+uHsepeTFvDJHM1zIZE9ZE=,48Cn/mRIyMIjY8+QOfQtIVnX1TA=
-62,-45,NPiVZ+uHsepeTFvDJHM1zIZE9ZE=,48Cn/mRIyMIjY8+QOfQtIVnX1TA=
-61,-46,NPiVZ+uHsepeTFvDJHM1zIZE9ZE=,48Cn/mRIyMIjY8+QOfQtIVnX1TA=
-53,-37,NPiVZ+uHsepeTFvDJHM1zIZE9ZE=,48Cn/mRIyMIjY8+QOfQtIVnX1TA=
-49,-35,NPiVZ+uHsepeTFvDJHM1zIZE9ZE=,48Cn/mRIyMIjY8+QOfQtIVnX1TA=
-63,-37,NPiVZ+uHsepeTFvDJHM1zIZE9ZE=,48Cn/mRIyMIjY8+QOfQtIVnX1TA=
-49,-34,NPiVZ+uHsepeTFvDJHM1zIZE9ZE=,48Cn/mRIyMIjY8+QOfQtIVnX1TA=
-64,-37,NPiVZ+uHsepeTFvDJHM1zIZE9ZE=,48Cn/mRIyMIjY8+QOfQtIVnX1TA=
-51,-48,NPiVZ+uHsepeTFvDJHM1zIZE9ZE=,48Cn/mRIyMIjY8+QOfQtIVnX1TA=
-50,-46,NPiVZ+uHsepeTFvDJHM1zIZE9ZE=,48Cn/mRIyMIjY8+QOfQtIVnX1TA=
-49,-38,NPiVZ+uHsepeTFvDJHM1zIZE9ZE=,48Cn/mRIyMIjY8+QOfQtIVnX1TA=
-61,-36,NPiVZ+uHsepeTFvDJHM1zIZE9ZE=,48Cn/mRIyMIjY8+QOfQtIVnX1TA=
-60,-46,NPiVZ+uHsepeTFvDJHM1zIZE9ZE=,48Cn/mRIyMIjY8+QOfQtIVnX1TA=
-49,-37,NPiVZ+uHsepeTFvDJHM1zIZE9ZE=,48Cn/mRIyMIjY8+QOfQtIVnX1TA=
-53,-38,NPiVZ+uHsepeTFvDJHM1zIZE9ZE=,48Cn/mRIyMIjY8+QOfQtIVnX1TA=
-54,-38,NPiVZ+uHsepeTFvDJHM1zIZE9ZE=,48Cn/mRIyMIjY8+QOfQtIVnX1TA=
-55,-38,NPiVZ+uHsepeTFvDJHM1zIZE9ZE=,48Cn/mRIyMIjY8+QOfQtIVnX1TA=
-52,-38,NPiVZ+uHsepeTFvDJHM1zIZE9ZE=,48Cn/mRIyMIjY8+QOfQtIVnX1TA=
-50,-38,NPiVZ+uHsepeTFvDJHM1zIZE9ZE=,48Cn/mRIyMIjY8+QOfQtIVnX1TA=
-49,-36,NPiVZ+uHsepeTFvDJHM1zIZE9ZE=,48Cn/mRIyMIjY8+QOfQtIVnX1TA=
-61,-47,NPiVZ+uHsepeTFvDJHM1zIZE9ZE=,48Cn/mRIyMIjY8+QOfQtIVnX1TA=
-51,-47,NPiVZ+uHsepeTFvDJHM1zIZE9ZE=,48Cn/mRIyMIjY8+QOfQtIVnX1TA=
-51,-38,NPiVZ+uHsepeTFvDJHM1zIZE9ZE=,48Cn/mRIyMIjY8+QOfQtIVnX1TA=
-62,-37,NPiVZ+uHsepeTFvDJHM1zIZE9ZE=,48Cn/mRIyMIjY8+QOfQtIVnX1TA=
-64,-38,NPiVZ+uHsepeTFvDJHM1zIZE9ZE=,48Cn/mRIyMIjY8+QOfQtIVnX1TA=
-63,-38,NPiVZ+uHsepeTFvDJHM1zIZE9ZE=,48Cn/mRIyMIjY8+QOfQtIVnX1TA=
-56,-38,NPiVZ+uHsepeTFvDJHM1zIZE9ZE=,48Cn/mRIyMIjY8+QOfQtIVnX1TA=
-52,-48,NPiVZ+uHsepeTFvDJHM1zIZE9ZE=,48Cn/mRIyMIjY8+QOfQtIVnX1TA=
-61,-38,NPiVZ+uHsepeTFvDJHM1zIZE9ZE=,48Cn/mRIyMIjY8+QOfQtIVnX1TA=
-52,-47,NPiVZ+uHsepeTFvDJHM1zIZE9ZE=,48Cn/mRIyMIjY8+QOfQtIVnX1TA=
-50,-39,NPiVZ+uHsepeTFvDJHM1zIZE9ZE=,48Cn/mRIyMIjY8+QOfQtIVnX1TA=
-51,-39,NPiVZ+uHsepeTFvDJHM1zIZE9ZE=,48Cn/mRIyMIjY8+QOfQtIVnX1TA=
-52,-39,NPiVZ+uHsepeTFvDJHM1zIZE9ZE=,48Cn/mRIyMIjY8+QOfQtIVnX1TA=
-49,-39,NPiVZ+uHsepeTFvDJHM1zIZE9ZE=,48Cn/mRIyMIjY8+QOfQtIVnX1TA=
-54,-39,NPiVZ+uHsepeTFvDJHM1zIZE9ZE=,48Cn/mRIyMIjY8+QOfQtIVnX1TA=
-53,-39,NPiVZ+uHsepeTFvDJHM1zIZE9ZE=,48Cn/mRIyMIjY8+QOfQtIVnX1TA=
-60,-38,NPiVZ+uHsepeTFvDJHM1zIZE9ZE=,48Cn/mRIyMIjY8+QOfQtIVnX1TA=
-58,-38,NPiVZ+uHsepeTFvDJHM1zIZE9ZE=,48Cn/mRIyMIjY8+QOfQtIVnX1TA=
-62,-38,NPiVZ+uHsepeTFvDJHM1zIZE9ZE=,48Cn/mRIyMIjY8+QOfQtIVnX1TA=
-61,-37,NPiVZ+uHsepeTFvDJHM1zIZE9ZE=,48Cn/mRIyMIjY8+QOfQtIVnX1TA=
-60,-45,NPiVZ+uHsepeTFvDJHM1zIZE9ZE=,48Cn/mRIyMIjY8+QOfQtIVnX1TA=
-51,-46,NPiVZ+uHsepeTFvDJHM1zIZE9ZE=,48Cn/mRIyMIjY8+QOfQtIVnX1TA=
-58,-37,NPiVZ+uHsepeTFvDJHM1zIZE9ZE=,48Cn/mRIyMIjY8+QOfQtIVnX1TA=
-62,-39,NPiVZ+uHsepeTFvDJHM1zIZE9ZE=,48Cn/mRIyMIjY8+QOfQtIVnX1TA=
-63,-39,NPiVZ+uHsepeTFvDJHM1zIZE9ZE=,48Cn/mRIyMIjY8+QOfQtIVnX1TA=
-64,-39,NPiVZ+uHsepeTFvDJHM1zIZE9ZE=,48Cn/mRIyMIjY8+QOfQtIVnX1TA=
-61,-39,NPiVZ+uHsepeTFvDJHM1zIZE9ZE=,48Cn/mRIyMIjY8+QOfQtIVnX1TA=
-59,-39,NPiVZ+uHsepeTFvDJHM1zIZE9ZE=,48Cn/mRIyMIjY8+QOfQtIVnX1TA=
-55,-45,NPiVZ+uHsepeTFvDJHM1zIZE9ZE=,48Cn/mRIyMIjY8+QOfQtIVnX1TA=
-53,-47,NPiVZ+uHsepeTFvDJHM1zIZE9ZE=,48Cn/mRIyMIjY8+QOfQtIVnX1TA=
-57,-38,NPiVZ+uHsepeTFvDJHM1zIZE9ZE=,48Cn/mRIyMIjY8+QOfQtIVnX1TA=
-54,-45,NPiVZ+uHsepeTFvDJHM1zIZE9ZE=,48Cn/mRIyMIjY8+QOfQtIVnX1TA=
-53,-45,NPiVZ+uHsepeTFvDJHM1zIZE9ZE=,48Cn/mRIyMIjY8+QOfQtIVnX1TA=
-56,-39,NPiVZ+uHsepeTFvDJHM1zIZE9ZE=,48Cn/mRIyMIjY8+QOfQtIVnX1TA=
-53,-48,NPiVZ+uHsepeTFvDJHM1zIZE9ZE=,48Cn/mRIyMIjY8+QOfQtIVnX1TA=
-60,-39,NPiVZ+uHsepeTFvDJHM1zIZE9ZE=,48Cn/mRIyMIjY8+QOfQtIVnX1TA=
-59,-37,NPiVZ+uHsepeTFvDJHM1zIZE9ZE=,48Cn/mRIyMIjY8+QOfQtIVnX1TA=
-49,-40,NPiVZ+uHsepeTFvDJHM1zIZE9ZE=,48Cn/mRIyMIjY8+QOfQtIVnX1TA=
-50,-40,NPiVZ+uHsepeTFvDJHM1zIZE9ZE=,48Cn/mRIyMIjY8+QOfQtIVnX1TA=
-52,-40,NPiVZ+uHsepeTFvDJHM1zIZE9ZE=,48Cn/mRIyMIjY8+QOfQtIVnX1TA=
-56,-40,NPiVZ+uHsepeTFvDJHM1zIZE9ZE=,48Cn/mRIyMIjY8+QOfQtIVnX1TA=
-52,-46,NPiVZ+uHsepeTFvDJHM1zIZE9ZE=,48Cn/mRIyMIjY8+QOfQtIVnX1TA=
-51,-40,NPiVZ+uHsepeTFvDJHM1zIZE9ZE=,48Cn/mRIyMIjY8+QOfQtIVnX1TA=
-57,-39,NPiVZ+uHsepeTFvDJHM1zIZE9ZE=,48Cn/mRIyMIjY8+QOfQtIVnX1TA=
-57,-40,NPiVZ+uHsepeTFvDJHM1zIZE9ZE=,48Cn/mRIyMIjY8+QOfQtIVnX1TA=
-63,-40,NPiVZ+uHsepeTFvDJHM1zIZE9ZE=,48Cn/mRIyMIjY8+QOfQtIVnX1TA=
-59,-38,NPiVZ+uHsepeTFvDJHM1zIZE9ZE=,48Cn/mRIyMIjY8+QOfQtIVnX1TA=
-62,-40,NPiVZ+uHsepeTFvDJHM1zIZE9ZE=,48Cn/mRIyMIjY8+QOfQtIVnX1TA=
-64,-40,NPiVZ+uHsepeTFvDJHM1zIZE9ZE=,48Cn/mRIyMIjY8+QOfQtIVnX1TA=
-60,-37,NPiVZ+uHsepeTFvDJHM1zIZE9ZE=,48Cn/mRIyMIjY8+QOfQtIVnX1TA=
-54,-47,NPiVZ+uHsepeTFvDJHM1zIZE9ZE=,48Cn/mRIyMIjY8+QOfQtIVnX1TA=
-59,-40,NPiVZ+uHsepeTFvDJHM1zIZE9ZE=,48Cn/mRIyMIjY8+QOfQtIVnX1TA=
-60,-40,NPiVZ+uHsepeTFvDJHM1zIZE9ZE=,48Cn/mRIyMIjY8+QOfQtIVnX1TA=
-58,-39,NPiVZ+uHsepeTFvDJHM1zIZE9ZE=,48Cn/mRIyMIjY8+QOfQtIVnX1TA=
-55,-39,NPiVZ+uHsepeTFvDJHM1zIZE9ZE=,48Cn/mRIyMIjY8+QOfQtIVnX1TA=
-58,-40,NPiVZ+uHsepeTFvDJHM1zIZE9ZE=,48Cn/mRIyMIjY8+QOfQtIVnX1TA=
-54,-48,NPiVZ+uHsepeTFvDJHM1zIZE9ZE=,48Cn/mRIyMIjY8+QOfQtIVnX1TA=
-49,-41,NPiVZ+uHsepeTFvDJHM1zIZE9ZE=,48Cn/mRIyMIjY8+QOfQtIVnX1TA=
-50,-41,NPiVZ+uHsepeTFvDJHM1zIZE9ZE=,48Cn/mRIyMIjY8+QOfQtIVnX1TA=
-55,-40,NPiVZ+uHsepeTFvDJHM1zIZE9ZE=,48Cn/mRIyMIjY8+QOfQtIVnX1TA=
-57,-41,NPiVZ+uHsepeTFvDJHM1zIZE9ZE=,48Cn/mRIyMIjY8+QOfQtIVnX1TA=
-61,-40,NPiVZ+uHsepeTFvDJHM1zIZE9ZE=,48Cn/mRIyMIjY8+QOfQtIVnX1TA=
-58,-41,NPiVZ+uHsepeTFvDJHM1zIZE9ZE=,48Cn/mRIyMIjY8+QOfQtIVnX1TA=
-51,-41,NPiVZ+uHsepeTFvDJHM1zIZE9ZE=,48Cn/mRIyMIjY8+QOfQtIVnX1TA=
-63,-41,NPiVZ+uHsepeTFvDJHM1zIZE9ZE=,48Cn/mRIyMIjY8+QOfQtIVnX1TA=
-62,-41,NPiVZ+uHsepeTFvDJHM1zIZE9ZE=,48Cn/mRIyMIjY8+QOfQtIVnX1TA=
-54,-46,NPiVZ+uHsepeTFvDJHM1zIZE9ZE=,48Cn/mRIyMIjY8+QOfQtIVnX1TA=
-64,-41,NPiVZ+uHsepeTFvDJHM1zIZE9ZE=,48Cn/mRIyMIjY8+QOfQtIVnX1TA=
-55,-41,NPiVZ+uHsepeTFvDJHM1zIZE9ZE=,48Cn/mRIyMIjY8+QOfQtIVnX1TA=
-53,-40,NPiVZ+uHsepeTFvDJHM1zIZE9ZE=,48Cn/mRIyMIjY8+QOfQtIVnX1TA=
-54,-41,NPiVZ+uHsepeTFvDJHM1zIZE9ZE=,48Cn/mRIyMIjY8+QOfQtIVnX1TA=
-56,-41,NPiVZ+uHsepeTFvDJHM1zIZE9ZE=,48Cn/mRIyMIjY8+QOfQtIVnX1TA=
-60,-36,NPiVZ+uHsepeTFvDJHM1zIZE9ZE=,48Cn/mRIyMIjY8+QOfQtIVnX1TA=
-53,-46,NPiVZ+uHsepeTFvDJHM1zIZE9ZE=,48Cn/mRIyMIjY8+QOfQtIVnX1TA=
-55,-47,NPiVZ+uHsepeTFvDJHM1zIZE9ZE=,48Cn/mRIyMIjY8+QOfQtIVnX1TA=
-52,-41,NPiVZ+uHsepeTFvDJHM1zIZE9ZE=,48Cn/mRIyMIjY8+QOfQtIVnX1TA=
-59,-41,NPiVZ+uHsepeTFvDJHM1zIZE9ZE=,48Cn/mRIyMIjY8+QOfQtIVnX1TA=
-52,-45,NPiVZ+uHsepeTFvDJHM1zIZE9ZE=,48Cn/mRIyMIjY8+QOfQtIVnX1TA=
-54,-42,NPiVZ+uHsepeTFvDJHM1zIZE9ZE=,48Cn/mRIyMIjY8+QOfQtIVnX1TA=
-57,-42,NPiVZ+uHsepeTFvDJHM1zIZE9ZE=,48Cn/mRIyMIjY8+QOfQtIVnX1TA=
-58,-42,NPiVZ+uHsepeTFvDJHM1zIZE9ZE=,48Cn/mRIyMIjY8+QOfQtIVnX1TA=
-55,-48,NPiVZ+uHsepeTFvDJHM1zIZE9ZE=,48Cn/mRIyMIjY8+QOfQtIVnX1TA=
-55,-42,NPiVZ+uHsepeTFvDJHM1zIZE9ZE=,48Cn/mRIyMIjY8+QOfQtIVnX1TA=
-56,-42,NPiVZ+uHsepeTFvDJHM1zIZE9ZE=,48Cn/mRIyMIjY8+QOfQtIVnX1TA=
-63,-42,NPiVZ+uHsepeTFvDJHM1zIZE9ZE=,48Cn/mRIyMIjY8+QOfQtIVnX1TA=
-55,-46,NPiVZ+uHsepeTFvDJHM1zIZE9ZE=,48Cn/mRIyMIjY8+QOfQtIVnX1TA=
-56,-48,NPiVZ+uHsepeTFvDJHM1zIZE9ZE=,48Cn/mRIyMIjY8+QOfQtIVnX1TA=
-64,-42,NPiVZ+uHsepeTFvDJHM1zIZE9ZE=,48Cn/mRIyMIjY8+QOfQtIVnX1TA=
-51,-45,NPiVZ+uHsepeTFvDJHM1zIZE9ZE=,48Cn/mRIyMIjY8+QOfQtIVnX1TA=
-49,-42,NPiVZ+uHsepeTFvDJHM1zIZE9ZE=,48Cn/mRIyMIjY8+QOfQtIVnX1TA=
-59,-42,NPiVZ+uHsepeTFvDJHM1zIZE9ZE=,48Cn/mRIyMIjY8+QOfQtIVnX1TA=
-56,-47,NPiVZ+uHsepeTFvDJHM1zIZE9ZE=,48Cn/mRIyMIjY8+QOfQtIVnX1TA=
-54,-40,NPiVZ+uHsepeTFvDJHM1zIZE9ZE=,48Cn/mRIyMIjY8+QOfQtIVnX1TA=
-60,-41,NPiVZ+uHsepeTFvDJHM1zIZE9ZE=,48Cn/mRIyMIjY8+QOfQtIVnX1TA=
-50,-42,NPiVZ+uHsepeTFvDJHM1zIZE9ZE=,48Cn/mRIyMIjY8+QOfQtIVnX1TA=
-61,-41,NPiVZ+uHsepeTFvDJHM1zIZE9ZE=,48Cn/mRIyMIjY8+QOfQtIVnX1TA=
-51,-43,NPiVZ+uHsepeTFvDJHM1zIZE9ZE=,48Cn/mRIyMIjY8+QOfQtIVnX1TA=
-56,-43,NPiVZ+uHsepeTFvDJHM1zIZE9ZE=,48Cn/mRIyMIjY8+QOfQtIVnX1TA=
-62,-42,NPiVZ+uHsepeTFvDJHM1zIZE9ZE=,48Cn/mRIyMIjY8+QOfQtIVnX1TA=
-57,-43,NPiVZ+uHsepeTFvDJHM1zIZE9ZE=,48Cn/mRIyMIjY8+QOfQtIVnX1TA=
-58,-43,NPiVZ+uHsepeTFvDJHM1zIZE9ZE=,48Cn/mRIyMIjY8+QOfQtIVnX1TA=
-51,-42,NPiVZ+uHsepeTFvDJHM1zIZE9ZE=,48Cn/mRIyMIjY8+QOfQtIVnX1TA=
-49,-43,NPiVZ+uHsepeTFvDJHM1zIZE9ZE=,48Cn/mRIyMIjY8+QOfQtIVnX1TA=
-60,-42,NPiVZ+uHsepeTFvDJHM1zIZE9ZE=,48Cn/mRIyMIjY8+QOfQtIVnX1TA=
-63,-43,NPiVZ+uHsepeTFvDJHM1zIZE9ZE=,48Cn/mRIyMIjY8+QOfQtIVnX1TA=
-56,-46,NPiVZ+uHsepeTFvDJHM1zIZE9ZE=,48Cn/mRIyMIjY8+QOfQtIVnX1TA=
-64,-43,NPiVZ+uHsepeTFvDJHM1zIZE9ZE=,48Cn/mRIyMIjY8+QOfQtIVnX1TA=
-57,-48,NPiVZ+uHsepeTFvDJHM1zIZE9ZE=,48Cn/mRIyMIjY8+QOfQtIVnX1TA=
-57,-47,NPiVZ+uHsepeTFvDJHM1zIZE9ZE=,48Cn/mRIyMIjY8+QOfQtIVnX1TA=
-55,-43,NPiVZ+uHsepeTFvDJHM1zIZE9ZE=,48Cn/mRIyMIjY8+QOfQtIVnX1TA=
-64,-48,NPiVZ+uHsepeTFvDJHM1zIZE9ZE=,48Cn/mRIyMIjY8+QOfQtIVnX1TA=
-53,-42,NPiVZ+uHsepeTFvDJHM1zIZE9ZE=,48Cn/mRIyMIjY8+QOfQtIVnX1TA=
-49,-44,NPiVZ+uHsepeTFvDJHM1zIZE9ZE=,48Cn/mRIyMIjY8+QOfQtIVnX1TA=
-52,-42,NPiVZ+uHsepeTFvDJHM1zIZE9ZE=,48Cn/mRIyMIjY8+QOfQtIVnX1TA=
-53,-41,NPiVZ+uHsepeTFvDJHM1zIZE9ZE=,48Cn/mRIyMIjY8+QOfQtIVnX1TA=
-50,-43,NPiVZ+uHsepeTFvDJHM1zIZE9ZE=,48Cn/mRIyMIjY8+QOfQtIVnX1TA=
-52,-43,NPiVZ+uHsepeTFvDJHM1zIZE9ZE=,48Cn/mRIyMIjY8+QOfQtIVnX1TA=
-50,-45,NPiVZ+uHsepeTFvDJHM1zIZE9ZE=,48Cn/mRIyMIjY8+QOfQtIVnX1TA=
-54,-43,NPiVZ+uHsepeTFvDJHM1zIZE9ZE=,48Cn/mRIyMIjY8+QOfQtIVnX1TA=
-57,-44,NPiVZ+uHsepeTFvDJHM1zIZE9ZE=,48Cn/mRIyMIjY8+QOfQtIVnX1TA=
-56,-44,NPiVZ+uHsepeTFvDJHM1zIZE9ZE=,48Cn/mRIyMIjY8+QOfQtIVnX1TA=
-58,-47,NPiVZ+uHsepeTFvDJHM1zIZE9ZE=,48Cn/mRIyMIjY8+QOfQtIVnX1TA=
-49,-45,NPiVZ+uHsepeTFvDJHM1zIZE9ZE=,48Cn/mRIyMIjY8+QOfQtIVnX1TA=
-52,-44,NPiVZ+uHsepeTFvDJHM1zIZE9ZE=,48Cn/mRIyMIjY8+QOfQtIVnX1TA=
-58,-44,NPiVZ+uHsepeTFvDJHM1zIZE9ZE=,48Cn/mRIyMIjY8+QOfQtIVnX1TA=
-57,-46,NPiVZ+uHsepeTFvDJHM1zIZE9ZE=,48Cn/mRIyMIjY8+QOfQtIVnX1TA=
-60,-43,NPiVZ+uHsepeTFvDJHM1zIZE9ZE=,48Cn/mRIyMIjY8+QOfQtIVnX1TA=
-59,-43,NPiVZ+uHsepeTFvDJHM1zIZE9ZE=,48Cn/mRIyMIjY8+QOfQtIVnX1TA=
-63,-44,NPiVZ+uHsepeTFvDJHM1zIZE9ZE=,48Cn/mRIyMIjY8+QOfQtIVnX1TA=
-64,-44,NPiVZ+uHsepeTFvDJHM1zIZE9ZE=,48Cn/mRIyMIjY8+QOfQtIVnX1TA=
-62,-43,NPiVZ+uHsepeTFvDJHM1zIZE9ZE=,48Cn/mRIyMIjY8+QOfQtIVnX1TA=
-53,-44,NPiVZ+uHsepeTFvDJHM1zIZE9ZE=,48Cn/mRIyMIjY8+QOfQtIVnX1TA=
-58,-48,NPiVZ+uHsepeTFvDJHM1zIZE9ZE=,48Cn/mRIyMIjY8+QOfQtIVnX1TA=
-59,-44,NPiVZ+uHsepeTFvDJHM1zIZE9ZE=,48Cn/mRIyMIjY8+QOfQtIVnX1TA=
-51,-44,NPiVZ+uHsepeTFvDJHM1zIZE9ZE=,48Cn/mRIyMIjY8+QOfQtIVnX1TA=
-62,-44,NPiVZ+uHsepeTFvDJHM1zIZE9ZE=,48Cn/mRIyMIjY8+QOfQtIVnX1TA=
-60,-44,NPiVZ+uHsepeTFvDJHM1zIZE9ZE=,48Cn/mRIyMIjY8+QOfQtIVnX1TA=
-53,-43,NPiVZ+uHsepeTFvDJHM1zIZE9ZE=,48Cn/mRIyMIjY8+QOfQtIVnX1TA=
-61,-42,NPiVZ+uHsepeTFvDJHM1zIZE9ZE=,48Cn/mRIyMIjY8+QOfQtIVnX1TA=
-61,-44,NPiVZ+uHsepeTFvDJHM1zIZE9ZE=,48Cn/mRIyMIjY8+QOfQtIVnX1TA=
-61,-43,NPiVZ+uHsepeTFvDJHM1zIZE9ZE=,48Cn/mRIyMIjY8+QOfQtIVnX1TA=
-54,-44,NPiVZ+uHsepeTFvDJHM1zIZE9ZE=,48Cn/mRIyMIjY8+QOfQtIVnX1TA=
-50,-44,NPiVZ+uHsepeTFvDJHM1zIZE9ZE=,48Cn/mRIyMIjY8+QOfQtIVnX1TA=
-55,-44,NPiVZ+uHsepeTFvDJHM1zIZE9ZE=,48Cn/mRIyMIjY8+QOfQtIVnX1TA=
