12,36,wX/ef/OGtOHkEA7+x0ua+aQbC6Q=,9BlPq/oXZm8uElC8vKJqtovqiaY=
0,36,wX/ef/OGtOHkEA7+x0ua+aQbC6Q=,9BlPq/oXZm8uElC8vKJqtovqiaY=
8,36,wX/ef/OGtOHkEA7+x0ua+aQbC6Q=,9BlPq/oXZm8uElC8vKJqtovqiaY=
15,35,6hJFD/BS0G1zm0ZOOzLFsrbcsf0=,9BlPq/oXZm8uElC8vKJqtovqiaY=
13,35,6hJFD/BS0G1zm0ZOOzLFsrbcsf0=,9BlPq/oXZm8uElC8vKJqtovqiaY=
12,35,6hJFD/BS0G1zm0ZOOzLFsrbcsf0=,9BlPq/oXZm8uElC8vKJqtovqiaY=
11,36,dTe5rwEmNqKGtqbIM43YOVGf8w4=,9BlPq/oXZm8uElC8vKJqtovqiaY=
1,36,dTe5rwEmNqKGtqbIM43YOVGf8w4=,9BlPq/oXZm8uElC8vKJqtovqiaY=
8,35,dTe5rwEmNqKGtqbIM43YOVGf8w4=,9BlPq/oXZm8uElC8vKJqtovqiaY=
14,35,ZUEEEUc3eH7cGJhK669BQ0LPvNg=,9BlPq/oXZm8uElC8vKJqtovqiaY=
4,36,ZUEEEUc3eH7cGJhK669BQ0LPvNg=,9BlPq/oXZm8uElC8vKJqtovqiaY=
11,35,ZUEEEUc3eH7cGJhK669BQ0LPvNg=,9BlPq/oXZm8uElC8vKJqtovqiaY=
7,35,ZUEEEUc3eH7cGJhK669BQ0LPvNg=,9BlPq/oXZm8uElC8vKJqtovqiaY=
15,47,xJNdBsY+ign7cKtwt3SwNJ2hZ3o=,9BlPq/oXZm8uElC8vKJqtovqiaY=
14,47,xJNdBsY+ign7cKtwt3SwNJ2hZ3o=,9BlPq/oXZm8uElC8vKJqtovqiaY=
13,47,xJNdBsY+ign7cKtwt3SwNJ2hZ3o=,9BlPq/oXZm8uElC8vKJqtovqiaY=
12,47,xJNdBsY+ign7cKtwt3SwNJ2hZ3o=,9BlPq/oXZm8uElC8vKJqtovqiaY=
10,47,xJNdBsY+ign7cKtwt3SwNJ2hZ3o=,9BlPq/oXZm8uElC8vKJqtovqiaY=
3,32,xJNdBsY+ign7cKtwt3SwNJ2hZ3o=,9BlPq/oXZm8uElC8vKJqtovqiaY=
11,47,xJNdBsY+ign7cKtwt3SwNJ2hZ3o=,9BlPq/oXZm8uElC8vKJqtovqiaY=
8,47,xJNdBsY+ign7cKtwt3SwNJ2hZ3o=,9BlPq/oXZm8uElC8vKJqtovqiaY=
9,47,xJNdBsY+ign7cKtwt3SwNJ2hZ3o=,9BlPq/oXZm8uElC8vKJqtovqiaY=
7,47,xJNdBsY+ign7cKtwt3SwNJ2hZ3o=,9BlPq/oXZm8uElC8vKJqtovqiaY=
6,35,xJNdBsY+ign7cKtwt3SwNJ2hZ3o=,9BlPq/oXZm8uElC8vKJqtovqiaY=
5,36,xJNdBsY+ign7cKtwt3SwNJ2hZ3o=,9BlPq/oXZm8uElC8vKJqtovqiaY=
3,35,xJNdBsY+ign7cKtwt3SwNJ2hZ3o=,9BlPq/oXZm8uElC8vKJqtovqiaY=
5,47,xJNdBsY+ign7cKtwt3SwNJ2hZ3o=,9BlPq/oXZm8uElC8vKJqtovqiaY=
0,47,xJNdBsY+ign7cKtwt3SwNJ2hZ3o=,9BlPq/oXZm8uElC8vKJqtovqiaY=
6,47,xJNdBsY+ign7cKtwt3SwNJ2hZ3o=,9BlPq/oXZm8uElC8vKJqtovqiaY=
15,46,xJNdBsY+ign7cKtwt3SwNJ2hZ3o=,9BlPq/oXZm8uElC8vKJqtovqiaY=
1,47,xJNdBsY+ign7cKtwt3SwNJ2hZ3o=,9BlPq/oXZm8uElC8vKJqtovqiaY=
14,46,xJNdBsY+ign7cKtwt3SwNJ2hZ3o=,9BlPq/oXZm8uElC8vKJqtovqiaY=
2,47,xJNdBsY+ign7cKtwt3SwNJ2hZ3o=,9BlPq/oXZm8uElC8vKJqtovqiaY=
3,33,xJNdBsY+ign7cKtwt3SwNJ2hZ3o=,9BlPq/oXZm8uElC8vKJqtovqiaY=
3,47,xJNdBsY+ign7cKtwt3SwNJ2hZ3o=,9BlPq/oXZm8uElC8vKJqtovqiaY=
3,36,xJNdBsY+ign7cKtwt3SwNJ2hZ3o=,9BlPq/oXZm8uElC8vKJqtovqiaY=
10,46,xJNdBsY+ign7cKtwt3SwNJ2hZ3o=,9BlPq/oXZm8uElC8vKJqtovqiaY=
9,46,xJNdBsY+ign7cKtwt3SwNJ2hZ3o=,9BlPq/oXZm8uElC8vKJqtovqiaY=
8,46,xJNdBsY+ign7cKtwt3SwNJ2hZ3o=,9BlPq/oXZm8uElC8vKJqtovqiaY=
11,46,xJNdBsY+ign7cKtwt3SwNJ2hZ3o=,9BlPq/oXZm8uElC8vKJqtovqiaY=
12,46,xJNdBsY+ign7cKtwt3SwNJ2hZ3o=,9BlPq/oXZm8uElC8vKJqtovqiaY=
7,46,xJNdBsY+ign7cKtwt3SwNJ2hZ3o=,9BlPq/oXZm8uElC8vKJqtovqiaY=
6,46,xJNdBsY+ign7cKtwt3SwNJ2hZ3o=,9BlPq/oXZm8uElC8vKJqtovqiaY=
5,46,xJNdBsY+ign7cKtwt3SwNJ2hZ3o=,9BlPq/oXZm8uElC8vKJqtovqiaY=
4,46,xJNdBsY+ign7cKtwt3SwNJ2hZ3o=,9BlPq/oXZm8uElC8vKJqtovqiaY=
3,46,xJNdBsY+ign7cKtwt3SwNJ2hZ3o=,9BlPq/oXZm8uElC8vKJqtovqiaY=
5,35,xJNdBsY+ign7cKtwt3SwNJ2hZ3o=,9BlPq/oXZm8uElC8vKJqtovqiaY=
2,36,xJNdBsY+ign7cKtwt3SwNJ2hZ3o=,9BlPq/oXZm8uElC8vKJqtovqiaY=
1,46,xJNdBsY+ign7cKtwt3SwNJ2hZ3o=,9BlPq/oXZm8uElC8vKJqtovqiaY=
2,34,xJNdBsY+ign7cKtwt3SwNJ2hZ3o=,9BlPq/oXZm8uElC8vKJqtovqiaY=
2,46,xJNdBsY+ign7cKtwt3SwNJ2hZ3o=,9BlPq/oXZm8uElC8vKJqtovqiaY=
0,46,xJNdBsY+ign7cKtwt3SwNJ2hZ3o=,9BlPq/oXZm8uElC8vKJqtovqiaY=
4,47,xJNdBsY+ign7cKtwt3SwNJ2hZ3o=,9BlPq/oXZm8uElC8vKJqtovqiaY=
15,45,xJNdBsY+ign7cKtwt3SwNJ2hZ3o=,9BlPq/oXZm8uElC8vKJqtovqiaY=
14,45,xJNdBsY+ign7cKtwt3SwNJ2hZ3o=,9BlPq/oXZm8uElC8vKJqtovqiaY=
1,35,xJNdBsY+ign7cKtwt3SwNJ2hZ3o=,9BlPq/oXZm8uElC8vKJqtovqiaY=
12,45,xJNdBsY+ign7cKtwt3SwNJ2hZ3o=,9BlPq/oXZm8uElC8vKJqtovqiaY=
2,35,xJNdBsY+ign7cKtwt3SwNJ2hZ3o=,9BlPq/oXZm8uElC8vKJqtovqiaY=
4,32,xJNdBsY+ign7cKtwt3SwNJ2hZ3o=,9BlPq/oXZm8uElC8vKJqtovqiaY=
10,35,xJNdBsY+ign7cKtwt3SwNJ2hZ3o=,9BlPq/oXZm8uElC8vKJqtovqiaY=
2,33,xJNdBsY+ign7cKtwt3SwNJ2hZ3o=,9BlPq/oXZm8uElC8vKJqtovqiaY=
10,45,xJNdBsY+ign7cKtwt3SwNJ2hZ3o=,9BlPq/oXZm8uElC8vKJqtovqiaY=
9,45,xJNdBsY+ign7cKtwt3SwNJ2hZ3o=,9BlPq/oXZm8uElC8vKJqtovqiaY=
11,45,xJNdBsY+ign7cKtwt3SwNJ2hZ3o=,9BlPq/oXZm8uElC8vKJqtovqiaY=
7,36,xJNdBsY+ign7cKtwt3SwNJ2hZ3o=,9BlPq/oXZm8uElC8vKJqtovqiaY=
8,45,xJNdBsY+ign7cKtwt3SwNJ2hZ3o=,9BlPq/oXZm8uElC8vKJqtovqiaY=
13,45,xJNdBsY+ign7cKtwt3SwNJ2hZ3o=,9BlPq/oXZm8uElC8vKJqtovqiaY=
6,36,xJNdBsY+ign7cKtwt3SwNJ2hZ3o=,9BlPq/oXZm8uElC8vKJqtovqiaY=
6,45,xJNdBsY+ign7cKtwt3SwNJ2hZ3o=,9BlPq/oXZm8uElC8vKJqtovqiaY=
5,45,xJNdBsY+ign7cKtwt3SwNJ2hZ3o=,9BlPq/oXZm8uElC8vKJqtovqiaY=
4,45,xJNdBsY+ign7cKtwt3SwNJ2hZ3o=,9BlPq/oXZm8uElC8vKJqtovqiaY=
3,45,xJNdBsY+ign7cKtwt3SwNJ2hZ3o=,9BlPq/oXZm8uElC8vKJqtovqiaY=
7,45,xJNdBsY+ign7cKtwt3SwNJ2hZ3o=,9BlPq/oXZm8uElC8vKJqtovqiaY=
1,45,xJNdBsY+ign7cKtwt3SwNJ2hZ3o=,9BlPq/oXZm8uElC8vKJqtovqiaY=
0,45,xJNdBsY+ign7cKtwt3SwNJ2hZ3o=,9BlPq/oXZm8uElC8vKJqtovqiaY=
15,44,xJNdBsY+ign7cKtwt3SwNJ2hZ3o=,9BlPq/oXZm8uElC8vKJqtovqiaY=
14,44,xJNdBsY+ign7cKtwt3SwNJ2hZ3o=,9BlPq/oXZm8uElC8vKJqtovqiaY=
2,45,xJNdBsY+ign7cKtwt3SwNJ2hZ3o=,9BlPq/oXZm8uElC8vKJqtovqiaY=
9,35,xJNdBsY+ign7cKtwt3SwNJ2hZ3o=,9BlPq/oXZm8uElC8vKJqtovqiaY=
4,35,xJNdBsY+ign7cKtwt3SwNJ2hZ3o=,9BlPq/oXZm8uElC8vKJqtovqiaY=
13,44,xJNdBsY+ign7cKtwt3SwNJ2hZ3o=,9BlPq/oXZm8uElC8vKJqtovqiaY=
10,44,xJNdBsY+ign7cKtwt3SwNJ2hZ3o=,9BlPq/oXZm8uElC8vKJqtovqiaY=
0,35,xJNdBsY+ign7cKtwt3SwNJ2hZ3o=,9BlPq/oXZm8uElC8vKJqtovqiaY=
5,32,xJNdBsY+ign7cKtwt3SwNJ2hZ3o=,9BlPq/oXZm8uElC8vKJqtovqiaY=
9,44,xJNdBsY+ign7cKtwt3SwNJ2hZ3o=,9BlPq/oXZm8uElC8vKJqtovqiaY=
1,33,xJNdBsY+ign7cKtwt3SwNJ2hZ3o=,9BlPq/oXZm8uElC8vKJqtovqiaY=
10,36,xJNdBsY+ign7cKtwt3SwNJ2hZ3o=,9BlPq/oXZm8uElC8vKJqtovqiaY=
5,34,xJNdBsY+ign7cKtwt3SwNJ2hZ3o=,9BlPq/oXZm8uElC8vKJqtovqiaY=
8,44,xJNdBsY+ign7cKtwt3SwNJ2hZ3o=,9BlPq/oXZm8uElC8vKJqtovqiaY=
6,44,xJNdBsY+ign7cKtwt3SwNJ2hZ3o=,9BlPq/oXZm8uElC8vKJqtovqiaY=
7,44,xJNdBsY+ign7cKtwt3SwNJ2hZ3o=,9BlPq/oXZm8uElC8vKJqtovqiaY=
2,44,xJNdBsY+ign7cKtwt3SwNJ2hZ3o=,9BlPq/oXZm8uElC8vKJqtovqiaY=
1,44,xJNdBsY+ign7cKtwt3SwNJ2hZ3o=,9BlPq/oXZm8uElC8vKJqtovqiaY=
0,44,xJNdBsY+ign7cKtwt3SwNJ2hZ3o=,9BlPq/oXZm8uElC8vKJqtovqiaY=
15,43,xJNdBsY+ign7cKtwt3SwNJ2hZ3o=,9BlPq/oXZm8uElC8vKJqtovqiaY=
3,44,xJNdBsY+ign7cKtwt3SwNJ2hZ3o=,9BlPq/oXZm8uElC8vKJqtovqiaY=
0,33,xJNdBsY+ign7cKtwt3SwNJ2hZ3o=,9BlPq/oXZm8uElC8vKJqtovqiaY=
13,46,xJNdBsY+ign7cKtwt3SwNJ2hZ3o=,9BlPq/oXZm8uElC8vKJqtovqiaY=
15,34,xJNdBsY+ign7cKtwt3SwNJ2hZ3o=,9BlPq/oXZm8uElC8vKJqtovqiaY=
1,32,xJNdBsY+ign7cKtwt3SwNJ2hZ3o=,9BlPq/oXZm8uElC8vKJqtovqiaY=
15,32,xJNdBsY+ign7cKtwt3SwNJ2hZ3o=,9BlPq/oXZm8uElC8vKJqtovqiaY=
5,44,xJNdBsY+ign7cKtwt3SwNJ2hZ3o=,9BlPq/oXZm8uElC8vKJqtovqiaY=
11,44,xJNdBsY+ign7cKtwt3SwNJ2hZ3o=,9BlPq/oXZm8uElC8vKJqtovqiaY=
4,44,xJNdBsY+ign7cKtwt3SwNJ2hZ3o=,9BlPq/oXZm8uElC8vKJqtovqiaY=
13,43,xJNdBsY+ign7cKtwt3SwNJ2hZ3o=,9BlPq/oXZm8uElC8vKJqtovqiaY=
10,43,xJNdBsY+ign7cKtwt3SwNJ2hZ3o=,9BlPq/oXZm8uElC8vKJqtovqiaY=
9,43,xJNdBsY+ign7cKtwt3SwNJ2hZ3o=,9BlPq/oXZm8uElC8vKJqtovqiaY=
14,32,xJNdBsY+ign7cKtwt3SwNJ2hZ3o=,9BlPq/oXZm8uElC8vKJqtovqiaY=
12,44,xJNdBsY+ign7cKtwt3SwNJ2hZ3o=,9BlPq/oXZm8uElC8vKJqtovqiaY=
14,43,xJNdBsY+ign7cKtwt3SwNJ2hZ3o=,9BlPq/oXZm8uElC8vKJqtovqiaY=
2,43,xJNdBsY+ign7cKtwt3SwNJ2hZ3o=,9BlPq/oXZm8uElC8vKJqtovqiaY=
1,43,xJNdBsY+ign7cKtwt3SwNJ2hZ3o=,9BlPq/oXZm8uElC8vKJqtovqiaY=
0,43,xJNdBsY+ign7cKtwt3SwNJ2hZ3o=,9BlPq/oXZm8uElC8vKJqtovqiaY=
15,42,xJNdBsY+ign7cKtwt3SwNJ2hZ3o=,9BlPq/oXZm8uElC8vKJqtovqiaY=
13,32,xJNdBsY+ign7cKtwt3SwNJ2hZ3o=,9BlPq/oXZm8uElC8vKJqtovqiaY=
14,34,xJNdBsY+ign7cKtwt3SwNJ2hZ3o=,9BlPq/oXZm8uElC8vKJqtovqiaY=
14,42,xJNdBsY+ign7cKtwt3SwNJ2hZ3o=,9BlPq/oXZm8uElC8vKJqtovqiaY=
11,43,xJNdBsY+ign7cKtwt3SwNJ2hZ3o=,9BlPq/oXZm8uElC8vKJqtovqiaY=
4,33,xJNdBsY+ign7cKtwt3SwNJ2hZ3o=,9BlPq/oXZm8uElC8vKJqtovqiaY=
6,43,xJNdBsY+ign7cKtwt3SwNJ2hZ3o=,9BlPq/oXZm8uElC8vKJqtovqiaY=
13,42,xJNdBsY+ign7cKtwt3SwNJ2hZ3o=,9BlPq/oXZm8uElC8vKJqtovqiaY=
5,43,xJNdBsY+ign7cKtwt3SwNJ2hZ3o=,9BlPq/oXZm8uElC8vKJqtovqiaY=
2,32,xJNdBsY+ign7cKtwt3SwNJ2hZ3o=,9BlPq/oXZm8uElC8vKJqtovqiaY=
10,42,xJNdBsY+ign7cKtwt3SwNJ2hZ3o=,9BlPq/oXZm8uElC8vKJqtovqiaY=
13,34,xJNdBsY+ign7cKtwt3SwNJ2hZ3o=,9BlPq/oXZm8uElC8vKJqtovqiaY=
9,42,xJNdBsY+ign7cKtwt3SwNJ2hZ3o=,9BlPq/oXZm8uElC8vKJqtovqiaY=
12,43,xJNdBsY+ign7cKtwt3SwNJ2hZ3o=,9BlPq/oXZm8uElC8vKJqtovqiaY=
12,42,xJNdBsY+ign7cKtwt3SwNJ2hZ3o=,9BlPq/oXZm8uElC8vKJqtovqiaY=
5,33,xJNdBsY+ign7cKtwt3SwNJ2hZ3o=,9BlPq/oXZm8uElC8vKJqtovqiaY=
11,42,xJNdBsY+ign7cKtwt3SwNJ2hZ3o=,9BlPq/oXZm8uElC8vKJqtovqiaY=
8,42,xJNdBsY+ign7cKtwt3SwNJ2hZ3o=,9BlPq/oXZm8uElC8vKJqtovqiaY=
3,43,xJNdBsY+ign7cKtwt3SwNJ2hZ3o=,9BlPq/oXZm8uElC8vKJqtovqiaY=
6,42,xJNdBsY+ign7cKtwt3SwNJ2hZ3o=,9BlPq/oXZm8uElC8vKJqtovqiaY=
1,34,xJNdBsY+ign7cKtwt3SwNJ2hZ3o=,9BlPq/oXZm8uElC8vKJqtovqiaY=
15,41,xJNdBsY+ign7cKtwt3SwNJ2hZ3o=,9BlPq/oXZm8uElC8vKJqtovqiaY=
1,42,xJNdBsY+ign7cKtwt3SwNJ2hZ3o=,9BlPq/oXZm8uElC8vKJqtovqiaY=
12,34,xJNdBsY+ign7cKtwt3SwNJ2hZ3o=,9BlPq/oXZm8uElC8vKJqtovqiaY=
2,42,xJNdBsY+ign7cKtwt3SwNJ2hZ3o=,9BlPq/oXZm8uElC8vKJqtovqiaY=
0,42,xJNdBsY+ign7cKtwt3SwNJ2hZ3o=,9BlPq/oXZm8uElC8vKJqtovqiaY=
14,41,xJNdBsY+ign7cKtwt3SwNJ2hZ3o=,9BlPq/oXZm8uElC8vKJqtovqiaY=
7,42,xJNdBsY+ign7cKtwt3SwNJ2hZ3o=,9BlPq/oXZm8uElC8vKJqtovqiaY=
7,43,xJNdBsY+ign7cKtwt3SwNJ2hZ3o=,9BlPq/oXZm8uElC8vKJqtovqiaY=
10,41,xJNdBsY+ign7cKtwt3SwNJ2hZ3o=,9BlPq/oXZm8uElC8vKJqtovqiaY=
9,41,xJNdBsY+ign7cKtwt3SwNJ2hZ3o=,9BlPq/oXZm8uElC8vKJqtovqiaY=
12,32,xJNdBsY+ign7cKtwt3SwNJ2hZ3o=,9BlPq/oXZm8uElC8vKJqtovqiaY=
15,33,xJNdBsY+ign7cKtwt3SwNJ2hZ3o=,9BlPq/oXZm8uElC8vKJqtovqiaY=
8,43,xJNdBsY+ign7cKtwt3SwNJ2hZ3o=,9BlPq/oXZm8uElC8vKJqtovqiaY=
8,41,xJNdBsY+ign7cKtwt3SwNJ2hZ3o=,9BlPq/oXZm8uElC8vKJqtovqiaY=
5,42,xJNdBsY+ign7cKtwt3SwNJ2hZ3o=,9BlPq/oXZm8uElC8vKJqtovqiaY=
13,41,xJNdBsY+ign7cKtwt3SwNJ2hZ3o=,9BlPq/oXZm8uElC8vKJqtovqiaY=
12,41,xJNdBsY+ign7cKtwt3SwNJ2hZ3o=,9BlPq/oXZm8uElC8vKJqtovqiaY=
5,41,xJNdBsY+ign7cKtwt3SwNJ2hZ3o=,9BlPq/oXZm8uElC8vKJqtovqiaY=
1,41,xJNdBsY+ign7cKtwt3SwNJ2hZ3o=,9BlPq/oXZm8uElC8vKJqtovqiaY=
0,41,xJNdBsY+ign7cKtwt3SwNJ2hZ3o=,9BlPq/oXZm8uElC8vKJqtovqiaY=
15,40,xJNdBsY+ign7cKtwt3SwNJ2hZ3o=,9BlPq/oXZm8uElC8vKJqtovqiaY=
2,41,xJNdBsY+ign7cKtwt3SwNJ2hZ3o=,9BlPq/oXZm8uElC8vKJqtovqiaY=
14,40,xJNdBsY+ign7cKtwt3SwNJ2hZ3o=,9BlPq/oXZm8uElC8vKJqtovqiaY=
11,41,xJNdBsY+ign7cKtwt3SwNJ2hZ3o=,9BlPq/oXZm8uElC8vKJqtovqiaY=
11,32,xJNdBsY+ign7cKtwt3SwNJ2hZ3o=,9BlPq/oXZm8uElC8vKJqtovqiaY=
3,34,xJNdBsY+ign7cKtwt3SwNJ2hZ3o=,9BlPq/oXZm8uElC8vKJqtovqiaY=
6,41,xJNdBsY+ign7cKtwt3SwNJ2hZ3o=,9BlPq/oXZm8uElC8vKJqtovqiaY=
10,40,xJNdBsY+ign7cKtwt3SwNJ2hZ3o=,9BlPq/oXZm8uElC8vKJqtovqiaY=
9,40,xJNdBsY+ign7cKtwt3SwNJ2hZ3o=,9BlPq/oXZm8uElC8vKJqtovqiaY=
8,40,xJNdBsY+ign7cKtwt3SwNJ2hZ3o=,9BlPq/oXZm8uElC8vKJqtovqiaY=
13,40,xJNdBsY+ign7cKtwt3SwNJ2hZ3o=,9BlPq/oXZm8uElC8vKJqtovqiaY=
9,36,xJNdBsY+ign7cKtwt3SwNJ2hZ3o=,9BlPq/oXZm8uElC8vKJqtovqiaY=
14,33,xJNdBsY+ign7cKtwt3SwNJ2hZ3o=,9BlPq/oXZm8uElC8vKJqtovqiaY=
4,41,xJNdBsY+ign7cKtwt3SwNJ2hZ3o=,9BlPq/oXZm8uElC8vKJqtovqiaY=
3,42,xJNdBsY+ign7cKtwt3SwNJ2hZ3o=,9BlPq/oXZm8uElC8vKJqtovqiaY=
12,40,xJNdBsY+ign7cKtwt3SwNJ2hZ3o=,9BlPq/oXZm8uElC8vKJqtovqiaY=
0,34,xJNdBsY+ign7cKtwt3SwNJ2hZ3o=,9BlPq/oXZm8uElC8vKJqtovqiaY=
13,33,xJNdBsY+ign7cKtwt3SwNJ2hZ3o=,9BlPq/oXZm8uElC8vKJqtovqiaY=
11,40,xJNdBsY+ign7cKtwt3SwNJ2hZ3o=,9BlPq/oXZm8uElC8vKJqtovqiaY=
4,42,xJNdBsY+ign7cKtwt3SwNJ2hZ3o=,9BlPq/oXZm8uElC8vKJqtovqiaY=
4,43,xJNdBsY+ign7cKtwt3SwNJ2hZ3o=,9BlPq/oXZm8uElC8vKJqtovqiaY=
0,40,xJNdBsY+ign7cKtwt3SwNJ2hZ3o=,9BlPq/oXZm8uElC8vKJqtovqiaY=
15,39,xJNdBsY+ign7cKtwt3SwNJ2hZ3o=,9BlPq/oXZm8uElC8vKJqtovqiaY=
14,39,xJNdBsY+ign7cKtwt3SwNJ2hZ3o=,9BlPq/oXZm8uElC8vKJqtovqiaY=
12,33,xJNdBsY+ign7cKtwt3SwNJ2hZ3o=,9BlPq/oXZm8uElC8vKJqtovqiaY=
5,40,xJNdBsY+ign7cKtwt3SwNJ2hZ3o=,9BlPq/oXZm8uElC8vKJqtovqiaY=
10,32,xJNdBsY+ign7cKtwt3SwNJ2hZ3o=,9BlPq/oXZm8uElC8vKJqtovqiaY=
12,39,xJNdBsY+ign7cKtwt3SwNJ2hZ3o=,9BlPq/oXZm8uElC8vKJqtovqiaY=
11,34,xJNdBsY+ign7cKtwt3SwNJ2hZ3o=,9BlPq/oXZm8uElC8vKJqtovqiaY=
3,41,xJNdBsY+ign7cKtwt3SwNJ2hZ3o=,9BlPq/oXZm8uElC8vKJqtovqiaY=
11,39,xJNdBsY+ign7cKtwt3SwNJ2hZ3o=,9BlPq/oXZm8uElC8vKJqtovqiaY=
10,39,xJNdBsY+ign7cKtwt3SwNJ2hZ3o=,9BlPq/oXZm8uElC8vKJqtovqiaY=
9,39,xJNdBsY+ign7cKtwt3SwNJ2hZ3o=,9BlPq/oXZm8uElC8vKJqtovqiaY=
8,39,xJNdBsY+ign7cKtwt3SwNJ2hZ3o=,9BlPq/oXZm8uElC8vKJqtovqiaY=
1,40,xJNdBsY+ign7cKtwt3SwNJ2hZ3o=,9BlPq/oXZm8uElC8vKJqtovqiaY=
2,40,xJNdBsY+ign7cKtwt3SwNJ2hZ3o=,9BlPq/oXZm8uElC8vKJqtovqiaY=
13,39,xJNdBsY+ign7cKtwt3SwNJ2hZ3o=,9BlPq/oXZm8uElC8vKJqtovqiaY=
6,40,xJNdBsY+ign7cKtwt3SwNJ2hZ3o=,9BlPq/oXZm8uElC8vKJqtovqiaY=
11,33,xJNdBsY+ign7cKtwt3SwNJ2hZ3o=,9BlPq/oXZm8uElC8vKJqtovqiaY=
4,40,xJNdBsY+ign7cKtwt3SwNJ2hZ3o=,9BlPq/oXZm8uElC8vKJqtovqiaY=
9,32,xJNdBsY+ign7cKtwt3SwNJ2hZ3o=,9BlPq/oXZm8uElC8vKJqtovqiaY=
0,39,xJNdBsY+ign7cKtwt3SwNJ2hZ3o=,9BlPq/oXZm8uElC8vKJqtovqiaY=
15,38,xJNdBsY+ign7cKtwt3SwNJ2hZ3o=,9BlPq/oXZm8uElC8vKJqtovqiaY=
14,38,xJNdBsY+ign7cKtwt3SwNJ2hZ3o=,9BlPq/oXZm8uElC8vKJqtovqiaY=
1,39,xJNdBsY+ign7cKtwt3SwNJ2hZ3o=,9BlPq/oXZm8uElC8vKJqtovqiaY=
13,38,xJNdBsY+ign7cKtwt3SwNJ2hZ3o=,9BlPq/oXZm8uElC8vKJqtovqiaY=
12,38,xJNdBsY+ign7cKtwt3SwNJ2hZ3o=,9BlPq/oXZm8uElC8vKJqtovqiaY=
3,40,xJNdBsY+ign7cKtwt3SwNJ2hZ3o=,9BlPq/oXZm8uElC8vKJqtovqiaY=
11,38,xJNdBsY+ign7cKtwt3SwNJ2hZ3o=,9BlPq/oXZm8uElC8vKJqtovqiaY=
8,33,xJNdBsY+ign7cKtwt3SwNJ2hZ3o=,9BlPq/oXZm8uElC8vKJqtovqiaY=
9,33,xJNdBsY+ign7cKtwt3SwNJ2hZ3o=,9BlPq/oXZm8uElC8vKJqtovqiaY=
2,39,xJNdBsY+ign7cKtwt3SwNJ2hZ3o=,9BlPq/oXZm8uElC8vKJqtovqiaY=
10,38,xJNdBsY+ign7cKtwt3SwNJ2hZ3o=,9BlPq/oXZm8uElC8vKJqtovqiaY=
7,39,xJNdBsY+ign7cKtwt3SwNJ2hZ3o=,9BlPq/oXZm8uElC8vKJqtovqiaY=
8,38,xJNdBsY+ign7cKtwt3SwNJ2hZ3o=,9BlPq/oXZm8uElC8vKJqtovqiaY=
6,39,xJNdBsY+ign7cKtwt3SwNJ2hZ3o=,9BlPq/oXZm8uElC8vKJqtovqiaY=
7,38,xJNdBsY+ign7cKtwt3SwNJ2hZ3o=,9BlPq/oXZm8uElC8vKJqtovqiaY=
7,40,xJNdBsY+ign7cKtwt3SwNJ2hZ3o=,9BlPq/oXZm8uElC8vKJqtovqiaY=
9,38,xJNdBsY+ign7cKtwt3SwNJ2hZ3o=,9BlPq/oXZm8uElC8vKJqtovqiaY=
8,34,xJNdBsY+ign7cKtwt3SwNJ2hZ3o=,9BlPq/oXZm8uElC8vKJqtovqiaY=
7,34,xJNdBsY+ign7cKtwt3SwNJ2hZ3o=,9BlPq/oXZm8uElC8vKJqtovqiaY=
7,32,xJNdBsY+ign7cKtwt3SwNJ2hZ3o=,9BlPq/oXZm8uElC8vKJqtovqiaY=
6,38,xJNdBsY+ign7cKtwt3SwNJ2hZ3o=,9BlPq/oXZm8uElC8vKJqtovqiaY=
3,39,xJNdBsY+ign7cKtwt3SwNJ2hZ3o=,9BlPq/oXZm8uElC8vKJqtovqiaY=
0,38,xJNdBsY+ign7cKtwt3SwNJ2hZ3o=,9BlPq/oXZm8uElC8vKJqtovqiaY=
1,38,xJNdBsY+ign7cKtwt3SwNJ2hZ3o=,9BlPq/oXZm8uElC8vKJqtovqiaY=
15,37,xJNdBsY+ign7cKtwt3SwNJ2hZ3o=,9BlPq/oXZm8uElC8vKJqtovqiaY=
14,37,xJNdBsY+ign7cKtwt3SwNJ2hZ3o=,9BlPq/oXZm8uElC8vKJqtovqiaY=
0,32,xJNdBsY+ign7cKtwt3SwNJ2hZ3o=,9BlPq/oXZm8uElC8vKJqtovqiaY=
2,38,xJNdBsY+ign7cKtwt3SwNJ2hZ3o=,9BlPq/oXZm8uElC8vKJqtovqiaY=
12,37,xJNdBsY+ign7cKtwt3SwNJ2hZ3o=,9BlPq/oXZm8uElC8vKJqtovqiaY=
6,33,xJNdBsY+ign7cKtwt3SwNJ2hZ3o=,9BlPq/oXZm8uElC8vKJqtovqiaY=
11,37,xJNdBsY+ign7cKtwt3SwNJ2hZ3o=,9BlPq/oXZm8uElC8vKJqtovqiaY=
4,39,xJNdBsY+ign7cKtwt3SwNJ2hZ3o=,9BlPq/oXZm8uElC8vKJqtovqiaY=
13,37,xJNdBsY+ign7cKtwt3SwNJ2hZ3o=,9BlPq/oXZm8uElC8vKJqtovqiaY=
8,37,xJNdBsY+ign7cKtwt3SwNJ2hZ3o=,9BlPq/oXZm8uElC8vKJqtovqiaY=
7,37,xJNdBsY+ign7cKtwt3SwNJ2hZ3o=,9BlPq/oXZm8uElC8vKJqtovqiaY=
7,33,xJNdBsY+ign7cKtwt3SwNJ2hZ3o=,9BlPq/oXZm8uElC8vKJqtovqiaY=
3,38,xJNdBsY+ign7cKtwt3SwNJ2hZ3o=,9BlPq/oXZm8uElC8vKJqtovqiaY=
4,37,xJNdBsY+ign7cKtwt3SwNJ2hZ3o=,9BlPq/oXZm8uElC8vKJqtovqiaY=
8,32,xJNdBsY+ign7cKtwt3SwNJ2hZ3o=,9BlPq/oXZm8uElC8vKJqtovqiaY=
5,37,xJNdBsY+ign7cKtwt3SwNJ2hZ3o=,9BlPq/oXZm8uElC8vKJqtovqiaY=
4,34,xJNdBsY+ign7cKtwt3SwNJ2hZ3o=,9BlPq/oXZm8uElC8vKJqtovqiaY=
0,37,xJNdBsY+ign7cKtwt3SwNJ2hZ3o=,9BlPq/oXZm8uElC8vKJqtovqiaY=
9,34,xJNdBsY+ign7cKtwt3SwNJ2hZ3o=,9BlPq/oXZm8uElC8vKJqtovqiaY=
10,37,xJNdBsY+ign7cKtwt3SwNJ2hZ3o=,9BlPq/oXZm8uElC8vKJqtovqiaY=
15,36,xJNdBsY+ign7cKtwt3SwNJ2hZ3o=,9BlPq/oXZm8uElC8vKJqtovqiaY=
14,36,xJNdBsY+ign7cKtwt3SwNJ2hZ3o=,9BlPq/oXZm8uElC8vKJqtovqiaY=
1,37,xJNdBsY+ign7cKtwt3SwNJ2hZ3o=,9BlPq/oXZm8uElC8vKJqtovqiaY=
10,33,xJNdBsY+ign7cKtwt3SwNJ2hZ3o=,9BlPq/oXZm8uElC8vKJqtovqiaY=
13,36,xJNdBsY+ign7cKtwt3SwNJ2hZ3o=,9BlPq/oXZm8uElC8vKJqtovqiaY=
6,32,xJNdBsY+ign7cKtwt3SwNJ2hZ3o=,9BlPq/oXZm8uElC8vKJqtovqiaY=
7,41,xJNdBsY+ign7cKtwt3SwNJ2hZ3o=,9BlPq/oXZm8uElC8vKJqtovqiaY=
3,37,xJNdBsY+ign7cKtwt3SwNJ2hZ3o=,9BlPq/oXZm8uElC8vKJqtovqiaY=
10,34,xJNdBsY+ign7cKtwt3SwNJ2hZ3o=,9BlPq/oXZm8uElC8vKJqtovqiaY=
6,37,xJNdBsY+ign7cKtwt3SwNJ2hZ3o=,9BlPq/oXZm8uElC8vKJqtovqiaY=
9,37,xJNdBsY+ign7cKtwt3SwNJ2hZ3o=,9BlPq/oXZm8uElC8vKJqtovqiaY=
2,37,xJNdBsY+ign7cKtwt3SwNJ2hZ3o=,9BlPq/oXZm8uElC8vKJqtovqiaY=
5,39,xJNdBsY+ign7cKtwt3SwNJ2hZ3o=,9BlPq/oXZm8uElC8vKJqtovqiaY=
4,38,xJNdBsY+ign7cKtwt3SwNJ2hZ3o=,9BlPq/oXZm8uElC8vKJqtovqiaY=
5,38,xJNdBsY+ign7cKtwt3SwNJ2hZ3o=,9BlPq/oXZm8uElC8vKJqtovqiaY=
6,34,xJNdBsY+ign7cKtwt3SwNJ2hZ3o=,9BlPq/oXZm8uElC8vKJqtovqiaY=
15,63,JehQxPcp+BwTrKMNh+3ZXuastng=,tE6Bf3cNOPf4o5bSYEPF7+dxOBo=
14,63,yQT0Ydmu9R0i5E6dT+VUv1v6ptQ=,tE6Bf3cNOPf4o5bSYEPF7+dxOBo=
13,63,Ce2rjKO+ZLORH9494JwwbFqPtTQ=,tE6Bf3cNOPf4o5bSYEPF7+dxOBo=
12,63,Ce2rjKO+ZLORH9494JwwbFqPtTQ=,tE6Bf3cNOPf4o5bSYEPF7+dxOBo=
11,63,c+OcgFRHFZHD7ccUs/cfmLEfZdE=,tE6Bf3cNOPf4o5bSYEPF7+dxOBo=
10,63,c+OcgFRHFZHD7ccUs/cfmLEfZdE=,tE6Bf3cNOPf4o5bSYEPF7+dxOBo=
8,63,TQkhuxp70KWzqTjt65n3k3VaWq8=,tE6Bf3cNOPf4o5bSYEPF7+dxOBo=
9,63,TQkhuxp70KWzqTjt65n3k3VaWq8=,tE6Bf3cNOPf4o5bSYEPF7+dxOBo=
7,63,TQkhuxp70KWzqTjt65n3k3VaWq8=,tE6Bf3cNOPf4o5bSYEPF7+dxOBo=
6,63,TQkhuxp70KWzqTjt65n3k3VaWq8=,tE6Bf3cNOPf4o5bSYEPF7+dxOBo=
5,63,TQkhuxp70KWzqTjt65n3k3VaWq8=,tE6Bf3cNOPf4o5bSYEPF7+dxOBo=
4,63,TQkhuxp70KWzqTjt65n3k3VaWq8=,tE6Bf3cNOPf4o5bSYEPF7+dxOBo=
3,63,TQkhuxp70KWzqTjt65n3k3VaWq8=,tE6Bf3cNOPf4o5bSYEPF7+dxOBo=
2,51,TQkhuxp70KWzqTjt65n3k3VaWq8=,tE6Bf3cNOPf4o5bSYEPF7+dxOBo=
2,63,TQkhuxp70KWzqTjt65n3k3VaWq8=,tE6Bf3cNOPf4o5bSYEPF7+dxOBo=
1,51,TQkhuxp70KWzqTjt65n3k3VaWq8=,tE6Bf3cNOPf4o5bSYEPF7+dxOBo=
1,63,TQkhuxp70KWzqTjt65n3k3VaWq8=,tE6Bf3cNOPf4o5bSYEPF7+dxOBo=
6,51,TQkhuxp70KWzqTjt65n3k3VaWq8=,tE6Bf3cNOPf4o5bSYEPF7+dxOBo=
0,63,TQkhuxp70KWzqTjt65n3k3VaWq8=,tE6Bf3cNOPf4o5bSYEPF7+dxOBo=
15,62,TQkhuxp70KWzqTjt65n3k3VaWq8=,tE6Bf3cNOPf4o5bSYEPF7+dxOBo=
14,62,TQkhuxp70KWzqTjt65n3k3VaWq8=,tE6Bf3cNOPf4o5bSYEPF7+dxOBo=
13,62,TQkhuxp70KWzqTjt65n3k3VaWq8=,tE6Bf3cNOPf4o5bSYEPF7+dxOBo=
12,62,TQkhuxp70KWzqTjt65n3k3VaWq8=,tE6Bf3cNOPf4o5bSYEPF7+dxOBo=
10,62,TQkhuxp70KWzqTjt65n3k3VaWq8=,tE6Bf3cNOPf4o5bSYEPF7+dxOBo=
9,62,TQkhuxp70KWzqTjt65n3k3VaWq8=,tE6Bf3cNOPf4o5bSYEPF7+dxOBo=
8,62,TQkhuxp70KWzqTjt65n3k3VaWq8=,tE6Bf3cNOPf4o5bSYEPF7+dxOBo=
11,62,TQkhuxp70KWzqTjt65n3k3VaWq8=,tE6Bf3cNOPf4o5bSYEPF7+dxOBo=
7,62,TQkhuxp70KWzqTjt65n3k3VaWq8=,tE6Bf3cNOPf4o5bSYEPF7+dxOBo=
6,62,TQkhuxp70KWzqTjt65n3k3VaWq8=,tE6Bf3cNOPf4o5bSYEPF7+dxOBo=
5,62,TQkhuxp70KWzqTjt65n3k3VaWq8=,tE6Bf3cNOPf4o5bSYEPF7+dxOBo=
4,62,TQkhuxp70KWzqTjt65n3k3VaWq8=,tE6Bf3cNOPf4o5bSYEPF7+dxOBo=
4,50,TQkhuxp70KWzqTjt65n3k3VaWq8=,tE6Bf3cNOPf4o5bSYEPF7+dxOBo=
3,62,TQkhuxp70KWzqTjt65n3k3VaWq8=,tE6Bf3cNOPf4o5bSYEPF7+dxOBo=
2,62,TQkhuxp70KWzqTjt65n3k3VaWq8=,tE6Bf3cNOPf4o5bSYEPF7+dxOBo=
4,49,TQkhuxp70KWzqTjt65n3k3VaWq8=,tE6Bf3cNOPf4o5bSYEPF7+dxOBo=
1,62,TQkhuxp70KWzqTjt65n3k3VaWq8=,tE6Bf3cNOPf4o5bSYEPF7+dxOBo=
0,62,TQkhuxp70KWzqTjt65n3k3VaWq8=,tE6Bf3cNOPf4o5bSYEPF7+dxOBo=
5,49,TQkhuxp70KWzqTjt65n3k3VaWq8=,tE6Bf3cNOPf4o5bSYEPF7+dxOBo=
1,48,TQkhuxp70KWzqTjt65n3k3VaWq8=,tE6Bf3cNOPf4o5bSYEPF7+dxOBo=
5,50,TQkhuxp70KWzqTjt65n3k3VaWq8=,tE6Bf3cNOPf4o5bSYEPF7+dxOBo=
3,50,TQkhuxp70KWzqTjt65n3k3VaWq8=,tE6Bf3cNOPf4o5bSYEPF7+dxOBo=
11,61,TQkhuxp70KWzqTjt65n3k3VaWq8=,tE6Bf3cNOPf4o5bSYEPF7+dxOBo=
10,61,TQkhuxp70KWzqTjt65n3k3VaWq8=,tE6Bf3cNOPf4o5bSYEPF7+dxOBo=
9,61,TQkhuxp70KWzqTjt65n3k3VaWq8=,tE6Bf3cNOPf4o5bSYEPF7+dxOBo=
8,61,TQkhuxp70KWzqTjt65n3k3VaWq8=,tE6Bf3cNOPf4o5bSYEPF7+dxOBo=
7,61,TQkhuxp70KWzqTjt65n3k3VaWq8=,tE6Bf3cNOPf4o5bSYEPF7+dxOBo=
6,50,TQkhuxp70KWzqTjt65n3k3VaWq8=,tE6Bf3cNOPf4o5bSYEPF7+dxOBo=
2,50,TQkhuxp70KWzqTjt65n3k3VaWq8=,tE6Bf3cNOPf4o5bSYEPF7+dxOBo=
12,61,TQkhuxp70KWzqTjt65n3k3VaWq8=,tE6Bf3cNOPf4o5bSYEPF7+dxOBo=
13,61,TQkhuxp70KWzqTjt65n3k3VaWq8=,tE6Bf3cNOPf4o5bSYEPF7+dxOBo=
2,61,TQkhuxp70KWzqTjt65n3k3VaWq8=,tE6Bf3cNOPf4o5bSYEPF7+dxOBo=
1,61,TQkhuxp70KWzqTjt65n3k3VaWq8=,tE6Bf3cNOPf4o5bSYEPF7+dxOBo=
3,61,TQkhuxp70KWzqTjt65n3k3VaWq8=,tE6Bf3cNOPf4o5bSYEPF7+dxOBo=
6,61,TQkhuxp70KWzqTjt65n3k3VaWq8=,tE6Bf3cNOPf4o5bSYEPF7+dxOBo=
0,61,TQkhuxp70KWzqTjt65n3k3VaWq8=,tE6Bf3cNOPf4o5bSYEPF7+dxOBo=
7,51,TQkhuxp70KWzqTjt65n3k3VaWq8=,tE6Bf3cNOPf4o5bSYEPF7+dxOBo=
8,51,TQkhuxp70KWzqTjt65n3k3VaWq8=,tE6Bf3cNOPf4o5bSYEPF7+dxOBo=
9,51,TQkhuxp70KWzqTjt65n3k3VaWq8=,tE6Bf3cNOPf4o5bSYEPF7+dxOBo=
1,50,TQkhuxp70KWzqTjt65n3k3VaWq8=,tE6Bf3cNOPf4o5bSYEPF7+dxOBo=
10,51,TQkhuxp70KWzqTjt65n3k3VaWq8=,tE6Bf3cNOPf4o5bSYEPF7+dxOBo=
11,51,TQkhuxp70KWzqTjt65n3k3VaWq8=,tE6Bf3cNOPf4o5bSYEPF7+dxOBo=
12,51,TQkhuxp70KWzqTjt65n3k3VaWq8=,tE6Bf3cNOPf4o5bSYEPF7+dxOBo=
13,51,TQkhuxp70KWzqTjt65n3k3VaWq8=,tE6Bf3cNOPf4o5bSYEPF7+dxOBo=
14,51,TQkhuxp70KWzqTjt65n3k3VaWq8=,tE6Bf3cNOPf4o5bSYEPF7+dxOBo=
3,48,TQkhuxp70KWzqTjt65n3k3VaWq8=,tE6Bf3cNOPf4o5bSYEPF7+dxOBo=
3,49,TQkhuxp70KWzqTjt65n3k3VaWq8=,tE6Bf3cNOPf4o5bSYEPF7+dxOBo=
12,60,TQkhuxp70KWzqTjt65n3k3VaWq8=,tE6Bf3cNOPf4o5bSYEPF7+dxOBo=
11,60,TQkhuxp70KWzqTjt65n3k3VaWq8=,tE6Bf3cNOPf4o5bSYEPF7+dxOBo=
10,60,TQkhuxp70KWzqTjt65n3k3VaWq8=,tE6Bf3cNOPf4o5bSYEPF7+dxOBo=
9,60,TQkhuxp70KWzqTjt65n3k3VaWq8=,tE6Bf3cNOPf4o5bSYEPF7+dxOBo=
8,60,TQkhuxp70KWzqTjt65n3k3VaWq8=,tE6Bf3cNOPf4o5bSYEPF7+dxOBo=
7,60,TQkhuxp70KWzqTjt65n3k3VaWq8=,tE6Bf3cNOPf4o5bSYEPF7+dxOBo=
6,60,TQkhuxp70KWzqTjt65n3k3VaWq8=,tE6Bf3cNOPf4o5bSYEPF7+dxOBo=
5,61,TQkhuxp70KWzqTjt65n3k3VaWq8=,tE6Bf3cNOPf4o5bSYEPF7+dxOBo=
3,60,TQkhuxp70KWzqTjt65n3k3VaWq8=,tE6Bf3cNOPf4o5bSYEPF7+dxOBo=
5,60,TQkhuxp70KWzqTjt65n3k3VaWq8=,tE6Bf3cNOPf4o5bSYEPF7+dxOBo=
4,48,TQkhuxp70KWzqTjt65n3k3VaWq8=,tE6Bf3cNOPf4o5bSYEPF7+dxOBo=
14,61,TQkhuxp70KWzqTjt65n3k3VaWq8=,tE6Bf3cNOPf4o5bSYEPF7+dxOBo=
2,60,TQkhuxp70KWzqTjt65n3k3VaWq8=,tE6Bf3cNOPf4o5bSYEPF7+dxOBo=
1,60,TQkhuxp70KWzqTjt65n3k3VaWq8=,tE6Bf3cNOPf4o5bSYEPF7+dxOBo=
0,49,TQkhuxp70KWzqTjt65n3k3VaWq8=,tE6Bf3cNOPf4o5bSYEPF7+dxOBo=
0,60,TQkhuxp70KWzqTjt65n3k3VaWq8=,tE6Bf3cNOPf4o5bSYEPF7+dxOBo=
5,51,TQkhuxp70KWzqTjt65n3k3VaWq8=,tE6Bf3cNOPf4o5bSYEPF7+dxOBo=
13,60,TQkhuxp70KWzqTjt65n3k3VaWq8=,tE6Bf3cNOPf4o5bSYEPF7+dxOBo=
4,60,TQkhuxp70KWzqTjt65n3k3VaWq8=,tE6Bf3cNOPf4o5bSYEPF7+dxOBo=
0,50,TQkhuxp70KWzqTjt65n3k3VaWq8=,tE6Bf3cNOPf4o5bSYEPF7+dxOBo=
4,51,TQkhuxp70KWzqTjt65n3k3VaWq8=,tE6Bf3cNOPf4o5bSYEPF7+dxOBo=
10,59,TQkhuxp70KWzqTjt65n3k3VaWq8=,tE6Bf3cNOPf4o5bSYEPF7+dxOBo=
9,59,TQkhuxp70KWzqTjt65n3k3VaWq8=,tE6Bf3cNOPf4o5bSYEPF7+dxOBo=
8,59,TQkhuxp70KWzqTjt65n3k3VaWq8=,tE6Bf3cNOPf4o5bSYEPF7+dxOBo=
7,59,TQkhuxp70KWzqTjt65n3k3VaWq8=,tE6Bf3cNOPf4o5bSYEPF7+dxOBo=
15,48,TQkhuxp70KWzqTjt65n3k3VaWq8=,tE6Bf3cNOPf4o5bSYEPF7+dxOBo=
6,59,TQkhuxp70KWzqTjt65n3k3VaWq8=,tE6Bf3cNOPf4o5bSYEPF7+dxOBo=
5,59,TQkhuxp70KWzqTjt65n3k3VaWq8=,tE6Bf3cNOPf4o5bSYEPF7+dxOBo=
4,59,TQkhuxp70KWzqTjt65n3k3VaWq8=,tE6Bf3cNOPf4o5bSYEPF7+dxOBo=
14,48,TQkhuxp70KWzqTjt65n3k3VaWq8=,tE6Bf3cNOPf4o5bSYEPF7+dxOBo=
15,49,TQkhuxp70KWzqTjt65n3k3VaWq8=,tE6Bf3cNOPf4o5bSYEPF7+dxOBo=
3,59,TQkhuxp70KWzqTjt65n3k3VaWq8=,tE6Bf3cNOPf4o5bSYEPF7+dxOBo=
14,49,TQkhuxp70KWzqTjt65n3k3VaWq8=,tE6Bf3cNOPf4o5bSYEPF7+dxOBo=
11,59,TQkhuxp70KWzqTjt65n3k3VaWq8=,tE6Bf3cNOPf4o5bSYEPF7+dxOBo=
2,59,TQkhuxp70KWzqTjt65n3k3VaWq8=,tE6Bf3cNOPf4o5bSYEPF7+dxOBo=
1,59,TQkhuxp70KWzqTjt65n3k3VaWq8=,tE6Bf3cNOPf4o5bSYEPF7+dxOBo=
0,59,TQkhuxp70KWzqTjt65n3k3VaWq8=,tE6Bf3cNOPf4o5bSYEPF7+dxOBo=
3,51,TQkhuxp70KWzqTjt65n3k3VaWq8=,tE6Bf3cNOPf4o5bSYEPF7+dxOBo=
2,49,TQkhuxp70KWzqTjt65n3k3VaWq8=,tE6Bf3cNOPf4o5bSYEPF7+dxOBo=
6,49,TQkhuxp70KWzqTjt65n3k3VaWq8=,tE6Bf3cNOPf4o5bSYEPF7+dxOBo=
15,51,TQkhuxp70KWzqTjt65n3k3VaWq8=,tE6Bf3cNOPf4o5bSYEPF7+dxOBo=
12,59,TQkhuxp70KWzqTjt65n3k3VaWq8=,tE6Bf3cNOPf4o5bSYEPF7+dxOBo=
1,49,TQkhuxp70KWzqTjt65n3k3VaWq8=,tE6Bf3cNOPf4o5bSYEPF7+dxOBo=
15,59,TQkhuxp70KWzqTjt65n3k3VaWq8=,tE6Bf3cNOPf4o5bSYEPF7+dxOBo=
10,58,TQkhuxp70KWzqTjt65n3k3VaWq8=,tE6Bf3cNOPf4o5bSYEPF7+dxOBo=
7,50,TQkhuxp70KWzqTjt65n3k3VaWq8=,tE6Bf3cNOPf4o5bSYEPF7+dxOBo=
11,58,TQkhuxp70KWzqTjt65n3k3VaWq8=,tE6Bf3cNOPf4o5bSYEPF7+dxOBo=
9,58,TQkhuxp70KWzqTjt65n3k3VaWq8=,tE6Bf3cNOPf4o5bSYEPF7+dxOBo=
8,58,TQkhuxp70KWzqTjt65n3k3VaWq8=,tE6Bf3cNOPf4o5bSYEPF7+dxOBo=
7,58,TQkhuxp70KWzqTjt65n3k3VaWq8=,tE6Bf3cNOPf4o5bSYEPF7+dxOBo=
6,58,TQkhuxp70KWzqTjt65n3k3VaWq8=,tE6Bf3cNOPf4o5bSYEPF7+dxOBo=
13,48,TQkhuxp70KWzqTjt65n3k3VaWq8=,tE6Bf3cNOPf4o5bSYEPF7+dxOBo=
13,49,TQkhuxp70KWzqTjt65n3k3VaWq8=,tE6Bf3cNOPf4o5bSYEPF7+dxOBo=
4,61,TQkhuxp70KWzqTjt65n3k3VaWq8=,tE6Bf3cNOPf4o5bSYEPF7+dxOBo=
5,58,TQkhuxp70KWzqTjt65n3k3VaWq8=,tE6Bf3cNOPf4o5bSYEPF7+dxOBo=
15,50,TQkhuxp70KWzqTjt65n3k3VaWq8=,tE6Bf3cNOPf4o5bSYEPF7+dxOBo=
14,50,TQkhuxp70KWzqTjt65n3k3VaWq8=,tE6Bf3cNOPf4o5bSYEPF7+dxOBo=
0,51,TQkhuxp70KWzqTjt65n3k3VaWq8=,tE6Bf3cNOPf4o5bSYEPF7+dxOBo=
15,61,TQkhuxp70KWzqTjt65n3k3VaWq8=,tE6Bf3cNOPf4o5bSYEPF7+dxOBo=
1,58,TQkhuxp70KWzqTjt65n3k3VaWq8=,tE6Bf3cNOPf4o5bSYEPF7+dxOBo=
0,58,TQkhuxp70KWzqTjt65n3k3VaWq8=,tE6Bf3cNOPf4o5bSYEPF7+dxOBo=
4,58,TQkhuxp70KWzqTjt65n3k3VaWq8=,tE6Bf3cNOPf4o5bSYEPF7+dxOBo=
14,57,TQkhuxp70KWzqTjt65n3k3VaWq8=,tE6Bf3cNOPf4o5bSYEPF7+dxOBo=
5,48,TQkhuxp70KWzqTjt65n3k3VaWq8=,tE6Bf3cNOPf4o5bSYEPF7+dxOBo=
15,57,TQkhuxp70KWzqTjt65n3k3VaWq8=,tE6Bf3cNOPf4o5bSYEPF7+dxOBo=
14,58,TQkhuxp70KWzqTjt65n3k3VaWq8=,tE6Bf3cNOPf4o5bSYEPF7+dxOBo=
10,57,TQkhuxp70KWzqTjt65n3k3VaWq8=,tE6Bf3cNOPf4o5bSYEPF7+dxOBo=
9,57,TQkhuxp70KWzqTjt65n3k3VaWq8=,tE6Bf3cNOPf4o5bSYEPF7+dxOBo=
8,57,TQkhuxp70KWzqTjt65n3k3VaWq8=,tE6Bf3cNOPf4o5bSYEPF7+dxOBo=
7,57,TQkhuxp70KWzqTjt65n3k3VaWq8=,tE6Bf3cNOPf4o5bSYEPF7+dxOBo=
6,57,TQkhuxp70KWzqTjt65n3k3VaWq8=,tE6Bf3cNOPf4o5bSYEPF7+dxOBo=
5,57,TQkhuxp70KWzqTjt65n3k3VaWq8=,tE6Bf3cNOPf4o5bSYEPF7+dxOBo=
12,48,TQkhuxp70KWzqTjt65n3k3VaWq8=,tE6Bf3cNOPf4o5bSYEPF7+dxOBo=
12,49,TQkhuxp70KWzqTjt65n3k3VaWq8=,tE6Bf3cNOPf4o5bSYEPF7+dxOBo=
13,50,TQkhuxp70KWzqTjt65n3k3VaWq8=,tE6Bf3cNOPf4o5bSYEPF7+dxOBo=
2,48,TQkhuxp70KWzqTjt65n3k3VaWq8=,tE6Bf3cNOPf4o5bSYEPF7+dxOBo=
4,57,TQkhuxp70KWzqTjt65n3k3VaWq8=,tE6Bf3cNOPf4o5bSYEPF7+dxOBo=
13,59,TQkhuxp70KWzqTjt65n3k3VaWq8=,tE6Bf3cNOPf4o5bSYEPF7+dxOBo=
11,48,TQkhuxp70KWzqTjt65n3k3VaWq8=,tE6Bf3cNOPf4o5bSYEPF7+dxOBo=
15,58,TQkhuxp70KWzqTjt65n3k3VaWq8=,tE6Bf3cNOPf4o5bSYEPF7+dxOBo=
11,57,TQkhuxp70KWzqTjt65n3k3VaWq8=,tE6Bf3cNOPf4o5bSYEPF7+dxOBo=
15,56,TQkhuxp70KWzqTjt65n3k3VaWq8=,tE6Bf3cNOPf4o5bSYEPF7+dxOBo=
14,59,TQkhuxp70KWzqTjt65n3k3VaWq8=,tE6Bf3cNOPf4o5bSYEPF7+dxOBo=
11,49,TQkhuxp70KWzqTjt65n3k3VaWq8=,tE6Bf3cNOPf4o5bSYEPF7+dxOBo=
12,58,TQkhuxp70KWzqTjt65n3k3VaWq8=,tE6Bf3cNOPf4o5bSYEPF7+dxOBo=
12,57,TQkhuxp70KWzqTjt65n3k3VaWq8=,tE6Bf3cNOPf4o5bSYEPF7+dxOBo=
2,58,TQkhuxp70KWzqTjt65n3k3VaWq8=,tE6Bf3cNOPf4o5bSYEPF7+dxOBo=
14,56,TQkhuxp70KWzqTjt65n3k3VaWq8=,tE6Bf3cNOPf4o5bSYEPF7+dxOBo=
12,56,TQkhuxp70KWzqTjt65n3k3VaWq8=,tE6Bf3cNOPf4o5bSYEPF7+dxOBo=
8,56,TQkhuxp70KWzqTjt65n3k3VaWq8=,tE6Bf3cNOPf4o5bSYEPF7+dxOBo=
7,56,TQkhuxp70KWzqTjt65n3k3VaWq8=,tE6Bf3cNOPf4o5bSYEPF7+dxOBo=
13,58,TQkhuxp70KWzqTjt65n3k3VaWq8=,tE6Bf3cNOPf4o5bSYEPF7+dxOBo=
10,48,TQkhuxp70KWzqTjt65n3k3VaWq8=,tE6Bf3cNOPf4o5bSYEPF7+dxOBo=
9,56,TQkhuxp70KWzqTjt65n3k3VaWq8=,tE6Bf3cNOPf4o5bSYEPF7+dxOBo=
10,49,TQkhuxp70KWzqTjt65n3k3VaWq8=,tE6Bf3cNOPf4o5bSYEPF7+dxOBo=
10,56,TQkhuxp70KWzqTjt65n3k3VaWq8=,tE6Bf3cNOPf4o5bSYEPF7+dxOBo=
3,57,TQkhuxp70KWzqTjt65n3k3VaWq8=,tE6Bf3cNOPf4o5bSYEPF7+dxOBo=
12,50,TQkhuxp70KWzqTjt65n3k3VaWq8=,tE6Bf3cNOPf4o5bSYEPF7+dxOBo=
4,56,TQkhuxp70KWzqTjt65n3k3VaWq8=,tE6Bf3cNOPf4o5bSYEPF7+dxOBo=
6,48,TQkhuxp70KWzqTjt65n3k3VaWq8=,tE6Bf3cNOPf4o5bSYEPF7+dxOBo=
13,57,TQkhuxp70KWzqTjt65n3k3VaWq8=,tE6Bf3cNOPf4o5bSYEPF7+dxOBo=
6,56,TQkhuxp70KWzqTjt65n3k3VaWq8=,tE6Bf3cNOPf4o5bSYEPF7+dxOBo=
15,55,TQkhuxp70KWzqTjt65n3k3VaWq8=,tE6Bf3cNOPf4o5bSYEPF7+dxOBo=
5,56,TQkhuxp70KWzqTjt65n3k3VaWq8=,tE6Bf3cNOPf4o5bSYEPF7+dxOBo=
11,50,TQkhuxp70KWzqTjt65n3k3VaWq8=,tE6Bf3cNOPf4o5bSYEPF7+dxOBo=
3,58,TQkhuxp70KWzqTjt65n3k3VaWq8=,tE6Bf3cNOPf4o5bSYEPF7+dxOBo=
12,55,TQkhuxp70KWzqTjt65n3k3VaWq8=,tE6Bf3cNOPf4o5bSYEPF7+dxOBo=
14,55,TQkhuxp70KWzqTjt65n3k3VaWq8=,tE6Bf3cNOPf4o5bSYEPF7+dxOBo=
0,56,TQkhuxp70KWzqTjt65n3k3VaWq8=,tE6Bf3cNOPf4o5bSYEPF7+dxOBo=
9,55,TQkhuxp70KWzqTjt65n3k3VaWq8=,tE6Bf3cNOPf4o5bSYEPF7+dxOBo=
8,55,TQkhuxp70KWzqTjt65n3k3VaWq8=,tE6Bf3cNOPf4o5bSYEPF7+dxOBo=
7,55,TQkhuxp70KWzqTjt65n3k3VaWq8=,tE6Bf3cNOPf4o5bSYEPF7+dxOBo=
0,52,TQkhuxp70KWzqTjt65n3k3VaWq8=,tE6Bf3cNOPf4o5bSYEPF7+dxOBo=
11,56,TQkhuxp70KWzqTjt65n3k3VaWq8=,tE6Bf3cNOPf4o5bSYEPF7+dxOBo=
11,55,TQkhuxp70KWzqTjt65n3k3VaWq8=,tE6Bf3cNOPf4o5bSYEPF7+dxOBo=
13,55,TQkhuxp70KWzqTjt65n3k3VaWq8=,tE6Bf3cNOPf4o5bSYEPF7+dxOBo=
9,48,TQkhuxp70KWzqTjt65n3k3VaWq8=,tE6Bf3cNOPf4o5bSYEPF7+dxOBo=
10,55,TQkhuxp70KWzqTjt65n3k3VaWq8=,tE6Bf3cNOPf4o5bSYEPF7+dxOBo=
1,52,TQkhuxp70KWzqTjt65n3k3VaWq8=,tE6Bf3cNOPf4o5bSYEPF7+dxOBo=
2,52,TQkhuxp70KWzqTjt65n3k3VaWq8=,tE6Bf3cNOPf4o5bSYEPF7+dxOBo=
13,56,TQkhuxp70KWzqTjt65n3k3VaWq8=,tE6Bf3cNOPf4o5bSYEPF7+dxOBo=
3,55,TQkhuxp70KWzqTjt65n3k3VaWq8=,tE6Bf3cNOPf4o5bSYEPF7+dxOBo=
14,60,TQkhuxp70KWzqTjt65n3k3VaWq8=,tE6Bf3cNOPf4o5bSYEPF7+dxOBo=
15,60,TQkhuxp70KWzqTjt65n3k3VaWq8=,tE6Bf3cNOPf4o5bSYEPF7+dxOBo=
15,54,TQkhuxp70KWzqTjt65n3k3VaWq8=,tE6Bf3cNOPf4o5bSYEPF7+dxOBo=
2,56,TQkhuxp70KWzqTjt65n3k3VaWq8=,tE6Bf3cNOPf4o5bSYEPF7+dxOBo=
1,55,TQkhuxp70KWzqTjt65n3k3VaWq8=,tE6Bf3cNOPf4o5bSYEPF7+dxOBo=
9,49,TQkhuxp70KWzqTjt65n3k3VaWq8=,tE6Bf3cNOPf4o5bSYEPF7+dxOBo=
14,54,TQkhuxp70KWzqTjt65n3k3VaWq8=,tE6Bf3cNOPf4o5bSYEPF7+dxOBo=
10,50,TQkhuxp70KWzqTjt65n3k3VaWq8=,tE6Bf3cNOPf4o5bSYEPF7+dxOBo=
11,54,TQkhuxp70KWzqTjt65n3k3VaWq8=,tE6Bf3cNOPf4o5bSYEPF7+dxOBo=
9,54,TQkhuxp70KWzqTjt65n3k3VaWq8=,tE6Bf3cNOPf4o5bSYEPF7+dxOBo=
8,54,TQkhuxp70KWzqTjt65n3k3VaWq8=,tE6Bf3cNOPf4o5bSYEPF7+dxOBo=
7,54,TQkhuxp70KWzqTjt65n3k3VaWq8=,tE6Bf3cNOPf4o5bSYEPF7+dxOBo=
3,56,TQkhuxp70KWzqTjt65n3k3VaWq8=,tE6Bf3cNOPf4o5bSYEPF7+dxOBo=
10,54,TQkhuxp70KWzqTjt65n3k3VaWq8=,tE6Bf3cNOPf4o5bSYEPF7+dxOBo=
12,54,TQkhuxp70KWzqTjt65n3k3VaWq8=,tE6Bf3cNOPf4o5bSYEPF7+dxOBo=
3,54,TQkhuxp70KWzqTjt65n3k3VaWq8=,tE6Bf3cNOPf4o5bSYEPF7+dxOBo=
8,48,TQkhuxp70KWzqTjt65n3k3VaWq8=,tE6Bf3cNOPf4o5bSYEPF7+dxOBo=
13,54,TQkhuxp70KWzqTjt65n3k3VaWq8=,tE6Bf3cNOPf4o5bSYEPF7+dxOBo=
8,49,TQkhuxp70KWzqTjt65n3k3VaWq8=,tE6Bf3cNOPf4o5bSYEPF7+dxOBo=
2,54,TQkhuxp70KWzqTjt65n3k3VaWq8=,tE6Bf3cNOPf4o5bSYEPF7+dxOBo=
1,54,TQkhuxp70KWzqTjt65n3k3VaWq8=,tE6Bf3cNOPf4o5bSYEPF7+dxOBo=
15,53,TQkhuxp70KWzqTjt65n3k3VaWq8=,tE6Bf3cNOPf4o5bSYEPF7+dxOBo=
14,53,TQkhuxp70KWzqTjt65n3k3VaWq8=,tE6Bf3cNOPf4o5bSYEPF7+dxOBo=
0,55,TQkhuxp70KWzqTjt65n3k3VaWq8=,tE6Bf3cNOPf4o5bSYEPF7+dxOBo=
12,53,TQkhuxp70KWzqTjt65n3k3VaWq8=,tE6Bf3cNOPf4o5bSYEPF7+dxOBo=
11,53,TQkhuxp70KWzqTjt65n3k3VaWq8=,tE6Bf3cNOPf4o5bSYEPF7+dxOBo=
10,53,TQkhuxp70KWzqTjt65n3k3VaWq8=,tE6Bf3cNOPf4o5bSYEPF7+dxOBo=
9,53,TQkhuxp70KWzqTjt65n3k3VaWq8=,tE6Bf3cNOPf4o5bSYEPF7+dxOBo=
8,53,TQkhuxp70KWzqTjt65n3k3VaWq8=,tE6Bf3cNOPf4o5bSYEPF7+dxOBo=
7,53,TQkhuxp70KWzqTjt65n3k3VaWq8=,tE6Bf3cNOPf4o5bSYEPF7+dxOBo=
13,53,TQkhuxp70KWzqTjt65n3k3VaWq8=,tE6Bf3cNOPf4o5bSYEPF7+dxOBo=
0,54,TQkhuxp70KWzqTjt65n3k3VaWq8=,tE6Bf3cNOPf4o5bSYEPF7+dxOBo=
3,52,TQkhuxp70KWzqTjt65n3k3VaWq8=,tE6Bf3cNOPf4o5bSYEPF7+dxOBo=
2,55,TQkhuxp70KWzqTjt65n3k3VaWq8=,tE6Bf3cNOPf4o5bSYEPF7+dxOBo=
8,50,TQkhuxp70KWzqTjt65n3k3VaWq8=,tE6Bf3cNOPf4o5bSYEPF7+dxOBo=
6,53,TQkhuxp70KWzqTjt65n3k3VaWq8=,tE6Bf3cNOPf4o5bSYEPF7+dxOBo=
9,50,TQkhuxp70KWzqTjt65n3k3VaWq8=,tE6Bf3cNOPf4o5bSYEPF7+dxOBo=
2,53,TQkhuxp70KWzqTjt65n3k3VaWq8=,tE6Bf3cNOPf4o5bSYEPF7+dxOBo=
1,53,TQkhuxp70KWzqTjt65n3k3VaWq8=,tE6Bf3cNOPf4o5bSYEPF7+dxOBo=
4,53,TQkhuxp70KWzqTjt65n3k3VaWq8=,tE6Bf3cNOPf4o5bSYEPF7+dxOBo=
4,55,TQkhuxp70KWzqTjt65n3k3VaWq8=,tE6Bf3cNOPf4o5bSYEPF7+dxOBo=
3,53,TQkhuxp70KWzqTjt65n3k3VaWq8=,tE6Bf3cNOPf4o5bSYEPF7+dxOBo=
15,52,TQkhuxp70KWzqTjt65n3k3VaWq8=,tE6Bf3cNOPf4o5bSYEPF7+dxOBo=
0,53,TQkhuxp70KWzqTjt65n3k3VaWq8=,tE6Bf3cNOPf4o5bSYEPF7+dxOBo=
7,48,TQkhuxp70KWzqTjt65n3k3VaWq8=,tE6Bf3cNOPf4o5bSYEPF7+dxOBo=
13,52,TQkhuxp70KWzqTjt65n3k3VaWq8=,tE6Bf3cNOPf4o5bSYEPF7+dxOBo=
0,48,TQkhuxp70KWzqTjt65n3k3VaWq8=,tE6Bf3cNOPf4o5bSYEPF7+dxOBo=
11,52,TQkhuxp70KWzqTjt65n3k3VaWq8=,tE6Bf3cNOPf4o5bSYEPF7+dxOBo=
10,52,TQkhuxp70KWzqTjt65n3k3VaWq8=,tE6Bf3cNOPf4o5bSYEPF7+dxOBo=
9,52,TQkhuxp70KWzqTjt65n3k3VaWq8=,tE6Bf3cNOPf4o5bSYEPF7+dxOBo=
8,52,TQkhuxp70KWzqTjt65n3k3VaWq8=,tE6Bf3cNOPf4o5bSYEPF7+dxOBo=
7,52,TQkhuxp70KWzqTjt65n3k3VaWq8=,tE6Bf3cNOPf4o5bSYEPF7+dxOBo=
4,54,TQkhuxp70KWzqTjt65n3k3VaWq8=,tE6Bf3cNOPf4o5bSYEPF7+dxOBo=
14,52,TQkhuxp70KWzqTjt65n3k3VaWq8=,tE6Bf3cNOPf4o5bSYEPF7+dxOBo=
12,52,TQkhuxp70KWzqTjt65n3k3VaWq8=,tE6Bf3cNOPf4o5bSYEPF7+dxOBo=
1,56,TQkhuxp70KWzqTjt65n3k3VaWq8=,tE6Bf3cNOPf4o5bSYEPF7+dxOBo=
4,52,TQkhuxp70KWzqTjt65n3k3VaWq8=,tE6Bf3cNOPf4o5bSYEPF7+dxOBo=
6,52,TQkhuxp70KWzqTjt65n3k3VaWq8=,tE6Bf3cNOPf4o5bSYEPF7+dxOBo=
2,57,TQkhuxp70KWzqTjt65n3k3VaWq8=,tE6Bf3cNOPf4o5bSYEPF7+dxOBo=
7,49,TQkhuxp70KWzqTjt65n3k3VaWq8=,tE6Bf3cNOPf4o5bSYEPF7+dxOBo=
6,54,TQkhuxp70KWzqTjt65n3k3VaWq8=,tE6Bf3cNOPf4o5bSYEPF7+dxOBo=
5,53,TQkhuxp70KWzqTjt65n3k3VaWq8=,tE6Bf3cNOPf4o5bSYEPF7+dxOBo=
5,52,TQkhuxp70KWzqTjt65n3k3VaWq8=,tE6Bf3cNOPf4o5bSYEPF7+dxOBo=
6,55,TQkhuxp70KWzqTjt65n3k3VaWq8=,tE6Bf3cNOPf4o5bSYEPF7+dxOBo=
5,55,TQkhuxp70KWzqTjt65n3k3VaWq8=,tE6Bf3cNOPf4o5bSYEPF7+dxOBo=
0,57,TQkhuxp70KWzqTjt65n3k3VaWq8=,tE6Bf3cNOPf4o5bSYEPF7+dxOBo=
1,57,TQkhuxp70KWzqTjt65n3k3VaWq8=,tE6Bf3cNOPf4o5bSYEPF7+dxOBo=
5,54,TQkhuxp70KWzqTjt65n3k3VaWq8=,tE6Bf3cNOPf4o5bSYEPF7+dxOBo=
31,63,XvNHkXzFtLVgYVt/TzAmnkP/Bqk=,T2JNjrnTUf3J69SVeLjBuahPHXE=
30,63,1Mm02qMgjECRBPSoogfVWkJL2sU=,T2JNjrnTUf3J69SVeLjBuahPHXE=
29,63,1Mm02qMgjECRBPSoogfVWkJL2sU=,T2JNjrnTUf3J69SVeLjBuahPHXE=
28,63,8tzCaF6iu9kZuyFSgnvB754N72M=,T2JNjrnTUf3J69SVeLjBuahPHXE=
26,63,8tzCaF6iu9kZuyFSgnvB754N72M=,T2JNjrnTUf3J69SVeLjBuahPHXE=
25,63,8tzCaF6iu9kZuyFSgnvB754N72M=,T2JNjrnTUf3J69SVeLjBuahPHXE=
27,63,8tzCaF6iu9kZuyFSgnvB754N72M=,T2JNjrnTUf3J69SVeLjBuahPHXE=
22,63,8tzCaF6iu9kZuyFSgnvB754N72M=,T2JNjrnTUf3J69SVeLjBuahPHXE=
23,63,8tzCaF6iu9kZuyFSgnvB754N72M=,T2JNjrnTUf3J69SVeLjBuahPHXE=
24,63,8tzCaF6iu9kZuyFSgnvB754N72M=,T2JNjrnTUf3J69SVeLjBuahPHXE=
18,63,8tzCaF6iu9kZuyFSgnvB754N72M=,T2JNjrnTUf3J69SVeLjBuahPHXE=
17,63,8tzCaF6iu9kZuyFSgnvB754N72M=,T2JNjrnTUf3J69SVeLjBuahPHXE=
20,63,8tzCaF6iu9kZuyFSgnvB754N72M=,T2JNjrnTUf3J69SVeLjBuahPHXE=
16,63,8tzCaF6iu9kZuyFSgnvB754N72M=,T2JNjrnTUf3J69SVeLjBuahPHXE=
21,63,8tzCaF6iu9kZuyFSgnvB754N72M=,T2JNjrnTUf3J69SVeLjBuahPHXE=
19,63,8tzCaF6iu9kZuyFSgnvB754N72M=,T2JNjrnTUf3J69SVeLjBuahPHXE=
17,51,8tzCaF6iu9kZuyFSgnvB754N72M=,T2JNjrnTUf3J69SVeLjBuahPHXE=
31,62,8tzCaF6iu9kZuyFSgnvB754N72M=,T2JNjrnTUf3J69SVeLjBuahPHXE=
30,62,8tzCaF6iu9kZuyFSgnvB754N72M=,T2JNjrnTUf3J69SVeLjBuahPHXE=
29,62,8tzCaF6iu9kZuyFSgnvB754N72M=,T2JNjrnTUf3J69SVeLjBuahPHXE=
28,62,8tzCaF6iu9kZuyFSgnvB754N72M=,T2JNjrnTUf3J69SVeLjBuahPHXE=
27,62,8tzCaF6iu9kZuyFSgnvB754N72M=,T2JNjrnTUf3J69SVeLjBuahPHXE=
26,62,8tzCaF6iu9kZuyFSgnvB754N72M=,T2JNjrnTUf3J69SVeLjBuahPHXE=
25,62,8tzCaF6iu9kZuyFSgnvB754N72M=,T2JNjrnTUf3J69SVeLjBuahPHXE=
24,62,8tzCaF6iu9kZuyFSgnvB754N72M=,T2JNjrnTUf3J69SVeLjBuahPHXE=
23,62,8tzCaF6iu9kZuyFSgnvB754N72M=,T2JNjrnTUf3J69SVeLjBuahPHXE=
22,62,8tzCaF6iu9kZuyFSgnvB754N72M=,T2JNjrnTUf3J69SVeLjBuahPHXE=
21,62,8tzCaF6iu9kZuyFSgnvB754N72M=,T2JNjrnTUf3J69SVeLjBuahPHXE=
20,62,8tzCaF6iu9kZuyFSgnvB754N72M=,T2JNjrnTUf3J69SVeLjBuahPHXE=
19,62,8tzCaF6iu9kZuyFSgnvB754N72M=,T2JNjrnTUf3J69SVeLjBuahPHXE=
23,51,8tzCaF6iu9kZuyFSgnvB754N72M=,T2JNjrnTUf3J69SVeLjBuahPHXE=
20,51,8tzCaF6iu9kZuyFSgnvB754N72M=,T2JNjrnTUf3J69SVeLjBuahPHXE=
18,62,8tzCaF6iu9kZuyFSgnvB754N72M=,T2JNjrnTUf3J69SVeLjBuahPHXE=
17,62,8tzCaF6iu9kZuyFSgnvB754N72M=,T2JNjrnTUf3J69SVeLjBuahPHXE=
24,51,8tzCaF6iu9kZuyFSgnvB754N72M=,T2JNjrnTUf3J69SVeLjBuahPHXE=
18,51,8tzCaF6iu9kZuyFSgnvB754N72M=,T2JNjrnTUf3J69SVeLjBuahPHXE=
20,50,8tzCaF6iu9kZuyFSgnvB754N72M=,T2JNjrnTUf3J69SVeLjBuahPHXE=
19,50,8tzCaF6iu9kZuyFSgnvB754N72M=,T2JNjrnTUf3J69SVeLjBuahPHXE=
16,62,8tzCaF6iu9kZuyFSgnvB754N72M=,T2JNjrnTUf3J69SVeLjBuahPHXE=
30,61,8tzCaF6iu9kZuyFSgnvB754N72M=,T2JNjrnTUf3J69SVeLjBuahPHXE=
20,49,8tzCaF6iu9kZuyFSgnvB754N72M=,T2JNjrnTUf3J69SVeLjBuahPHXE=
29,61,8tzCaF6iu9kZuyFSgnvB754N72M=,T2JNjrnTUf3J69SVeLjBuahPHXE=
28,61,8tzCaF6iu9kZuyFSgnvB754N72M=,T2JNjrnTUf3J69SVeLjBuahPHXE=
27,61,8tzCaF6iu9kZuyFSgnvB754N72M=,T2JNjrnTUf3J69SVeLjBuahPHXE=
22,51,8tzCaF6iu9kZuyFSgnvB754N72M=,T2JNjrnTUf3J69SVeLjBuahPHXE=
26,61,8tzCaF6iu9kZuyFSgnvB754N72M=,T2JNjrnTUf3J69SVeLjBuahPHXE=
18,50,8tzCaF6iu9kZuyFSgnvB754N72M=,T2JNjrnTUf3J69SVeLjBuahPHXE=
19,51,8tzCaF6iu9kZuyFSgnvB754N72M=,T2JNjrnTUf3J69SVeLjBuahPHXE=
22,61,8tzCaF6iu9kZuyFSgnvB754N72M=,T2JNjrnTUf3J69SVeLjBuahPHXE=
21,51,8tzCaF6iu9kZuyFSgnvB754N72M=,T2JNjrnTUf3J69SVeLjBuahPHXE=
20,61,8tzCaF6iu9kZuyFSgnvB754N72M=,T2JNjrnTUf3J69SVeLjBuahPHXE=
19,61,8tzCaF6iu9kZuyFSgnvB754N72M=,T2JNjrnTUf3J69SVeLjBuahPHXE=
21,50,8tzCaF6iu9kZuyFSgnvB754N72M=,T2JNjrnTUf3J69SVeLjBuahPHXE=
19,49,8tzCaF6iu9kZuyFSgnvB754N72M=,T2JNjrnTUf3J69SVeLjBuahPHXE=
31,61,8tzCaF6iu9kZuyFSgnvB754N72M=,T2JNjrnTUf3J69SVeLjBuahPHXE=
25,61,8tzCaF6iu9kZuyFSgnvB754N72M=,T2JNjrnTUf3J69SVeLjBuahPHXE=
21,61,8tzCaF6iu9kZuyFSgnvB754N72M=,T2JNjrnTUf3J69SVeLjBuahPHXE=
23,61,8tzCaF6iu9kZuyFSgnvB754N72M=,T2JNjrnTUf3J69SVeLjBuahPHXE=
30,60,8tzCaF6iu9kZuyFSgnvB754N72M=,T2JNjrnTUf3J69SVeLjBuahPHXE=
29,60,8tzCaF6iu9kZuyFSgnvB754N72M=,T2JNjrnTUf3J69SVeLjBuahPHXE=
24,61,8tzCaF6iu9kZuyFSgnvB754N72M=,T2JNjrnTUf3J69SVeLjBuahPHXE=
28,60,8tzCaF6iu9kZuyFSgnvB754N72M=,T2JNjrnTUf3J69SVeLjBuahPHXE=
26,60,8tzCaF6iu9kZuyFSgnvB754N72M=,T2JNjrnTUf3J69SVeLjBuahPHXE=
25,60,8tzCaF6iu9kZuyFSgnvB754N72M=,T2JNjrnTUf3J69SVeLjBuahPHXE=
24,60,8tzCaF6iu9kZuyFSgnvB754N72M=,T2JNjrnTUf3J69SVeLjBuahPHXE=
23,60,8tzCaF6iu9kZuyFSgnvB754N72M=,T2JNjrnTUf3J69SVeLjBuahPHXE=
22,60,8tzCaF6iu9kZuyFSgnvB754N72M=,T2JNjrnTUf3J69SVeLjBuahPHXE=
21,60,8tzCaF6iu9kZuyFSgnvB754N72M=,T2JNjrnTUf3J69SVeLjBuahPHXE=
20,60,8tzCaF6iu9kZuyFSgnvB754N72M=,T2JNjrnTUf3J69SVeLjBuahPHXE=
19,60,8tzCaF6iu9kZuyFSgnvB754N72M=,T2JNjrnTUf3J69SVeLjBuahPHXE=
21,48,8tzCaF6iu9kZuyFSgnvB754N72M=,T2JNjrnTUf3J69SVeLjBuahPHXE=
18,49,8tzCaF6iu9kZuyFSgnvB754N72M=,T2JNjrnTUf3J69SVeLjBuahPHXE=
25,51,8tzCaF6iu9kZuyFSgnvB754N72M=,T2JNjrnTUf3J69SVeLjBuahPHXE=
17,50,8tzCaF6iu9kZuyFSgnvB754N72M=,T2JNjrnTUf3J69SVeLjBuahPHXE=
31,60,8tzCaF6iu9kZuyFSgnvB754N72M=,T2JNjrnTUf3J69SVeLjBuahPHXE=
27,60,8tzCaF6iu9kZuyFSgnvB754N72M=,T2JNjrnTUf3J69SVeLjBuahPHXE=
17,49,8tzCaF6iu9kZuyFSgnvB754N72M=,T2JNjrnTUf3J69SVeLjBuahPHXE=
19,48,8tzCaF6iu9kZuyFSgnvB754N72M=,T2JNjrnTUf3J69SVeLjBuahPHXE=
21,49,8tzCaF6iu9kZuyFSgnvB754N72M=,T2JNjrnTUf3J69SVeLjBuahPHXE=
16,51,8tzCaF6iu9kZuyFSgnvB754N72M=,T2JNjrnTUf3J69SVeLjBuahPHXE=
17,60,8tzCaF6iu9kZuyFSgnvB754N72M=,T2JNjrnTUf3J69SVeLjBuahPHXE=
31,50,8tzCaF6iu9kZuyFSgnvB754N72M=,T2JNjrnTUf3J69SVeLjBuahPHXE=
31,48,8tzCaF6iu9kZuyFSgnvB754N72M=,T2JNjrnTUf3J69SVeLjBuahPHXE=
31,49,8tzCaF6iu9kZuyFSgnvB754N72M=,T2JNjrnTUf3J69SVeLjBuahPHXE=
20,48,8tzCaF6iu9kZuyFSgnvB754N72M=,T2JNjrnTUf3J69SVeLjBuahPHXE=
30,59,8tzCaF6iu9kZuyFSgnvB754N72M=,T2JNjrnTUf3J69SVeLjBuahPHXE=
29,59,8tzCaF6iu9kZuyFSgnvB754N72M=,T2JNjrnTUf3J69SVeLjBuahPHXE=
28,59,8tzCaF6iu9kZuyFSgnvB754N72M=,T2JNjrnTUf3J69SVeLjBuahPHXE=
27,59,8tzCaF6iu9kZuyFSgnvB754N72M=,T2JNjrnTUf3J69SVeLjBuahPHXE=
26,59,8tzCaF6iu9kZuyFSgnvB754N72M=,T2JNjrnTUf3J69SVeLjBuahPHXE=
25,59,8tzCaF6iu9kZuyFSgnvB754N72M=,T2JNjrnTUf3J69SVeLjBuahPHXE=
24,59,8tzCaF6iu9kZuyFSgnvB754N72M=,T2JNjrnTUf3J69SVeLjBuahPHXE=
23,59,8tzCaF6iu9kZuyFSgnvB754N72M=,T2JNjrnTUf3J69SVeLjBuahPHXE=
22,59,8tzCaF6iu9kZuyFSgnvB754N72M=,T2JNjrnTUf3J69SVeLjBuahPHXE=
21,59,8tzCaF6iu9kZuyFSgnvB754N72M=,T2JNjrnTUf3J69SVeLjBuahPHXE=
20,59,8tzCaF6iu9kZuyFSgnvB754N72M=,T2JNjrnTUf3J69SVeLjBuahPHXE=
19,59,8tzCaF6iu9kZuyFSgnvB754N72M=,T2JNjrnTUf3J69SVeLjBuahPHXE=
22,50,8tzCaF6iu9kZuyFSgnvB754N72M=,T2JNjrnTUf3J69SVeLjBuahPHXE=
30,49,8tzCaF6iu9kZuyFSgnvB754N72M=,T2JNjrnTUf3J69SVeLjBuahPHXE=
17,59,8tzCaF6iu9kZuyFSgnvB754N72M=,T2JNjrnTUf3J69SVeLjBuahPHXE=
18,60,8tzCaF6iu9kZuyFSgnvB754N72M=,T2JNjrnTUf3J69SVeLjBuahPHXE=
16,60,8tzCaF6iu9kZuyFSgnvB754N72M=,T2JNjrnTUf3J69SVeLjBuahPHXE=
16,59,8tzCaF6iu9kZuyFSgnvB754N72M=,T2JNjrnTUf3J69SVeLjBuahPHXE=
18,59,8tzCaF6iu9kZuyFSgnvB754N72M=,T2JNjrnTUf3J69SVeLjBuahPHXE=
30,58,8tzCaF6iu9kZuyFSgnvB754N72M=,T2JNjrnTUf3J69SVeLjBuahPHXE=
29,58,8tzCaF6iu9kZuyFSgnvB754N72M=,T2JNjrnTUf3J69SVeLjBuahPHXE=
28,58,8tzCaF6iu9kZuyFSgnvB754N72M=,T2JNjrnTUf3J69SVeLjBuahPHXE=
27,58,8tzCaF6iu9kZuyFSgnvB754N72M=,T2JNjrnTUf3J69SVeLjBuahPHXE=
26,58,8tzCaF6iu9kZuyFSgnvB754N72M=,T2JNjrnTUf3J69SVeLjBuahPHXE=
31,58,8tzCaF6iu9kZuyFSgnvB754N72M=,T2JNjrnTUf3J69SVeLjBuahPHXE=
25,58,8tzCaF6iu9kZuyFSgnvB754N72M=,T2JNjrnTUf3J69SVeLjBuahPHXE=
22,58,8tzCaF6iu9kZuyFSgnvB754N72M=,T2JNjrnTUf3J69SVeLjBuahPHXE=
24,58,8tzCaF6iu9kZuyFSgnvB754N72M=,T2JNjrnTUf3J69SVeLjBuahPHXE=
21,58,8tzCaF6iu9kZuyFSgnvB754N72M=,T2JNjrnTUf3J69SVeLjBuahPHXE=
16,50,8tzCaF6iu9kZuyFSgnvB754N72M=,T2JNjrnTUf3J69SVeLjBuahPHXE=
23,58,8tzCaF6iu9kZuyFSgnvB754N72M=,T2JNjrnTUf3J69SVeLjBuahPHXE=
18,58,8tzCaF6iu9kZuyFSgnvB754N72M=,T2JNjrnTUf3J69SVeLjBuahPHXE=
17,58,8tzCaF6iu9kZuyFSgnvB754N72M=,T2JNjrnTUf3J69SVeLjBuahPHXE=
30,50,8tzCaF6iu9kZuyFSgnvB754N72M=,T2JNjrnTUf3J69SVeLjBuahPHXE=
29,50,8tzCaF6iu9kZuyFSgnvB754N72M=,T2JNjrnTUf3J69SVeLjBuahPHXE=
29,49,8tzCaF6iu9kZuyFSgnvB754N72M=,T2JNjrnTUf3J69SVeLjBuahPHXE=
31,57,8tzCaF6iu9kZuyFSgnvB754N72M=,T2JNjrnTUf3J69SVeLjBuahPHXE=
16,49,8tzCaF6iu9kZuyFSgnvB754N72M=,T2JNjrnTUf3J69SVeLjBuahPHXE=
31,59,8tzCaF6iu9kZuyFSgnvB754N72M=,T2JNjrnTUf3J69SVeLjBuahPHXE=
29,57,8tzCaF6iu9kZuyFSgnvB754N72M=,T2JNjrnTUf3J69SVeLjBuahPHXE=
28,57,8tzCaF6iu9kZuyFSgnvB754N72M=,T2JNjrnTUf3J69SVeLjBuahPHXE=
27,57,8tzCaF6iu9kZuyFSgnvB754N72M=,T2JNjrnTUf3J69SVeLjBuahPHXE=
26,57,8tzCaF6iu9kZuyFSgnvB754N72M=,T2JNjrnTUf3J69SVeLjBuahPHXE=
25,57,8tzCaF6iu9kZuyFSgnvB754N72M=,T2JNjrnTUf3J69SVeLjBuahPHXE=
24,57,8tzCaF6iu9kZuyFSgnvB754N72M=,T2JNjrnTUf3J69SVeLjBuahPHXE=
23,57,8tzCaF6iu9kZuyFSgnvB754N72M=,T2JNjrnTUf3J69SVeLjBuahPHXE=
22,57,8tzCaF6iu9kZuyFSgnvB754N72M=,T2JNjrnTUf3J69SVeLjBuahPHXE=
21,57,8tzCaF6iu9kZuyFSgnvB754N72M=,T2JNjrnTUf3J69SVeLjBuahPHXE=
19,58,8tzCaF6iu9kZuyFSgnvB754N72M=,T2JNjrnTUf3J69SVeLjBuahPHXE=
19,57,8tzCaF6iu9kZuyFSgnvB754N72M=,T2JNjrnTUf3J69SVeLjBuahPHXE=
18,57,8tzCaF6iu9kZuyFSgnvB754N72M=,T2JNjrnTUf3J69SVeLjBuahPHXE=
17,57,8tzCaF6iu9kZuyFSgnvB754N72M=,T2JNjrnTUf3J69SVeLjBuahPHXE=
16,57,8tzCaF6iu9kZuyFSgnvB754N72M=,T2JNjrnTUf3J69SVeLjBuahPHXE=
16,58,8tzCaF6iu9kZuyFSgnvB754N72M=,T2JNjrnTUf3J69SVeLjBuahPHXE=
20,57,8tzCaF6iu9kZuyFSgnvB754N72M=,T2JNjrnTUf3J69SVeLjBuahPHXE=
31,56,8tzCaF6iu9kZuyFSgnvB754N72M=,T2JNjrnTUf3J69SVeLjBuahPHXE=
30,48,8tzCaF6iu9kZuyFSgnvB754N72M=,T2JNjrnTUf3J69SVeLjBuahPHXE=
30,56,8tzCaF6iu9kZuyFSgnvB754N72M=,T2JNjrnTUf3J69SVeLjBuahPHXE=
29,56,8tzCaF6iu9kZuyFSgnvB754N72M=,T2JNjrnTUf3J69SVeLjBuahPHXE=
30,57,8tzCaF6iu9kZuyFSgnvB754N72M=,T2JNjrnTUf3J69SVeLjBuahPHXE=
28,56,8tzCaF6iu9kZuyFSgnvB754N72M=,T2JNjrnTUf3J69SVeLjBuahPHXE=
17,48,8tzCaF6iu9kZuyFSgnvB754N72M=,T2JNjrnTUf3J69SVeLjBuahPHXE=
27,56,8tzCaF6iu9kZuyFSgnvB754N72M=,T2JNjrnTUf3J69SVeLjBuahPHXE=
24,56,8tzCaF6iu9kZuyFSgnvB754N72M=,T2JNjrnTUf3J69SVeLjBuahPHXE=
26,56,8tzCaF6iu9kZuyFSgnvB754N72M=,T2JNjrnTUf3J69SVeLjBuahPHXE=
22,56,8tzCaF6iu9kZuyFSgnvB754N72M=,T2JNjrnTUf3J69SVeLjBuahPHXE=
21,56,8tzCaF6iu9kZuyFSgnvB754N72M=,T2JNjrnTUf3J69SVeLjBuahPHXE=
20,56,8tzCaF6iu9kZuyFSgnvB754N72M=,T2JNjrnTUf3J69SVeLjBuahPHXE=
19,56,8tzCaF6iu9kZuyFSgnvB754N72M=,T2JNjrnTUf3J69SVeLjBuahPHXE=
18,56,8tzCaF6iu9kZuyFSgnvB754N72M=,T2JNjrnTUf3J69SVeLjBuahPHXE=
17,56,8tzCaF6iu9kZuyFSgnvB754N72M=,T2JNjrnTUf3J69SVeLjBuahPHXE=
23,56,8tzCaF6iu9kZuyFSgnvB754N72M=,T2JNjrnTUf3J69SVeLjBuahPHXE=
16,56,8tzCaF6iu9kZuyFSgnvB754N72M=,T2JNjrnTUf3J69SVeLjBuahPHXE=
25,56,8tzCaF6iu9kZuyFSgnvB754N72M=,T2JNjrnTUf3J69SVeLjBuahPHXE=
31,55,8tzCaF6iu9kZuyFSgnvB754N72M=,T2JNjrnTUf3J69SVeLjBuahPHXE=
18,61,8tzCaF6iu9kZuyFSgnvB754N72M=,T2JNjrnTUf3J69SVeLjBuahPHXE=
30,55,8tzCaF6iu9kZuyFSgnvB754N72M=,T2JNjrnTUf3J69SVeLjBuahPHXE=
29,55,8tzCaF6iu9kZuyFSgnvB754N72M=,T2JNjrnTUf3J69SVeLjBuahPHXE=
27,48,8tzCaF6iu9kZuyFSgnvB754N72M=,T2JNjrnTUf3J69SVeLjBuahPHXE=
26,51,8tzCaF6iu9kZuyFSgnvB754N72M=,T2JNjrnTUf3J69SVeLjBuahPHXE=
29,48,8tzCaF6iu9kZuyFSgnvB754N72M=,T2JNjrnTUf3J69SVeLjBuahPHXE=
26,48,8tzCaF6iu9kZuyFSgnvB754N72M=,T2JNjrnTUf3J69SVeLjBuahPHXE=
28,55,8tzCaF6iu9kZuyFSgnvB754N72M=,T2JNjrnTUf3J69SVeLjBuahPHXE=
27,55,8tzCaF6iu9kZuyFSgnvB754N72M=,T2JNjrnTUf3J69SVeLjBuahPHXE=
20,58,8tzCaF6iu9kZuyFSgnvB754N72M=,T2JNjrnTUf3J69SVeLjBuahPHXE=
22,55,8tzCaF6iu9kZuyFSgnvB754N72M=,T2JNjrnTUf3J69SVeLjBuahPHXE=
21,55,8tzCaF6iu9kZuyFSgnvB754N72M=,T2JNjrnTUf3J69SVeLjBuahPHXE=
20,55,8tzCaF6iu9kZuyFSgnvB754N72M=,T2JNjrnTUf3J69SVeLjBuahPHXE=
18,55,8tzCaF6iu9kZuyFSgnvB754N72M=,T2JNjrnTUf3J69SVeLjBuahPHXE=
19,55,8tzCaF6iu9kZuyFSgnvB754N72M=,T2JNjrnTUf3J69SVeLjBuahPHXE=
17,55,8tzCaF6iu9kZuyFSgnvB754N72M=,T2JNjrnTUf3J69SVeLjBuahPHXE=
16,55,8tzCaF6iu9kZuyFSgnvB754N72M=,T2JNjrnTUf3J69SVeLjBuahPHXE=
23,55,8tzCaF6iu9kZuyFSgnvB754N72M=,T2JNjrnTUf3J69SVeLjBuahPHXE=
27,49,8tzCaF6iu9kZuyFSgnvB754N72M=,T2JNjrnTUf3J69SVeLjBuahPHXE=
25,55,8tzCaF6iu9kZuyFSgnvB754N72M=,T2JNjrnTUf3J69SVeLjBuahPHXE=
31,54,8tzCaF6iu9kZuyFSgnvB754N72M=,T2JNjrnTUf3J69SVeLjBuahPHXE=
30,54,8tzCaF6iu9kZuyFSgnvB754N72M=,T2JNjrnTUf3J69SVeLjBuahPHXE=
29,54,8tzCaF6iu9kZuyFSgnvB754N72M=,T2JNjrnTUf3J69SVeLjBuahPHXE=
27,54,8tzCaF6iu9kZuyFSgnvB754N72M=,T2JNjrnTUf3J69SVeLjBuahPHXE=
26,55,8tzCaF6iu9kZuyFSgnvB754N72M=,T2JNjrnTUf3J69SVeLjBuahPHXE=
28,54,8tzCaF6iu9kZuyFSgnvB754N72M=,T2JNjrnTUf3J69SVeLjBuahPHXE=
25,48,8tzCaF6iu9kZuyFSgnvB754N72M=,T2JNjrnTUf3J69SVeLjBuahPHXE=
16,61,8tzCaF6iu9kZuyFSgnvB754N72M=,T2JNjrnTUf3J69SVeLjBuahPHXE=
27,50,8tzCaF6iu9kZuyFSgnvB754N72M=,T2JNjrnTUf3J69SVeLjBuahPHXE=
26,50,8tzCaF6iu9kZuyFSgnvB754N72M=,T2JNjrnTUf3J69SVeLjBuahPHXE=
21,54,8tzCaF6iu9kZuyFSgnvB754N72M=,T2JNjrnTUf3J69SVeLjBuahPHXE=
20,54,8tzCaF6iu9kZuyFSgnvB754N72M=,T2JNjrnTUf3J69SVeLjBuahPHXE=
19,54,8tzCaF6iu9kZuyFSgnvB754N72M=,T2JNjrnTUf3J69SVeLjBuahPHXE=
18,54,8tzCaF6iu9kZuyFSgnvB754N72M=,T2JNjrnTUf3J69SVeLjBuahPHXE=
17,54,8tzCaF6iu9kZuyFSgnvB754N72M=,T2JNjrnTUf3J69SVeLjBuahPHXE=
16,54,8tzCaF6iu9kZuyFSgnvB754N72M=,T2JNjrnTUf3J69SVeLjBuahPHXE=
28,48,8tzCaF6iu9kZuyFSgnvB754N72M=,T2JNjrnTUf3J69SVeLjBuahPHXE=
27,51,8tzCaF6iu9kZuyFSgnvB754N72M=,T2JNjrnTUf3J69SVeLjBuahPHXE=
28,50,8tzCaF6iu9kZuyFSgnvB754N72M=,T2JNjrnTUf3J69SVeLjBuahPHXE=
31,53,8tzCaF6iu9kZuyFSgnvB754N72M=,T2JNjrnTUf3J69SVeLjBuahPHXE=
28,49,8tzCaF6iu9kZuyFSgnvB754N72M=,T2JNjrnTUf3J69SVeLjBuahPHXE=
30,53,8tzCaF6iu9kZuyFSgnvB754N72M=,T2JNjrnTUf3J69SVeLjBuahPHXE=
18,48,8tzCaF6iu9kZuyFSgnvB754N72M=,T2JNjrnTUf3J69SVeLjBuahPHXE=
29,53,8tzCaF6iu9kZuyFSgnvB754N72M=,T2JNjrnTUf3J69SVeLjBuahPHXE=
25,54,8tzCaF6iu9kZuyFSgnvB754N72M=,T2JNjrnTUf3J69SVeLjBuahPHXE=
26,54,8tzCaF6iu9kZuyFSgnvB754N72M=,T2JNjrnTUf3J69SVeLjBuahPHXE=
22,54,8tzCaF6iu9kZuyFSgnvB754N72M=,T2JNjrnTUf3J69SVeLjBuahPHXE=
24,48,8tzCaF6iu9kZuyFSgnvB754N72M=,T2JNjrnTUf3J69SVeLjBuahPHXE=
28,53,8tzCaF6iu9kZuyFSgnvB754N72M=,T2JNjrnTUf3J69SVeLjBuahPHXE=
24,53,8tzCaF6iu9kZuyFSgnvB754N72M=,T2JNjrnTUf3J69SVeLjBuahPHXE=
28,51,8tzCaF6iu9kZuyFSgnvB754N72M=,T2JNjrnTUf3J69SVeLjBuahPHXE=
26,49,8tzCaF6iu9kZuyFSgnvB754N72M=,T2JNjrnTUf3J69SVeLjBuahPHXE=
29,51,8tzCaF6iu9kZuyFSgnvB754N72M=,T2JNjrnTUf3J69SVeLjBuahPHXE=
30,51,8tzCaF6iu9kZuyFSgnvB754N72M=,T2JNjrnTUf3J69SVeLjBuahPHXE=
20,53,8tzCaF6iu9kZuyFSgnvB754N72M=,T2JNjrnTUf3J69SVeLjBuahPHXE=
19,53,8tzCaF6iu9kZuyFSgnvB754N72M=,T2JNjrnTUf3J69SVeLjBuahPHXE=
18,53,8tzCaF6iu9kZuyFSgnvB754N72M=,T2JNjrnTUf3J69SVeLjBuahPHXE=
23,53,8tzCaF6iu9kZuyFSgnvB754N72M=,T2JNjrnTUf3J69SVeLjBuahPHXE=
21,53,8tzCaF6iu9kZuyFSgnvB754N72M=,T2JNjrnTUf3J69SVeLjBuahPHXE=
22,53,8tzCaF6iu9kZuyFSgnvB754N72M=,T2JNjrnTUf3J69SVeLjBuahPHXE=
24,49,8tzCaF6iu9kZuyFSgnvB754N72M=,T2JNjrnTUf3J69SVeLjBuahPHXE=
31,52,8tzCaF6iu9kZuyFSgnvB754N72M=,T2JNjrnTUf3J69SVeLjBuahPHXE=
24,50,8tzCaF6iu9kZuyFSgnvB754N72M=,T2JNjrnTUf3J69SVeLjBuahPHXE=
25,50,8tzCaF6iu9kZuyFSgnvB754N72M=,T2JNjrnTUf3J69SVeLjBuahPHXE=
17,53,8tzCaF6iu9kZuyFSgnvB754N72M=,T2JNjrnTUf3J69SVeLjBuahPHXE=
30,52,8tzCaF6iu9kZuyFSgnvB754N72M=,T2JNjrnTUf3J69SVeLjBuahPHXE=
29,52,8tzCaF6iu9kZuyFSgnvB754N72M=,T2JNjrnTUf3J69SVeLjBuahPHXE=
16,53,8tzCaF6iu9kZuyFSgnvB754N72M=,T2JNjrnTUf3J69SVeLjBuahPHXE=
26,53,8tzCaF6iu9kZuyFSgnvB754N72M=,T2JNjrnTUf3J69SVeLjBuahPHXE=
27,53,8tzCaF6iu9kZuyFSgnvB754N72M=,T2JNjrnTUf3J69SVeLjBuahPHXE=
24,52,8tzCaF6iu9kZuyFSgnvB754N72M=,T2JNjrnTUf3J69SVeLjBuahPHXE=
25,49,8tzCaF6iu9kZuyFSgnvB754N72M=,T2JNjrnTUf3J69SVeLjBuahPHXE=
23,52,8tzCaF6iu9kZuyFSgnvB754N72M=,T2JNjrnTUf3J69SVeLjBuahPHXE=
22,52,8tzCaF6iu9kZuyFSgnvB754N72M=,T2JNjrnTUf3J69SVeLjBuahPHXE=
28,52,8tzCaF6iu9kZuyFSgnvB754N72M=,T2JNjrnTUf3J69SVeLjBuahPHXE=
21,52,8tzCaF6iu9kZuyFSgnvB754N72M=,T2JNjrnTUf3J69SVeLjBuahPHXE=
18,52,8tzCaF6iu9kZuyFSgnvB754N72M=,T2JNjrnTUf3J69SVeLjBuahPHXE=
17,52,8tzCaF6iu9kZuyFSgnvB754N72M=,T2JNjrnTUf3J69SVeLjBuahPHXE=
25,52,8tzCaF6iu9kZuyFSgnvB754N72M=,T2JNjrnTUf3J69SVeLjBuahPHXE=
16,52,8tzCaF6iu9kZuyFSgnvB754N72M=,T2JNjrnTUf3J69SVeLjBuahPHXE=
19,52,8tzCaF6iu9kZuyFSgnvB754N72M=,T2JNjrnTUf3J69SVeLjBuahPHXE=
23,48,8tzCaF6iu9kZuyFSgnvB754N72M=,T2JNjrnTUf3J69SVeLjBuahPHXE=
16,48,8tzCaF6iu9kZuyFSgnvB754N72M=,T2JNjrnTUf3J69SVeLjBuahPHXE=
22,49,8tzCaF6iu9kZuyFSgnvB754N72M=,T2JNjrnTUf3J69SVeLjBuahPHXE=
25,53,8tzCaF6iu9kZuyFSgnvB754N72M=,T2JNjrnTUf3J69SVeLjBuahPHXE=
23,50,8tzCaF6iu9kZuyFSgnvB754N72M=,T2JNjrnTUf3J69SVeLjBuahPHXE=
20,52,8tzCaF6iu9kZuyFSgnvB754N72M=,T2JNjrnTUf3J69SVeLjBuahPHXE=
26,52,8tzCaF6iu9kZuyFSgnvB754N72M=,T2JNjrnTUf3J69SVeLjBuahPHXE=
23,49,8tzCaF6iu9kZuyFSgnvB754N72M=,T2JNjrnTUf3J69SVeLjBuahPHXE=
23,54,8tzCaF6iu9kZuyFSgnvB754N72M=,T2JNjrnTUf3J69SVeLjBuahPHXE=
27,52,8tzCaF6iu9kZuyFSgnvB754N72M=,T2JNjrnTUf3J69SVeLjBuahPHXE=
22,48,8tzCaF6iu9kZuyFSgnvB754N72M=,T2JNjrnTUf3J69SVeLjBuahPHXE=
31,51,8tzCaF6iu9kZuyFSgnvB754N72M=,T2JNjrnTUf3J69SVeLjBuahPHXE=
17,61,8tzCaF6iu9kZuyFSgnvB754N72M=,T2JNjrnTUf3J69SVeLjBuahPHXE=
24,54,8tzCaF6iu9kZuyFSgnvB754N72M=,T2JNjrnTUf3J69SVeLjBuahPHXE=
24,55,8tzCaF6iu9kZuyFSgnvB754N72M=,T2JNjrnTUf3J69SVeLjBuahPHXE=
21,32,BmtlXHG68lci9DZeAAT9xcpNu8A=,pz+ccZD8hwKq71S4Qvhg7uSGDpA=
21,33,2Lk6HQiAy/2ATrIc15/DXiEmWMg=,pz+ccZD8hwKq71S4Qvhg7uSGDpA=
19,32,gYTpERagcbxfHOX3kuDUUk0mqt0=,pz+ccZD8hwKq71S4Qvhg7uSGDpA=
27,47,gYTpERagcbxfHOX3kuDUUk0mqt0=,pz+ccZD8hwKq71S4Qvhg7uSGDpA=
20,34,vdjIzCSs/f0RVhVsteSnIBofmlw=,pz+ccZD8hwKq71S4Qvhg7uSGDpA=
26,47,vdjIzCSs/f0RVhVsteSnIBofmlw=,pz+ccZD8hwKq71S4Qvhg7uSGDpA=
25,47,vdjIzCSs/f0RVhVsteSnIBofmlw=,pz+ccZD8hwKq71S4Qvhg7uSGDpA=
17,32,vdjIzCSs/f0RVhVsteSnIBofmlw=,pz+ccZD8hwKq71S4Qvhg7uSGDpA=
21,34,vdjIzCSs/f0RVhVsteSnIBofmlw=,pz+ccZD8hwKq71S4Qvhg7uSGDpA=
22,34,vdjIzCSs/f0RVhVsteSnIBofmlw=,pz+ccZD8hwKq71S4Qvhg7uSGDpA=
23,47,vdjIzCSs/f0RVhVsteSnIBofmlw=,pz+ccZD8hwKq71S4Qvhg7uSGDpA=
24,47,vdjIzCSs/f0RVhVsteSnIBofmlw=,pz+ccZD8hwKq71S4Qvhg7uSGDpA=
21,47,vdjIzCSs/f0RVhVsteSnIBofmlw=,pz+ccZD8hwKq71S4Qvhg7uSGDpA=
20,35,vdjIzCSs/f0RVhVsteSnIBofmlw=,pz+ccZD8hwKq71S4Qvhg7uSGDpA=
22,35,vdjIzCSs/f0RVhVsteSnIBofmlw=,pz+ccZD8hwKq71S4Qvhg7uSGDpA=
22,47,vdjIzCSs/f0RVhVsteSnIBofmlw=,pz+ccZD8hwKq71S4Qvhg7uSGDpA=
17,47,vdjIzCSs/f0RVhVsteSnIBofmlw=,pz+ccZD8hwKq71S4Qvhg7uSGDpA=
16,47,vdjIzCSs/f0RVhVsteSnIBofmlw=,pz+ccZD8hwKq71S4Qvhg7uSGDpA=
19,34,vdjIzCSs/f0RVhVsteSnIBofmlw=,pz+ccZD8hwKq71S4Qvhg7uSGDpA=
31,46,vdjIzCSs/f0RVhVsteSnIBofmlw=,pz+ccZD8hwKq71S4Qvhg7uSGDpA=
23,35,vdjIzCSs/f0RVhVsteSnIBofmlw=,pz+ccZD8hwKq71S4Qvhg7uSGDpA=
30,46,vdjIzCSs/f0RVhVsteSnIBofmlw=,pz+ccZD8hwKq71S4Qvhg7uSGDpA=
20,32,vdjIzCSs/f0RVhVsteSnIBofmlw=,pz+ccZD8hwKq71S4Qvhg7uSGDpA=
17,35,vdjIzCSs/f0RVhVsteSnIBofmlw=,pz+ccZD8hwKq71S4Qvhg7uSGDpA=
19,35,vdjIzCSs/f0RVhVsteSnIBofmlw=,pz+ccZD8hwKq71S4Qvhg7uSGDpA=
25,46,vdjIzCSs/f0RVhVsteSnIBofmlw=,pz+ccZD8hwKq71S4Qvhg7uSGDpA=
18,35,vdjIzCSs/f0RVhVsteSnIBofmlw=,pz+ccZD8hwKq71S4Qvhg7uSGDpA=
26,46,vdjIzCSs/f0RVhVsteSnIBofmlw=,pz+ccZD8hwKq71S4Qvhg7uSGDpA=
24,46,vdjIzCSs/f0RVhVsteSnIBofmlw=,pz+ccZD8hwKq71S4Qvhg7uSGDpA=
21,35,vdjIzCSs/f0RVhVsteSnIBofmlw=,pz+ccZD8hwKq71S4Qvhg7uSGDpA=
23,46,vdjIzCSs/f0RVhVsteSnIBofmlw=,pz+ccZD8hwKq71S4Qvhg7uSGDpA=
27,46,vdjIzCSs/f0RVhVsteSnIBofmlw=,pz+ccZD8hwKq71S4Qvhg7uSGDpA=
29,47,vdjIzCSs/f0RVhVsteSnIBofmlw=,pz+ccZD8hwKq71S4Qvhg7uSGDpA=
28,47,vdjIzCSs/f0RVhVsteSnIBofmlw=,pz+ccZD8hwKq71S4Qvhg7uSGDpA=
28,46,vdjIzCSs/f0RVhVsteSnIBofmlw=,pz+ccZD8hwKq71S4Qvhg7uSGDpA=
19,33,vdjIzCSs/f0RVhVsteSnIBofmlw=,pz+ccZD8hwKq71S4Qvhg7uSGDpA=
30,47,vdjIzCSs/f0RVhVsteSnIBofmlw=,pz+ccZD8hwKq71S4Qvhg7uSGDpA=
16,46,vdjIzCSs/f0RVhVsteSnIBofmlw=,pz+ccZD8hwKq71S4Qvhg7uSGDpA=
31,47,vdjIzCSs/f0RVhVsteSnIBofmlw=,pz+ccZD8hwKq71S4Qvhg7uSGDpA=
31,45,vdjIzCSs/f0RVhVsteSnIBofmlw=,pz+ccZD8hwKq71S4Qvhg7uSGDpA=
17,46,vdjIzCSs/f0RVhVsteSnIBofmlw=,pz+ccZD8hwKq71S4Qvhg7uSGDpA=
29,45,vdjIzCSs/f0RVhVsteSnIBofmlw=,pz+ccZD8hwKq71S4Qvhg7uSGDpA=
22,46,vdjIzCSs/f0RVhVsteSnIBofmlw=,pz+ccZD8hwKq71S4Qvhg7uSGDpA=
30,45,vdjIzCSs/f0RVhVsteSnIBofmlw=,pz+ccZD8hwKq71S4Qvhg7uSGDpA=
28,45,vdjIzCSs/f0RVhVsteSnIBofmlw=,pz+ccZD8hwKq71S4Qvhg7uSGDpA=
24,45,vdjIzCSs/f0RVhVsteSnIBofmlw=,pz+ccZD8hwKq71S4Qvhg7uSGDpA=
20,33,vdjIzCSs/f0RVhVsteSnIBofmlw=,pz+ccZD8hwKq71S4Qvhg7uSGDpA=
18,46,vdjIzCSs/f0RVhVsteSnIBofmlw=,pz+ccZD8hwKq71S4Qvhg7uSGDpA=
24,35,vdjIzCSs/f0RVhVsteSnIBofmlw=,pz+ccZD8hwKq71S4Qvhg7uSGDpA=
25,45,vdjIzCSs/f0RVhVsteSnIBofmlw=,pz+ccZD8hwKq71S4Qvhg7uSGDpA=
23,45,vdjIzCSs/f0RVhVsteSnIBofmlw=,pz+ccZD8hwKq71S4Qvhg7uSGDpA=
19,45,vdjIzCSs/f0RVhVsteSnIBofmlw=,pz+ccZD8hwKq71S4Qvhg7uSGDpA=
19,46,vdjIzCSs/f0RVhVsteSnIBofmlw=,pz+ccZD8hwKq71S4Qvhg7uSGDpA=
18,45,vdjIzCSs/f0RVhVsteSnIBofmlw=,pz+ccZD8hwKq71S4Qvhg7uSGDpA=
20,45,vdjIzCSs/f0RVhVsteSnIBofmlw=,pz+ccZD8hwKq71S4Qvhg7uSGDpA=
17,34,vdjIzCSs/f0RVhVsteSnIBofmlw=,pz+ccZD8hwKq71S4Qvhg7uSGDpA=
26,45,vdjIzCSs/f0RVhVsteSnIBofmlw=,pz+ccZD8hwKq71S4Qvhg7uSGDpA=
16,45,vdjIzCSs/f0RVhVsteSnIBofmlw=,pz+ccZD8hwKq71S4Qvhg7uSGDpA=
29,46,vdjIzCSs/f0RVhVsteSnIBofmlw=,pz+ccZD8hwKq71S4Qvhg7uSGDpA=
21,46,vdjIzCSs/f0RVhVsteSnIBofmlw=,pz+ccZD8hwKq71S4Qvhg7uSGDpA=
22,45,vdjIzCSs/f0RVhVsteSnIBofmlw=,pz+ccZD8hwKq71S4Qvhg7uSGDpA=
28,44,vdjIzCSs/f0RVhVsteSnIBofmlw=,pz+ccZD8hwKq71S4Qvhg7uSGDpA=
20,46,vdjIzCSs/f0RVhVsteSnIBofmlw=,pz+ccZD8hwKq71S4Qvhg7uSGDpA=
21,45,vdjIzCSs/f0RVhVsteSnIBofmlw=,pz+ccZD8hwKq71S4Qvhg7uSGDpA=
17,45,vdjIzCSs/f0RVhVsteSnIBofmlw=,pz+ccZD8hwKq71S4Qvhg7uSGDpA=
23,44,vdjIzCSs/f0RVhVsteSnIBofmlw=,pz+ccZD8hwKq71S4Qvhg7uSGDpA=
18,47,vdjIzCSs/f0RVhVsteSnIBofmlw=,pz+ccZD8hwKq71S4Qvhg7uSGDpA=
21,44,vdjIzCSs/f0RVhVsteSnIBofmlw=,pz+ccZD8hwKq71S4Qvhg7uSGDpA=
22,44,vdjIzCSs/f0RVhVsteSnIBofmlw=,pz+ccZD8hwKq71S4Qvhg7uSGDpA=
19,44,vdjIzCSs/f0RVhVsteSnIBofmlw=,pz+ccZD8hwKq71S4Qvhg7uSGDpA=
20,44,vdjIzCSs/f0RVhVsteSnIBofmlw=,pz+ccZD8hwKq71S4Qvhg7uSGDpA=
18,44,vdjIzCSs/f0RVhVsteSnIBofmlw=,pz+ccZD8hwKq71S4Qvhg7uSGDpA=
17,44,vdjIzCSs/f0RVhVsteSnIBofmlw=,pz+ccZD8hwKq71S4Qvhg7uSGDpA=
16,44,vdjIzCSs/f0RVhVsteSnIBofmlw=,pz+ccZD8hwKq71S4Qvhg7uSGDpA=
24,44,vdjIzCSs/f0RVhVsteSnIBofmlw=,pz+ccZD8hwKq71S4Qvhg7uSGDpA=
16,35,vdjIzCSs/f0RVhVsteSnIBofmlw=,pz+ccZD8hwKq71S4Qvhg7uSGDpA=
18,34,vdjIzCSs/f0RVhVsteSnIBofmlw=,pz+ccZD8hwKq71S4Qvhg7uSGDpA=
16,34,vdjIzCSs/f0RVhVsteSnIBofmlw=,pz+ccZD8hwKq71S4Qvhg7uSGDpA=
18,32,vdjIzCSs/f0RVhVsteSnIBofmlw=,pz+ccZD8hwKq71S4Qvhg7uSGDpA=
30,32,vdjIzCSs/f0RVhVsteSnIBofmlw=,pz+ccZD8hwKq71S4Qvhg7uSGDpA=
31,34,vdjIzCSs/f0RVhVsteSnIBofmlw=,pz+ccZD8hwKq71S4Qvhg7uSGDpA=
31,33,vdjIzCSs/f0RVhVsteSnIBofmlw=,pz+ccZD8hwKq71S4Qvhg7uSGDpA=
30,33,vdjIzCSs/f0RVhVsteSnIBofmlw=,pz+ccZD8hwKq71S4Qvhg7uSGDpA=
20,47,vdjIzCSs/f0RVhVsteSnIBofmlw=,pz+ccZD8hwKq71S4Qvhg7uSGDpA=
16,33,vdjIzCSs/f0RVhVsteSnIBofmlw=,pz+ccZD8hwKq71S4Qvhg7uSGDpA=
27,45,vdjIzCSs/f0RVhVsteSnIBofmlw=,pz+ccZD8hwKq71S4Qvhg7uSGDpA=
28,43,vdjIzCSs/f0RVhVsteSnIBofmlw=,pz+ccZD8hwKq71S4Qvhg7uSGDpA=
27,43,vdjIzCSs/f0RVhVsteSnIBofmlw=,pz+ccZD8hwKq71S4Qvhg7uSGDpA=
29,43,vdjIzCSs/f0RVhVsteSnIBofmlw=,pz+ccZD8hwKq71S4Qvhg7uSGDpA=
26,43,vdjIzCSs/f0RVhVsteSnIBofmlw=,pz+ccZD8hwKq71S4Qvhg7uSGDpA=
25,35,vdjIzCSs/f0RVhVsteSnIBofmlw=,pz+ccZD8hwKq71S4Qvhg7uSGDpA=
25,44,vdjIzCSs/f0RVhVsteSnIBofmlw=,pz+ccZD8hwKq71S4Qvhg7uSGDpA=
19,47,vdjIzCSs/f0RVhVsteSnIBofmlw=,pz+ccZD8hwKq71S4Qvhg7uSGDpA=
30,44,vdjIzCSs/f0RVhVsteSnIBofmlw=,pz+ccZD8hwKq71S4Qvhg7uSGDpA=
29,44,vdjIzCSs/f0RVhVsteSnIBofmlw=,pz+ccZD8hwKq71S4Qvhg7uSGDpA=
27,44,vdjIzCSs/f0RVhVsteSnIBofmlw=,pz+ccZD8hwKq71S4Qvhg7uSGDpA=
30,43,vdjIzCSs/f0RVhVsteSnIBofmlw=,pz+ccZD8hwKq71S4Qvhg7uSGDpA=
25,43,vdjIzCSs/f0RVhVsteSnIBofmlw=,pz+ccZD8hwKq71S4Qvhg7uSGDpA=
17,43,vdjIzCSs/f0RVhVsteSnIBofmlw=,pz+ccZD8hwKq71S4Qvhg7uSGDpA=
16,43,vdjIzCSs/f0RVhVsteSnIBofmlw=,pz+ccZD8hwKq71S4Qvhg7uSGDpA=
18,43,vdjIzCSs/f0RVhVsteSnIBofmlw=,pz+ccZD8hwKq71S4Qvhg7uSGDpA=
30,34,vdjIzCSs/f0RVhVsteSnIBofmlw=,pz+ccZD8hwKq71S4Qvhg7uSGDpA=
24,43,vdjIzCSs/f0RVhVsteSnIBofmlw=,pz+ccZD8hwKq71S4Qvhg7uSGDpA=
19,43,vdjIzCSs/f0RVhVsteSnIBofmlw=,pz+ccZD8hwKq71S4Qvhg7uSGDpA=
31,32,vdjIzCSs/f0RVhVsteSnIBofmlw=,pz+ccZD8hwKq71S4Qvhg7uSGDpA=
30,42,vdjIzCSs/f0RVhVsteSnIBofmlw=,pz+ccZD8hwKq71S4Qvhg7uSGDpA=
29,42,vdjIzCSs/f0RVhVsteSnIBofmlw=,pz+ccZD8hwKq71S4Qvhg7uSGDpA=
28,42,vdjIzCSs/f0RVhVsteSnIBofmlw=,pz+ccZD8hwKq71S4Qvhg7uSGDpA=
26,42,vdjIzCSs/f0RVhVsteSnIBofmlw=,pz+ccZD8hwKq71S4Qvhg7uSGDpA=
27,42,vdjIzCSs/f0RVhVsteSnIBofmlw=,pz+ccZD8hwKq71S4Qvhg7uSGDpA=
26,44,vdjIzCSs/f0RVhVsteSnIBofmlw=,pz+ccZD8hwKq71S4Qvhg7uSGDpA=
25,42,vdjIzCSs/f0RVhVsteSnIBofmlw=,pz+ccZD8hwKq71S4Qvhg7uSGDpA=
29,32,vdjIzCSs/f0RVhVsteSnIBofmlw=,pz+ccZD8hwKq71S4Qvhg7uSGDpA=
21,43,vdjIzCSs/f0RVhVsteSnIBofmlw=,pz+ccZD8hwKq71S4Qvhg7uSGDpA=
19,42,vdjIzCSs/f0RVhVsteSnIBofmlw=,pz+ccZD8hwKq71S4Qvhg7uSGDpA=
18,42,vdjIzCSs/f0RVhVsteSnIBofmlw=,pz+ccZD8hwKq71S4Qvhg7uSGDpA=
17,42,vdjIzCSs/f0RVhVsteSnIBofmlw=,pz+ccZD8hwKq71S4Qvhg7uSGDpA=
22,43,vdjIzCSs/f0RVhVsteSnIBofmlw=,pz+ccZD8hwKq71S4Qvhg7uSGDpA=
20,42,vdjIzCSs/f0RVhVsteSnIBofmlw=,pz+ccZD8hwKq71S4Qvhg7uSGDpA=
16,42,vdjIzCSs/f0RVhVsteSnIBofmlw=,pz+ccZD8hwKq71S4Qvhg7uSGDpA=
23,43,vdjIzCSs/f0RVhVsteSnIBofmlw=,pz+ccZD8hwKq71S4Qvhg7uSGDpA=
26,35,vdjIzCSs/f0RVhVsteSnIBofmlw=,pz+ccZD8hwKq71S4Qvhg7uSGDpA=
28,32,vdjIzCSs/f0RVhVsteSnIBofmlw=,pz+ccZD8hwKq71S4Qvhg7uSGDpA=
20,43,vdjIzCSs/f0RVhVsteSnIBofmlw=,pz+ccZD8hwKq71S4Qvhg7uSGDpA=
31,41,vdjIzCSs/f0RVhVsteSnIBofmlw=,pz+ccZD8hwKq71S4Qvhg7uSGDpA=
28,41,vdjIzCSs/f0RVhVsteSnIBofmlw=,pz+ccZD8hwKq71S4Qvhg7uSGDpA=
27,41,vdjIzCSs/f0RVhVsteSnIBofmlw=,pz+ccZD8hwKq71S4Qvhg7uSGDpA=
25,41,vdjIzCSs/f0RVhVsteSnIBofmlw=,pz+ccZD8hwKq71S4Qvhg7uSGDpA=
26,41,vdjIzCSs/f0RVhVsteSnIBofmlw=,pz+ccZD8hwKq71S4Qvhg7uSGDpA=
18,33,vdjIzCSs/f0RVhVsteSnIBofmlw=,pz+ccZD8hwKq71S4Qvhg7uSGDpA=
30,41,vdjIzCSs/f0RVhVsteSnIBofmlw=,pz+ccZD8hwKq71S4Qvhg7uSGDpA=
29,41,vdjIzCSs/f0RVhVsteSnIBofmlw=,pz+ccZD8hwKq71S4Qvhg7uSGDpA=
31,44,vdjIzCSs/f0RVhVsteSnIBofmlw=,pz+ccZD8hwKq71S4Qvhg7uSGDpA=
20,41,vdjIzCSs/f0RVhVsteSnIBofmlw=,pz+ccZD8hwKq71S4Qvhg7uSGDpA=
18,41,vdjIzCSs/f0RVhVsteSnIBofmlw=,pz+ccZD8hwKq71S4Qvhg7uSGDpA=
19,41,vdjIzCSs/f0RVhVsteSnIBofmlw=,pz+ccZD8hwKq71S4Qvhg7uSGDpA=
17,41,vdjIzCSs/f0RVhVsteSnIBofmlw=,pz+ccZD8hwKq71S4Qvhg7uSGDpA=
24,41,vdjIzCSs/f0RVhVsteSnIBofmlw=,pz+ccZD8hwKq71S4Qvhg7uSGDpA=
24,42,vdjIzCSs/f0RVhVsteSnIBofmlw=,pz+ccZD8hwKq71S4Qvhg7uSGDpA=
16,41,vdjIzCSs/f0RVhVsteSnIBofmlw=,pz+ccZD8hwKq71S4Qvhg7uSGDpA=
27,33,vdjIzCSs/f0RVhVsteSnIBofmlw=,pz+ccZD8hwKq71S4Qvhg7uSGDpA=
31,40,vdjIzCSs/f0RVhVsteSnIBofmlw=,pz+ccZD8hwKq71S4Qvhg7uSGDpA=
17,33,vdjIzCSs/f0RVhVsteSnIBofmlw=,pz+ccZD8hwKq71S4Qvhg7uSGDpA=
28,40,vdjIzCSs/f0RVhVsteSnIBofmlw=,pz+ccZD8hwKq71S4Qvhg7uSGDpA=
27,40,vdjIzCSs/f0RVhVsteSnIBofmlw=,pz+ccZD8hwKq71S4Qvhg7uSGDpA=
26,40,vdjIzCSs/f0RVhVsteSnIBofmlw=,pz+ccZD8hwKq71S4Qvhg7uSGDpA=
27,35,vdjIzCSs/f0RVhVsteSnIBofmlw=,pz+ccZD8hwKq71S4Qvhg7uSGDpA=
28,33,vdjIzCSs/f0RVhVsteSnIBofmlw=,pz+ccZD8hwKq71S4Qvhg7uSGDpA=
25,40,vdjIzCSs/f0RVhVsteSnIBofmlw=,pz+ccZD8hwKq71S4Qvhg7uSGDpA=
21,40,vdjIzCSs/f0RVhVsteSnIBofmlw=,pz+ccZD8hwKq71S4Qvhg7uSGDpA=
20,40,vdjIzCSs/f0RVhVsteSnIBofmlw=,pz+ccZD8hwKq71S4Qvhg7uSGDpA=
19,40,vdjIzCSs/f0RVhVsteSnIBofmlw=,pz+ccZD8hwKq71S4Qvhg7uSGDpA=
24,40,vdjIzCSs/f0RVhVsteSnIBofmlw=,pz+ccZD8hwKq71S4Qvhg7uSGDpA=
17,40,vdjIzCSs/f0RVhVsteSnIBofmlw=,pz+ccZD8hwKq71S4Qvhg7uSGDpA=
18,40,vdjIzCSs/f0RVhVsteSnIBofmlw=,pz+ccZD8hwKq71S4Qvhg7uSGDpA=
16,40,vdjIzCSs/f0RVhVsteSnIBofmlw=,pz+ccZD8hwKq71S4Qvhg7uSGDpA=
29,40,vdjIzCSs/f0RVhVsteSnIBofmlw=,pz+ccZD8hwKq71S4Qvhg7uSGDpA=
23,40,vdjIzCSs/f0RVhVsteSnIBofmlw=,pz+ccZD8hwKq71S4Qvhg7uSGDpA=
31,39,vdjIzCSs/f0RVhVsteSnIBofmlw=,pz+ccZD8hwKq71S4Qvhg7uSGDpA=
26,33,vdjIzCSs/f0RVhVsteSnIBofmlw=,pz+ccZD8hwKq71S4Qvhg7uSGDpA=
26,32,vdjIzCSs/f0RVhVsteSnIBofmlw=,pz+ccZD8hwKq71S4Qvhg7uSGDpA=
28,39,vdjIzCSs/f0RVhVsteSnIBofmlw=,pz+ccZD8hwKq71S4Qvhg7uSGDpA=
29,39,vdjIzCSs/f0RVhVsteSnIBofmlw=,pz+ccZD8hwKq71S4Qvhg7uSGDpA=
27,39,vdjIzCSs/f0RVhVsteSnIBofmlw=,pz+ccZD8hwKq71S4Qvhg7uSGDpA=
26,39,vdjIzCSs/f0RVhVsteSnIBofmlw=,pz+ccZD8hwKq71S4Qvhg7uSGDpA=
28,35,vdjIzCSs/f0RVhVsteSnIBofmlw=,pz+ccZD8hwKq71S4Qvhg7uSGDpA=
22,40,vdjIzCSs/f0RVhVsteSnIBofmlw=,pz+ccZD8hwKq71S4Qvhg7uSGDpA=
23,39,vdjIzCSs/f0RVhVsteSnIBofmlw=,pz+ccZD8hwKq71S4Qvhg7uSGDpA=
22,39,vdjIzCSs/f0RVhVsteSnIBofmlw=,pz+ccZD8hwKq71S4Qvhg7uSGDpA=
30,39,vdjIzCSs/f0RVhVsteSnIBofmlw=,pz+ccZD8hwKq71S4Qvhg7uSGDpA=
20,39,vdjIzCSs/f0RVhVsteSnIBofmlw=,pz+ccZD8hwKq71S4Qvhg7uSGDpA=
25,39,vdjIzCSs/f0RVhVsteSnIBofmlw=,pz+ccZD8hwKq71S4Qvhg7uSGDpA=
24,39,vdjIzCSs/f0RVhVsteSnIBofmlw=,pz+ccZD8hwKq71S4Qvhg7uSGDpA=
19,39,vdjIzCSs/f0RVhVsteSnIBofmlw=,pz+ccZD8hwKq71S4Qvhg7uSGDpA=
17,39,vdjIzCSs/f0RVhVsteSnIBofmlw=,pz+ccZD8hwKq71S4Qvhg7uSGDpA=
18,39,vdjIzCSs/f0RVhVsteSnIBofmlw=,pz+ccZD8hwKq71S4Qvhg7uSGDpA=
25,32,vdjIzCSs/f0RVhVsteSnIBofmlw=,pz+ccZD8hwKq71S4Qvhg7uSGDpA=
31,38,vdjIzCSs/f0RVhVsteSnIBofmlw=,pz+ccZD8hwKq71S4Qvhg7uSGDpA=
16,39,vdjIzCSs/f0RVhVsteSnIBofmlw=,pz+ccZD8hwKq71S4Qvhg7uSGDpA=
21,39,vdjIzCSs/f0RVhVsteSnIBofmlw=,pz+ccZD8hwKq71S4Qvhg7uSGDpA=
29,38,vdjIzCSs/f0RVhVsteSnIBofmlw=,pz+ccZD8hwKq71S4Qvhg7uSGDpA=
27,32,vdjIzCSs/f0RVhVsteSnIBofmlw=,pz+ccZD8hwKq71S4Qvhg7uSGDpA=
26,38,vdjIzCSs/f0RVhVsteSnIBofmlw=,pz+ccZD8hwKq71S4Qvhg7uSGDpA=
28,38,vdjIzCSs/f0RVhVsteSnIBofmlw=,pz+ccZD8hwKq71S4Qvhg7uSGDpA=
25,38,vdjIzCSs/f0RVhVsteSnIBofmlw=,pz+ccZD8hwKq71S4Qvhg7uSGDpA=
24,38,vdjIzCSs/f0RVhVsteSnIBofmlw=,pz+ccZD8hwKq71S4Qvhg7uSGDpA=
27,38,vdjIzCSs/f0RVhVsteSnIBofmlw=,pz+ccZD8hwKq71S4Qvhg7uSGDpA=
30,40,vdjIzCSs/f0RVhVsteSnIBofmlw=,pz+ccZD8hwKq71S4Qvhg7uSGDpA=
23,38,vdjIzCSs/f0RVhVsteSnIBofmlw=,pz+ccZD8hwKq71S4Qvhg7uSGDpA=
23,42,vdjIzCSs/f0RVhVsteSnIBofmlw=,pz+ccZD8hwKq71S4Qvhg7uSGDpA=
25,33,vdjIzCSs/f0RVhVsteSnIBofmlw=,pz+ccZD8hwKq71S4Qvhg7uSGDpA=
18,38,vdjIzCSs/f0RVhVsteSnIBofmlw=,pz+ccZD8hwKq71S4Qvhg7uSGDpA=
22,38,vdjIzCSs/f0RVhVsteSnIBofmlw=,pz+ccZD8hwKq71S4Qvhg7uSGDpA=
17,38,vdjIzCSs/f0RVhVsteSnIBofmlw=,pz+ccZD8hwKq71S4Qvhg7uSGDpA=
16,38,vdjIzCSs/f0RVhVsteSnIBofmlw=,pz+ccZD8hwKq71S4Qvhg7uSGDpA=
24,32,vdjIzCSs/f0RVhVsteSnIBofmlw=,pz+ccZD8hwKq71S4Qvhg7uSGDpA=
31,37,vdjIzCSs/f0RVhVsteSnIBofmlw=,pz+ccZD8hwKq71S4Qvhg7uSGDpA=
24,33,vdjIzCSs/f0RVhVsteSnIBofmlw=,pz+ccZD8hwKq71S4Qvhg7uSGDpA=
21,41,vdjIzCSs/f0RVhVsteSnIBofmlw=,pz+ccZD8hwKq71S4Qvhg7uSGDpA=
28,37,vdjIzCSs/f0RVhVsteSnIBofmlw=,pz+ccZD8hwKq71S4Qvhg7uSGDpA=
30,37,vdjIzCSs/f0RVhVsteSnIBofmlw=,pz+ccZD8hwKq71S4Qvhg7uSGDpA=
30,38,vdjIzCSs/f0RVhVsteSnIBofmlw=,pz+ccZD8hwKq71S4Qvhg7uSGDpA=
27,37,vdjIzCSs/f0RVhVsteSnIBofmlw=,pz+ccZD8hwKq71S4Qvhg7uSGDpA=
25,37,vdjIzCSs/f0RVhVsteSnIBofmlw=,pz+ccZD8hwKq71S4Qvhg7uSGDpA=
24,37,vdjIzCSs/f0RVhVsteSnIBofmlw=,pz+ccZD8hwKq71S4Qvhg7uSGDpA=
23,41,vdjIzCSs/f0RVhVsteSnIBofmlw=,pz+ccZD8hwKq71S4Qvhg7uSGDpA=
29,37,vdjIzCSs/f0RVhVsteSnIBofmlw=,pz+ccZD8hwKq71S4Qvhg7uSGDpA=
21,42,vdjIzCSs/f0RVhVsteSnIBofmlw=,pz+ccZD8hwKq71S4Qvhg7uSGDpA=
19,38,vdjIzCSs/f0RVhVsteSnIBofmlw=,pz+ccZD8hwKq71S4Qvhg7uSGDpA=
22,42,vdjIzCSs/f0RVhVsteSnIBofmlw=,pz+ccZD8hwKq71S4Qvhg7uSGDpA=
19,37,vdjIzCSs/f0RVhVsteSnIBofmlw=,pz+ccZD8hwKq71S4Qvhg7uSGDpA=
16,37,vdjIzCSs/f0RVhVsteSnIBofmlw=,pz+ccZD8hwKq71S4Qvhg7uSGDpA=
18,37,vdjIzCSs/f0RVhVsteSnIBofmlw=,pz+ccZD8hwKq71S4Qvhg7uSGDpA=
31,36,vdjIzCSs/f0RVhVsteSnIBofmlw=,pz+ccZD8hwKq71S4Qvhg7uSGDpA=
23,32,vdjIzCSs/f0RVhVsteSnIBofmlw=,pz+ccZD8hwKq71S4Qvhg7uSGDpA=
23,33,vdjIzCSs/f0RVhVsteSnIBofmlw=,pz+ccZD8hwKq71S4Qvhg7uSGDpA=
17,37,vdjIzCSs/f0RVhVsteSnIBofmlw=,pz+ccZD8hwKq71S4Qvhg7uSGDpA=
30,35,vdjIzCSs/f0RVhVsteSnIBofmlw=,pz+ccZD8hwKq71S4Qvhg7uSGDpA=
29,35,vdjIzCSs/f0RVhVsteSnIBofmlw=,pz+ccZD8hwKq71S4Qvhg7uSGDpA=
30,36,vdjIzCSs/f0RVhVsteSnIBofmlw=,pz+ccZD8hwKq71S4Qvhg7uSGDpA=
22,33,vdjIzCSs/f0RVhVsteSnIBofmlw=,pz+ccZD8hwKq71S4Qvhg7uSGDpA=
16,36,vdjIzCSs/f0RVhVsteSnIBofmlw=,pz+ccZD8hwKq71S4Qvhg7uSGDpA=
31,35,vdjIzCSs/f0RVhVsteSnIBofmlw=,pz+ccZD8hwKq71S4Qvhg7uSGDpA=
22,32,vdjIzCSs/f0RVhVsteSnIBofmlw=,pz+ccZD8hwKq71S4Qvhg7uSGDpA=
23,34,vdjIzCSs/f0RVhVsteSnIBofmlw=,pz+ccZD8hwKq71S4Qvhg7uSGDpA=
17,36,vdjIzCSs/f0RVhVsteSnIBofmlw=,pz+ccZD8hwKq71S4Qvhg7uSGDpA=
20,37,vdjIzCSs/f0RVhVsteSnIBofmlw=,pz+ccZD8hwKq71S4Qvhg7uSGDpA=
16,32,vdjIzCSs/f0RVhVsteSnIBofmlw=,pz+ccZD8hwKq71S4Qvhg7uSGDpA=
24,34,vdjIzCSs/f0RVhVsteSnIBofmlw=,pz+ccZD8hwKq71S4Qvhg7uSGDpA=
23,37,vdjIzCSs/f0RVhVsteSnIBofmlw=,pz+ccZD8hwKq71S4Qvhg7uSGDpA=
25,36,vdjIzCSs/f0RVhVsteSnIBofmlw=,pz+ccZD8hwKq71S4Qvhg7uSGDpA=
29,34,vdjIzCSs/f0RVhVsteSnIBofmlw=,pz+ccZD8hwKq71S4Qvhg7uSGDpA=
22,37,vdjIzCSs/f0RVhVsteSnIBofmlw=,pz+ccZD8hwKq71S4Qvhg7uSGDpA=
28,36,vdjIzCSs/f0RVhVsteSnIBofmlw=,pz+ccZD8hwKq71S4Qvhg7uSGDpA=
26,36,vdjIzCSs/f0RVhVsteSnIBofmlw=,pz+ccZD8hwKq71S4Qvhg7uSGDpA=
29,33,vdjIzCSs/f0RVhVsteSnIBofmlw=,pz+ccZD8hwKq71S4Qvhg7uSGDpA=
21,37,vdjIzCSs/f0RVhVsteSnIBofmlw=,pz+ccZD8hwKq71S4Qvhg7uSGDpA=
29,36,vdjIzCSs/f0RVhVsteSnIBofmlw=,pz+ccZD8hwKq71S4Qvhg7uSGDpA=
26,37,vdjIzCSs/f0RVhVsteSnIBofmlw=,pz+ccZD8hwKq71S4Qvhg7uSGDpA=
18,36,vdjIzCSs/f0RVhVsteSnIBofmlw=,pz+ccZD8hwKq71S4Qvhg7uSGDpA=
26,34,vdjIzCSs/f0RVhVsteSnIBofmlw=,pz+ccZD8hwKq71S4Qvhg7uSGDpA=
27,36,vdjIzCSs/f0RVhVsteSnIBofmlw=,pz+ccZD8hwKq71S4Qvhg7uSGDpA=
22,41,vdjIzCSs/f0RVhVsteSnIBofmlw=,pz+ccZD8hwKq71S4Qvhg7uSGDpA=
25,34,vdjIzCSs/f0RVhVsteSnIBofmlw=,pz+ccZD8hwKq71S4Qvhg7uSGDpA=
19,36,vdjIzCSs/f0RVhVsteSnIBofmlw=,pz+ccZD8hwKq71S4Qvhg7uSGDpA=
31,42,vdjIzCSs/f0RVhVsteSnIBofmlw=,pz+ccZD8hwKq71S4Qvhg7uSGDpA=
24,36,vdjIzCSs/f0RVhVsteSnIBofmlw=,pz+ccZD8hwKq71S4Qvhg7uSGDpA=
20,38,vdjIzCSs/f0RVhVsteSnIBofmlw=,pz+ccZD8hwKq71S4Qvhg7uSGDpA=
31,43,vdjIzCSs/f0RVhVsteSnIBofmlw=,pz+ccZD8hwKq71S4Qvhg7uSGDpA=
28,34,vdjIzCSs/f0RVhVsteSnIBofmlw=,pz+ccZD8hwKq71S4Qvhg7uSGDpA=
23,36,vdjIzCSs/f0RVhVsteSnIBofmlw=,pz+ccZD8hwKq71S4Qvhg7uSGDpA=
27,34,vdjIzCSs/f0RVhVsteSnIBofmlw=,pz+ccZD8hwKq71S4Qvhg7uSGDpA=
21,36,vdjIzCSs/f0RVhVsteSnIBofmlw=,pz+ccZD8hwKq71S4Qvhg7uSGDpA=
21,38,vdjIzCSs/f0RVhVsteSnIBofmlw=,pz+ccZD8hwKq71S4Qvhg7uSGDpA=
20,36,vdjIzCSs/f0RVhVsteSnIBofmlw=,pz+ccZD8hwKq71S4Qvhg7uSGDpA=
22,36,vdjIzCSs/f0RVhVsteSnIBofmlw=,pz+ccZD8hwKq71S4Qvhg7uSGDpA=
