42,-17,7Z+kBxa7D5cHSkkBOgGIND+8gqU=,v+Cs6TvXnibLF8u7dLN7eSJW7G8=
41,-17,7Z+kBxa7D5cHSkkBOgGIND+8gqU=,v+Cs6TvXnibLF8u7dLN7eSJW7G8=
38,-17,7Z+kBxa7D5cHSkkBOgGIND+8gqU=,v+Cs6TvXnibLF8u7dLN7eSJW7G8=
37,-17,7Z+kBxa7D5cHSkkBOgGIND+8gqU=,v+Cs6TvXnibLF8u7dLN7eSJW7G8=
44,-17,vgQZH8ZVW+ZdPVgOpSiTz8Z/wCs=,v+Cs6TvXnibLF8u7dLN7eSJW7G8=
43,-17,vgQZH8ZVW+ZdPVgOpSiTz8Z/wCs=,v+Cs6TvXnibLF8u7dLN7eSJW7G8=
45,-17,vgQZH8ZVW+ZdPVgOpSiTz8Z/wCs=,v+Cs6TvXnibLF8u7dLN7eSJW7G8=
35,-17,zZiWrtMBCcYOOXHcofvdecIM2FI=,v+Cs6TvXnibLF8u7dLN7eSJW7G8=
38,-29,zZiWrtMBCcYOOXHcofvdecIM2FI=,v+Cs6TvXnibLF8u7dLN7eSJW7G8=
36,-31,zZiWrtMBCcYOOXHcofvdecIM2FI=,v+Cs6TvXnibLF8u7dLN7eSJW7G8=
39,-17,zZiWrtMBCcYOOXHcofvdecIM2FI=,v+Cs6TvXnibLF8u7dLN7eSJW7G8=
38,-30,zZiWrtMBCcYOOXHcofvdecIM2FI=,v+Cs6TvXnibLF8u7dLN7eSJW7G8=
36,-17,q/6bnefxKN3Pjk5Snruks0pKcMg=,v+Cs6TvXnibLF8u7dLN7eSJW7G8=
35,-32,q/6bnefxKN3Pjk5Snruks0pKcMg=,v+Cs6TvXnibLF8u7dLN7eSJW7G8=
40,-17,q/6bnefxKN3Pjk5Snruks0pKcMg=,v+Cs6TvXnibLF8u7dLN7eSJW7G8=
36,-29,q/6bnefxKN3Pjk5Snruks0pKcMg=,v+Cs6TvXnibLF8u7dLN7eSJW7G8=
33,-17,q/6bnefxKN3Pjk5Snruks0pKcMg=,v+Cs6TvXnibLF8u7dLN7eSJW7G8=
33,-29,q/6bnefxKN3Pjk5Snruks0pKcMg=,v+Cs6TvXnibLF8u7dLN7eSJW7G8=
37,-31,q/6bnefxKN3Pjk5Snruks0pKcMg=,v+Cs6TvXnibLF8u7dLN7eSJW7G8=
34,-17,q/6bnefxKN3Pjk5Snruks0pKcMg=,v+Cs6TvXnibLF8u7dLN7eSJW7G8=
33,-32,q/6bnefxKN3Pjk5Snruks0pKcMg=,v+Cs6TvXnibLF8u7dLN7eSJW7G8=
37,-29,q/6bnefxKN3Pjk5Snruks0pKcMg=,v+Cs6TvXnibLF8u7dLN7eSJW7G8=
45,-18,q/6bnefxKN3Pjk5Snruks0pKcMg=,v+Cs6TvXnibLF8u7dLN7eSJW7G8=
36,-32,q/6bnefxKN3Pjk5Snruks0pKcMg=,v+Cs6TvXnibLF8u7dLN7eSJW7G8=
44,-18,q/6bnefxKN3Pjk5Snruks0pKcMg=,v+Cs6TvXnibLF8u7dLN7eSJW7G8=
36,-30,q/6bnefxKN3Pjk5Snruks0pKcMg=,v+Cs6TvXnibLF8u7dLN7eSJW7G8=
39,-18,q/6bnefxKN3Pjk5Snruks0pKcMg=,v+Cs6TvXnibLF8u7dLN7eSJW7G8=
38,-18,q/6bnefxKN3Pjk5Snruks0pKcMg=,v+Cs6TvXnibLF8u7dLN7eSJW7G8=
40,-18,q/6bnefxKN3Pjk5Snruks0pKcMg=,v+Cs6TvXnibLF8u7dLN7eSJW7G8=
37,-18,q/6bnefxKN3Pjk5Snruks0pKcMg=,v+Cs6TvXnibLF8u7dLN7eSJW7G8=
35,-30,q/6bnefxKN3Pjk5Snruks0pKcMg=,v+Cs6TvXnibLF8u7dLN7eSJW7G8=
34,-29,q/6bnefxKN3Pjk5Snruks0pKcMg=,v+Cs6TvXnibLF8u7dLN7eSJW7G8=
33,-18,q/6bnefxKN3Pjk5Snruks0pKcMg=,v+Cs6TvXnibLF8u7dLN7eSJW7G8=
36,-18,q/6bnefxKN3Pjk5Snruks0pKcMg=,v+Cs6TvXnibLF8u7dLN7eSJW7G8=
32,-17,q/6bnefxKN3Pjk5Snruks0pKcMg=,v+Cs6TvXnibLF8u7dLN7eSJW7G8=
41,-18,q/6bnefxKN3Pjk5Snruks0pKcMg=,v+Cs6TvXnibLF8u7dLN7eSJW7G8=
32,-18,q/6bnefxKN3Pjk5Snruks0pKcMg=,v+Cs6TvXnibLF8u7dLN7eSJW7G8=
35,-31,q/6bnefxKN3Pjk5Snruks0pKcMg=,v+Cs6TvXnibLF8u7dLN7eSJW7G8=
34,-30,q/6bnefxKN3Pjk5Snruks0pKcMg=,v+Cs6TvXnibLF8u7dLN7eSJW7G8=
34,-18,q/6bnefxKN3Pjk5Snruks0pKcMg=,v+Cs6TvXnibLF8u7dLN7eSJW7G8=
44,-19,q/6bnefxKN3Pjk5Snruks0pKcMg=,v+Cs6TvXnibLF8u7dLN7eSJW7G8=
37,-32,q/6bnefxKN3Pjk5Snruks0pKcMg=,v+Cs6TvXnibLF8u7dLN7eSJW7G8=
35,-18,q/6bnefxKN3Pjk5Snruks0pKcMg=,v+Cs6TvXnibLF8u7dLN7eSJW7G8=
42,-19,q/6bnefxKN3Pjk5Snruks0pKcMg=,v+Cs6TvXnibLF8u7dLN7eSJW7G8=
37,-30,q/6bnefxKN3Pjk5Snruks0pKcMg=,v+Cs6TvXnibLF8u7dLN7eSJW7G8=
43,-18,q/6bnefxKN3Pjk5Snruks0pKcMg=,v+Cs6TvXnibLF8u7dLN7eSJW7G8=
38,-19,q/6bnefxKN3Pjk5Snruks0pKcMg=,v+Cs6TvXnibLF8u7dLN7eSJW7G8=
43,-19,q/6bnefxKN3Pjk5Snruks0pKcMg=,v+Cs6TvXnibLF8u7dLN7eSJW7G8=
37,-19,q/6bnefxKN3Pjk5Snruks0pKcMg=,v+Cs6TvXnibLF8u7dLN7eSJW7G8=
34,-19,q/6bnefxKN3Pjk5Snruks0pKcMg=,v+Cs6TvXnibLF8u7dLN7eSJW7G8=
33,-19,q/6bnefxKN3Pjk5Snruks0pKcMg=,v+Cs6TvXnibLF8u7dLN7eSJW7G8=
32,-19,q/6bnefxKN3Pjk5Snruks0pKcMg=,v+Cs6TvXnibLF8u7dLN7eSJW7G8=
35,-29,q/6bnefxKN3Pjk5Snruks0pKcMg=,v+Cs6TvXnibLF8u7dLN7eSJW7G8=
39,-29,q/6bnefxKN3Pjk5Snruks0pKcMg=,v+Cs6TvXnibLF8u7dLN7eSJW7G8=
40,-29,q/6bnefxKN3Pjk5Snruks0pKcMg=,v+Cs6TvXnibLF8u7dLN7eSJW7G8=
41,-19,q/6bnefxKN3Pjk5Snruks0pKcMg=,v+Cs6TvXnibLF8u7dLN7eSJW7G8=
33,-30,q/6bnefxKN3Pjk5Snruks0pKcMg=,v+Cs6TvXnibLF8u7dLN7eSJW7G8=
34,-31,q/6bnefxKN3Pjk5Snruks0pKcMg=,v+Cs6TvXnibLF8u7dLN7eSJW7G8=
46,-20,q/6bnefxKN3Pjk5Snruks0pKcMg=,v+Cs6TvXnibLF8u7dLN7eSJW7G8=
42,-18,q/6bnefxKN3Pjk5Snruks0pKcMg=,v+Cs6TvXnibLF8u7dLN7eSJW7G8=
41,-29,q/6bnefxKN3Pjk5Snruks0pKcMg=,v+Cs6TvXnibLF8u7dLN7eSJW7G8=
42,-29,q/6bnefxKN3Pjk5Snruks0pKcMg=,v+Cs6TvXnibLF8u7dLN7eSJW7G8=
39,-19,q/6bnefxKN3Pjk5Snruks0pKcMg=,v+Cs6TvXnibLF8u7dLN7eSJW7G8=
46,-19,q/6bnefxKN3Pjk5Snruks0pKcMg=,v+Cs6TvXnibLF8u7dLN7eSJW7G8=
35,-19,q/6bnefxKN3Pjk5Snruks0pKcMg=,v+Cs6TvXnibLF8u7dLN7eSJW7G8=
39,-20,q/6bnefxKN3Pjk5Snruks0pKcMg=,v+Cs6TvXnibLF8u7dLN7eSJW7G8=
38,-20,q/6bnefxKN3Pjk5Snruks0pKcMg=,v+Cs6TvXnibLF8u7dLN7eSJW7G8=
43,-29,q/6bnefxKN3Pjk5Snruks0pKcMg=,v+Cs6TvXnibLF8u7dLN7eSJW7G8=
41,-20,q/6bnefxKN3Pjk5Snruks0pKcMg=,v+Cs6TvXnibLF8u7dLN7eSJW7G8=
44,-29,q/6bnefxKN3Pjk5Snruks0pKcMg=,v+Cs6TvXnibLF8u7dLN7eSJW7G8=
36,-19,q/6bnefxKN3Pjk5Snruks0pKcMg=,v+Cs6TvXnibLF8u7dLN7eSJW7G8=
45,-29,q/6bnefxKN3Pjk5Snruks0pKcMg=,v+Cs6TvXnibLF8u7dLN7eSJW7G8=
46,-29,q/6bnefxKN3Pjk5Snruks0pKcMg=,v+Cs6TvXnibLF8u7dLN7eSJW7G8=
42,-20,q/6bnefxKN3Pjk5Snruks0pKcMg=,v+Cs6TvXnibLF8u7dLN7eSJW7G8=
45,-19,q/6bnefxKN3Pjk5Snruks0pKcMg=,v+Cs6TvXnibLF8u7dLN7eSJW7G8=
47,-29,q/6bnefxKN3Pjk5Snruks0pKcMg=,v+Cs6TvXnibLF8u7dLN7eSJW7G8=
38,-31,q/6bnefxKN3Pjk5Snruks0pKcMg=,v+Cs6TvXnibLF8u7dLN7eSJW7G8=
33,-28,q/6bnefxKN3Pjk5Snruks0pKcMg=,v+Cs6TvXnibLF8u7dLN7eSJW7G8=
32,-28,q/6bnefxKN3Pjk5Snruks0pKcMg=,v+Cs6TvXnibLF8u7dLN7eSJW7G8=
34,-28,q/6bnefxKN3Pjk5Snruks0pKcMg=,v+Cs6TvXnibLF8u7dLN7eSJW7G8=
35,-28,q/6bnefxKN3Pjk5Snruks0pKcMg=,v+Cs6TvXnibLF8u7dLN7eSJW7G8=
38,-32,q/6bnefxKN3Pjk5Snruks0pKcMg=,v+Cs6TvXnibLF8u7dLN7eSJW7G8=
36,-28,q/6bnefxKN3Pjk5Snruks0pKcMg=,v+Cs6TvXnibLF8u7dLN7eSJW7G8=
39,-30,q/6bnefxKN3Pjk5Snruks0pKcMg=,v+Cs6TvXnibLF8u7dLN7eSJW7G8=
37,-28,q/6bnefxKN3Pjk5Snruks0pKcMg=,v+Cs6TvXnibLF8u7dLN7eSJW7G8=
40,-28,q/6bnefxKN3Pjk5Snruks0pKcMg=,v+Cs6TvXnibLF8u7dLN7eSJW7G8=
41,-28,q/6bnefxKN3Pjk5Snruks0pKcMg=,v+Cs6TvXnibLF8u7dLN7eSJW7G8=
47,-17,q/6bnefxKN3Pjk5Snruks0pKcMg=,v+Cs6TvXnibLF8u7dLN7eSJW7G8=
40,-20,q/6bnefxKN3Pjk5Snruks0pKcMg=,v+Cs6TvXnibLF8u7dLN7eSJW7G8=
38,-28,q/6bnefxKN3Pjk5Snruks0pKcMg=,v+Cs6TvXnibLF8u7dLN7eSJW7G8=
42,-28,q/6bnefxKN3Pjk5Snruks0pKcMg=,v+Cs6TvXnibLF8u7dLN7eSJW7G8=
45,-20,q/6bnefxKN3Pjk5Snruks0pKcMg=,v+Cs6TvXnibLF8u7dLN7eSJW7G8=
45,-28,q/6bnefxKN3Pjk5Snruks0pKcMg=,v+Cs6TvXnibLF8u7dLN7eSJW7G8=
39,-31,q/6bnefxKN3Pjk5Snruks0pKcMg=,v+Cs6TvXnibLF8u7dLN7eSJW7G8=
47,-28,q/6bnefxKN3Pjk5Snruks0pKcMg=,v+Cs6TvXnibLF8u7dLN7eSJW7G8=
32,-27,q/6bnefxKN3Pjk5Snruks0pKcMg=,v+Cs6TvXnibLF8u7dLN7eSJW7G8=
40,-30,q/6bnefxKN3Pjk5Snruks0pKcMg=,v+Cs6TvXnibLF8u7dLN7eSJW7G8=
46,-28,q/6bnefxKN3Pjk5Snruks0pKcMg=,v+Cs6TvXnibLF8u7dLN7eSJW7G8=
34,-27,q/6bnefxKN3Pjk5Snruks0pKcMg=,v+Cs6TvXnibLF8u7dLN7eSJW7G8=
35,-27,q/6bnefxKN3Pjk5Snruks0pKcMg=,v+Cs6TvXnibLF8u7dLN7eSJW7G8=
36,-27,q/6bnefxKN3Pjk5Snruks0pKcMg=,v+Cs6TvXnibLF8u7dLN7eSJW7G8=
37,-27,q/6bnefxKN3Pjk5Snruks0pKcMg=,v+Cs6TvXnibLF8u7dLN7eSJW7G8=
43,-28,q/6bnefxKN3Pjk5Snruks0pKcMg=,v+Cs6TvXnibLF8u7dLN7eSJW7G8=
39,-32,q/6bnefxKN3Pjk5Snruks0pKcMg=,v+Cs6TvXnibLF8u7dLN7eSJW7G8=
38,-27,q/6bnefxKN3Pjk5Snruks0pKcMg=,v+Cs6TvXnibLF8u7dLN7eSJW7G8=
33,-27,q/6bnefxKN3Pjk5Snruks0pKcMg=,v+Cs6TvXnibLF8u7dLN7eSJW7G8=
44,-28,q/6bnefxKN3Pjk5Snruks0pKcMg=,v+Cs6TvXnibLF8u7dLN7eSJW7G8=
32,-32,q/6bnefxKN3Pjk5Snruks0pKcMg=,v+Cs6TvXnibLF8u7dLN7eSJW7G8=
39,-27,q/6bnefxKN3Pjk5Snruks0pKcMg=,v+Cs6TvXnibLF8u7dLN7eSJW7G8=
45,-27,q/6bnefxKN3Pjk5Snruks0pKcMg=,v+Cs6TvXnibLF8u7dLN7eSJW7G8=
46,-27,q/6bnefxKN3Pjk5Snruks0pKcMg=,v+Cs6TvXnibLF8u7dLN7eSJW7G8=
47,-27,q/6bnefxKN3Pjk5Snruks0pKcMg=,v+Cs6TvXnibLF8u7dLN7eSJW7G8=
40,-31,q/6bnefxKN3Pjk5Snruks0pKcMg=,v+Cs6TvXnibLF8u7dLN7eSJW7G8=
32,-26,q/6bnefxKN3Pjk5Snruks0pKcMg=,v+Cs6TvXnibLF8u7dLN7eSJW7G8=
41,-30,q/6bnefxKN3Pjk5Snruks0pKcMg=,v+Cs6TvXnibLF8u7dLN7eSJW7G8=
40,-32,q/6bnefxKN3Pjk5Snruks0pKcMg=,v+Cs6TvXnibLF8u7dLN7eSJW7G8=
39,-28,q/6bnefxKN3Pjk5Snruks0pKcMg=,v+Cs6TvXnibLF8u7dLN7eSJW7G8=
34,-26,q/6bnefxKN3Pjk5Snruks0pKcMg=,v+Cs6TvXnibLF8u7dLN7eSJW7G8=
35,-26,q/6bnefxKN3Pjk5Snruks0pKcMg=,v+Cs6TvXnibLF8u7dLN7eSJW7G8=
36,-26,q/6bnefxKN3Pjk5Snruks0pKcMg=,v+Cs6TvXnibLF8u7dLN7eSJW7G8=
37,-26,q/6bnefxKN3Pjk5Snruks0pKcMg=,v+Cs6TvXnibLF8u7dLN7eSJW7G8=
38,-26,q/6bnefxKN3Pjk5Snruks0pKcMg=,v+Cs6TvXnibLF8u7dLN7eSJW7G8=
43,-20,q/6bnefxKN3Pjk5Snruks0pKcMg=,v+Cs6TvXnibLF8u7dLN7eSJW7G8=
39,-26,q/6bnefxKN3Pjk5Snruks0pKcMg=,v+Cs6TvXnibLF8u7dLN7eSJW7G8=
47,-19,q/6bnefxKN3Pjk5Snruks0pKcMg=,v+Cs6TvXnibLF8u7dLN7eSJW7G8=
44,-20,q/6bnefxKN3Pjk5Snruks0pKcMg=,v+Cs6TvXnibLF8u7dLN7eSJW7G8=
43,-26,q/6bnefxKN3Pjk5Snruks0pKcMg=,v+Cs6TvXnibLF8u7dLN7eSJW7G8=
44,-26,q/6bnefxKN3Pjk5Snruks0pKcMg=,v+Cs6TvXnibLF8u7dLN7eSJW7G8=
45,-26,q/6bnefxKN3Pjk5Snruks0pKcMg=,v+Cs6TvXnibLF8u7dLN7eSJW7G8=
33,-26,q/6bnefxKN3Pjk5Snruks0pKcMg=,v+Cs6TvXnibLF8u7dLN7eSJW7G8=
46,-26,q/6bnefxKN3Pjk5Snruks0pKcMg=,v+Cs6TvXnibLF8u7dLN7eSJW7G8=
41,-31,q/6bnefxKN3Pjk5Snruks0pKcMg=,v+Cs6TvXnibLF8u7dLN7eSJW7G8=
47,-26,q/6bnefxKN3Pjk5Snruks0pKcMg=,v+Cs6TvXnibLF8u7dLN7eSJW7G8=
42,-30,q/6bnefxKN3Pjk5Snruks0pKcMg=,v+Cs6TvXnibLF8u7dLN7eSJW7G8=
41,-32,q/6bnefxKN3Pjk5Snruks0pKcMg=,v+Cs6TvXnibLF8u7dLN7eSJW7G8=
32,-25,q/6bnefxKN3Pjk5Snruks0pKcMg=,v+Cs6TvXnibLF8u7dLN7eSJW7G8=
44,-27,q/6bnefxKN3Pjk5Snruks0pKcMg=,v+Cs6TvXnibLF8u7dLN7eSJW7G8=
34,-25,q/6bnefxKN3Pjk5Snruks0pKcMg=,v+Cs6TvXnibLF8u7dLN7eSJW7G8=
35,-25,q/6bnefxKN3Pjk5Snruks0pKcMg=,v+Cs6TvXnibLF8u7dLN7eSJW7G8=
36,-25,q/6bnefxKN3Pjk5Snruks0pKcMg=,v+Cs6TvXnibLF8u7dLN7eSJW7G8=
46,-17,q/6bnefxKN3Pjk5Snruks0pKcMg=,v+Cs6TvXnibLF8u7dLN7eSJW7G8=
38,-25,q/6bnefxKN3Pjk5Snruks0pKcMg=,v+Cs6TvXnibLF8u7dLN7eSJW7G8=
37,-25,q/6bnefxKN3Pjk5Snruks0pKcMg=,v+Cs6TvXnibLF8u7dLN7eSJW7G8=
46,-18,q/6bnefxKN3Pjk5Snruks0pKcMg=,v+Cs6TvXnibLF8u7dLN7eSJW7G8=
40,-19,q/6bnefxKN3Pjk5Snruks0pKcMg=,v+Cs6TvXnibLF8u7dLN7eSJW7G8=
33,-25,q/6bnefxKN3Pjk5Snruks0pKcMg=,v+Cs6TvXnibLF8u7dLN7eSJW7G8=
43,-25,q/6bnefxKN3Pjk5Snruks0pKcMg=,v+Cs6TvXnibLF8u7dLN7eSJW7G8=
44,-25,q/6bnefxKN3Pjk5Snruks0pKcMg=,v+Cs6TvXnibLF8u7dLN7eSJW7G8=
45,-25,q/6bnefxKN3Pjk5Snruks0pKcMg=,v+Cs6TvXnibLF8u7dLN7eSJW7G8=
39,-25,q/6bnefxKN3Pjk5Snruks0pKcMg=,v+Cs6TvXnibLF8u7dLN7eSJW7G8=
42,-31,q/6bnefxKN3Pjk5Snruks0pKcMg=,v+Cs6TvXnibLF8u7dLN7eSJW7G8=
32,-24,q/6bnefxKN3Pjk5Snruks0pKcMg=,v+Cs6TvXnibLF8u7dLN7eSJW7G8=
43,-30,q/6bnefxKN3Pjk5Snruks0pKcMg=,v+Cs6TvXnibLF8u7dLN7eSJW7G8=
42,-32,q/6bnefxKN3Pjk5Snruks0pKcMg=,v+Cs6TvXnibLF8u7dLN7eSJW7G8=
41,-25,q/6bnefxKN3Pjk5Snruks0pKcMg=,v+Cs6TvXnibLF8u7dLN7eSJW7G8=
33,-24,q/6bnefxKN3Pjk5Snruks0pKcMg=,v+Cs6TvXnibLF8u7dLN7eSJW7G8=
34,-24,q/6bnefxKN3Pjk5Snruks0pKcMg=,v+Cs6TvXnibLF8u7dLN7eSJW7G8=
42,-25,q/6bnefxKN3Pjk5Snruks0pKcMg=,v+Cs6TvXnibLF8u7dLN7eSJW7G8=
35,-24,q/6bnefxKN3Pjk5Snruks0pKcMg=,v+Cs6TvXnibLF8u7dLN7eSJW7G8=
38,-24,q/6bnefxKN3Pjk5Snruks0pKcMg=,v+Cs6TvXnibLF8u7dLN7eSJW7G8=
47,-25,q/6bnefxKN3Pjk5Snruks0pKcMg=,v+Cs6TvXnibLF8u7dLN7eSJW7G8=
37,-24,q/6bnefxKN3Pjk5Snruks0pKcMg=,v+Cs6TvXnibLF8u7dLN7eSJW7G8=
46,-25,q/6bnefxKN3Pjk5Snruks0pKcMg=,v+Cs6TvXnibLF8u7dLN7eSJW7G8=
41,-27,q/6bnefxKN3Pjk5Snruks0pKcMg=,v+Cs6TvXnibLF8u7dLN7eSJW7G8=
43,-24,q/6bnefxKN3Pjk5Snruks0pKcMg=,v+Cs6TvXnibLF8u7dLN7eSJW7G8=
44,-24,q/6bnefxKN3Pjk5Snruks0pKcMg=,v+Cs6TvXnibLF8u7dLN7eSJW7G8=
45,-24,q/6bnefxKN3Pjk5Snruks0pKcMg=,v+Cs6TvXnibLF8u7dLN7eSJW7G8=
36,-24,q/6bnefxKN3Pjk5Snruks0pKcMg=,v+Cs6TvXnibLF8u7dLN7eSJW7G8=
42,-24,q/6bnefxKN3Pjk5Snruks0pKcMg=,v+Cs6TvXnibLF8u7dLN7eSJW7G8=
43,-27,q/6bnefxKN3Pjk5Snruks0pKcMg=,v+Cs6TvXnibLF8u7dLN7eSJW7G8=
43,-31,q/6bnefxKN3Pjk5Snruks0pKcMg=,v+Cs6TvXnibLF8u7dLN7eSJW7G8=
44,-30,q/6bnefxKN3Pjk5Snruks0pKcMg=,v+Cs6TvXnibLF8u7dLN7eSJW7G8=
43,-32,q/6bnefxKN3Pjk5Snruks0pKcMg=,v+Cs6TvXnibLF8u7dLN7eSJW7G8=
39,-24,q/6bnefxKN3Pjk5Snruks0pKcMg=,v+Cs6TvXnibLF8u7dLN7eSJW7G8=
32,-23,q/6bnefxKN3Pjk5Snruks0pKcMg=,v+Cs6TvXnibLF8u7dLN7eSJW7G8=
34,-23,q/6bnefxKN3Pjk5Snruks0pKcMg=,v+Cs6TvXnibLF8u7dLN7eSJW7G8=
33,-23,q/6bnefxKN3Pjk5Snruks0pKcMg=,v+Cs6TvXnibLF8u7dLN7eSJW7G8=
37,-23,q/6bnefxKN3Pjk5Snruks0pKcMg=,v+Cs6TvXnibLF8u7dLN7eSJW7G8=
36,-23,q/6bnefxKN3Pjk5Snruks0pKcMg=,v+Cs6TvXnibLF8u7dLN7eSJW7G8=
47,-24,q/6bnefxKN3Pjk5Snruks0pKcMg=,v+Cs6TvXnibLF8u7dLN7eSJW7G8=
46,-24,q/6bnefxKN3Pjk5Snruks0pKcMg=,v+Cs6TvXnibLF8u7dLN7eSJW7G8=
47,-20,q/6bnefxKN3Pjk5Snruks0pKcMg=,v+Cs6TvXnibLF8u7dLN7eSJW7G8=
35,-23,q/6bnefxKN3Pjk5Snruks0pKcMg=,v+Cs6TvXnibLF8u7dLN7eSJW7G8=
40,-25,q/6bnefxKN3Pjk5Snruks0pKcMg=,v+Cs6TvXnibLF8u7dLN7eSJW7G8=
44,-23,q/6bnefxKN3Pjk5Snruks0pKcMg=,v+Cs6TvXnibLF8u7dLN7eSJW7G8=
42,-27,q/6bnefxKN3Pjk5Snruks0pKcMg=,v+Cs6TvXnibLF8u7dLN7eSJW7G8=
45,-23,q/6bnefxKN3Pjk5Snruks0pKcMg=,v+Cs6TvXnibLF8u7dLN7eSJW7G8=
44,-31,q/6bnefxKN3Pjk5Snruks0pKcMg=,v+Cs6TvXnibLF8u7dLN7eSJW7G8=
40,-27,q/6bnefxKN3Pjk5Snruks0pKcMg=,v+Cs6TvXnibLF8u7dLN7eSJW7G8=
46,-23,q/6bnefxKN3Pjk5Snruks0pKcMg=,v+Cs6TvXnibLF8u7dLN7eSJW7G8=
45,-30,q/6bnefxKN3Pjk5Snruks0pKcMg=,v+Cs6TvXnibLF8u7dLN7eSJW7G8=
38,-23,q/6bnefxKN3Pjk5Snruks0pKcMg=,v+Cs6TvXnibLF8u7dLN7eSJW7G8=
32,-22,q/6bnefxKN3Pjk5Snruks0pKcMg=,v+Cs6TvXnibLF8u7dLN7eSJW7G8=
33,-22,q/6bnefxKN3Pjk5Snruks0pKcMg=,v+Cs6TvXnibLF8u7dLN7eSJW7G8=
44,-32,q/6bnefxKN3Pjk5Snruks0pKcMg=,v+Cs6TvXnibLF8u7dLN7eSJW7G8=
39,-23,q/6bnefxKN3Pjk5Snruks0pKcMg=,v+Cs6TvXnibLF8u7dLN7eSJW7G8=
40,-23,q/6bnefxKN3Pjk5Snruks0pKcMg=,v+Cs6TvXnibLF8u7dLN7eSJW7G8=
34,-22,q/6bnefxKN3Pjk5Snruks0pKcMg=,v+Cs6TvXnibLF8u7dLN7eSJW7G8=
47,-18,q/6bnefxKN3Pjk5Snruks0pKcMg=,v+Cs6TvXnibLF8u7dLN7eSJW7G8=
42,-26,q/6bnefxKN3Pjk5Snruks0pKcMg=,v+Cs6TvXnibLF8u7dLN7eSJW7G8=
47,-23,q/6bnefxKN3Pjk5Snruks0pKcMg=,v+Cs6TvXnibLF8u7dLN7eSJW7G8=
43,-23,q/6bnefxKN3Pjk5Snruks0pKcMg=,v+Cs6TvXnibLF8u7dLN7eSJW7G8=
41,-26,q/6bnefxKN3Pjk5Snruks0pKcMg=,v+Cs6TvXnibLF8u7dLN7eSJW7G8=
41,-23,q/6bnefxKN3Pjk5Snruks0pKcMg=,v+Cs6TvXnibLF8u7dLN7eSJW7G8=
41,-24,q/6bnefxKN3Pjk5Snruks0pKcMg=,v+Cs6TvXnibLF8u7dLN7eSJW7G8=
44,-22,q/6bnefxKN3Pjk5Snruks0pKcMg=,v+Cs6TvXnibLF8u7dLN7eSJW7G8=
45,-22,q/6bnefxKN3Pjk5Snruks0pKcMg=,v+Cs6TvXnibLF8u7dLN7eSJW7G8=
45,-31,q/6bnefxKN3Pjk5Snruks0pKcMg=,v+Cs6TvXnibLF8u7dLN7eSJW7G8=
42,-22,q/6bnefxKN3Pjk5Snruks0pKcMg=,v+Cs6TvXnibLF8u7dLN7eSJW7G8=
32,-21,q/6bnefxKN3Pjk5Snruks0pKcMg=,v+Cs6TvXnibLF8u7dLN7eSJW7G8=
45,-32,q/6bnefxKN3Pjk5Snruks0pKcMg=,v+Cs6TvXnibLF8u7dLN7eSJW7G8=
33,-21,q/6bnefxKN3Pjk5Snruks0pKcMg=,v+Cs6TvXnibLF8u7dLN7eSJW7G8=
46,-31,q/6bnefxKN3Pjk5Snruks0pKcMg=,v+Cs6TvXnibLF8u7dLN7eSJW7G8=
46,-30,q/6bnefxKN3Pjk5Snruks0pKcMg=,v+Cs6TvXnibLF8u7dLN7eSJW7G8=
40,-26,q/6bnefxKN3Pjk5Snruks0pKcMg=,v+Cs6TvXnibLF8u7dLN7eSJW7G8=
42,-23,q/6bnefxKN3Pjk5Snruks0pKcMg=,v+Cs6TvXnibLF8u7dLN7eSJW7G8=
46,-22,q/6bnefxKN3Pjk5Snruks0pKcMg=,v+Cs6TvXnibLF8u7dLN7eSJW7G8=
43,-22,q/6bnefxKN3Pjk5Snruks0pKcMg=,v+Cs6TvXnibLF8u7dLN7eSJW7G8=
34,-21,q/6bnefxKN3Pjk5Snruks0pKcMg=,v+Cs6TvXnibLF8u7dLN7eSJW7G8=
40,-24,q/6bnefxKN3Pjk5Snruks0pKcMg=,v+Cs6TvXnibLF8u7dLN7eSJW7G8=
37,-22,q/6bnefxKN3Pjk5Snruks0pKcMg=,v+Cs6TvXnibLF8u7dLN7eSJW7G8=
47,-31,q/6bnefxKN3Pjk5Snruks0pKcMg=,v+Cs6TvXnibLF8u7dLN7eSJW7G8=
38,-22,q/6bnefxKN3Pjk5Snruks0pKcMg=,v+Cs6TvXnibLF8u7dLN7eSJW7G8=
46,-32,q/6bnefxKN3Pjk5Snruks0pKcMg=,v+Cs6TvXnibLF8u7dLN7eSJW7G8=
35,-22,q/6bnefxKN3Pjk5Snruks0pKcMg=,v+Cs6TvXnibLF8u7dLN7eSJW7G8=
44,-21,q/6bnefxKN3Pjk5Snruks0pKcMg=,v+Cs6TvXnibLF8u7dLN7eSJW7G8=
45,-21,q/6bnefxKN3Pjk5Snruks0pKcMg=,v+Cs6TvXnibLF8u7dLN7eSJW7G8=
43,-21,q/6bnefxKN3Pjk5Snruks0pKcMg=,v+Cs6TvXnibLF8u7dLN7eSJW7G8=
40,-21,q/6bnefxKN3Pjk5Snruks0pKcMg=,v+Cs6TvXnibLF8u7dLN7eSJW7G8=
46,-21,q/6bnefxKN3Pjk5Snruks0pKcMg=,v+Cs6TvXnibLF8u7dLN7eSJW7G8=
32,-30,q/6bnefxKN3Pjk5Snruks0pKcMg=,v+Cs6TvXnibLF8u7dLN7eSJW7G8=
47,-21,q/6bnefxKN3Pjk5Snruks0pKcMg=,v+Cs6TvXnibLF8u7dLN7eSJW7G8=
39,-22,q/6bnefxKN3Pjk5Snruks0pKcMg=,v+Cs6TvXnibLF8u7dLN7eSJW7G8=
36,-22,q/6bnefxKN3Pjk5Snruks0pKcMg=,v+Cs6TvXnibLF8u7dLN7eSJW7G8=
39,-21,q/6bnefxKN3Pjk5Snruks0pKcMg=,v+Cs6TvXnibLF8u7dLN7eSJW7G8=
34,-32,q/6bnefxKN3Pjk5Snruks0pKcMg=,v+Cs6TvXnibLF8u7dLN7eSJW7G8=
33,-31,q/6bnefxKN3Pjk5Snruks0pKcMg=,v+Cs6TvXnibLF8u7dLN7eSJW7G8=
32,-20,q/6bnefxKN3Pjk5Snruks0pKcMg=,v+Cs6TvXnibLF8u7dLN7eSJW7G8=
32,-29,q/6bnefxKN3Pjk5Snruks0pKcMg=,v+Cs6TvXnibLF8u7dLN7eSJW7G8=
33,-20,q/6bnefxKN3Pjk5Snruks0pKcMg=,v+Cs6TvXnibLF8u7dLN7eSJW7G8=
47,-32,q/6bnefxKN3Pjk5Snruks0pKcMg=,v+Cs6TvXnibLF8u7dLN7eSJW7G8=
47,-30,q/6bnefxKN3Pjk5Snruks0pKcMg=,v+Cs6TvXnibLF8u7dLN7eSJW7G8=
34,-20,q/6bnefxKN3Pjk5Snruks0pKcMg=,v+Cs6TvXnibLF8u7dLN7eSJW7G8=
42,-21,q/6bnefxKN3Pjk5Snruks0pKcMg=,v+Cs6TvXnibLF8u7dLN7eSJW7G8=
37,-20,q/6bnefxKN3Pjk5Snruks0pKcMg=,v+Cs6TvXnibLF8u7dLN7eSJW7G8=
40,-22,q/6bnefxKN3Pjk5Snruks0pKcMg=,v+Cs6TvXnibLF8u7dLN7eSJW7G8=
36,-20,q/6bnefxKN3Pjk5Snruks0pKcMg=,v+Cs6TvXnibLF8u7dLN7eSJW7G8=
32,-31,q/6bnefxKN3Pjk5Snruks0pKcMg=,v+Cs6TvXnibLF8u7dLN7eSJW7G8=
41,-22,q/6bnefxKN3Pjk5Snruks0pKcMg=,v+Cs6TvXnibLF8u7dLN7eSJW7G8=
38,-21,q/6bnefxKN3Pjk5Snruks0pKcMg=,v+Cs6TvXnibLF8u7dLN7eSJW7G8=
36,-21,q/6bnefxKN3Pjk5Snruks0pKcMg=,v+Cs6TvXnibLF8u7dLN7eSJW7G8=
35,-21,q/6bnefxKN3Pjk5Snruks0pKcMg=,v+Cs6TvXnibLF8u7dLN7eSJW7G8=
47,-22,q/6bnefxKN3Pjk5Snruks0pKcMg=,v+Cs6TvXnibLF8u7dLN7eSJW7G8=
35,-20,q/6bnefxKN3Pjk5Snruks0pKcMg=,v+Cs6TvXnibLF8u7dLN7eSJW7G8=
41,-21,q/6bnefxKN3Pjk5Snruks0pKcMg=,v+Cs6TvXnibLF8u7dLN7eSJW7G8=
37,-21,q/6bnefxKN3Pjk5Snruks0pKcMg=,v+Cs6TvXnibLF8u7dLN7eSJW7G8=
38,-13,xvRg3Ghv/0empt6AP8Hthk9mS10=,ewKyQDFOcncC1z4Kuu77UpTditk=
39,-13,xvRg3Ghv/0empt6AP8Hthk9mS10=,ewKyQDFOcncC1z4Kuu77UpTditk=
40,-13,xvRg3Ghv/0empt6AP8Hthk9mS10=,ewKyQDFOcncC1z4Kuu77UpTditk=
41,-13,xvRg3Ghv/0empt6AP8Hthk9mS10=,ewKyQDFOcncC1z4Kuu77UpTditk=
42,-13,xvRg3Ghv/0empt6AP8Hthk9mS10=,ewKyQDFOcncC1z4Kuu77UpTditk=
43,-13,xvRg3Ghv/0empt6AP8Hthk9mS10=,ewKyQDFOcncC1z4Kuu77UpTditk=
37,-16,xkJMBQNaA61hW6FZWJq2spHZqhQ=,ewKyQDFOcncC1z4Kuu77UpTditk=
46,-13,bMP9iV2hj9IQk/rbkxF+C5Aydg8=,ewKyQDFOcncC1z4Kuu77UpTditk=
38,-16,bMP9iV2hj9IQk/rbkxF+C5Aydg8=,ewKyQDFOcncC1z4Kuu77UpTditk=
39,-14,bMP9iV2hj9IQk/rbkxF+C5Aydg8=,ewKyQDFOcncC1z4Kuu77UpTditk=
33,-12,bMP9iV2hj9IQk/rbkxF+C5Aydg8=,ewKyQDFOcncC1z4Kuu77UpTditk=
38,-14,bMP9iV2hj9IQk/rbkxF+C5Aydg8=,ewKyQDFOcncC1z4Kuu77UpTditk=
36,-12,bMP9iV2hj9IQk/rbkxF+C5Aydg8=,ewKyQDFOcncC1z4Kuu77UpTditk=
39,-12,bMP9iV2hj9IQk/rbkxF+C5Aydg8=,ewKyQDFOcncC1z4Kuu77UpTditk=
37,-13,bMP9iV2hj9IQk/rbkxF+C5Aydg8=,ewKyQDFOcncC1z4Kuu77UpTditk=
43,-12,bMP9iV2hj9IQk/rbkxF+C5Aydg8=,ewKyQDFOcncC1z4Kuu77UpTditk=
44,-12,bMP9iV2hj9IQk/rbkxF+C5Aydg8=,ewKyQDFOcncC1z4Kuu77UpTditk=
37,-12,bMP9iV2hj9IQk/rbkxF+C5Aydg8=,ewKyQDFOcncC1z4Kuu77UpTditk=
41,-12,bMP9iV2hj9IQk/rbkxF+C5Aydg8=,ewKyQDFOcncC1z4Kuu77UpTditk=
39,-15,bMP9iV2hj9IQk/rbkxF+C5Aydg8=,ewKyQDFOcncC1z4Kuu77UpTditk=
40,-14,bMP9iV2hj9IQk/rbkxF+C5Aydg8=,ewKyQDFOcncC1z4Kuu77UpTditk=
39,-16,bMP9iV2hj9IQk/rbkxF+C5Aydg8=,ewKyQDFOcncC1z4Kuu77UpTditk=
46,-12,bMP9iV2hj9IQk/rbkxF+C5Aydg8=,ewKyQDFOcncC1z4Kuu77UpTditk=
35,-11,bMP9iV2hj9IQk/rbkxF+C5Aydg8=,ewKyQDFOcncC1z4Kuu77UpTditk=
37,-11,bMP9iV2hj9IQk/rbkxF+C5Aydg8=,ewKyQDFOcncC1z4Kuu77UpTditk=
34,-11,bMP9iV2hj9IQk/rbkxF+C5Aydg8=,ewKyQDFOcncC1z4Kuu77UpTditk=
44,-11,bMP9iV2hj9IQk/rbkxF+C5Aydg8=,ewKyQDFOcncC1z4Kuu77UpTditk=
45,-11,bMP9iV2hj9IQk/rbkxF+C5Aydg8=,ewKyQDFOcncC1z4Kuu77UpTditk=
46,-11,bMP9iV2hj9IQk/rbkxF+C5Aydg8=,ewKyQDFOcncC1z4Kuu77UpTditk=
40,-15,bMP9iV2hj9IQk/rbkxF+C5Aydg8=,ewKyQDFOcncC1z4Kuu77UpTditk=
41,-14,bMP9iV2hj9IQk/rbkxF+C5Aydg8=,ewKyQDFOcncC1z4Kuu77UpTditk=
40,-16,bMP9iV2hj9IQk/rbkxF+C5Aydg8=,ewKyQDFOcncC1z4Kuu77UpTditk=
34,-10,bMP9iV2hj9IQk/rbkxF+C5Aydg8=,ewKyQDFOcncC1z4Kuu77UpTditk=
35,-10,bMP9iV2hj9IQk/rbkxF+C5Aydg8=,ewKyQDFOcncC1z4Kuu77UpTditk=
37,-10,bMP9iV2hj9IQk/rbkxF+C5Aydg8=,ewKyQDFOcncC1z4Kuu77UpTditk=
42,-14,bMP9iV2hj9IQk/rbkxF+C5Aydg8=,ewKyQDFOcncC1z4Kuu77UpTditk=
41,-15,bMP9iV2hj9IQk/rbkxF+C5Aydg8=,ewKyQDFOcncC1z4Kuu77UpTditk=
41,-16,bMP9iV2hj9IQk/rbkxF+C5Aydg8=,ewKyQDFOcncC1z4Kuu77UpTditk=
33,-9,bMP9iV2hj9IQk/rbkxF+C5Aydg8=,ewKyQDFOcncC1z4Kuu77UpTditk=
34,-9,bMP9iV2hj9IQk/rbkxF+C5Aydg8=,ewKyQDFOcncC1z4Kuu77UpTditk=
35,-9,bMP9iV2hj9IQk/rbkxF+C5Aydg8=,ewKyQDFOcncC1z4Kuu77UpTditk=
36,-9,bMP9iV2hj9IQk/rbkxF+C5Aydg8=,ewKyQDFOcncC1z4Kuu77UpTditk=
42,-16,bMP9iV2hj9IQk/rbkxF+C5Aydg8=,ewKyQDFOcncC1z4Kuu77UpTditk=
33,-8,bMP9iV2hj9IQk/rbkxF+C5Aydg8=,ewKyQDFOcncC1z4Kuu77UpTditk=
34,-8,bMP9iV2hj9IQk/rbkxF+C5Aydg8=,ewKyQDFOcncC1z4Kuu77UpTditk=
35,-8,bMP9iV2hj9IQk/rbkxF+C5Aydg8=,ewKyQDFOcncC1z4Kuu77UpTditk=
36,-8,bMP9iV2hj9IQk/rbkxF+C5Aydg8=,ewKyQDFOcncC1z4Kuu77UpTditk=
43,-15,bMP9iV2hj9IQk/rbkxF+C5Aydg8=,ewKyQDFOcncC1z4Kuu77UpTditk=
43,-16,bMP9iV2hj9IQk/rbkxF+C5Aydg8=,ewKyQDFOcncC1z4Kuu77UpTditk=
33,-7,bMP9iV2hj9IQk/rbkxF+C5Aydg8=,ewKyQDFOcncC1z4Kuu77UpTditk=
34,-7,bMP9iV2hj9IQk/rbkxF+C5Aydg8=,ewKyQDFOcncC1z4Kuu77UpTditk=
35,-7,bMP9iV2hj9IQk/rbkxF+C5Aydg8=,ewKyQDFOcncC1z4Kuu77UpTditk=
36,-7,bMP9iV2hj9IQk/rbkxF+C5Aydg8=,ewKyQDFOcncC1z4Kuu77UpTditk=
37,-7,bMP9iV2hj9IQk/rbkxF+C5Aydg8=,ewKyQDFOcncC1z4Kuu77UpTditk=
45,-14,bMP9iV2hj9IQk/rbkxF+C5Aydg8=,ewKyQDFOcncC1z4Kuu77UpTditk=
33,-6,bMP9iV2hj9IQk/rbkxF+C5Aydg8=,ewKyQDFOcncC1z4Kuu77UpTditk=
35,-6,bMP9iV2hj9IQk/rbkxF+C5Aydg8=,ewKyQDFOcncC1z4Kuu77UpTditk=
44,-16,bMP9iV2hj9IQk/rbkxF+C5Aydg8=,ewKyQDFOcncC1z4Kuu77UpTditk=
36,-6,bMP9iV2hj9IQk/rbkxF+C5Aydg8=,ewKyQDFOcncC1z4Kuu77UpTditk=
38,-6,bMP9iV2hj9IQk/rbkxF+C5Aydg8=,ewKyQDFOcncC1z4Kuu77UpTditk=
45,-15,bMP9iV2hj9IQk/rbkxF+C5Aydg8=,ewKyQDFOcncC1z4Kuu77UpTditk=
46,-14,bMP9iV2hj9IQk/rbkxF+C5Aydg8=,ewKyQDFOcncC1z4Kuu77UpTditk=
45,-16,bMP9iV2hj9IQk/rbkxF+C5Aydg8=,ewKyQDFOcncC1z4Kuu77UpTditk=
33,-5,bMP9iV2hj9IQk/rbkxF+C5Aydg8=,ewKyQDFOcncC1z4Kuu77UpTditk=
34,-5,bMP9iV2hj9IQk/rbkxF+C5Aydg8=,ewKyQDFOcncC1z4Kuu77UpTditk=
38,-5,bMP9iV2hj9IQk/rbkxF+C5Aydg8=,ewKyQDFOcncC1z4Kuu77UpTditk=
34,-4,bMP9iV2hj9IQk/rbkxF+C5Aydg8=,ewKyQDFOcncC1z4Kuu77UpTditk=
38,-4,bMP9iV2hj9IQk/rbkxF+C5Aydg8=,ewKyQDFOcncC1z4Kuu77UpTditk=
40,-4,bMP9iV2hj9IQk/rbkxF+C5Aydg8=,ewKyQDFOcncC1z4Kuu77UpTditk=
36,-1,bMP9iV2hj9IQk/rbkxF+C5Aydg8=,ewKyQDFOcncC1z4Kuu77UpTditk=
35,-1,bMP9iV2hj9IQk/rbkxF+C5Aydg8=,ewKyQDFOcncC1z4Kuu77UpTditk=
33,-3,bMP9iV2hj9IQk/rbkxF+C5Aydg8=,ewKyQDFOcncC1z4Kuu77UpTditk=
34,-1,bMP9iV2hj9IQk/rbkxF+C5Aydg8=,ewKyQDFOcncC1z4Kuu77UpTditk=
34,-3,bMP9iV2hj9IQk/rbkxF+C5Aydg8=,ewKyQDFOcncC1z4Kuu77UpTditk=
35,-3,bMP9iV2hj9IQk/rbkxF+C5Aydg8=,ewKyQDFOcncC1z4Kuu77UpTditk=
38,-3,bMP9iV2hj9IQk/rbkxF+C5Aydg8=,ewKyQDFOcncC1z4Kuu77UpTditk=
39,-3,bMP9iV2hj9IQk/rbkxF+C5Aydg8=,ewKyQDFOcncC1z4Kuu77UpTditk=
40,-3,bMP9iV2hj9IQk/rbkxF+C5Aydg8=,ewKyQDFOcncC1z4Kuu77UpTditk=
33,-1,bMP9iV2hj9IQk/rbkxF+C5Aydg8=,ewKyQDFOcncC1z4Kuu77UpTditk=
36,-16,bMP9iV2hj9IQk/rbkxF+C5Aydg8=,ewKyQDFOcncC1z4Kuu77UpTditk=
33,-13,bMP9iV2hj9IQk/rbkxF+C5Aydg8=,ewKyQDFOcncC1z4Kuu77UpTditk=
34,-2,bMP9iV2hj9IQk/rbkxF+C5Aydg8=,ewKyQDFOcncC1z4Kuu77UpTditk=
35,-14,bMP9iV2hj9IQk/rbkxF+C5Aydg8=,ewKyQDFOcncC1z4Kuu77UpTditk=
35,-2,bMP9iV2hj9IQk/rbkxF+C5Aydg8=,ewKyQDFOcncC1z4Kuu77UpTditk=
36,-2,bMP9iV2hj9IQk/rbkxF+C5Aydg8=,ewKyQDFOcncC1z4Kuu77UpTditk=
37,-2,bMP9iV2hj9IQk/rbkxF+C5Aydg8=,ewKyQDFOcncC1z4Kuu77UpTditk=
38,-2,bMP9iV2hj9IQk/rbkxF+C5Aydg8=,ewKyQDFOcncC1z4Kuu77UpTditk=
47,-13,bMP9iV2hj9IQk/rbkxF+C5Aydg8=,ewKyQDFOcncC1z4Kuu77UpTditk=
47,-12,bMP9iV2hj9IQk/rbkxF+C5Aydg8=,ewKyQDFOcncC1z4Kuu77UpTditk=
47,-11,bMP9iV2hj9IQk/rbkxF+C5Aydg8=,ewKyQDFOcncC1z4Kuu77UpTditk=
47,-8,bMP9iV2hj9IQk/rbkxF+C5Aydg8=,ewKyQDFOcncC1z4Kuu77UpTditk=
47,-7,bMP9iV2hj9IQk/rbkxF+C5Aydg8=,ewKyQDFOcncC1z4Kuu77UpTditk=
47,-3,bMP9iV2hj9IQk/rbkxF+C5Aydg8=,ewKyQDFOcncC1z4Kuu77UpTditk=
47,-2,bMP9iV2hj9IQk/rbkxF+C5Aydg8=,ewKyQDFOcncC1z4Kuu77UpTditk=
41,-8,bMP9iV2hj9IQk/rbkxF+C5Aydg8=,ewKyQDFOcncC1z4Kuu77UpTditk=
42,-8,bMP9iV2hj9IQk/rbkxF+C5Aydg8=,ewKyQDFOcncC1z4Kuu77UpTditk=
47,-5,bMP9iV2hj9IQk/rbkxF+C5Aydg8=,ewKyQDFOcncC1z4Kuu77UpTditk=
43,-8,bMP9iV2hj9IQk/rbkxF+C5Aydg8=,ewKyQDFOcncC1z4Kuu77UpTditk=
41,-7,bMP9iV2hj9IQk/rbkxF+C5Aydg8=,ewKyQDFOcncC1z4Kuu77UpTditk=
42,-7,bMP9iV2hj9IQk/rbkxF+C5Aydg8=,ewKyQDFOcncC1z4Kuu77UpTditk=
47,-4,bMP9iV2hj9IQk/rbkxF+C5Aydg8=,ewKyQDFOcncC1z4Kuu77UpTditk=
44,-8,bMP9iV2hj9IQk/rbkxF+C5Aydg8=,ewKyQDFOcncC1z4Kuu77UpTditk=
47,-6,bMP9iV2hj9IQk/rbkxF+C5Aydg8=,ewKyQDFOcncC1z4Kuu77UpTditk=
43,-7,bMP9iV2hj9IQk/rbkxF+C5Aydg8=,ewKyQDFOcncC1z4Kuu77UpTditk=
44,-1,bMP9iV2hj9IQk/rbkxF+C5Aydg8=,ewKyQDFOcncC1z4Kuu77UpTditk=
40,-6,bMP9iV2hj9IQk/rbkxF+C5Aydg8=,ewKyQDFOcncC1z4Kuu77UpTditk=
41,-6,bMP9iV2hj9IQk/rbkxF+C5Aydg8=,ewKyQDFOcncC1z4Kuu77UpTditk=
40,-7,bMP9iV2hj9IQk/rbkxF+C5Aydg8=,ewKyQDFOcncC1z4Kuu77UpTditk=
42,-6,bMP9iV2hj9IQk/rbkxF+C5Aydg8=,ewKyQDFOcncC1z4Kuu77UpTditk=
43,-2,bMP9iV2hj9IQk/rbkxF+C5Aydg8=,ewKyQDFOcncC1z4Kuu77UpTditk=
45,-1,bMP9iV2hj9IQk/rbkxF+C5Aydg8=,ewKyQDFOcncC1z4Kuu77UpTditk=
43,-1,bMP9iV2hj9IQk/rbkxF+C5Aydg8=,ewKyQDFOcncC1z4Kuu77UpTditk=
45,-2,bMP9iV2hj9IQk/rbkxF+C5Aydg8=,ewKyQDFOcncC1z4Kuu77UpTditk=
46,-1,bMP9iV2hj9IQk/rbkxF+C5Aydg8=,ewKyQDFOcncC1z4Kuu77UpTditk=
40,-5,bMP9iV2hj9IQk/rbkxF+C5Aydg8=,ewKyQDFOcncC1z4Kuu77UpTditk=
42,-1,bMP9iV2hj9IQk/rbkxF+C5Aydg8=,ewKyQDFOcncC1z4Kuu77UpTditk=
46,-7,bMP9iV2hj9IQk/rbkxF+C5Aydg8=,ewKyQDFOcncC1z4Kuu77UpTditk=
40,-8,bMP9iV2hj9IQk/rbkxF+C5Aydg8=,ewKyQDFOcncC1z4Kuu77UpTditk=
41,-5,bMP9iV2hj9IQk/rbkxF+C5Aydg8=,ewKyQDFOcncC1z4Kuu77UpTditk=
41,-1,bMP9iV2hj9IQk/rbkxF+C5Aydg8=,ewKyQDFOcncC1z4Kuu77UpTditk=
46,-6,bMP9iV2hj9IQk/rbkxF+C5Aydg8=,ewKyQDFOcncC1z4Kuu77UpTditk=
47,-1,bMP9iV2hj9IQk/rbkxF+C5Aydg8=,ewKyQDFOcncC1z4Kuu77UpTditk=
45,-8,bMP9iV2hj9IQk/rbkxF+C5Aydg8=,ewKyQDFOcncC1z4Kuu77UpTditk=
46,-5,bMP9iV2hj9IQk/rbkxF+C5Aydg8=,ewKyQDFOcncC1z4Kuu77UpTditk=
40,-1,bMP9iV2hj9IQk/rbkxF+C5Aydg8=,ewKyQDFOcncC1z4Kuu77UpTditk=
41,-4,bMP9iV2hj9IQk/rbkxF+C5Aydg8=,ewKyQDFOcncC1z4Kuu77UpTditk=
45,-5,bMP9iV2hj9IQk/rbkxF+C5Aydg8=,ewKyQDFOcncC1z4Kuu77UpTditk=
44,-6,bMP9iV2hj9IQk/rbkxF+C5Aydg8=,ewKyQDFOcncC1z4Kuu77UpTditk=
44,-5,bMP9iV2hj9IQk/rbkxF+C5Aydg8=,ewKyQDFOcncC1z4Kuu77UpTditk=
46,-8,bMP9iV2hj9IQk/rbkxF+C5Aydg8=,ewKyQDFOcncC1z4Kuu77UpTditk=
46,-4,bMP9iV2hj9IQk/rbkxF+C5Aydg8=,ewKyQDFOcncC1z4Kuu77UpTditk=
44,-7,bMP9iV2hj9IQk/rbkxF+C5Aydg8=,ewKyQDFOcncC1z4Kuu77UpTditk=
45,-4,bMP9iV2hj9IQk/rbkxF+C5Aydg8=,ewKyQDFOcncC1z4Kuu77UpTditk=
41,-3,bMP9iV2hj9IQk/rbkxF+C5Aydg8=,ewKyQDFOcncC1z4Kuu77UpTditk=
45,-3,bMP9iV2hj9IQk/rbkxF+C5Aydg8=,ewKyQDFOcncC1z4Kuu77UpTditk=
46,-3,bMP9iV2hj9IQk/rbkxF+C5Aydg8=,ewKyQDFOcncC1z4Kuu77UpTditk=
44,-3,bMP9iV2hj9IQk/rbkxF+C5Aydg8=,ewKyQDFOcncC1z4Kuu77UpTditk=
46,-2,bMP9iV2hj9IQk/rbkxF+C5Aydg8=,ewKyQDFOcncC1z4Kuu77UpTditk=
40,-2,bMP9iV2hj9IQk/rbkxF+C5Aydg8=,ewKyQDFOcncC1z4Kuu77UpTditk=
44,-2,bMP9iV2hj9IQk/rbkxF+C5Aydg8=,ewKyQDFOcncC1z4Kuu77UpTditk=
43,-3,bMP9iV2hj9IQk/rbkxF+C5Aydg8=,ewKyQDFOcncC1z4Kuu77UpTditk=
43,-5,bMP9iV2hj9IQk/rbkxF+C5Aydg8=,ewKyQDFOcncC1z4Kuu77UpTditk=
41,-2,bMP9iV2hj9IQk/rbkxF+C5Aydg8=,ewKyQDFOcncC1z4Kuu77UpTditk=
42,-2,bMP9iV2hj9IQk/rbkxF+C5Aydg8=,ewKyQDFOcncC1z4Kuu77UpTditk=
42,-3,bMP9iV2hj9IQk/rbkxF+C5Aydg8=,ewKyQDFOcncC1z4Kuu77UpTditk=
43,-6,bMP9iV2hj9IQk/rbkxF+C5Aydg8=,ewKyQDFOcncC1z4Kuu77UpTditk=
42,-5,bMP9iV2hj9IQk/rbkxF+C5Aydg8=,ewKyQDFOcncC1z4Kuu77UpTditk=
44,-4,bMP9iV2hj9IQk/rbkxF+C5Aydg8=,ewKyQDFOcncC1z4Kuu77UpTditk=
45,-6,bMP9iV2hj9IQk/rbkxF+C5Aydg8=,ewKyQDFOcncC1z4Kuu77UpTditk=
42,-4,bMP9iV2hj9IQk/rbkxF+C5Aydg8=,ewKyQDFOcncC1z4Kuu77UpTditk=
42,-12,bMP9iV2hj9IQk/rbkxF+C5Aydg8=,ewKyQDFOcncC1z4Kuu77UpTditk=
45,-12,bMP9iV2hj9IQk/rbkxF+C5Aydg8=,ewKyQDFOcncC1z4Kuu77UpTditk=
44,-10,bMP9iV2hj9IQk/rbkxF+C5Aydg8=,ewKyQDFOcncC1z4Kuu77UpTditk=
45,-13,bMP9iV2hj9IQk/rbkxF+C5Aydg8=,ewKyQDFOcncC1z4Kuu77UpTditk=
40,-12,bMP9iV2hj9IQk/rbkxF+C5Aydg8=,ewKyQDFOcncC1z4Kuu77UpTditk=
45,-7,bMP9iV2hj9IQk/rbkxF+C5Aydg8=,ewKyQDFOcncC1z4Kuu77UpTditk=
46,-10,bMP9iV2hj9IQk/rbkxF+C5Aydg8=,ewKyQDFOcncC1z4Kuu77UpTditk=
45,-10,bMP9iV2hj9IQk/rbkxF+C5Aydg8=,ewKyQDFOcncC1z4Kuu77UpTditk=
43,-9,bMP9iV2hj9IQk/rbkxF+C5Aydg8=,ewKyQDFOcncC1z4Kuu77UpTditk=
43,-10,bMP9iV2hj9IQk/rbkxF+C5Aydg8=,ewKyQDFOcncC1z4Kuu77UpTditk=
44,-9,bMP9iV2hj9IQk/rbkxF+C5Aydg8=,ewKyQDFOcncC1z4Kuu77UpTditk=
45,-9,bMP9iV2hj9IQk/rbkxF+C5Aydg8=,ewKyQDFOcncC1z4Kuu77UpTditk=
44,-13,bMP9iV2hj9IQk/rbkxF+C5Aydg8=,ewKyQDFOcncC1z4Kuu77UpTditk=
42,-15,bMP9iV2hj9IQk/rbkxF+C5Aydg8=,ewKyQDFOcncC1z4Kuu77UpTditk=
43,-11,bMP9iV2hj9IQk/rbkxF+C5Aydg8=,ewKyQDFOcncC1z4Kuu77UpTditk=
40,-9,bMP9iV2hj9IQk/rbkxF+C5Aydg8=,ewKyQDFOcncC1z4Kuu77UpTditk=
44,-15,bMP9iV2hj9IQk/rbkxF+C5Aydg8=,ewKyQDFOcncC1z4Kuu77UpTditk=
46,-15,bMP9iV2hj9IQk/rbkxF+C5Aydg8=,ewKyQDFOcncC1z4Kuu77UpTditk=
42,-11,bMP9iV2hj9IQk/rbkxF+C5Aydg8=,ewKyQDFOcncC1z4Kuu77UpTditk=
44,-14,bMP9iV2hj9IQk/rbkxF+C5Aydg8=,ewKyQDFOcncC1z4Kuu77UpTditk=
41,-9,bMP9iV2hj9IQk/rbkxF+C5Aydg8=,ewKyQDFOcncC1z4Kuu77UpTditk=
47,-10,bMP9iV2hj9IQk/rbkxF+C5Aydg8=,ewKyQDFOcncC1z4Kuu77UpTditk=
47,-14,bMP9iV2hj9IQk/rbkxF+C5Aydg8=,ewKyQDFOcncC1z4Kuu77UpTditk=
43,-14,bMP9iV2hj9IQk/rbkxF+C5Aydg8=,ewKyQDFOcncC1z4Kuu77UpTditk=
46,-9,bMP9iV2hj9IQk/rbkxF+C5Aydg8=,ewKyQDFOcncC1z4Kuu77UpTditk=
42,-9,bMP9iV2hj9IQk/rbkxF+C5Aydg8=,ewKyQDFOcncC1z4Kuu77UpTditk=
40,-11,bMP9iV2hj9IQk/rbkxF+C5Aydg8=,ewKyQDFOcncC1z4Kuu77UpTditk=
41,-11,bMP9iV2hj9IQk/rbkxF+C5Aydg8=,ewKyQDFOcncC1z4Kuu77UpTditk=
32,-12,bMP9iV2hj9IQk/rbkxF+C5Aydg8=,ewKyQDFOcncC1z4Kuu77UpTditk=
32,-4,bMP9iV2hj9IQk/rbkxF+C5Aydg8=,ewKyQDFOcncC1z4Kuu77UpTditk=
32,-3,bMP9iV2hj9IQk/rbkxF+C5Aydg8=,ewKyQDFOcncC1z4Kuu77UpTditk=
32,-13,bMP9iV2hj9IQk/rbkxF+C5Aydg8=,ewKyQDFOcncC1z4Kuu77UpTditk=
39,-2,bMP9iV2hj9IQk/rbkxF+C5Aydg8=,ewKyQDFOcncC1z4Kuu77UpTditk=
32,-15,bMP9iV2hj9IQk/rbkxF+C5Aydg8=,ewKyQDFOcncC1z4Kuu77UpTditk=
32,-16,bMP9iV2hj9IQk/rbkxF+C5Aydg8=,ewKyQDFOcncC1z4Kuu77UpTditk=
47,-16,bMP9iV2hj9IQk/rbkxF+C5Aydg8=,ewKyQDFOcncC1z4Kuu77UpTditk=
38,-12,bMP9iV2hj9IQk/rbkxF+C5Aydg8=,ewKyQDFOcncC1z4Kuu77UpTditk=
32,-14,bMP9iV2hj9IQk/rbkxF+C5Aydg8=,ewKyQDFOcncC1z4Kuu77UpTditk=
37,-14,bMP9iV2hj9IQk/rbkxF+C5Aydg8=,ewKyQDFOcncC1z4Kuu77UpTditk=
35,-16,bMP9iV2hj9IQk/rbkxF+C5Aydg8=,ewKyQDFOcncC1z4Kuu77UpTditk=
32,-11,bMP9iV2hj9IQk/rbkxF+C5Aydg8=,ewKyQDFOcncC1z4Kuu77UpTditk=
32,-2,bMP9iV2hj9IQk/rbkxF+C5Aydg8=,ewKyQDFOcncC1z4Kuu77UpTditk=
40,-10,bMP9iV2hj9IQk/rbkxF+C5Aydg8=,ewKyQDFOcncC1z4Kuu77UpTditk=
32,-7,bMP9iV2hj9IQk/rbkxF+C5Aydg8=,ewKyQDFOcncC1z4Kuu77UpTditk=
33,-2,bMP9iV2hj9IQk/rbkxF+C5Aydg8=,ewKyQDFOcncC1z4Kuu77UpTditk=
32,-8,bMP9iV2hj9IQk/rbkxF+C5Aydg8=,ewKyQDFOcncC1z4Kuu77UpTditk=
36,-13,bMP9iV2hj9IQk/rbkxF+C5Aydg8=,ewKyQDFOcncC1z4Kuu77UpTditk=
35,-15,bMP9iV2hj9IQk/rbkxF+C5Aydg8=,ewKyQDFOcncC1z4Kuu77UpTditk=
34,-14,bMP9iV2hj9IQk/rbkxF+C5Aydg8=,ewKyQDFOcncC1z4Kuu77UpTditk=
33,-11,bMP9iV2hj9IQk/rbkxF+C5Aydg8=,ewKyQDFOcncC1z4Kuu77UpTditk=
32,-9,bMP9iV2hj9IQk/rbkxF+C5Aydg8=,ewKyQDFOcncC1z4Kuu77UpTditk=
32,-10,bMP9iV2hj9IQk/rbkxF+C5Aydg8=,ewKyQDFOcncC1z4Kuu77UpTditk=
34,-12,bMP9iV2hj9IQk/rbkxF+C5Aydg8=,ewKyQDFOcncC1z4Kuu77UpTditk=
42,-10,bMP9iV2hj9IQk/rbkxF+C5Aydg8=,ewKyQDFOcncC1z4Kuu77UpTditk=
32,-6,bMP9iV2hj9IQk/rbkxF+C5Aydg8=,ewKyQDFOcncC1z4Kuu77UpTditk=
41,-10,bMP9iV2hj9IQk/rbkxF+C5Aydg8=,ewKyQDFOcncC1z4Kuu77UpTditk=
36,-10,bMP9iV2hj9IQk/rbkxF+C5Aydg8=,ewKyQDFOcncC1z4Kuu77UpTditk=
33,-10,bMP9iV2hj9IQk/rbkxF+C5Aydg8=,ewKyQDFOcncC1z4Kuu77UpTditk=
32,-1,bMP9iV2hj9IQk/rbkxF+C5Aydg8=,ewKyQDFOcncC1z4Kuu77UpTditk=
35,-13,bMP9iV2hj9IQk/rbkxF+C5Aydg8=,ewKyQDFOcncC1z4Kuu77UpTditk=
36,-11,bMP9iV2hj9IQk/rbkxF+C5Aydg8=,ewKyQDFOcncC1z4Kuu77UpTditk=
36,-15,bMP9iV2hj9IQk/rbkxF+C5Aydg8=,ewKyQDFOcncC1z4Kuu77UpTditk=
35,-12,bMP9iV2hj9IQk/rbkxF+C5Aydg8=,ewKyQDFOcncC1z4Kuu77UpTditk=
38,-11,bMP9iV2hj9IQk/rbkxF+C5Aydg8=,ewKyQDFOcncC1z4Kuu77UpTditk=
37,-15,bMP9iV2hj9IQk/rbkxF+C5Aydg8=,ewKyQDFOcncC1z4Kuu77UpTditk=
47,-15,bMP9iV2hj9IQk/rbkxF+C5Aydg8=,ewKyQDFOcncC1z4Kuu77UpTditk=
37,-8,bMP9iV2hj9IQk/rbkxF+C5Aydg8=,ewKyQDFOcncC1z4Kuu77UpTditk=
34,-13,bMP9iV2hj9IQk/rbkxF+C5Aydg8=,ewKyQDFOcncC1z4Kuu77UpTditk=
33,-16,bMP9iV2hj9IQk/rbkxF+C5Aydg8=,ewKyQDFOcncC1z4Kuu77UpTditk=
36,-14,bMP9iV2hj9IQk/rbkxF+C5Aydg8=,ewKyQDFOcncC1z4Kuu77UpTditk=
34,-6,bMP9iV2hj9IQk/rbkxF+C5Aydg8=,ewKyQDFOcncC1z4Kuu77UpTditk=
38,-10,bMP9iV2hj9IQk/rbkxF+C5Aydg8=,ewKyQDFOcncC1z4Kuu77UpTditk=
46,-16,bMP9iV2hj9IQk/rbkxF+C5Aydg8=,ewKyQDFOcncC1z4Kuu77UpTditk=
39,-6,bMP9iV2hj9IQk/rbkxF+C5Aydg8=,ewKyQDFOcncC1z4Kuu77UpTditk=
39,-11,bMP9iV2hj9IQk/rbkxF+C5Aydg8=,ewKyQDFOcncC1z4Kuu77UpTditk=
38,-7,bMP9iV2hj9IQk/rbkxF+C5Aydg8=,ewKyQDFOcncC1z4Kuu77UpTditk=
39,-5,bMP9iV2hj9IQk/rbkxF+C5Aydg8=,ewKyQDFOcncC1z4Kuu77UpTditk=
34,-16,bMP9iV2hj9IQk/rbkxF+C5Aydg8=,ewKyQDFOcncC1z4Kuu77UpTditk=
37,-6,bMP9iV2hj9IQk/rbkxF+C5Aydg8=,ewKyQDFOcncC1z4Kuu77UpTditk=
33,-4,bMP9iV2hj9IQk/rbkxF+C5Aydg8=,ewKyQDFOcncC1z4Kuu77UpTditk=
32,-5,bMP9iV2hj9IQk/rbkxF+C5Aydg8=,ewKyQDFOcncC1z4Kuu77UpTditk=
37,-9,bMP9iV2hj9IQk/rbkxF+C5Aydg8=,ewKyQDFOcncC1z4Kuu77UpTditk=
37,-4,bMP9iV2hj9IQk/rbkxF+C5Aydg8=,ewKyQDFOcncC1z4Kuu77UpTditk=
33,-15,bMP9iV2hj9IQk/rbkxF+C5Aydg8=,ewKyQDFOcncC1z4Kuu77UpTditk=
39,-1,bMP9iV2hj9IQk/rbkxF+C5Aydg8=,ewKyQDFOcncC1z4Kuu77UpTditk=
39,-4,bMP9iV2hj9IQk/rbkxF+C5Aydg8=,ewKyQDFOcncC1z4Kuu77UpTditk=
38,-1,bMP9iV2hj9IQk/rbkxF+C5Aydg8=,ewKyQDFOcncC1z4Kuu77UpTditk=
35,-5,bMP9iV2hj9IQk/rbkxF+C5Aydg8=,ewKyQDFOcncC1z4Kuu77UpTditk=
34,-15,bMP9iV2hj9IQk/rbkxF+C5Aydg8=,ewKyQDFOcncC1z4Kuu77UpTditk=
33,-14,bMP9iV2hj9IQk/rbkxF+C5Aydg8=,ewKyQDFOcncC1z4Kuu77UpTditk=
38,-8,bMP9iV2hj9IQk/rbkxF+C5Aydg8=,ewKyQDFOcncC1z4Kuu77UpTditk=
37,-5,bMP9iV2hj9IQk/rbkxF+C5Aydg8=,ewKyQDFOcncC1z4Kuu77UpTditk=
38,-9,bMP9iV2hj9IQk/rbkxF+C5Aydg8=,ewKyQDFOcncC1z4Kuu77UpTditk=
36,-5,bMP9iV2hj9IQk/rbkxF+C5Aydg8=,ewKyQDFOcncC1z4Kuu77UpTditk=
39,-7,bMP9iV2hj9IQk/rbkxF+C5Aydg8=,ewKyQDFOcncC1z4Kuu77UpTditk=
37,-1,bMP9iV2hj9IQk/rbkxF+C5Aydg8=,ewKyQDFOcncC1z4Kuu77UpTditk=
38,-15,bMP9iV2hj9IQk/rbkxF+C5Aydg8=,ewKyQDFOcncC1z4Kuu77UpTditk=
39,-10,bMP9iV2hj9IQk/rbkxF+C5Aydg8=,ewKyQDFOcncC1z4Kuu77UpTditk=
36,-4,bMP9iV2hj9IQk/rbkxF+C5Aydg8=,ewKyQDFOcncC1z4Kuu77UpTditk=
43,-4,bMP9iV2hj9IQk/rbkxF+C5Aydg8=,ewKyQDFOcncC1z4Kuu77UpTditk=
47,-9,bMP9iV2hj9IQk/rbkxF+C5Aydg8=,ewKyQDFOcncC1z4Kuu77UpTditk=
35,-4,bMP9iV2hj9IQk/rbkxF+C5Aydg8=,ewKyQDFOcncC1z4Kuu77UpTditk=
39,-9,bMP9iV2hj9IQk/rbkxF+C5Aydg8=,ewKyQDFOcncC1z4Kuu77UpTditk=
37,-3,bMP9iV2hj9IQk/rbkxF+C5Aydg8=,ewKyQDFOcncC1z4Kuu77UpTditk=
39,-8,bMP9iV2hj9IQk/rbkxF+C5Aydg8=,ewKyQDFOcncC1z4Kuu77UpTditk=
36,-3,bMP9iV2hj9IQk/rbkxF+C5Aydg8=,ewKyQDFOcncC1z4Kuu77UpTditk=
53,-13,Yz3jciTMCm8/A5yWBXuww1OmHIA=,BEwKZOrYyZg6AmRhdRgMlAu3jTA=
54,-14,b+7bCxpwsyMyLUfhZfMsgxoeHWA=,BEwKZOrYyZg6AmRhdRgMlAu3jTA=
52,-13,huY4+/fC6n5lgsZsYgBwjODDjY4=,BEwKZOrYyZg6AmRhdRgMlAu3jTA=
51,-13,EGdq4wk5E2oHJsk7ziYnlUyy8Sc=,BEwKZOrYyZg6AmRhdRgMlAu3jTA=
52,-14,EGdq4wk5E2oHJsk7ziYnlUyy8Sc=,BEwKZOrYyZg6AmRhdRgMlAu3jTA=
57,-1,EGdq4wk5E2oHJsk7ziYnlUyy8Sc=,BEwKZOrYyZg6AmRhdRgMlAu3jTA=
58,-1,EGdq4wk5E2oHJsk7ziYnlUyy8Sc=,BEwKZOrYyZg6AmRhdRgMlAu3jTA=
50,-13,EGdq4wk5E2oHJsk7ziYnlUyy8Sc=,BEwKZOrYyZg6AmRhdRgMlAu3jTA=
55,-1,EGdq4wk5E2oHJsk7ziYnlUyy8Sc=,BEwKZOrYyZg6AmRhdRgMlAu3jTA=
56,-1,EGdq4wk5E2oHJsk7ziYnlUyy8Sc=,BEwKZOrYyZg6AmRhdRgMlAu3jTA=
53,-15,EGdq4wk5E2oHJsk7ziYnlUyy8Sc=,BEwKZOrYyZg6AmRhdRgMlAu3jTA=
53,-16,EGdq4wk5E2oHJsk7ziYnlUyy8Sc=,BEwKZOrYyZg6AmRhdRgMlAu3jTA=
59,-1,EGdq4wk5E2oHJsk7ziYnlUyy8Sc=,BEwKZOrYyZg6AmRhdRgMlAu3jTA=
63,-1,EGdq4wk5E2oHJsk7ziYnlUyy8Sc=,BEwKZOrYyZg6AmRhdRgMlAu3jTA=
49,-13,EGdq4wk5E2oHJsk7ziYnlUyy8Sc=,BEwKZOrYyZg6AmRhdRgMlAu3jTA=
55,-13,EGdq4wk5E2oHJsk7ziYnlUyy8Sc=,BEwKZOrYyZg6AmRhdRgMlAu3jTA=
53,-14,EGdq4wk5E2oHJsk7ziYnlUyy8Sc=,BEwKZOrYyZg6AmRhdRgMlAu3jTA=
52,-1,EGdq4wk5E2oHJsk7ziYnlUyy8Sc=,BEwKZOrYyZg6AmRhdRgMlAu3jTA=
52,-16,EGdq4wk5E2oHJsk7ziYnlUyy8Sc=,BEwKZOrYyZg6AmRhdRgMlAu3jTA=
63,-2,EGdq4wk5E2oHJsk7ziYnlUyy8Sc=,BEwKZOrYyZg6AmRhdRgMlAu3jTA=
49,-16,EGdq4wk5E2oHJsk7ziYnlUyy8Sc=,BEwKZOrYyZg6AmRhdRgMlAu3jTA=
49,-1,EGdq4wk5E2oHJsk7ziYnlUyy8Sc=,BEwKZOrYyZg6AmRhdRgMlAu3jTA=
54,-13,EGdq4wk5E2oHJsk7ziYnlUyy8Sc=,BEwKZOrYyZg6AmRhdRgMlAu3jTA=
60,-2,EGdq4wk5E2oHJsk7ziYnlUyy8Sc=,BEwKZOrYyZg6AmRhdRgMlAu3jTA=
59,-2,EGdq4wk5E2oHJsk7ziYnlUyy8Sc=,BEwKZOrYyZg6AmRhdRgMlAu3jTA=
58,-2,EGdq4wk5E2oHJsk7ziYnlUyy8Sc=,BEwKZOrYyZg6AmRhdRgMlAu3jTA=
57,-2,EGdq4wk5E2oHJsk7ziYnlUyy8Sc=,BEwKZOrYyZg6AmRhdRgMlAu3jTA=
54,-1,EGdq4wk5E2oHJsk7ziYnlUyy8Sc=,BEwKZOrYyZg6AmRhdRgMlAu3jTA=
56,-2,EGdq4wk5E2oHJsk7ziYnlUyy8Sc=,BEwKZOrYyZg6AmRhdRgMlAu3jTA=
62,-2,EGdq4wk5E2oHJsk7ziYnlUyy8Sc=,BEwKZOrYyZg6AmRhdRgMlAu3jTA=
53,-1,EGdq4wk5E2oHJsk7ziYnlUyy8Sc=,BEwKZOrYyZg6AmRhdRgMlAu3jTA=
62,-1,EGdq4wk5E2oHJsk7ziYnlUyy8Sc=,BEwKZOrYyZg6AmRhdRgMlAu3jTA=
50,-1,EGdq4wk5E2oHJsk7ziYnlUyy8Sc=,BEwKZOrYyZg6AmRhdRgMlAu3jTA=
61,-2,EGdq4wk5E2oHJsk7ziYnlUyy8Sc=,BEwKZOrYyZg6AmRhdRgMlAu3jTA=
52,-2,EGdq4wk5E2oHJsk7ziYnlUyy8Sc=,BEwKZOrYyZg6AmRhdRgMlAu3jTA=
60,-1,EGdq4wk5E2oHJsk7ziYnlUyy8Sc=,BEwKZOrYyZg6AmRhdRgMlAu3jTA=
49,-2,EGdq4wk5E2oHJsk7ziYnlUyy8Sc=,BEwKZOrYyZg6AmRhdRgMlAu3jTA=
63,-3,EGdq4wk5E2oHJsk7ziYnlUyy8Sc=,BEwKZOrYyZg6AmRhdRgMlAu3jTA=
51,-1,EGdq4wk5E2oHJsk7ziYnlUyy8Sc=,BEwKZOrYyZg6AmRhdRgMlAu3jTA=
61,-3,EGdq4wk5E2oHJsk7ziYnlUyy8Sc=,BEwKZOrYyZg6AmRhdRgMlAu3jTA=
53,-2,EGdq4wk5E2oHJsk7ziYnlUyy8Sc=,BEwKZOrYyZg6AmRhdRgMlAu3jTA=
59,-3,EGdq4wk5E2oHJsk7ziYnlUyy8Sc=,BEwKZOrYyZg6AmRhdRgMlAu3jTA=
60,-3,EGdq4wk5E2oHJsk7ziYnlUyy8Sc=,BEwKZOrYyZg6AmRhdRgMlAu3jTA=
58,-3,EGdq4wk5E2oHJsk7ziYnlUyy8Sc=,BEwKZOrYyZg6AmRhdRgMlAu3jTA=
56,-3,EGdq4wk5E2oHJsk7ziYnlUyy8Sc=,BEwKZOrYyZg6AmRhdRgMlAu3jTA=
57,-3,EGdq4wk5E2oHJsk7ziYnlUyy8Sc=,BEwKZOrYyZg6AmRhdRgMlAu3jTA=
62,-3,EGdq4wk5E2oHJsk7ziYnlUyy8Sc=,BEwKZOrYyZg6AmRhdRgMlAu3jTA=
50,-2,EGdq4wk5E2oHJsk7ziYnlUyy8Sc=,BEwKZOrYyZg6AmRhdRgMlAu3jTA=
55,-2,EGdq4wk5E2oHJsk7ziYnlUyy8Sc=,BEwKZOrYyZg6AmRhdRgMlAu3jTA=
50,-14,EGdq4wk5E2oHJsk7ziYnlUyy8Sc=,BEwKZOrYyZg6AmRhdRgMlAu3jTA=
61,-1,EGdq4wk5E2oHJsk7ziYnlUyy8Sc=,BEwKZOrYyZg6AmRhdRgMlAu3jTA=
54,-2,EGdq4wk5E2oHJsk7ziYnlUyy8Sc=,BEwKZOrYyZg6AmRhdRgMlAu3jTA=
49,-3,EGdq4wk5E2oHJsk7ziYnlUyy8Sc=,BEwKZOrYyZg6AmRhdRgMlAu3jTA=
49,-14,EGdq4wk5E2oHJsk7ziYnlUyy8Sc=,BEwKZOrYyZg6AmRhdRgMlAu3jTA=
50,-3,EGdq4wk5E2oHJsk7ziYnlUyy8Sc=,BEwKZOrYyZg6AmRhdRgMlAu3jTA=
63,-4,EGdq4wk5E2oHJsk7ziYnlUyy8Sc=,BEwKZOrYyZg6AmRhdRgMlAu3jTA=
62,-4,EGdq4wk5E2oHJsk7ziYnlUyy8Sc=,BEwKZOrYyZg6AmRhdRgMlAu3jTA=
61,-4,EGdq4wk5E2oHJsk7ziYnlUyy8Sc=,BEwKZOrYyZg6AmRhdRgMlAu3jTA=
51,-2,EGdq4wk5E2oHJsk7ziYnlUyy8Sc=,BEwKZOrYyZg6AmRhdRgMlAu3jTA=
48,-1,EGdq4wk5E2oHJsk7ziYnlUyy8Sc=,BEwKZOrYyZg6AmRhdRgMlAu3jTA=
59,-4,EGdq4wk5E2oHJsk7ziYnlUyy8Sc=,BEwKZOrYyZg6AmRhdRgMlAu3jTA=
58,-4,EGdq4wk5E2oHJsk7ziYnlUyy8Sc=,BEwKZOrYyZg6AmRhdRgMlAu3jTA=
57,-4,EGdq4wk5E2oHJsk7ziYnlUyy8Sc=,BEwKZOrYyZg6AmRhdRgMlAu3jTA=
50,-15,EGdq4wk5E2oHJsk7ziYnlUyy8Sc=,BEwKZOrYyZg6AmRhdRgMlAu3jTA=
51,-3,EGdq4wk5E2oHJsk7ziYnlUyy8Sc=,BEwKZOrYyZg6AmRhdRgMlAu3jTA=
60,-4,EGdq4wk5E2oHJsk7ziYnlUyy8Sc=,BEwKZOrYyZg6AmRhdRgMlAu3jTA=
53,-3,EGdq4wk5E2oHJsk7ziYnlUyy8Sc=,BEwKZOrYyZg6AmRhdRgMlAu3jTA=
52,-3,EGdq4wk5E2oHJsk7ziYnlUyy8Sc=,BEwKZOrYyZg6AmRhdRgMlAu3jTA=
51,-16,EGdq4wk5E2oHJsk7ziYnlUyy8Sc=,BEwKZOrYyZg6AmRhdRgMlAu3jTA=
54,-3,EGdq4wk5E2oHJsk7ziYnlUyy8Sc=,BEwKZOrYyZg6AmRhdRgMlAu3jTA=
48,-2,EGdq4wk5E2oHJsk7ziYnlUyy8Sc=,BEwKZOrYyZg6AmRhdRgMlAu3jTA=
49,-15,EGdq4wk5E2oHJsk7ziYnlUyy8Sc=,BEwKZOrYyZg6AmRhdRgMlAu3jTA=
51,-4,EGdq4wk5E2oHJsk7ziYnlUyy8Sc=,BEwKZOrYyZg6AmRhdRgMlAu3jTA=
48,-15,EGdq4wk5E2oHJsk7ziYnlUyy8Sc=,BEwKZOrYyZg6AmRhdRgMlAu3jTA=
48,-4,EGdq4wk5E2oHJsk7ziYnlUyy8Sc=,BEwKZOrYyZg6AmRhdRgMlAu3jTA=
48,-13,EGdq4wk5E2oHJsk7ziYnlUyy8Sc=,BEwKZOrYyZg6AmRhdRgMlAu3jTA=
63,-14,EGdq4wk5E2oHJsk7ziYnlUyy8Sc=,BEwKZOrYyZg6AmRhdRgMlAu3jTA=
63,-16,EGdq4wk5E2oHJsk7ziYnlUyy8Sc=,BEwKZOrYyZg6AmRhdRgMlAu3jTA=
48,-14,EGdq4wk5E2oHJsk7ziYnlUyy8Sc=,BEwKZOrYyZg6AmRhdRgMlAu3jTA=
62,-16,EGdq4wk5E2oHJsk7ziYnlUyy8Sc=,BEwKZOrYyZg6AmRhdRgMlAu3jTA=
63,-15,EGdq4wk5E2oHJsk7ziYnlUyy8Sc=,BEwKZOrYyZg6AmRhdRgMlAu3jTA=
62,-15,EGdq4wk5E2oHJsk7ziYnlUyy8Sc=,BEwKZOrYyZg6AmRhdRgMlAu3jTA=
63,-5,EGdq4wk5E2oHJsk7ziYnlUyy8Sc=,BEwKZOrYyZg6AmRhdRgMlAu3jTA=
62,-5,EGdq4wk5E2oHJsk7ziYnlUyy8Sc=,BEwKZOrYyZg6AmRhdRgMlAu3jTA=
61,-5,EGdq4wk5E2oHJsk7ziYnlUyy8Sc=,BEwKZOrYyZg6AmRhdRgMlAu3jTA=
52,-4,EGdq4wk5E2oHJsk7ziYnlUyy8Sc=,BEwKZOrYyZg6AmRhdRgMlAu3jTA=
59,-5,EGdq4wk5E2oHJsk7ziYnlUyy8Sc=,BEwKZOrYyZg6AmRhdRgMlAu3jTA=
60,-5,EGdq4wk5E2oHJsk7ziYnlUyy8Sc=,BEwKZOrYyZg6AmRhdRgMlAu3jTA=
58,-5,EGdq4wk5E2oHJsk7ziYnlUyy8Sc=,BEwKZOrYyZg6AmRhdRgMlAu3jTA=
50,-16,EGdq4wk5E2oHJsk7ziYnlUyy8Sc=,BEwKZOrYyZg6AmRhdRgMlAu3jTA=
49,-4,EGdq4wk5E2oHJsk7ziYnlUyy8Sc=,BEwKZOrYyZg6AmRhdRgMlAu3jTA=
48,-3,EGdq4wk5E2oHJsk7ziYnlUyy8Sc=,BEwKZOrYyZg6AmRhdRgMlAu3jTA=
57,-5,EGdq4wk5E2oHJsk7ziYnlUyy8Sc=,BEwKZOrYyZg6AmRhdRgMlAu3jTA=
53,-5,EGdq4wk5E2oHJsk7ziYnlUyy8Sc=,BEwKZOrYyZg6AmRhdRgMlAu3jTA=
52,-5,EGdq4wk5E2oHJsk7ziYnlUyy8Sc=,BEwKZOrYyZg6AmRhdRgMlAu3jTA=
54,-5,EGdq4wk5E2oHJsk7ziYnlUyy8Sc=,BEwKZOrYyZg6AmRhdRgMlAu3jTA=
50,-4,EGdq4wk5E2oHJsk7ziYnlUyy8Sc=,BEwKZOrYyZg6AmRhdRgMlAu3jTA=
62,-14,EGdq4wk5E2oHJsk7ziYnlUyy8Sc=,BEwKZOrYyZg6AmRhdRgMlAu3jTA=
51,-5,EGdq4wk5E2oHJsk7ziYnlUyy8Sc=,BEwKZOrYyZg6AmRhdRgMlAu3jTA=
61,-16,EGdq4wk5E2oHJsk7ziYnlUyy8Sc=,BEwKZOrYyZg6AmRhdRgMlAu3jTA=
63,-6,EGdq4wk5E2oHJsk7ziYnlUyy8Sc=,BEwKZOrYyZg6AmRhdRgMlAu3jTA=
61,-15,EGdq4wk5E2oHJsk7ziYnlUyy8Sc=,BEwKZOrYyZg6AmRhdRgMlAu3jTA=
62,-6,EGdq4wk5E2oHJsk7ziYnlUyy8Sc=,BEwKZOrYyZg6AmRhdRgMlAu3jTA=
61,-6,EGdq4wk5E2oHJsk7ziYnlUyy8Sc=,BEwKZOrYyZg6AmRhdRgMlAu3jTA=
60,-6,EGdq4wk5E2oHJsk7ziYnlUyy8Sc=,BEwKZOrYyZg6AmRhdRgMlAu3jTA=
59,-6,EGdq4wk5E2oHJsk7ziYnlUyy8Sc=,BEwKZOrYyZg6AmRhdRgMlAu3jTA=
56,-5,EGdq4wk5E2oHJsk7ziYnlUyy8Sc=,BEwKZOrYyZg6AmRhdRgMlAu3jTA=
51,-14,EGdq4wk5E2oHJsk7ziYnlUyy8Sc=,BEwKZOrYyZg6AmRhdRgMlAu3jTA=
56,-4,EGdq4wk5E2oHJsk7ziYnlUyy8Sc=,BEwKZOrYyZg6AmRhdRgMlAu3jTA=
55,-3,EGdq4wk5E2oHJsk7ziYnlUyy8Sc=,BEwKZOrYyZg6AmRhdRgMlAu3jTA=
58,-6,EGdq4wk5E2oHJsk7ziYnlUyy8Sc=,BEwKZOrYyZg6AmRhdRgMlAu3jTA=
54,-6,EGdq4wk5E2oHJsk7ziYnlUyy8Sc=,BEwKZOrYyZg6AmRhdRgMlAu3jTA=
53,-6,EGdq4wk5E2oHJsk7ziYnlUyy8Sc=,BEwKZOrYyZg6AmRhdRgMlAu3jTA=
52,-15,EGdq4wk5E2oHJsk7ziYnlUyy8Sc=,BEwKZOrYyZg6AmRhdRgMlAu3jTA=
48,-5,EGdq4wk5E2oHJsk7ziYnlUyy8Sc=,BEwKZOrYyZg6AmRhdRgMlAu3jTA=
53,-4,EGdq4wk5E2oHJsk7ziYnlUyy8Sc=,BEwKZOrYyZg6AmRhdRgMlAu3jTA=
52,-6,EGdq4wk5E2oHJsk7ziYnlUyy8Sc=,BEwKZOrYyZg6AmRhdRgMlAu3jTA=
60,-16,EGdq4wk5E2oHJsk7ziYnlUyy8Sc=,BEwKZOrYyZg6AmRhdRgMlAu3jTA=
61,-14,EGdq4wk5E2oHJsk7ziYnlUyy8Sc=,BEwKZOrYyZg6AmRhdRgMlAu3jTA=
60,-15,EGdq4wk5E2oHJsk7ziYnlUyy8Sc=,BEwKZOrYyZg6AmRhdRgMlAu3jTA=
63,-7,EGdq4wk5E2oHJsk7ziYnlUyy8Sc=,BEwKZOrYyZg6AmRhdRgMlAu3jTA=
62,-7,EGdq4wk5E2oHJsk7ziYnlUyy8Sc=,BEwKZOrYyZg6AmRhdRgMlAu3jTA=
61,-7,EGdq4wk5E2oHJsk7ziYnlUyy8Sc=,BEwKZOrYyZg6AmRhdRgMlAu3jTA=
50,-5,EGdq4wk5E2oHJsk7ziYnlUyy8Sc=,BEwKZOrYyZg6AmRhdRgMlAu3jTA=
60,-7,EGdq4wk5E2oHJsk7ziYnlUyy8Sc=,BEwKZOrYyZg6AmRhdRgMlAu3jTA=
57,-6,EGdq4wk5E2oHJsk7ziYnlUyy8Sc=,BEwKZOrYyZg6AmRhdRgMlAu3jTA=
59,-7,EGdq4wk5E2oHJsk7ziYnlUyy8Sc=,BEwKZOrYyZg6AmRhdRgMlAu3jTA=
54,-4,EGdq4wk5E2oHJsk7ziYnlUyy8Sc=,BEwKZOrYyZg6AmRhdRgMlAu3jTA=
49,-5,EGdq4wk5E2oHJsk7ziYnlUyy8Sc=,BEwKZOrYyZg6AmRhdRgMlAu3jTA=
48,-6,EGdq4wk5E2oHJsk7ziYnlUyy8Sc=,BEwKZOrYyZg6AmRhdRgMlAu3jTA=
54,-7,EGdq4wk5E2oHJsk7ziYnlUyy8Sc=,BEwKZOrYyZg6AmRhdRgMlAu3jTA=
58,-7,EGdq4wk5E2oHJsk7ziYnlUyy8Sc=,BEwKZOrYyZg6AmRhdRgMlAu3jTA=
53,-7,EGdq4wk5E2oHJsk7ziYnlUyy8Sc=,BEwKZOrYyZg6AmRhdRgMlAu3jTA=
51,-15,EGdq4wk5E2oHJsk7ziYnlUyy8Sc=,BEwKZOrYyZg6AmRhdRgMlAu3jTA=
55,-5,EGdq4wk5E2oHJsk7ziYnlUyy8Sc=,BEwKZOrYyZg6AmRhdRgMlAu3jTA=
59,-16,EGdq4wk5E2oHJsk7ziYnlUyy8Sc=,BEwKZOrYyZg6AmRhdRgMlAu3jTA=
52,-7,EGdq4wk5E2oHJsk7ziYnlUyy8Sc=,BEwKZOrYyZg6AmRhdRgMlAu3jTA=
60,-14,EGdq4wk5E2oHJsk7ziYnlUyy8Sc=,BEwKZOrYyZg6AmRhdRgMlAu3jTA=
63,-8,EGdq4wk5E2oHJsk7ziYnlUyy8Sc=,BEwKZOrYyZg6AmRhdRgMlAu3jTA=
59,-15,EGdq4wk5E2oHJsk7ziYnlUyy8Sc=,BEwKZOrYyZg6AmRhdRgMlAu3jTA=
62,-8,EGdq4wk5E2oHJsk7ziYnlUyy8Sc=,BEwKZOrYyZg6AmRhdRgMlAu3jTA=
61,-8,EGdq4wk5E2oHJsk7ziYnlUyy8Sc=,BEwKZOrYyZg6AmRhdRgMlAu3jTA=
57,-7,EGdq4wk5E2oHJsk7ziYnlUyy8Sc=,BEwKZOrYyZg6AmRhdRgMlAu3jTA=
60,-8,EGdq4wk5E2oHJsk7ziYnlUyy8Sc=,BEwKZOrYyZg6AmRhdRgMlAu3jTA=
55,-4,EGdq4wk5E2oHJsk7ziYnlUyy8Sc=,BEwKZOrYyZg6AmRhdRgMlAu3jTA=
56,-13,EGdq4wk5E2oHJsk7ziYnlUyy8Sc=,BEwKZOrYyZg6AmRhdRgMlAu3jTA=
49,-6,EGdq4wk5E2oHJsk7ziYnlUyy8Sc=,BEwKZOrYyZg6AmRhdRgMlAu3jTA=
59,-8,EGdq4wk5E2oHJsk7ziYnlUyy8Sc=,BEwKZOrYyZg6AmRhdRgMlAu3jTA=
55,-8,EGdq4wk5E2oHJsk7ziYnlUyy8Sc=,BEwKZOrYyZg6AmRhdRgMlAu3jTA=
53,-8,EGdq4wk5E2oHJsk7ziYnlUyy8Sc=,BEwKZOrYyZg6AmRhdRgMlAu3jTA=
51,-6,EGdq4wk5E2oHJsk7ziYnlUyy8Sc=,BEwKZOrYyZg6AmRhdRgMlAu3jTA=
54,-8,EGdq4wk5E2oHJsk7ziYnlUyy8Sc=,BEwKZOrYyZg6AmRhdRgMlAu3jTA=
52,-8,EGdq4wk5E2oHJsk7ziYnlUyy8Sc=,BEwKZOrYyZg6AmRhdRgMlAu3jTA=
56,-7,EGdq4wk5E2oHJsk7ziYnlUyy8Sc=,BEwKZOrYyZg6AmRhdRgMlAu3jTA=
58,-16,EGdq4wk5E2oHJsk7ziYnlUyy8Sc=,BEwKZOrYyZg6AmRhdRgMlAu3jTA=
59,-14,EGdq4wk5E2oHJsk7ziYnlUyy8Sc=,BEwKZOrYyZg6AmRhdRgMlAu3jTA=
63,-9,EGdq4wk5E2oHJsk7ziYnlUyy8Sc=,BEwKZOrYyZg6AmRhdRgMlAu3jTA=
58,-15,EGdq4wk5E2oHJsk7ziYnlUyy8Sc=,BEwKZOrYyZg6AmRhdRgMlAu3jTA=
62,-9,EGdq4wk5E2oHJsk7ziYnlUyy8Sc=,BEwKZOrYyZg6AmRhdRgMlAu3jTA=
61,-9,EGdq4wk5E2oHJsk7ziYnlUyy8Sc=,BEwKZOrYyZg6AmRhdRgMlAu3jTA=
49,-8,EGdq4wk5E2oHJsk7ziYnlUyy8Sc=,BEwKZOrYyZg6AmRhdRgMlAu3jTA=
50,-8,EGdq4wk5E2oHJsk7ziYnlUyy8Sc=,BEwKZOrYyZg6AmRhdRgMlAu3jTA=
56,-8,EGdq4wk5E2oHJsk7ziYnlUyy8Sc=,BEwKZOrYyZg6AmRhdRgMlAu3jTA=
55,-7,EGdq4wk5E2oHJsk7ziYnlUyy8Sc=,BEwKZOrYyZg6AmRhdRgMlAu3jTA=
51,-7,EGdq4wk5E2oHJsk7ziYnlUyy8Sc=,BEwKZOrYyZg6AmRhdRgMlAu3jTA=
55,-9,EGdq4wk5E2oHJsk7ziYnlUyy8Sc=,BEwKZOrYyZg6AmRhdRgMlAu3jTA=
51,-8,EGdq4wk5E2oHJsk7ziYnlUyy8Sc=,BEwKZOrYyZg6AmRhdRgMlAu3jTA=
50,-6,EGdq4wk5E2oHJsk7ziYnlUyy8Sc=,BEwKZOrYyZg6AmRhdRgMlAu3jTA=
53,-9,EGdq4wk5E2oHJsk7ziYnlUyy8Sc=,BEwKZOrYyZg6AmRhdRgMlAu3jTA=
52,-9,EGdq4wk5E2oHJsk7ziYnlUyy8Sc=,BEwKZOrYyZg6AmRhdRgMlAu3jTA=
54,-9,EGdq4wk5E2oHJsk7ziYnlUyy8Sc=,BEwKZOrYyZg6AmRhdRgMlAu3jTA=
57,-16,EGdq4wk5E2oHJsk7ziYnlUyy8Sc=,BEwKZOrYyZg6AmRhdRgMlAu3jTA=
51,-9,EGdq4wk5E2oHJsk7ziYnlUyy8Sc=,BEwKZOrYyZg6AmRhdRgMlAu3jTA=
63,-10,EGdq4wk5E2oHJsk7ziYnlUyy8Sc=,BEwKZOrYyZg6AmRhdRgMlAu3jTA=
58,-8,EGdq4wk5E2oHJsk7ziYnlUyy8Sc=,BEwKZOrYyZg6AmRhdRgMlAu3jTA=
56,-9,EGdq4wk5E2oHJsk7ziYnlUyy8Sc=,BEwKZOrYyZg6AmRhdRgMlAu3jTA=
61,-10,EGdq4wk5E2oHJsk7ziYnlUyy8Sc=,BEwKZOrYyZg6AmRhdRgMlAu3jTA=
59,-9,EGdq4wk5E2oHJsk7ziYnlUyy8Sc=,BEwKZOrYyZg6AmRhdRgMlAu3jTA=
57,-15,EGdq4wk5E2oHJsk7ziYnlUyy8Sc=,BEwKZOrYyZg6AmRhdRgMlAu3jTA=
48,-7,EGdq4wk5E2oHJsk7ziYnlUyy8Sc=,BEwKZOrYyZg6AmRhdRgMlAu3jTA=
48,-9,EGdq4wk5E2oHJsk7ziYnlUyy8Sc=,BEwKZOrYyZg6AmRhdRgMlAu3jTA=
60,-10,EGdq4wk5E2oHJsk7ziYnlUyy8Sc=,BEwKZOrYyZg6AmRhdRgMlAu3jTA=
56,-10,EGdq4wk5E2oHJsk7ziYnlUyy8Sc=,BEwKZOrYyZg6AmRhdRgMlAu3jTA=
55,-10,EGdq4wk5E2oHJsk7ziYnlUyy8Sc=,BEwKZOrYyZg6AmRhdRgMlAu3jTA=
49,-7,EGdq4wk5E2oHJsk7ziYnlUyy8Sc=,BEwKZOrYyZg6AmRhdRgMlAu3jTA=
54,-10,EGdq4wk5E2oHJsk7ziYnlUyy8Sc=,BEwKZOrYyZg6AmRhdRgMlAu3jTA=
51,-10,EGdq4wk5E2oHJsk7ziYnlUyy8Sc=,BEwKZOrYyZg6AmRhdRgMlAu3jTA=
57,-8,EGdq4wk5E2oHJsk7ziYnlUyy8Sc=,BEwKZOrYyZg6AmRhdRgMlAu3jTA=
56,-16,EGdq4wk5E2oHJsk7ziYnlUyy8Sc=,BEwKZOrYyZg6AmRhdRgMlAu3jTA=
49,-10,EGdq4wk5E2oHJsk7ziYnlUyy8Sc=,BEwKZOrYyZg6AmRhdRgMlAu3jTA=
52,-10,EGdq4wk5E2oHJsk7ziYnlUyy8Sc=,BEwKZOrYyZg6AmRhdRgMlAu3jTA=
63,-11,EGdq4wk5E2oHJsk7ziYnlUyy8Sc=,BEwKZOrYyZg6AmRhdRgMlAu3jTA=
60,-9,EGdq4wk5E2oHJsk7ziYnlUyy8Sc=,BEwKZOrYyZg6AmRhdRgMlAu3jTA=
62,-11,EGdq4wk5E2oHJsk7ziYnlUyy8Sc=,BEwKZOrYyZg6AmRhdRgMlAu3jTA=
61,-11,EGdq4wk5E2oHJsk7ziYnlUyy8Sc=,BEwKZOrYyZg6AmRhdRgMlAu3jTA=
53,-10,EGdq4wk5E2oHJsk7ziYnlUyy8Sc=,BEwKZOrYyZg6AmRhdRgMlAu3jTA=
48,-10,EGdq4wk5E2oHJsk7ziYnlUyy8Sc=,BEwKZOrYyZg6AmRhdRgMlAu3jTA=
60,-11,EGdq4wk5E2oHJsk7ziYnlUyy8Sc=,BEwKZOrYyZg6AmRhdRgMlAu3jTA=
56,-15,EGdq4wk5E2oHJsk7ziYnlUyy8Sc=,BEwKZOrYyZg6AmRhdRgMlAu3jTA=
56,-11,EGdq4wk5E2oHJsk7ziYnlUyy8Sc=,BEwKZOrYyZg6AmRhdRgMlAu3jTA=
50,-10,EGdq4wk5E2oHJsk7ziYnlUyy8Sc=,BEwKZOrYyZg6AmRhdRgMlAu3jTA=
59,-11,EGdq4wk5E2oHJsk7ziYnlUyy8Sc=,BEwKZOrYyZg6AmRhdRgMlAu3jTA=
55,-11,EGdq4wk5E2oHJsk7ziYnlUyy8Sc=,BEwKZOrYyZg6AmRhdRgMlAu3jTA=
54,-11,EGdq4wk5E2oHJsk7ziYnlUyy8Sc=,BEwKZOrYyZg6AmRhdRgMlAu3jTA=
50,-11,EGdq4wk5E2oHJsk7ziYnlUyy8Sc=,BEwKZOrYyZg6AmRhdRgMlAu3jTA=
51,-11,EGdq4wk5E2oHJsk7ziYnlUyy8Sc=,BEwKZOrYyZg6AmRhdRgMlAu3jTA=
49,-11,EGdq4wk5E2oHJsk7ziYnlUyy8Sc=,BEwKZOrYyZg6AmRhdRgMlAu3jTA=
52,-11,EGdq4wk5E2oHJsk7ziYnlUyy8Sc=,BEwKZOrYyZg6AmRhdRgMlAu3jTA=
48,-11,EGdq4wk5E2oHJsk7ziYnlUyy8Sc=,BEwKZOrYyZg6AmRhdRgMlAu3jTA=
55,-16,EGdq4wk5E2oHJsk7ziYnlUyy8Sc=,BEwKZOrYyZg6AmRhdRgMlAu3jTA=
53,-11,EGdq4wk5E2oHJsk7ziYnlUyy8Sc=,BEwKZOrYyZg6AmRhdRgMlAu3jTA=
63,-12,EGdq4wk5E2oHJsk7ziYnlUyy8Sc=,BEwKZOrYyZg6AmRhdRgMlAu3jTA=
55,-15,EGdq4wk5E2oHJsk7ziYnlUyy8Sc=,BEwKZOrYyZg6AmRhdRgMlAu3jTA=
61,-12,EGdq4wk5E2oHJsk7ziYnlUyy8Sc=,BEwKZOrYyZg6AmRhdRgMlAu3jTA=
62,-12,EGdq4wk5E2oHJsk7ziYnlUyy8Sc=,BEwKZOrYyZg6AmRhdRgMlAu3jTA=
60,-12,EGdq4wk5E2oHJsk7ziYnlUyy8Sc=,BEwKZOrYyZg6AmRhdRgMlAu3jTA=
57,-14,EGdq4wk5E2oHJsk7ziYnlUyy8Sc=,BEwKZOrYyZg6AmRhdRgMlAu3jTA=
48,-8,EGdq4wk5E2oHJsk7ziYnlUyy8Sc=,BEwKZOrYyZg6AmRhdRgMlAu3jTA=
58,-10,EGdq4wk5E2oHJsk7ziYnlUyy8Sc=,BEwKZOrYyZg6AmRhdRgMlAu3jTA=
57,-10,EGdq4wk5E2oHJsk7ziYnlUyy8Sc=,BEwKZOrYyZg6AmRhdRgMlAu3jTA=
62,-10,EGdq4wk5E2oHJsk7ziYnlUyy8Sc=,BEwKZOrYyZg6AmRhdRgMlAu3jTA=
55,-12,EGdq4wk5E2oHJsk7ziYnlUyy8Sc=,BEwKZOrYyZg6AmRhdRgMlAu3jTA=
56,-12,EGdq4wk5E2oHJsk7ziYnlUyy8Sc=,BEwKZOrYyZg6AmRhdRgMlAu3jTA=
52,-12,EGdq4wk5E2oHJsk7ziYnlUyy8Sc=,BEwKZOrYyZg6AmRhdRgMlAu3jTA=
51,-12,EGdq4wk5E2oHJsk7ziYnlUyy8Sc=,BEwKZOrYyZg6AmRhdRgMlAu3jTA=
50,-12,EGdq4wk5E2oHJsk7ziYnlUyy8Sc=,BEwKZOrYyZg6AmRhdRgMlAu3jTA=
49,-12,EGdq4wk5E2oHJsk7ziYnlUyy8Sc=,BEwKZOrYyZg6AmRhdRgMlAu3jTA=
48,-12,EGdq4wk5E2oHJsk7ziYnlUyy8Sc=,BEwKZOrYyZg6AmRhdRgMlAu3jTA=
54,-16,EGdq4wk5E2oHJsk7ziYnlUyy8Sc=,BEwKZOrYyZg6AmRhdRgMlAu3jTA=
55,-14,EGdq4wk5E2oHJsk7ziYnlUyy8Sc=,BEwKZOrYyZg6AmRhdRgMlAu3jTA=
63,-13,EGdq4wk5E2oHJsk7ziYnlUyy8Sc=,BEwKZOrYyZg6AmRhdRgMlAu3jTA=
54,-15,EGdq4wk5E2oHJsk7ziYnlUyy8Sc=,BEwKZOrYyZg6AmRhdRgMlAu3jTA=
62,-13,EGdq4wk5E2oHJsk7ziYnlUyy8Sc=,BEwKZOrYyZg6AmRhdRgMlAu3jTA=
48,-16,EGdq4wk5E2oHJsk7ziYnlUyy8Sc=,BEwKZOrYyZg6AmRhdRgMlAu3jTA=
60,-13,EGdq4wk5E2oHJsk7ziYnlUyy8Sc=,BEwKZOrYyZg6AmRhdRgMlAu3jTA=
61,-13,EGdq4wk5E2oHJsk7ziYnlUyy8Sc=,BEwKZOrYyZg6AmRhdRgMlAu3jTA=
54,-12,EGdq4wk5E2oHJsk7ziYnlUyy8Sc=,BEwKZOrYyZg6AmRhdRgMlAu3jTA=
56,-6,EGdq4wk5E2oHJsk7ziYnlUyy8Sc=,BEwKZOrYyZg6AmRhdRgMlAu3jTA=
53,-12,EGdq4wk5E2oHJsk7ziYnlUyy8Sc=,BEwKZOrYyZg6AmRhdRgMlAu3jTA=
59,-13,EGdq4wk5E2oHJsk7ziYnlUyy8Sc=,BEwKZOrYyZg6AmRhdRgMlAu3jTA=
59,-12,EGdq4wk5E2oHJsk7ziYnlUyy8Sc=,BEwKZOrYyZg6AmRhdRgMlAu3jTA=
50,-9,EGdq4wk5E2oHJsk7ziYnlUyy8Sc=,BEwKZOrYyZg6AmRhdRgMlAu3jTA=
59,-10,EGdq4wk5E2oHJsk7ziYnlUyy8Sc=,BEwKZOrYyZg6AmRhdRgMlAu3jTA=
58,-11,EGdq4wk5E2oHJsk7ziYnlUyy8Sc=,BEwKZOrYyZg6AmRhdRgMlAu3jTA=
56,-14,EGdq4wk5E2oHJsk7ziYnlUyy8Sc=,BEwKZOrYyZg6AmRhdRgMlAu3jTA=
55,-6,EGdq4wk5E2oHJsk7ziYnlUyy8Sc=,BEwKZOrYyZg6AmRhdRgMlAu3jTA=
57,-11,EGdq4wk5E2oHJsk7ziYnlUyy8Sc=,BEwKZOrYyZg6AmRhdRgMlAu3jTA=
58,-9,EGdq4wk5E2oHJsk7ziYnlUyy8Sc=,BEwKZOrYyZg6AmRhdRgMlAu3jTA=
49,-9,EGdq4wk5E2oHJsk7ziYnlUyy8Sc=,BEwKZOrYyZg6AmRhdRgMlAu3jTA=
57,-12,EGdq4wk5E2oHJsk7ziYnlUyy8Sc=,BEwKZOrYyZg6AmRhdRgMlAu3jTA=
58,-14,EGdq4wk5E2oHJsk7ziYnlUyy8Sc=,BEwKZOrYyZg6AmRhdRgMlAu3jTA=
58,-12,EGdq4wk5E2oHJsk7ziYnlUyy8Sc=,BEwKZOrYyZg6AmRhdRgMlAu3jTA=
57,-9,EGdq4wk5E2oHJsk7ziYnlUyy8Sc=,BEwKZOrYyZg6AmRhdRgMlAu3jTA=
57,-13,EGdq4wk5E2oHJsk7ziYnlUyy8Sc=,BEwKZOrYyZg6AmRhdRgMlAu3jTA=
50,-7,EGdq4wk5E2oHJsk7ziYnlUyy8Sc=,BEwKZOrYyZg6AmRhdRgMlAu3jTA=
58,-13,EGdq4wk5E2oHJsk7ziYnlUyy8Sc=,BEwKZOrYyZg6AmRhdRgMlAu3jTA=
62,-17,iDLI9xyHyUG+yVAJByRMAnRdVsY=,np9UEtsPrTVR74vvQxEdBgkqJxI=
61,-17,iDLI9xyHyUG+yVAJByRMAnRdVsY=,np9UEtsPrTVR74vvQxEdBgkqJxI=
63,-17,iDLI9xyHyUG+yVAJByRMAnRdVsY=,np9UEtsPrTVR74vvQxEdBgkqJxI=
60,-17,2snXrHYIzbkn6XvXR8t2w+a6YUA=,np9UEtsPrTVR74vvQxEdBgkqJxI=
59,-17,2snXrHYIzbkn6XvXR8t2w+a6YUA=,np9UEtsPrTVR74vvQxEdBgkqJxI=
58,-17,G1toA0DFhBr60Ll5sUsCR7+iV68=,np9UEtsPrTVR74vvQxEdBgkqJxI=
57,-17,G1toA0DFhBr60Ll5sUsCR7+iV68=,np9UEtsPrTVR74vvQxEdBgkqJxI=
56,-17,wmRIC3SuAtRAocAQKAqD8rDz0E8=,np9UEtsPrTVR74vvQxEdBgkqJxI=
55,-17,wmRIC3SuAtRAocAQKAqD8rDz0E8=,np9UEtsPrTVR74vvQxEdBgkqJxI=
55,-29,wmRIC3SuAtRAocAQKAqD8rDz0E8=,np9UEtsPrTVR74vvQxEdBgkqJxI=
54,-17,wmRIC3SuAtRAocAQKAqD8rDz0E8=,np9UEtsPrTVR74vvQxEdBgkqJxI=
57,-29,wmRIC3SuAtRAocAQKAqD8rDz0E8=,np9UEtsPrTVR74vvQxEdBgkqJxI=
56,-29,wmRIC3SuAtRAocAQKAqD8rDz0E8=,np9UEtsPrTVR74vvQxEdBgkqJxI=
53,-17,wmRIC3SuAtRAocAQKAqD8rDz0E8=,np9UEtsPrTVR74vvQxEdBgkqJxI=
60,-29,wmRIC3SuAtRAocAQKAqD8rDz0E8=,np9UEtsPrTVR74vvQxEdBgkqJxI=
58,-29,wmRIC3SuAtRAocAQKAqD8rDz0E8=,np9UEtsPrTVR74vvQxEdBgkqJxI=
59,-29,wmRIC3SuAtRAocAQKAqD8rDz0E8=,np9UEtsPrTVR74vvQxEdBgkqJxI=
61,-29,wmRIC3SuAtRAocAQKAqD8rDz0E8=,np9UEtsPrTVR74vvQxEdBgkqJxI=
49,-32,wmRIC3SuAtRAocAQKAqD8rDz0E8=,np9UEtsPrTVR74vvQxEdBgkqJxI=
54,-31,wmRIC3SuAtRAocAQKAqD8rDz0E8=,np9UEtsPrTVR74vvQxEdBgkqJxI=
51,-32,wmRIC3SuAtRAocAQKAqD8rDz0E8=,np9UEtsPrTVR74vvQxEdBgkqJxI=
49,-17,wmRIC3SuAtRAocAQKAqD8rDz0E8=,np9UEtsPrTVR74vvQxEdBgkqJxI=
62,-29,wmRIC3SuAtRAocAQKAqD8rDz0E8=,np9UEtsPrTVR74vvQxEdBgkqJxI=
53,-32,wmRIC3SuAtRAocAQKAqD8rDz0E8=,np9UEtsPrTVR74vvQxEdBgkqJxI=
63,-29,wmRIC3SuAtRAocAQKAqD8rDz0E8=,np9UEtsPrTVR74vvQxEdBgkqJxI=
53,-31,wmRIC3SuAtRAocAQKAqD8rDz0E8=,np9UEtsPrTVR74vvQxEdBgkqJxI=
52,-31,wmRIC3SuAtRAocAQKAqD8rDz0E8=,np9UEtsPrTVR74vvQxEdBgkqJxI=
54,-29,wmRIC3SuAtRAocAQKAqD8rDz0E8=,np9UEtsPrTVR74vvQxEdBgkqJxI=
53,-29,wmRIC3SuAtRAocAQKAqD8rDz0E8=,np9UEtsPrTVR74vvQxEdBgkqJxI=
62,-18,wmRIC3SuAtRAocAQKAqD8rDz0E8=,np9UEtsPrTVR74vvQxEdBgkqJxI=
63,-18,wmRIC3SuAtRAocAQKAqD8rDz0E8=,np9UEtsPrTVR74vvQxEdBgkqJxI=
61,-18,wmRIC3SuAtRAocAQKAqD8rDz0E8=,np9UEtsPrTVR74vvQxEdBgkqJxI=
60,-18,wmRIC3SuAtRAocAQKAqD8rDz0E8=,np9UEtsPrTVR74vvQxEdBgkqJxI=
59,-18,wmRIC3SuAtRAocAQKAqD8rDz0E8=,np9UEtsPrTVR74vvQxEdBgkqJxI=
58,-18,wmRIC3SuAtRAocAQKAqD8rDz0E8=,np9UEtsPrTVR74vvQxEdBgkqJxI=
57,-18,wmRIC3SuAtRAocAQKAqD8rDz0E8=,np9UEtsPrTVR74vvQxEdBgkqJxI=
56,-18,wmRIC3SuAtRAocAQKAqD8rDz0E8=,np9UEtsPrTVR74vvQxEdBgkqJxI=
55,-18,wmRIC3SuAtRAocAQKAqD8rDz0E8=,np9UEtsPrTVR74vvQxEdBgkqJxI=
54,-18,wmRIC3SuAtRAocAQKAqD8rDz0E8=,np9UEtsPrTVR74vvQxEdBgkqJxI=
55,-30,wmRIC3SuAtRAocAQKAqD8rDz0E8=,np9UEtsPrTVR74vvQxEdBgkqJxI=
53,-18,wmRIC3SuAtRAocAQKAqD8rDz0E8=,np9UEtsPrTVR74vvQxEdBgkqJxI=
52,-17,wmRIC3SuAtRAocAQKAqD8rDz0E8=,np9UEtsPrTVR74vvQxEdBgkqJxI=
51,-29,wmRIC3SuAtRAocAQKAqD8rDz0E8=,np9UEtsPrTVR74vvQxEdBgkqJxI=
50,-17,wmRIC3SuAtRAocAQKAqD8rDz0E8=,np9UEtsPrTVR74vvQxEdBgkqJxI=
52,-18,wmRIC3SuAtRAocAQKAqD8rDz0E8=,np9UEtsPrTVR74vvQxEdBgkqJxI=
48,-17,wmRIC3SuAtRAocAQKAqD8rDz0E8=,np9UEtsPrTVR74vvQxEdBgkqJxI=
63,-19,wmRIC3SuAtRAocAQKAqD8rDz0E8=,np9UEtsPrTVR74vvQxEdBgkqJxI=
52,-32,wmRIC3SuAtRAocAQKAqD8rDz0E8=,np9UEtsPrTVR74vvQxEdBgkqJxI=
54,-32,wmRIC3SuAtRAocAQKAqD8rDz0E8=,np9UEtsPrTVR74vvQxEdBgkqJxI=
52,-29,wmRIC3SuAtRAocAQKAqD8rDz0E8=,np9UEtsPrTVR74vvQxEdBgkqJxI=
62,-19,wmRIC3SuAtRAocAQKAqD8rDz0E8=,np9UEtsPrTVR74vvQxEdBgkqJxI=
61,-19,wmRIC3SuAtRAocAQKAqD8rDz0E8=,np9UEtsPrTVR74vvQxEdBgkqJxI=
60,-19,wmRIC3SuAtRAocAQKAqD8rDz0E8=,np9UEtsPrTVR74vvQxEdBgkqJxI=
59,-19,wmRIC3SuAtRAocAQKAqD8rDz0E8=,np9UEtsPrTVR74vvQxEdBgkqJxI=
58,-19,wmRIC3SuAtRAocAQKAqD8rDz0E8=,np9UEtsPrTVR74vvQxEdBgkqJxI=
57,-19,wmRIC3SuAtRAocAQKAqD8rDz0E8=,np9UEtsPrTVR74vvQxEdBgkqJxI=
50,-29,wmRIC3SuAtRAocAQKAqD8rDz0E8=,np9UEtsPrTVR74vvQxEdBgkqJxI=
56,-19,wmRIC3SuAtRAocAQKAqD8rDz0E8=,np9UEtsPrTVR74vvQxEdBgkqJxI=
55,-19,wmRIC3SuAtRAocAQKAqD8rDz0E8=,np9UEtsPrTVR74vvQxEdBgkqJxI=
54,-19,wmRIC3SuAtRAocAQKAqD8rDz0E8=,np9UEtsPrTVR74vvQxEdBgkqJxI=
53,-19,wmRIC3SuAtRAocAQKAqD8rDz0E8=,np9UEtsPrTVR74vvQxEdBgkqJxI=
53,-30,wmRIC3SuAtRAocAQKAqD8rDz0E8=,np9UEtsPrTVR74vvQxEdBgkqJxI=
51,-31,wmRIC3SuAtRAocAQKAqD8rDz0E8=,np9UEtsPrTVR74vvQxEdBgkqJxI=
52,-19,wmRIC3SuAtRAocAQKAqD8rDz0E8=,np9UEtsPrTVR74vvQxEdBgkqJxI=
49,-29,wmRIC3SuAtRAocAQKAqD8rDz0E8=,np9UEtsPrTVR74vvQxEdBgkqJxI=
63,-20,wmRIC3SuAtRAocAQKAqD8rDz0E8=,np9UEtsPrTVR74vvQxEdBgkqJxI=
51,-18,wmRIC3SuAtRAocAQKAqD8rDz0E8=,np9UEtsPrTVR74vvQxEdBgkqJxI=
51,-19,wmRIC3SuAtRAocAQKAqD8rDz0E8=,np9UEtsPrTVR74vvQxEdBgkqJxI=
62,-20,wmRIC3SuAtRAocAQKAqD8rDz0E8=,np9UEtsPrTVR74vvQxEdBgkqJxI=
61,-20,wmRIC3SuAtRAocAQKAqD8rDz0E8=,np9UEtsPrTVR74vvQxEdBgkqJxI=
60,-20,wmRIC3SuAtRAocAQKAqD8rDz0E8=,np9UEtsPrTVR74vvQxEdBgkqJxI=
59,-20,wmRIC3SuAtRAocAQKAqD8rDz0E8=,np9UEtsPrTVR74vvQxEdBgkqJxI=
57,-20,wmRIC3SuAtRAocAQKAqD8rDz0E8=,np9UEtsPrTVR74vvQxEdBgkqJxI=
58,-20,wmRIC3SuAtRAocAQKAqD8rDz0E8=,np9UEtsPrTVR74vvQxEdBgkqJxI=
56,-20,wmRIC3SuAtRAocAQKAqD8rDz0E8=,np9UEtsPrTVR74vvQxEdBgkqJxI=
55,-20,wmRIC3SuAtRAocAQKAqD8rDz0E8=,np9UEtsPrTVR74vvQxEdBgkqJxI=
54,-20,wmRIC3SuAtRAocAQKAqD8rDz0E8=,np9UEtsPrTVR74vvQxEdBgkqJxI=
53,-20,wmRIC3SuAtRAocAQKAqD8rDz0E8=,np9UEtsPrTVR74vvQxEdBgkqJxI=
48,-28,wmRIC3SuAtRAocAQKAqD8rDz0E8=,np9UEtsPrTVR74vvQxEdBgkqJxI=
52,-30,wmRIC3SuAtRAocAQKAqD8rDz0E8=,np9UEtsPrTVR74vvQxEdBgkqJxI=
50,-19,wmRIC3SuAtRAocAQKAqD8rDz0E8=,np9UEtsPrTVR74vvQxEdBgkqJxI=
50,-20,wmRIC3SuAtRAocAQKAqD8rDz0E8=,np9UEtsPrTVR74vvQxEdBgkqJxI=
51,-17,wmRIC3SuAtRAocAQKAqD8rDz0E8=,np9UEtsPrTVR74vvQxEdBgkqJxI=
49,-20,wmRIC3SuAtRAocAQKAqD8rDz0E8=,np9UEtsPrTVR74vvQxEdBgkqJxI=
52,-20,wmRIC3SuAtRAocAQKAqD8rDz0E8=,np9UEtsPrTVR74vvQxEdBgkqJxI=
49,-28,wmRIC3SuAtRAocAQKAqD8rDz0E8=,np9UEtsPrTVR74vvQxEdBgkqJxI=
54,-30,wmRIC3SuAtRAocAQKAqD8rDz0E8=,np9UEtsPrTVR74vvQxEdBgkqJxI=
50,-28,wmRIC3SuAtRAocAQKAqD8rDz0E8=,np9UEtsPrTVR74vvQxEdBgkqJxI=
51,-28,wmRIC3SuAtRAocAQKAqD8rDz0E8=,np9UEtsPrTVR74vvQxEdBgkqJxI=
51,-30,wmRIC3SuAtRAocAQKAqD8rDz0E8=,np9UEtsPrTVR74vvQxEdBgkqJxI=
49,-30,wmRIC3SuAtRAocAQKAqD8rDz0E8=,np9UEtsPrTVR74vvQxEdBgkqJxI=
63,-30,wmRIC3SuAtRAocAQKAqD8rDz0E8=,np9UEtsPrTVR74vvQxEdBgkqJxI=
51,-20,wmRIC3SuAtRAocAQKAqD8rDz0E8=,np9UEtsPrTVR74vvQxEdBgkqJxI=
50,-18,wmRIC3SuAtRAocAQKAqD8rDz0E8=,np9UEtsPrTVR74vvQxEdBgkqJxI=
52,-28,wmRIC3SuAtRAocAQKAqD8rDz0E8=,np9UEtsPrTVR74vvQxEdBgkqJxI=
50,-32,wmRIC3SuAtRAocAQKAqD8rDz0E8=,np9UEtsPrTVR74vvQxEdBgkqJxI=
63,-31,wmRIC3SuAtRAocAQKAqD8rDz0E8=,np9UEtsPrTVR74vvQxEdBgkqJxI=
63,-21,wmRIC3SuAtRAocAQKAqD8rDz0E8=,np9UEtsPrTVR74vvQxEdBgkqJxI=
62,-31,wmRIC3SuAtRAocAQKAqD8rDz0E8=,np9UEtsPrTVR74vvQxEdBgkqJxI=
62,-21,wmRIC3SuAtRAocAQKAqD8rDz0E8=,np9UEtsPrTVR74vvQxEdBgkqJxI=
61,-21,wmRIC3SuAtRAocAQKAqD8rDz0E8=,np9UEtsPrTVR74vvQxEdBgkqJxI=
60,-21,wmRIC3SuAtRAocAQKAqD8rDz0E8=,np9UEtsPrTVR74vvQxEdBgkqJxI=
59,-21,wmRIC3SuAtRAocAQKAqD8rDz0E8=,np9UEtsPrTVR74vvQxEdBgkqJxI=
49,-19,wmRIC3SuAtRAocAQKAqD8rDz0E8=,np9UEtsPrTVR74vvQxEdBgkqJxI=
49,-31,wmRIC3SuAtRAocAQKAqD8rDz0E8=,np9UEtsPrTVR74vvQxEdBgkqJxI=
56,-21,wmRIC3SuAtRAocAQKAqD8rDz0E8=,np9UEtsPrTVR74vvQxEdBgkqJxI=
50,-30,wmRIC3SuAtRAocAQKAqD8rDz0E8=,np9UEtsPrTVR74vvQxEdBgkqJxI=
54,-21,wmRIC3SuAtRAocAQKAqD8rDz0E8=,np9UEtsPrTVR74vvQxEdBgkqJxI=
53,-21,wmRIC3SuAtRAocAQKAqD8rDz0E8=,np9UEtsPrTVR74vvQxEdBgkqJxI=
62,-32,wmRIC3SuAtRAocAQKAqD8rDz0E8=,np9UEtsPrTVR74vvQxEdBgkqJxI=
48,-31,wmRIC3SuAtRAocAQKAqD8rDz0E8=,np9UEtsPrTVR74vvQxEdBgkqJxI=
50,-21,wmRIC3SuAtRAocAQKAqD8rDz0E8=,np9UEtsPrTVR74vvQxEdBgkqJxI=
49,-21,wmRIC3SuAtRAocAQKAqD8rDz0E8=,np9UEtsPrTVR74vvQxEdBgkqJxI=
62,-30,wmRIC3SuAtRAocAQKAqD8rDz0E8=,np9UEtsPrTVR74vvQxEdBgkqJxI=
48,-29,wmRIC3SuAtRAocAQKAqD8rDz0E8=,np9UEtsPrTVR74vvQxEdBgkqJxI=
63,-32,wmRIC3SuAtRAocAQKAqD8rDz0E8=,np9UEtsPrTVR74vvQxEdBgkqJxI=
62,-22,wmRIC3SuAtRAocAQKAqD8rDz0E8=,np9UEtsPrTVR74vvQxEdBgkqJxI=
63,-22,wmRIC3SuAtRAocAQKAqD8rDz0E8=,np9UEtsPrTVR74vvQxEdBgkqJxI=
61,-22,wmRIC3SuAtRAocAQKAqD8rDz0E8=,np9UEtsPrTVR74vvQxEdBgkqJxI=
60,-22,wmRIC3SuAtRAocAQKAqD8rDz0E8=,np9UEtsPrTVR74vvQxEdBgkqJxI=
59,-22,wmRIC3SuAtRAocAQKAqD8rDz0E8=,np9UEtsPrTVR74vvQxEdBgkqJxI=
53,-28,wmRIC3SuAtRAocAQKAqD8rDz0E8=,np9UEtsPrTVR74vvQxEdBgkqJxI=
54,-28,wmRIC3SuAtRAocAQKAqD8rDz0E8=,np9UEtsPrTVR74vvQxEdBgkqJxI=
55,-28,wmRIC3SuAtRAocAQKAqD8rDz0E8=,np9UEtsPrTVR74vvQxEdBgkqJxI=
56,-28,wmRIC3SuAtRAocAQKAqD8rDz0E8=,np9UEtsPrTVR74vvQxEdBgkqJxI=
57,-28,wmRIC3SuAtRAocAQKAqD8rDz0E8=,np9UEtsPrTVR74vvQxEdBgkqJxI=
58,-28,wmRIC3SuAtRAocAQKAqD8rDz0E8=,np9UEtsPrTVR74vvQxEdBgkqJxI=
59,-28,wmRIC3SuAtRAocAQKAqD8rDz0E8=,np9UEtsPrTVR74vvQxEdBgkqJxI=
60,-28,wmRIC3SuAtRAocAQKAqD8rDz0E8=,np9UEtsPrTVR74vvQxEdBgkqJxI=
61,-28,wmRIC3SuAtRAocAQKAqD8rDz0E8=,np9UEtsPrTVR74vvQxEdBgkqJxI=
62,-28,wmRIC3SuAtRAocAQKAqD8rDz0E8=,np9UEtsPrTVR74vvQxEdBgkqJxI=
61,-31,wmRIC3SuAtRAocAQKAqD8rDz0E8=,np9UEtsPrTVR74vvQxEdBgkqJxI=
48,-30,wmRIC3SuAtRAocAQKAqD8rDz0E8=,np9UEtsPrTVR74vvQxEdBgkqJxI=
48,-21,wmRIC3SuAtRAocAQKAqD8rDz0E8=,np9UEtsPrTVR74vvQxEdBgkqJxI=
54,-22,wmRIC3SuAtRAocAQKAqD8rDz0E8=,np9UEtsPrTVR74vvQxEdBgkqJxI=
51,-21,wmRIC3SuAtRAocAQKAqD8rDz0E8=,np9UEtsPrTVR74vvQxEdBgkqJxI=
53,-22,wmRIC3SuAtRAocAQKAqD8rDz0E8=,np9UEtsPrTVR74vvQxEdBgkqJxI=
48,-20,wmRIC3SuAtRAocAQKAqD8rDz0E8=,np9UEtsPrTVR74vvQxEdBgkqJxI=
52,-21,wmRIC3SuAtRAocAQKAqD8rDz0E8=,np9UEtsPrTVR74vvQxEdBgkqJxI=
58,-21,wmRIC3SuAtRAocAQKAqD8rDz0E8=,np9UEtsPrTVR74vvQxEdBgkqJxI=
52,-22,wmRIC3SuAtRAocAQKAqD8rDz0E8=,np9UEtsPrTVR74vvQxEdBgkqJxI=
60,-32,wmRIC3SuAtRAocAQKAqD8rDz0E8=,np9UEtsPrTVR74vvQxEdBgkqJxI=
61,-30,wmRIC3SuAtRAocAQKAqD8rDz0E8=,np9UEtsPrTVR74vvQxEdBgkqJxI=
63,-23,wmRIC3SuAtRAocAQKAqD8rDz0E8=,np9UEtsPrTVR74vvQxEdBgkqJxI=
50,-31,wmRIC3SuAtRAocAQKAqD8rDz0E8=,np9UEtsPrTVR74vvQxEdBgkqJxI=
62,-23,wmRIC3SuAtRAocAQKAqD8rDz0E8=,np9UEtsPrTVR74vvQxEdBgkqJxI=
61,-23,wmRIC3SuAtRAocAQKAqD8rDz0E8=,np9UEtsPrTVR74vvQxEdBgkqJxI=
60,-23,wmRIC3SuAtRAocAQKAqD8rDz0E8=,np9UEtsPrTVR74vvQxEdBgkqJxI=
59,-23,wmRIC3SuAtRAocAQKAqD8rDz0E8=,np9UEtsPrTVR74vvQxEdBgkqJxI=
58,-23,wmRIC3SuAtRAocAQKAqD8rDz0E8=,np9UEtsPrTVR74vvQxEdBgkqJxI=
61,-32,wmRIC3SuAtRAocAQKAqD8rDz0E8=,np9UEtsPrTVR74vvQxEdBgkqJxI=
58,-22,wmRIC3SuAtRAocAQKAqD8rDz0E8=,np9UEtsPrTVR74vvQxEdBgkqJxI=
48,-18,wmRIC3SuAtRAocAQKAqD8rDz0E8=,np9UEtsPrTVR74vvQxEdBgkqJxI=
53,-23,wmRIC3SuAtRAocAQKAqD8rDz0E8=,np9UEtsPrTVR74vvQxEdBgkqJxI=
52,-23,wmRIC3SuAtRAocAQKAqD8rDz0E8=,np9UEtsPrTVR74vvQxEdBgkqJxI=
54,-23,wmRIC3SuAtRAocAQKAqD8rDz0E8=,np9UEtsPrTVR74vvQxEdBgkqJxI=
60,-31,wmRIC3SuAtRAocAQKAqD8rDz0E8=,np9UEtsPrTVR74vvQxEdBgkqJxI=
57,-21,wmRIC3SuAtRAocAQKAqD8rDz0E8=,np9UEtsPrTVR74vvQxEdBgkqJxI=
59,-32,wmRIC3SuAtRAocAQKAqD8rDz0E8=,np9UEtsPrTVR74vvQxEdBgkqJxI=
56,-22,wmRIC3SuAtRAocAQKAqD8rDz0E8=,np9UEtsPrTVR74vvQxEdBgkqJxI=
57,-23,wmRIC3SuAtRAocAQKAqD8rDz0E8=,np9UEtsPrTVR74vvQxEdBgkqJxI=
59,-31,wmRIC3SuAtRAocAQKAqD8rDz0E8=,np9UEtsPrTVR74vvQxEdBgkqJxI=
63,-24,wmRIC3SuAtRAocAQKAqD8rDz0E8=,np9UEtsPrTVR74vvQxEdBgkqJxI=
62,-24,wmRIC3SuAtRAocAQKAqD8rDz0E8=,np9UEtsPrTVR74vvQxEdBgkqJxI=
61,-24,wmRIC3SuAtRAocAQKAqD8rDz0E8=,np9UEtsPrTVR74vvQxEdBgkqJxI=
60,-24,wmRIC3SuAtRAocAQKAqD8rDz0E8=,np9UEtsPrTVR74vvQxEdBgkqJxI=
59,-24,wmRIC3SuAtRAocAQKAqD8rDz0E8=,np9UEtsPrTVR74vvQxEdBgkqJxI=
58,-24,wmRIC3SuAtRAocAQKAqD8rDz0E8=,np9UEtsPrTVR74vvQxEdBgkqJxI=
57,-24,wmRIC3SuAtRAocAQKAqD8rDz0E8=,np9UEtsPrTVR74vvQxEdBgkqJxI=
60,-30,wmRIC3SuAtRAocAQKAqD8rDz0E8=,np9UEtsPrTVR74vvQxEdBgkqJxI=
49,-22,wmRIC3SuAtRAocAQKAqD8rDz0E8=,np9UEtsPrTVR74vvQxEdBgkqJxI=
54,-24,wmRIC3SuAtRAocAQKAqD8rDz0E8=,np9UEtsPrTVR74vvQxEdBgkqJxI=
52,-24,wmRIC3SuAtRAocAQKAqD8rDz0E8=,np9UEtsPrTVR74vvQxEdBgkqJxI=
53,-24,wmRIC3SuAtRAocAQKAqD8rDz0E8=,np9UEtsPrTVR74vvQxEdBgkqJxI=
55,-23,wmRIC3SuAtRAocAQKAqD8rDz0E8=,np9UEtsPrTVR74vvQxEdBgkqJxI=
56,-24,wmRIC3SuAtRAocAQKAqD8rDz0E8=,np9UEtsPrTVR74vvQxEdBgkqJxI=
58,-32,wmRIC3SuAtRAocAQKAqD8rDz0E8=,np9UEtsPrTVR74vvQxEdBgkqJxI=
48,-22,wmRIC3SuAtRAocAQKAqD8rDz0E8=,np9UEtsPrTVR74vvQxEdBgkqJxI=
55,-22,wmRIC3SuAtRAocAQKAqD8rDz0E8=,np9UEtsPrTVR74vvQxEdBgkqJxI=
58,-31,wmRIC3SuAtRAocAQKAqD8rDz0E8=,np9UEtsPrTVR74vvQxEdBgkqJxI=
63,-25,wmRIC3SuAtRAocAQKAqD8rDz0E8=,np9UEtsPrTVR74vvQxEdBgkqJxI=
62,-25,wmRIC3SuAtRAocAQKAqD8rDz0E8=,np9UEtsPrTVR74vvQxEdBgkqJxI=
61,-25,wmRIC3SuAtRAocAQKAqD8rDz0E8=,np9UEtsPrTVR74vvQxEdBgkqJxI=
59,-25,wmRIC3SuAtRAocAQKAqD8rDz0E8=,np9UEtsPrTVR74vvQxEdBgkqJxI=
60,-25,wmRIC3SuAtRAocAQKAqD8rDz0E8=,np9UEtsPrTVR74vvQxEdBgkqJxI=
58,-25,wmRIC3SuAtRAocAQKAqD8rDz0E8=,np9UEtsPrTVR74vvQxEdBgkqJxI=
57,-25,wmRIC3SuAtRAocAQKAqD8rDz0E8=,np9UEtsPrTVR74vvQxEdBgkqJxI=
56,-25,wmRIC3SuAtRAocAQKAqD8rDz0E8=,np9UEtsPrTVR74vvQxEdBgkqJxI=
55,-24,wmRIC3SuAtRAocAQKAqD8rDz0E8=,np9UEtsPrTVR74vvQxEdBgkqJxI=
55,-25,wmRIC3SuAtRAocAQKAqD8rDz0E8=,np9UEtsPrTVR74vvQxEdBgkqJxI=
54,-25,wmRIC3SuAtRAocAQKAqD8rDz0E8=,np9UEtsPrTVR74vvQxEdBgkqJxI=
53,-25,wmRIC3SuAtRAocAQKAqD8rDz0E8=,np9UEtsPrTVR74vvQxEdBgkqJxI=
55,-21,wmRIC3SuAtRAocAQKAqD8rDz0E8=,np9UEtsPrTVR74vvQxEdBgkqJxI=
50,-25,wmRIC3SuAtRAocAQKAqD8rDz0E8=,np9UEtsPrTVR74vvQxEdBgkqJxI=
57,-32,wmRIC3SuAtRAocAQKAqD8rDz0E8=,np9UEtsPrTVR74vvQxEdBgkqJxI=
52,-25,wmRIC3SuAtRAocAQKAqD8rDz0E8=,np9UEtsPrTVR74vvQxEdBgkqJxI=
58,-30,wmRIC3SuAtRAocAQKAqD8rDz0E8=,np9UEtsPrTVR74vvQxEdBgkqJxI=
49,-18,wmRIC3SuAtRAocAQKAqD8rDz0E8=,np9UEtsPrTVR74vvQxEdBgkqJxI=
57,-31,wmRIC3SuAtRAocAQKAqD8rDz0E8=,np9UEtsPrTVR74vvQxEdBgkqJxI=
63,-26,wmRIC3SuAtRAocAQKAqD8rDz0E8=,np9UEtsPrTVR74vvQxEdBgkqJxI=
62,-26,wmRIC3SuAtRAocAQKAqD8rDz0E8=,np9UEtsPrTVR74vvQxEdBgkqJxI=
61,-26,wmRIC3SuAtRAocAQKAqD8rDz0E8=,np9UEtsPrTVR74vvQxEdBgkqJxI=
60,-26,wmRIC3SuAtRAocAQKAqD8rDz0E8=,np9UEtsPrTVR74vvQxEdBgkqJxI=
59,-26,wmRIC3SuAtRAocAQKAqD8rDz0E8=,np9UEtsPrTVR74vvQxEdBgkqJxI=
57,-26,wmRIC3SuAtRAocAQKAqD8rDz0E8=,np9UEtsPrTVR74vvQxEdBgkqJxI=
58,-26,wmRIC3SuAtRAocAQKAqD8rDz0E8=,np9UEtsPrTVR74vvQxEdBgkqJxI=
56,-26,wmRIC3SuAtRAocAQKAqD8rDz0E8=,np9UEtsPrTVR74vvQxEdBgkqJxI=
55,-26,wmRIC3SuAtRAocAQKAqD8rDz0E8=,np9UEtsPrTVR74vvQxEdBgkqJxI=
54,-26,wmRIC3SuAtRAocAQKAqD8rDz0E8=,np9UEtsPrTVR74vvQxEdBgkqJxI=
53,-26,wmRIC3SuAtRAocAQKAqD8rDz0E8=,np9UEtsPrTVR74vvQxEdBgkqJxI=
56,-23,wmRIC3SuAtRAocAQKAqD8rDz0E8=,np9UEtsPrTVR74vvQxEdBgkqJxI=
49,-25,wmRIC3SuAtRAocAQKAqD8rDz0E8=,np9UEtsPrTVR74vvQxEdBgkqJxI=
48,-19,wmRIC3SuAtRAocAQKAqD8rDz0E8=,np9UEtsPrTVR74vvQxEdBgkqJxI=
56,-32,wmRIC3SuAtRAocAQKAqD8rDz0E8=,np9UEtsPrTVR74vvQxEdBgkqJxI=
48,-26,wmRIC3SuAtRAocAQKAqD8rDz0E8=,np9UEtsPrTVR74vvQxEdBgkqJxI=
56,-31,wmRIC3SuAtRAocAQKAqD8rDz0E8=,np9UEtsPrTVR74vvQxEdBgkqJxI=
57,-30,wmRIC3SuAtRAocAQKAqD8rDz0E8=,np9UEtsPrTVR74vvQxEdBgkqJxI=
63,-27,wmRIC3SuAtRAocAQKAqD8rDz0E8=,np9UEtsPrTVR74vvQxEdBgkqJxI=
61,-27,wmRIC3SuAtRAocAQKAqD8rDz0E8=,np9UEtsPrTVR74vvQxEdBgkqJxI=
62,-27,wmRIC3SuAtRAocAQKAqD8rDz0E8=,np9UEtsPrTVR74vvQxEdBgkqJxI=
60,-27,wmRIC3SuAtRAocAQKAqD8rDz0E8=,np9UEtsPrTVR74vvQxEdBgkqJxI=
59,-27,wmRIC3SuAtRAocAQKAqD8rDz0E8=,np9UEtsPrTVR74vvQxEdBgkqJxI=
58,-27,wmRIC3SuAtRAocAQKAqD8rDz0E8=,np9UEtsPrTVR74vvQxEdBgkqJxI=
57,-27,wmRIC3SuAtRAocAQKAqD8rDz0E8=,np9UEtsPrTVR74vvQxEdBgkqJxI=
56,-27,wmRIC3SuAtRAocAQKAqD8rDz0E8=,np9UEtsPrTVR74vvQxEdBgkqJxI=
55,-27,wmRIC3SuAtRAocAQKAqD8rDz0E8=,np9UEtsPrTVR74vvQxEdBgkqJxI=
54,-27,wmRIC3SuAtRAocAQKAqD8rDz0E8=,np9UEtsPrTVR74vvQxEdBgkqJxI=
59,-30,wmRIC3SuAtRAocAQKAqD8rDz0E8=,np9UEtsPrTVR74vvQxEdBgkqJxI=
49,-23,wmRIC3SuAtRAocAQKAqD8rDz0E8=,np9UEtsPrTVR74vvQxEdBgkqJxI=
48,-25,wmRIC3SuAtRAocAQKAqD8rDz0E8=,np9UEtsPrTVR74vvQxEdBgkqJxI=
49,-24,wmRIC3SuAtRAocAQKAqD8rDz0E8=,np9UEtsPrTVR74vvQxEdBgkqJxI=
50,-27,wmRIC3SuAtRAocAQKAqD8rDz0E8=,np9UEtsPrTVR74vvQxEdBgkqJxI=
49,-26,wmRIC3SuAtRAocAQKAqD8rDz0E8=,np9UEtsPrTVR74vvQxEdBgkqJxI=
48,-32,wmRIC3SuAtRAocAQKAqD8rDz0E8=,np9UEtsPrTVR74vvQxEdBgkqJxI=
56,-30,wmRIC3SuAtRAocAQKAqD8rDz0E8=,np9UEtsPrTVR74vvQxEdBgkqJxI=
50,-24,wmRIC3SuAtRAocAQKAqD8rDz0E8=,np9UEtsPrTVR74vvQxEdBgkqJxI=
63,-28,wmRIC3SuAtRAocAQKAqD8rDz0E8=,np9UEtsPrTVR74vvQxEdBgkqJxI=
50,-22,wmRIC3SuAtRAocAQKAqD8rDz0E8=,np9UEtsPrTVR74vvQxEdBgkqJxI=
48,-27,wmRIC3SuAtRAocAQKAqD8rDz0E8=,np9UEtsPrTVR74vvQxEdBgkqJxI=
55,-32,wmRIC3SuAtRAocAQKAqD8rDz0E8=,np9UEtsPrTVR74vvQxEdBgkqJxI=
52,-26,wmRIC3SuAtRAocAQKAqD8rDz0E8=,np9UEtsPrTVR74vvQxEdBgkqJxI=
50,-26,wmRIC3SuAtRAocAQKAqD8rDz0E8=,np9UEtsPrTVR74vvQxEdBgkqJxI=
53,-27,wmRIC3SuAtRAocAQKAqD8rDz0E8=,np9UEtsPrTVR74vvQxEdBgkqJxI=
51,-22,wmRIC3SuAtRAocAQKAqD8rDz0E8=,np9UEtsPrTVR74vvQxEdBgkqJxI=
55,-31,wmRIC3SuAtRAocAQKAqD8rDz0E8=,np9UEtsPrTVR74vvQxEdBgkqJxI=
48,-24,wmRIC3SuAtRAocAQKAqD8rDz0E8=,np9UEtsPrTVR74vvQxEdBgkqJxI=
57,-22,wmRIC3SuAtRAocAQKAqD8rDz0E8=,np9UEtsPrTVR74vvQxEdBgkqJxI=
52,-27,wmRIC3SuAtRAocAQKAqD8rDz0E8=,np9UEtsPrTVR74vvQxEdBgkqJxI=
51,-27,wmRIC3SuAtRAocAQKAqD8rDz0E8=,np9UEtsPrTVR74vvQxEdBgkqJxI=
51,-23,wmRIC3SuAtRAocAQKAqD8rDz0E8=,np9UEtsPrTVR74vvQxEdBgkqJxI=
49,-27,wmRIC3SuAtRAocAQKAqD8rDz0E8=,np9UEtsPrTVR74vvQxEdBgkqJxI=
51,-24,wmRIC3SuAtRAocAQKAqD8rDz0E8=,np9UEtsPrTVR74vvQxEdBgkqJxI=
51,-25,wmRIC3SuAtRAocAQKAqD8rDz0E8=,np9UEtsPrTVR74vvQxEdBgkqJxI=
50,-23,wmRIC3SuAtRAocAQKAqD8rDz0E8=,np9UEtsPrTVR74vvQxEdBgkqJxI=
48,-23,wmRIC3SuAtRAocAQKAqD8rDz0E8=,np9UEtsPrTVR74vvQxEdBgkqJxI=
51,-26,wmRIC3SuAtRAocAQKAqD8rDz0E8=,np9UEtsPrTVR74vvQxEdBgkqJxI=
