Nether Fortress,X,Z
1,2298,-1826
2,2297,-1953
3,2291,1644
4,2290,-1998
5,2289,-1764
6,2288,-1907
7,2287,-1779
8,2284,1847
9,2284,1787
10,2281,-833
11,2276,-136
12,2271,1766
13,2271,1850
14,2271,-851
15,2259,1683
16,2255,-892
17,2255,-853
18,2253,-1780
19,2253,-806
20,2252,-1762
21,2249,1826
22,2248,1817
23,2248,-835
24,2247,-940
25,2242,1730
26,2241,1841
27,2236,1777
28,2234,1717
29,2234,1804
30,2229,1758
31,2229,-937
32,2228,1773
33,2227,1812
34,2224,-890
35,2224,-42
36,2217,-892
37,2207,-913
38,2202,-892
39,2201,1741
40,2195,-797
41,2194,1837
42,2194,1136
43,2192,-55
44,2189,1864
45,2186,-307
46,2186,-277
47,2184,-940
48,2184,-327
49,2181,1903
50,2179,1911
51,2178,-342
52,2178,-59
53,2177,-818
54,2177,-247
55,2173,1878
56,2172,1080
57,2171,-759
58,2171,-279
59,2171,-229
60,2170,-160
61,2167,-86
62,2165,1129
63,2163,-467
64,2162,-333
65,2161,1761
66,2161,1862
67,2160,1911
68,2159,-154
69,2151,-267
70,2141,-231
71,2139,-507
72,2139,-381
73,2136,1097
74,2135,-326
75,2132,-354
76,2131,-670
77,2131,-427
78,2130,-831
79,2127,1862
80,2125,-736
81,2123,-436
82,2121,-789
83,2120,-750
84,2114,-60
85,2113,-949
86,2113,-774
87,2113,-210
88,2112,1851
89,2112,-693
90,2111,1883
91,2107,1835
92,2107,-786
93,2104,-609
94,2103,-256
95,2101,-504
96,2100,-310
97,2099,-882
98,2095,-254
99,2094,-773
100,2093,-752
101,2093,-107
102,2092,-297
103,2090,-182
104,2090,-96
105,2085,-512
106,2084,-854
107,2081,-537
108,2080,-221
109,2073,-92
110,2066,-788
111,2060,-101
112,2056,-840
113,2056,-996
114,2056,-419
115,2054,-764
116,2050,-122
117,2048,-728
118,2045,-590
119,2044,-1005
120,2043,-1012
121,2043,-384
122,2042,-674
123,2041,-792
124,2041,-107
125,2038,-465
126,2036,284
127,2035,-533
128,2033,-412
129,2033,314
130,2032,-166
131,2031,-704
132,2030,283
133,2027,-778
134,2026,292
135,2023,-127
136,2021,-662
137,2020,-362
138,2019,-153
139,2018,-393
140,2017,-565
141,2013,-680
142,2013,-536
143,2013,-193
144,2013,335
145,2010,-433
146,2010,295
147,2010,364
148,2009,-776
149,2007,-718
150,2007,-545
151,2006,-224
152,2005,-299
153,2004,-458
154,2003,-833
155,2002,-830
156,1999,-738
157,1999,-647
158,1998,-686
159,1998,-433
160,1997,-860
161,1997,-794
162,1997,-702
163,1996,-266
164,1995,-193
165,1993,-383
166,1991,-474
167,1991,257
168,1990,-891
169,1984,-419
170,1983,-540
171,1983,-404
172,1982,-694
173,1982,-687
174,1982,-439
175,1982,207
176,1980,-1049
177,1979,-259
178,1979,362
179,1978,-826
180,1978,290
181,1977,-645
182,1976,215
183,1975,-450
184,1974,-213
185,1973,-835
186,1972,-978
187,1971,-585
188,1970,-722
189,1970,-249
190,1969,-1040
191,1969,-375
192,1968,-660
193,1968,-518
194,1967,-811
195,1967,-690
196,1967,-596
197,1967,-587
198,1967,-368
199,1967,-226
200,1967,409
201,1964,-728
202,1964,346
203,1964,357
204,1963,-569
205,1963,296
206,1963,375
207,1962,-827
208,1962,-266
209,1962,-409
210,1961,-646
211,1959,-1029
212,1959,178
213,1959,228
214,1959,304
215,1953,-776
216,1953,-146
217,1951,-675
218,1950,-643
219,1950,-413
220,1950,-217
221,1950,322
222,1949,-607
223,1948,-574
224,1948,-437
225,1948,-418
226,1947,-299
227,1947,239
228,1946,-694
229,1946,-134
230,1946,209
231,1945,288
232,1945,512
233,1940,500
234,1938,-1034
235,1938,-791
236,1938,-619
237,1938,-380
238,1937,457
239,1935,-735
240,1931,-870
241,1930,-846
242,1930,-539
243,1929,-690
244,1928,335
245,1924,-629
246,1923,-450
247,1921,-998
248,1921,-806
249,1919,-853
250,1919,-421
251,1919,448
252,1918,-583
253,1917,-399
254,1917,364
255,1915,-416
256,1914,-869
257,1913,-669
258,1913,410
259,1912,-809
260,1911,-683
261,1910,-451
262,1909,386
263,1909,417
264,1908,-718
265,1907,534
266,1905,-893
267,1905,-468
268,1904,-689
269,1901,-1017
270,1901,-893
271,1900,-832
272,1899,-974
273,1897,-696
274,1897,422
275,1895,-986
276,1895,-929
277,1895,-841
278,1893,-433
279,1892,-417
280,1890,-561
281,1888,-849
282,1887,-535
283,1886,-630
284,1884,373
285,1883,460
286,1883,521
287,1879,-761
288,1877,-643
289,1877,416
290,1875,-601
291,1874,-752
292,1874,-465
293,1873,-433
294,1871,-770
295,1871,426
296,1870,-847
297,1868,544
298,1865,-819
299,1860,-526
300,1859,-798
301,1858,-487
302,1858,-466
303,1858,-447
304,1856,-739
305,1856,-652
306,1855,-472
307,1855,387
308,1852,-456
309,1846,486
310,1845,-500
311,1844,-847
312,1842,-635
313,1842,476
314,1841,-824
315,1838,-653
316,1838,542
317,1835,-775
318,1831,547
319,1829,-494
320,1826,2073
321,1826,410
322,1826,435
323,1826,525
324,1825,2115
325,1825,457
326,1824,-767
327,1823,2134
328,1823,492
329,1817,529
330,1816,2227
331,1816,744
332,1815,2051
333,1814,2185
334,1813,2127
335,1811,760
336,1809,-757
337,1807,706
338,1806,2156
339,1806,-852
340,1805,-799
341,1805,-597
342,1797,698
343,1795,2203
344,1795,-1349
345,1794,2076
346,1793,2160
347,1792,2188
348,1792,649
349,1790,-628
350,1789,-611
351,1783,673
352,1781,2129
353,1778,663
354,1776,2066
355,1769,-615
356,1769,-574
357,1764,2156
358,1764,662
359,1763,2042
360,1762,2138
361,1752,-556
362,1743,690
363,1739,-1342
364,1738,-1363
365,1737,2150
366,1736,-1377
367,1736,710
368,1732,2071
369,1726,732
370,1720,679
371,1714,698
372,1710,-1425
373,1695,730
374,1692,676
375,1687,736
376,1670,681
377,1664,774
378,1660,756
379,1658,695
380,1648,-1430
381,1648,-1471
382,1641,-1423
383,1641,696
384,1638,-1443
385,1631,737
386,1629,-1421
387,1629,764
388,1628,-1581
389,1625,-1763
390,1620,730
391,1617,-1537
392,1617,-1586
393,1615,723
394,1612,759
395,1611,-1771
396,1611,-1583
397,1610,-1593
398,1609,-1665
399,1606,-1523
400,1604,-1420
401,1603,-360
402,1603,-1509
403,1601,-1494
404,1596,-1647
405,1595,-1805
406,1594,768
407,1593,679
408,1592,-1403
409,1592,-1459
410,1592,719
411,1591,-1773
412,1591,-1430
413,1587,1266
414,1587,-1608
415,1586,-1680
416,1586,-1379
417,1586,689
418,1585,-1694
419,1580,-1565
420,1578,-1707
421,1577,723
422,1575,-1787
423,1575,-1667
424,1573,-1800
425,1573,-1691
426,1573,-1387
427,1573,-1410
428,1572,-1809
429,1572,-1656
430,1571,-1471
431,1570,-1720
432,1570,714
433,1567,733
434,1566,-340
435,1565,1186
436,1565,673
437,1564,-1776
438,1564,-1510
439,1563,783
440,1560,-1724
441,1559,653
442,1558,-1783
443,1556,746
444,1554,-1823
445,1553,-1856
446,1553,-1571
447,1551,1249
448,1551,735
449,1550,-1870
450,1550,769
451,1548,1186
452,1544,-1751
453,1544,-1565
454,1543,1213
455,1542,-1793
456,1541,-1713
457,1541,650
458,1539,-1439
459,1538,-1372
460,1538,-1583
461,1535,-1630
462,1533,-1664
463,1531,-1819
464,1528,-1540
465,1527,-1497
466,1526,658
467,1525,-1864
468,1524,704
469,1523,-1845
470,1522,-1908
471,1522,-1834
472,1522,-1458
473,1521,-1775
474,1520,649
475,1519,710
476,1517,-1864
477,1516,-1758
478,1516,-1854
479,1514,-1910
480,1512,-1383
481,1511,-1902
482,1509,-390
483,1508,-1950
484,1505,-1348
485,1505,685
486,1504,-1885
487,1502,-1852
488,1502,-1789
489,1501,655
490,1499,-1953
491,1497,-1514
492,1497,-1334
493,1496,1104
494,1496,-1365
495,1494,-1920
496,1493,-1688
497,1484,-1972
498,1481,-383
499,1480,1176
500,1479,-1844
501,1477,1139
502,1468,-1792
503,1465,-1710
504,1456,-1640
505,1452,-1682
506,1450,-1932
507,1450,-1764
508,1450,-363
509,1449,-1732
510,1446,-1881
511,1445,-347
512,1442,-403
513,1441,-1750
514,1440,637
515,1439,-1770
516,1439,-1401
517,1438,-1842
518,1438,784
519,1436,776
520,1434,-1825
521,1433,639
522,1429,-1752
523,1426,-1923
524,1424,-1425
525,1424,835
526,1423,-398
527,1417,-1760
528,1417,-339
529,1416,-364
530,1411,-1812
531,1410,-1900
532,1409,-1771
533,1407,-1778
534,1406,-403
535,1405,-1774
536,1403,-1859
537,1403,798
538,1402,-1747
539,1401,683
540,1398,-1891
541,1396,-1880
542,1395,-1853
543,1394,780
544,1393,-351
545,1393,852
546,1392,654
547,1390,-398
548,1386,684
549,1386,870
550,1382,-1864
551,1380,-1846
552,1378,735
553,1377,814
554,1377,776
555,1377,927
556,1376,787
557,1376,834
558,1376,880
559,1371,770
560,1369,-1831
561,1366,-359
562,1366,821
563,1364,868
564,1362,-376
565,1354,926
566,1350,671
567,1346,799
568,1345,-373
569,1339,-383
570,1338,-407
571,1332,-357
572,1327,882
573,1321,785
574,1319,737
575,1318,821
576,1311,699
577,1311,809
578,1298,887
579,1296,913
580,1293,811
581,1290,791
582,1290,747
583,1289,844
584,1285,763
585,1283,733
586,1281,888
587,1280,776
588,1278,849
589,1275,809
590,1272,744
591,1269,872
592,1264,780
593,1259,751
594,1256,807
595,1247,467
596,1247,870
597,1243,768
598,1243,860
599,1240,437
600,1236,413
601,1236,729
602,1235,422
603,1226,815
604,1222,476
605,1221,752
606,1215,1799
607,1215,490
608,1210,467
609,1206,321
610,1203,1790
611,1200,1850
612,1199,524
613,1194,486
614,1191,426
615,1190,468
616,1182,429
617,1181,571
618,1177,1815
619,1173,1805
620,1171,272
621,1169,590
622,1166,552
623,1165,589
624,1163,1740
625,1162,1774
626,1160,1758
627,1160,253
628,1158,431
629,1157,450
630,1151,1835
631,1147,1821
632,1147,567
633,1146,275
634,1146,447
635,1145,1754
636,1143,579
637,1139,614
638,1135,1763
639,1135,386
640,1132,1836
641,1132,460
642,1132,605
643,1131,540
644,1129,480
645,1129,589
646,1129,617
647,1124,1734
648,1119,425
649,1119,571
650,1118,482
651,1114,1765
652,1114,507
653,1114,536
654,1109,1753
655,1106,1791
656,1106,645
657,1104,473
658,1101,1754
659,1093,508
660,1088,1676
661,1087,596
662,1083,546
663,1082,487
664,1077,1777
665,1075,1813
666,1075,476
667,1068,1820
668,1066,431
669,1062,1843
670,1058,1790
671,1056,1769
672,1053,416
673,1052,502
674,1048,1761
675,1042,451
676,1039,1787
677,1036,349
678,1035,1762
679,1033,416
680,1030,1868
681,1029,392
682,1021,1755
683,1019,557
684,1018,1866
685,1017,1771
686,1016,1828
687,1010,404
688,1006,1784
689,1005,1981
690,1002,1846
691,1002,1907
692,1001,2034
693,1001,347
694,996,-2276
695,995,1881
696,994,360
697,993,1758
698,989,353
699,989,542
700,982,1844
701,980,2034
702,980,1837
703,978,383
704,976,1820
705,975,1837
706,974,573
707,974,577
708,968,-2272
709,967,-2199
710,965,1849
711,965,482
712,963,544
713,959,1830
714,959,349
715,959,360
716,956,1716
717,956,1789
718,954,-2289
719,953,-2245
720,953,395
721,952,508
722,952,479
723,951,1858
724,950,-2217
725,948,1743
726,947,335
727,947,458
728,946,422
729,942,1775
730,942,447
731,941,-2267
732,941,403
733,940,-2287
734,940,-2202
735,940,503
736,938,308
737,937,349
738,936,-2184
739,932,429
740,930,360
741,929,527
742,927,-2142
743,925,1817
744,924,305
745,923,1807
746,923,-1443
747,921,-2227
748,918,-1460
749,917,434
750,915,-1345
751,915,449
752,911,396
753,910,-1448
754,906,-2265
755,906,-1459
756,905,494
757,904,-1347
758,903,535
759,902,-1323
760,901,-2280
761,901,350
762,900,-2244
763,897,-1431
764,897,468
765,895,468
766,895,528
767,893,-1428
768,893,315
769,892,483
770,890,-1424
771,890,387
772,889,499
773,887,323
774,884,-2031
775,882,-2073
776,880,-2241
777,880,517
778,879,-1370
779,878,-2278
780,878,-2237
781,878,-1456
782,877,-1392
783,876,407
784,876,512
785,874,-2085
786,870,-1393
787,870,510
788,867,-1471
789,863,-2273
790,856,-1891
791,855,-1413
792,853,-2261
793,853,-2036
794,853,-2027
795,852,-2015
796,851,-2235
797,848,-1975
798,848,-1947
799,847,-2012
800,847,-1390
801,843,-1998
802,842,446
803,841,-1915
804,840,-1926
805,838,-2237
806,837,-1448
807,835,486
808,834,-2073
809,834,457
810,833,-1437
811,830,-1950
812,827,-1968
813,823,489
814,822,-1417
815,820,-2184
816,817,-1436
817,813,-1332
818,811,-2219
819,809,-2262
820,803,-2182
821,801,-2015
822,800,-2133
823,798,-2200
824,793,-2059
825,791,-2151
826,791,-1416
827,790,-1396
828,789,-2125
829,785,-2029
830,778,-2143
831,777,-2176
832,777,-2123
833,773,-1891
834,771,-2152
835,769,-2004
836,761,-1871
837,758,-1881
838,757,-2179
839,746,-2082
840,740,-2179
841,740,-2015
842,730,-2166
843,729,-1978
844,727,-2069
845,721,-1891
846,713,-2273
847,713,-1853
848,704,-2080
849,693,-1873
850,691,-731
851,691,-693
852,691,1739
853,686,-703
854,683,-1822
855,682,-737
856,682,1740
857,682,-2120
858,681,-684
859,681,-1849
860,678,-2017
861,677,-2143
862,676,1765
863,675,-1999
864,673,-1984
865,672,-711
866,671,-729
867,671,1805
868,671,-1993
869,670,-1809
870,669,1786
871,668,1770
872,666,-777
873,666,-1972
874,665,1745
875,663,1824
876,662,-2175
877,660,-2275
878,659,-2249
879,658,-681
880,658,-1965
881,654,-758
882,651,-2252
883,651,-2070
884,650,-2086
885,647,1757
886,647,1806
887,646,-2257
888,646,-2293
889,645,-1921
890,642,-682
891,641,1840
892,638,-2007
893,636,1838
894,635,-2279
895,635,-1962
896,634,-2087
897,633,-2224
898,633,-1936
899,632,-2205
900,630,-2294
901,629,-1990
902,628,-2256
903,627,1795
904,626,-2262
905,626,-1886
906,623,1852
907,623,-2252
908,622,-1908
909,622,-1966
910,621,-2143
911,619,-1773
912,616,1877
913,616,-2289
914,616,-1857
915,615,1895
916,615,-2185
917,615,-1757
918,612,1793
919,611,1699
920,611,1741
921,609,-1873
922,607,1739
923,607,1721
924,607,1843
925,603,-814
926,603,-1748
927,602,1774
928,601,-1766
929,601,17
930,600,-2130
931,599,-1992
932,598,-1910
933,598,-1805
934,597,-786
935,596,-2264
936,594,1755
937,594,7
938,591,-2114
939,587,-821
940,582,-796
941,582,1769
942,581,1807
943,577,-772
944,571,731
945,569,1694
946,568,-1986
947,566,1759
948,565,-28
949,564,-743
950,564,1808
951,564,-1805
952,564,105
953,562,-58
954,559,-1903
955,559,-1773
956,559,-75
957,558,-693
958,555,1811
959,555,-1906
960,554,-687
961,551,-751
962,550,1795
963,550,-1945
964,548,-735
965,548,-762
966,548,722
967,548,-1794
968,547,-122
969,546,-640
970,546,-1865
971,544,-1
972,540,-752
973,540,1763
974,540,745
975,540,-1906
976,538,-735
977,538,-1771
978,538,65
979,537,-838
980,537,-1758
981,536,-638
982,536,-1792
983,533,-674
984,532,-761
985,528,-774
986,525,-1757
987,524,-1777
988,523,-50
989,521,-646
990,520,-724
991,520,-128
992,519,-766
993,519,-668
994,518,-771
995,518,-1830
996,514,72
997,512,-1949
998,511,-1971
999,510,-754
1000,508,-803
1001,505,-1958
1002,504,39
1003,503,-619
1004,501,-1872
1005,501,-1818
1006,500,1733
1007,497,14
1008,496,-718
1009,495,-603
1010,494,-797
1011,493,-575
1012,493,-1840
1013,492,1751
1014,491,-698
1015,490,-782
1016,490,-1928
1017,486,-824
1018,486,-671
1019,485,-710
1020,485,-1854
1021,484,25
1022,482,-737
1023,480,-1816
1024,479,-759
1025,476,-740
1026,476,-152
1027,475,-161
1028,474,-126
1029,473,-694
1030,472,-784
1031,472,-627
1032,469,-603
1033,469,35
1034,468,-137
1035,467,-570
1036,463,-624
1037,462,-813
1038,462,151
1039,461,-631
1040,461,-125
1041,460,-134
1042,460,87
1043,459,-561
1044,457,-1888
1045,456,-578
1046,455,112
1047,453,-1784
1048,453,34
1049,451,-57
1050,450,-593
1051,448,24
1052,447,-907
1053,445,-720
1054,445,-689
1055,445,-133
1056,445,43
1057,441,-1769
1058,441,-182
1059,441,58
1060,438,-721
1061,437,151
1062,436,-1800
1063,435,-807
1064,435,-1791
1065,435,-100
1066,433,-751
1067,431,71
1068,430,-862
1069,430,-615
1070,428,51
1071,426,42
1072,425,-101
1073,423,-826
1074,420,-759
1075,420,-591
1076,419,-673
1077,419,-535
1078,417,-154
1079,416,-167
1080,415,-556
1081,415,17
1082,413,-234
1083,409,-637
1084,408,-680
1085,406,-882
1086,406,-111
1087,405,-529
1088,403,-653
1089,400,-866
1090,399,57
1091,397,-248
1092,395,-684
1093,395,138
1094,391,44
1095,390,-724
1096,388,-533
1097,388,65
1098,387,-702
1099,386,-749
1100,386,-527
1101,383,62
1102,382,-660
1103,382,-539
1104,382,-539
1105,379,181
1106,378,-561
1107,378,-508
1108,375,-719
1109,374,-743
1110,374,-589
1111,374,-16
1112,373,-72
1113,373,146
1114,371,-775
1115,371,166
1116,370,23
1117,367,-758
1118,367,188
1119,366,28
1120,364,-235
1121,362,-667
1122,362,-149
1123,358,-13
1124,358,168
1125,357,64
1126,356,-644
1127,356,-590
1128,354,-677
1129,354,155
1130,351,110
1131,351,113
1132,349,-718
1133,349,-158
1134,348,-747
1135,347,-653
1136,346,184
1137,345,-691
1138,345,-551
1139,344,-681
1140,340,-842
1141,340,-629
1142,340,-571
1143,339,66
1144,333,-628
1145,332,-524
1146,330,-572
1147,326,-151
1148,326,-84
1149,324,124
1150,321,-691
1151,321,-113
1152,321,8
1153,318,-121
1154,317,-778
1155,315,-148
1156,314,129
1157,313,167
1158,312,-512
1159,311,-59
1160,310,-753
1161,308,-816
1162,308,-93
1163,308,69
1164,305,-665
1165,300,-928
1166,297,65
1167,293,94
1168,289,16
1169,287,180
1170,285,-929
1171,285,-817
1172,285,117
1173,282,-889
1174,281,67
1175,276,136
1176,274,-1651
1177,274,-1638
1178,274,-9
1179,273,86
1180,270,102
1181,266,-902
1182,266,154
1183,265,-7
1184,259,-1648
1185,259,-17
1186,258,137
1187,252,-912
1188,252,83
1189,245,-1726
1190,240,-1761
1191,240,-1696
1192,231,19
1193,230,-1605
1194,228,-1755
1195,223,-1648
1196,220,1881
1197,218,-764
1198,217,-1652
1199,214,-1780
1200,212,-1665
1201,207,1828
1202,204,1913
1203,203,-1648
1204,201,-1654
1205,197,-1035
1206,195,-1790
1207,194,-888
1208,192,-1055
1209,191,-1673
1210,190,1893
1211,189,-1733
1212,188,-1642
1213,186,-1702
1214,182,-773
1215,182,1841
1216,182,-1649
1217,179,-831
1218,176,-888
1219,174,-828
1220,170,1886
1221,166,-1644
1222,164,-834
1223,155,-935
1224,149,-882
1225,143,-1807
1226,143,-1764
1227,142,-1780
1228,139,-885
1229,137,-810
1230,137,-1756
1231,132,-839
1232,132,-1739
1233,130,-1625
1234,127,-1727
1235,120,-1776
1236,118,-1619
1237,115,-1752
1238,111,-941
1239,110,-1134
1240,108,-978
1241,107,-954
1242,101,-1118
1243,100,-1021
1244,98,-1038
1245,93,-1729
1246,89,-1091
1247,89,-1007
1248,84,-1061
1249,83,-738
1250,83,-738
1251,82,-1778
1252,81,-1017
1253,81,-860
1254,81,-1820
1255,80,-824
1256,80,-1766
1257,79,-1713
1258,67,-913
1259,63,-1065
1260,63,-1782
1261,62,-1037
1262,58,-1011
1263,57,-917
1264,54,-808
1265,50,-838
1266,25,-725
1267,19,-984
1268,13,-1001
1269,8,-969
1270,8,-957
1271,4,-977
1272,3,-1045
1273,2,-927
1274,-2,-844
1275,-3,-2156
1276,-4,-2142
1277,-17,-928
1278,-18,-2154
1279,-22,-2111
1280,-24,-1052
1281,-29,-1027
1282,-30,-1019
1283,-32,-994
1284,-34,-748
1285,-34,-1013
1286,-36,-849
1287,-36,-2106
1288,-39,1547
1289,-43,-823
1290,-52,-828
1291,-55,-2098
1292,-61,-756
1293,-62,-878
1294,-64,-2134
1295,-66,-2085
1296,-67,-893
1297,-67,-2017
1298,-69,-2014
1299,-70,-1029
1300,-74,-903
1301,-76,-2120
1302,-79,-761
1303,-79,-1023
1304,-83,-2061
1305,-85,-2071
1306,-85,-2010
1307,-86,-976
1308,-86,-2019
1309,-87,-783
1310,-90,-825
1311,-90,-2089
1312,-91,-1051
1313,-100,-857
1314,-102,-989
1315,-104,-1007
1316,-106,-2112
1317,-109,-928
1318,-110,-2070
1319,-113,-2125
1320,-114,-769
1321,-115,-2088
1322,-124,-839
1323,-126,-973
1324,-129,-778
1325,-129,-2067
1326,-130,-2035
1327,-131,-1977
1328,-135,-2062
1329,-140,-2021
1330,-146,-864
1331,-155,-1004
1332,-158,-829
1333,-165,-828
1334,-168,-908
1335,-169,-1033
1336,-169,-1930
1337,-170,-939
1338,-171,-858
1339,-174,-761
1340,-175,-776
1341,-178,-799
1342,-180,-801
1343,-181,-989
1344,-183,-822
1345,-184,-784
1346,-188,-1957
1347,-192,-936
1348,-195,-995
1349,-196,-980
1350,-199,-1057
1351,-202,-869
1352,-203,-252
1353,-204,-975
1354,-205,-1045
1355,-211,-912
1356,-212,-200
1357,-212,-919
1358,-214,-1927
1359,-216,-2019
1360,-217,-248
1361,-218,-823
1362,-218,-1021
1363,-218,-1001
1364,-221,-265
1365,-223,-990
1366,-224,-966
1367,-225,-976
1368,-227,-960
1369,-227,-1004
1370,-227,-1953
1371,-228,-983
1372,-228,-1032
1373,-231,-289
1374,-232,-267
1375,-234,-837
1376,-237,-1914
1377,-240,-325
1378,-240,-752
1379,-241,-880
1380,-243,-320
1381,-244,-201
1382,-244,-340
1383,-244,-834
1384,-246,-947
1385,-247,-983
1386,-247,-1030
1387,-249,-1001
1388,-250,-727
1389,-256,-902
1390,-259,-990
1391,-260,-355
1392,-262,-330
1393,-268,-794
1394,-270,-871
1395,-271,-1006
1396,-272,-715
1397,-275,-729
1398,-279,-787
1399,-280,-228
1400,-280,-346
1401,-280,-371
1402,-284,-818
1403,-285,-212
1404,-286,-767
1405,-294,-846
1406,-295,-213
1407,-297,-956
1408,-297,-967
1409,-300,-813
1410,-302,-282
1411,-305,-229
1412,-306,-846
1413,-307,-948
1414,-309,-220
1415,-310,-298
1416,-312,-280
1417,-312,-831
1418,-313,-928
1419,-315,-860
1420,-318,-1002
1421,-319,-985
1422,-321,-291
1423,-322,-345
1424,-322,-894
1425,-325,-867
1426,-325,-906
1427,-326,-821
1428,-333,-953
1429,-335,-974
1430,-337,-988
1431,-350,-961
1432,-352,-911
1433,-357,-1943
1434,-359,-940
1435,-360,-920
1436,-361,-987
1437,-365,-888
1438,-366,-1000
1439,-368,-1837
1440,-370,-866
1441,-371,1504
1442,-372,102
1443,-372,-857
1444,-373,-960
1445,-374,-889
1446,-378,-1820
1447,-379,1534
1448,-381,-903
1449,-388,-798
1450,-388,-1939
1451,-389,-810
1452,-396,-948
1453,-405,-804
1454,-405,-1937
1455,-408,-1885
1456,-410,-1823
1457,-411,-911
1458,-412,-774
1459,-412,-1911
1460,-415,-797
1461,-415,-1801
1462,-421,-1820
1463,-429,-896
1464,-435,-1407
1465,-437,-1458
1466,-439,-1935
1467,-439,-1895
1468,-441,-1833
1469,-442,-1791
1470,-443,123
1471,-443,-1775
1472,-445,-1427
1473,-446,-1948
1474,-449,-1892
1475,-451,-1485
1476,-462,-1552
1477,-464,-1963
1478,-468,-1918
1479,-468,-1341
1480,-472,-1797
1481,-473,-1903
1482,-476,-857
1483,-478,124
1484,-479,-1814
1485,-479,-1556
1486,-484,-1828
1487,-485,-1952
1488,-489,-1595
1489,-492,-1537
1490,-494,117
1491,-496,-1355
1492,-501,-1888
1493,-502,-1929
1494,-502,-1549
1495,-502,-957
1496,-504,-967
1497,-505,-1532
1498,-506,-1360
1499,-507,-1581
1500,-510,-1793
1501,-511,-1498
1502,-512,-1745
1503,-513,-905
1504,-515,-1868
1505,-517,-1546
1506,-517,-870
1507,-520,-952
1508,-522,-1908
1509,-523,-1346
1510,-527,-894
1511,-529,-971
1512,-537,-911
1513,-538,-1777
1514,-540,-1889
1515,-540,-1526
1516,-540,-924
1517,-541,-933
1518,-544,-882
1519,-546,-810
1520,-547,-1845
1521,-547,-903
1522,-548,-1789
1523,-548,-1436
1524,-554,-1795
1525,-556,-1537
1526,-561,-1783
1527,-561,-1546
1528,-561,-967
1529,-563,-886
1530,-567,-1825
1531,-568,-1763
1532,-571,-1495
1533,-571,-1531
1534,-578,-836
1535,-582,-1841
1536,-583,-1878
1537,-585,-1379
1538,-586,-1532
1539,-592,-1808
1540,-594,-1448
1541,-594,-1519
1542,-598,-1291
1543,-604,-1352
1544,-605,-848
1545,-606,-994
1546,-607,-1314
1547,-607,-860
1548,-615,-876
1549,-616,-1486
1550,-616,-1291
1551,-618,-1300
1552,-618,-891
1553,-620,-1401
1554,-623,-1444
1555,-624,-1409
1556,-625,-981
1557,-626,-1445
1558,-627,-930
1559,-628,-1374
1560,-629,-866
1561,-632,-969
1562,-635,-1250
1563,-636,-1402
1564,-636,-888
1565,-639,-1187
1566,-640,-960
1567,-642,-1414
1568,-643,980
1569,-645,-1217
1570,-646,-1306
1571,-649,-935
1572,-650,-1214
1573,-652,-1140
1574,-652,-928
1575,-653,-1011
1576,-654,-869
1577,-658,-1347
1578,-658,-981
1579,-658,-955
1580,-662,-1287
1581,-663,-1413
1582,-667,-1154
1583,-670,-1314
1584,-671,-1109
1585,-673,-1414
1586,-673,-1019
1587,-676,-1170
1588,-678,-1224
1589,-678,-1209
1590,-678,-929
1591,-679,967
1592,-680,-983
1593,-681,-1188
1594,-681,-1125
1595,-683,-972
1596,-684,-1098
1597,-685,-1276
1598,-686,-1139
1599,-687,-1088
1600,-688,-1003
1601,-694,-1129
1602,-694,-1119
1603,-696,-1050
1604,-702,-930
1605,-702,49
1606,-706,-1090
1607,-706,60
1608,-711,998
1609,-711,166
1610,-713,-1238
1611,-714,102
1612,-716,-1063
1613,-719,207
1614,-721,-1315
1615,-722,-914
1616,-724,-1336
1617,-728,-12
1618,-730,53
1619,-731,-1293
1620,-734,127
1621,-734,149
1622,-736,-1107
1623,-745,167
1624,-747,-1309
1625,-747,91
1626,-752,132
1627,-761,64
1628,-762,54
1629,-763,1165
1630,-764,995
1631,-770,169
1632,-776,1164
1633,-777,143
1634,-782,43
1635,-789,1080
1636,-789,230
1637,-800,106
1638,-802,160
1639,-806,142
1640,-812,95
1641,-814,60
1642,-816,209
1643,-818,106
1644,-821,60
1645,-826,138
1646,-826,146
1647,-827,1088
1648,-827,67
1649,-831,1195
1650,-833,61
1651,-834,1030
1652,-836,65
1653,-836,126
1654,-836,132
1655,-845,111
1656,-853,67
1657,-860,174
1658,-862,225
1659,-863,197
1660,-865,1022
1661,-867,164
1662,-868,1024
1663,-870,238
1664,-871,132
1665,-876,178
1666,-881,83
1667,-886,78
1668,-886,125
1669,-901,-1450
1670,-902,-1466
1671,-910,192
1672,-914,176
1673,-927,-1466
1674,-928,204
1675,-935,-1514
1676,-939,229
1677,-940,-298
1678,-944,193
1679,-946,-1531
1680,-951,-285
1681,-956,-1540
1682,-960,2095
1683,-963,-349
1684,-966,-312
1685,-968,-1463
1686,-970,-1502
1687,-971,-301
1688,-972,2088
1689,-974,132
1690,-977,-1483
1691,-978,-1516
1692,-982,-320
1693,-982,-233
1694,-982,2106
1695,-984,-1539
1696,-987,-352
1697,-988,-260
1698,-989,1024
1699,-990,-326
1700,-993,-1548
1701,-993,1033
1702,-994,-293
1703,-995,-1495
1704,-1000,-409
1705,-1002,-320
1706,-1008,-1444
1707,-1008,-1474
1708,-1009,-1482
1709,-1009,-404
1710,-1009,2153
1711,-1011,-1543
1712,-1013,-1523
1713,-1013,2176
1714,-1014,-327
1715,-1015,-1404
1716,-1016,1003
1717,-1021,-362
1718,-1021,-254
1719,-1024,1013
1720,-1025,-351
1721,-1025,-308
1722,-1025,-266
1723,-1027,-1489
1724,-1029,-1419
1725,-1032,-298
1726,-1034,-1483
1727,-1034,2124
1728,-1036,-441
1729,-1037,-1457
1730,-1038,-394
1731,-1041,-301
1732,-1042,-1415
1733,-1044,-372
1734,-1052,-267
1735,-1055,-1531
1736,-1056,-444
1737,-1058,-1511
1738,-1065,1031
1739,-1067,-352
1740,-1067,-289
1741,-1067,2144
1742,-1067,978
1743,-1069,2191
1744,-1070,-282
1745,-1072,-1469
1746,-1072,-1410
1747,-1072,-406
1748,-1075,-213
1749,-1080,-1450
1750,-1080,1092
1751,-1082,-431
1752,-1085,-290
1753,-1087,-1427
1754,-1087,-415
1755,-1088,2171
1756,-1089,968
1757,-1092,-441
1758,-1092,1092
1759,-1095,-457
1760,-1099,-369
1761,-1100,-243
1762,-1102,-387
1763,-1103,-353
1764,-1105,-1527
1765,-1105,1031
1766,-1107,-1442
1767,-1107,-360
1768,-1109,-267
1769,-1110,988
1770,-1112,-1390
1771,-1112,-464
1772,-1113,1020
1773,-1115,2210
1774,-1117,1066
1775,-1119,-1439
1776,-1120,2206
1777,-1122,-1457
1778,-1123,-1493
1779,-1123,2196
1780,-1124,993
1781,-1126,2211
1782,-1128,-465
1783,-1128,2244
1784,-1132,-1452
1785,-1132,-323
1786,-1132,1113
1787,-1133,-1425
1788,-1134,1039
1789,-1136,-1344
1790,-1137,-403
1791,-1138,-347
1792,-1140,-359
1793,-1143,-241
1794,-1143,1091
1795,-1144,-297
1796,-1144,183
1797,-1148,149
1798,-1151,-443
1799,-1151,1081
1800,-1152,990
1801,-1153,973
1802,-1155,-362
1803,-1156,-308
1804,-1157,-1418
1805,-1159,1073
1806,-1159,1038
1807,-1163,-1405
1808,-1164,-1459
1809,-1167,207
1810,-1170,996
1811,-1171,-1422
1812,-1173,111
1813,-1173,2167
1814,-1173,1028
1815,-1174,-261
1816,-1174,987
1817,-1180,-1427
1818,-1180,-205
1819,-1183,-1447
1820,-1184,-358
1821,-1185,2186
1822,-1185,1024
1823,-1186,1002
1824,-1187,-280
1825,-1189,-397
1826,-1189,208
1827,-1193,969
1828,-1196,-1359
1829,-1196,-373
1830,-1200,-402
1831,-1201,-377
1832,-1202,2186
1833,-1207,172
1834,-1207,185
1835,-1209,205
1836,-1210,1089
1837,-1212,-1349
1838,-1214,1447
1839,-1215,-193
1840,-1215,2276
1841,-1216,-1425
1842,-1217,-380
1843,-1222,-330
1844,-1224,-1515
1845,-1225,2302
1846,-1227,2280
1847,-1228,-1320
1848,-1228,193
1849,-1229,1448
1850,-1232,-1477
1851,-1232,2215
1852,-1232,1458
1853,-1233,-1450
1854,-1233,-1335
1855,-1235,193
1856,-1236,-1408
1857,-1236,2175
1858,-1238,-1460
1859,-1238,-1308
1860,-1241,2246
1861,-1242,-321
1862,-1242,2110
1863,-1244,-1366
1864,-1247,1437
1865,-1249,-1348
1866,-1249,-314
1867,-1249,2281
1868,-1249,2217
1869,-1250,-339
1870,-1252,2106
1871,-1252,1446
1872,-1253,-355
1873,-1254,-298
1874,-1255,2264
1875,-1257,-413
1876,-1259,-219
1877,-1260,-384
1878,-1260,2188
1879,-1264,1476
1880,-1266,1478
1881,-1270,-331
1882,-1271,-1406
1883,-1275,-399
1884,-1276,-439
1885,-1277,-1374
1886,-1277,2046
1887,-1277,969
1888,-1279,990
1889,-1281,-247
1890,-1283,890
1891,-1284,2059
1892,-1285,-283
1893,-1286,1524
1894,-1287,2227
1895,-1288,-362
1896,-1290,2033
1897,-1290,986
1898,-1291,2287
1899,-1293,2243
1900,-1294,2221
1901,-1295,1449
1902,-1296,-316
1903,-1298,2205
1904,-1300,2261
1905,-1300,2244
1906,-1300,1470
1907,-1301,2186
1908,-1302,2161
1909,-1303,2220
1910,-1303,1552
1911,-1309,1020
1912,-1312,-390
1913,-1312,1502
1914,-1313,1624
1915,-1314,2257
1916,-1319,-382
1917,-1320,-356
1918,-1321,2105
1919,-1322,2168
1920,-1330,2143
1921,-1331,883
1922,-1336,1943
1923,-1338,286
1924,-1340,-422
1925,-1340,1986
1926,-1341,-406
1927,-1342,257
1928,-1343,2009
1929,-1344,971
1930,-1345,942
1931,-1347,275
1932,-1347,1650
1933,-1348,-363
1934,-1349,-343
1935,-1349,2214
1936,-1350,-394
1937,-1351,1601
1938,-1352,-419
1939,-1352,2054
1940,-1353,2233
1941,-1353,2065
1942,-1355,243
1943,-1356,1578
1944,-1357,1587
1945,-1358,1940
1946,-1360,-440
1947,-1360,1646
1948,-1361,389
1949,-1365,-408
1950,-1366,-364
1951,-1367,2266
1952,-1367,2193
1953,-1367,1633
1954,-1368,437
1955,-1369,2176
1956,-1369,2088
1957,-1370,1878
1958,-1371,894
1959,-1372,845
1960,-1373,2105
1961,-1374,1504
1962,-1374,1561
1963,-1376,410
1964,-1376,1613
1965,-1377,-380
1966,-1377,2066
1967,-1380,424
1968,-1382,452
1969,-1383,274
1970,-1385,254
1971,-1386,303
1972,-1387,443
1973,-1387,2008
1974,-1389,264
1975,-1389,402
1976,-1389,1749
1977,-1389,1628
1978,-1390,1650
1979,-1392,-434
1980,-1392,1889
1981,-1393,1505
1982,-1393,1657
1983,-1393,1674
1984,-1395,2185
1985,-1396,224
1986,-1398,1931
1987,-1402,453
1988,-1406,1894
1989,-1407,1916
1990,-1407,1802
1991,-1410,2173
1992,-1411,-374
1993,-1412,1807
1994,-1413,-428
1995,-1413,1651
1996,-1415,2189
1997,-1417,-444
1998,-1417,2126
1999,-1418,-410
2000,-1418,483
2001,-1418,2278
2002,-1419,259
2003,-1419,281
2004,-1419,383
2005,-1422,1960
2006,-1422,1830
2007,-1422,1697
2008,-1423,1875
2009,-1424,250
2010,-1425,2108
2011,-1425,1980
2012,-1425,1574
2013,-1426,405
2014,-1426,425
2015,-1426,2160
2016,-1426,1659
2017,-1427,-401
2018,-1427,2264
2019,-1427,1587
2020,-1428,2029
2021,-1428,1546
2022,-1429,305
2023,-1430,394
2024,-1430,1810
2025,-1430,1766
2026,-1434,443
2027,-1435,233
2028,-1435,1711
2029,-1436,255
2030,-1436,2201
2031,-1438,466
2032,-1440,-446
2033,-1442,2223
2034,-1442,1504
2035,-1444,274
2036,-1445,260
2037,-1445,362
2038,-1445,2078
2039,-1445,2026
2040,-1445,1972
2041,-1445,1744
2042,-1445,1605
2043,-1445,1717
2044,-1446,500
2045,-1447,1915
2046,-1448,-434
2047,-1448,1839
2048,-1451,1796
2049,-1453,1873
2050,-1454,469
2051,-1454,2035
2052,-1455,2097
2053,-1456,1621
2054,-1457,1557
2055,-1458,2208
2056,-1459,-413
2057,-1459,246
2058,-1459,291
2059,-1459,2113
2060,-1459,2092
2061,-1460,1714
2062,-1463,2013
2063,-1464,-455
2064,-1466,357
2065,-1466,479
2066,-1469,427
2067,-1470,1605
2068,-1472,-445
2069,-1473,2239
2070,-1474,369
2071,-1475,-428
2072,-1475,1611
2073,-1477,-412
2074,-1478,205
2075,-1478,1923
2076,-1478,1678
2077,-1483,1685
2078,-1486,2046
2079,-1488,1964
2080,-1488,1828
2081,-1489,174
2082,-1490,-467
2083,-1490,1705
2084,-1491,2293
2085,-1491,1636
2086,-1492,2179
2087,-1493,2286
2088,-1493,2241
2089,-1493,1961
2090,-1493,1919
2091,-1493,1625
2092,-1495,1850
2093,-1496,221
2094,-1496,1811
2095,-1498,325
2096,-1498,1995
2097,-1500,368
2098,-1500,2167
2099,-1500,1674
2100,-1501,-447
2101,-1501,339
2102,-1501,316
2103,-1501,2159
2104,-1501,2040
2105,-1502,2125
2106,-1502,1828
2107,-1502,1615
2108,-1503,251
2109,-1503,421
2110,-1503,520
2111,-1503,1766
2112,-1504,389
2113,-1505,363
2114,-1505,1854
2115,-1505,1619
2116,-1507,2012
2117,-1507,1981
2118,-1508,168
2119,-1509,1595
2120,-1512,2035
2121,-1512,1716
2122,-1513,437
2123,-1514,2076
2124,-1514,1680
2125,-1515,377
2126,-1515,2175
2127,-1515,1935
2128,-1515,1771
2129,-1519,307
2130,-1519,1707
2131,-1520,412
2132,-1521,319
2133,-1521,2287
2134,-1521,2170
2135,-1522,447
2136,-1522,417
2137,-1522,1663
2138,-1524,1629
2139,-1525,1974
2140,-1526,2289
2141,-1527,1550
2142,-1528,1820
2143,-1530,300
2144,-1530,1676
2145,-1532,229
2146,-1532,2046
2147,-1533,131
2148,-1533,1994
2149,-1534,-490
2150,-1534,181
2151,-1537,-486
2152,-1538,1597
2153,-1539,1760
2154,-1540,191
2155,-1540,1974
2156,-1541,2276
2157,-1542,1861
2158,-1542,1686
2159,-1547,419
2160,-1547,396
2161,-1550,-500
2162,-1553,2009
2163,-1553,1984
2164,-1553,1694
2165,-1555,1588
2166,-1556,2187
2167,-1556,1667
2168,-1558,1732
2169,-1559,2275
2170,-1560,1652
2171,-1562,1823
2172,-1568,1725
2173,-1572,-537
2174,-1574,1629
2175,-1577,2294
2176,-1580,-446
2177,-1580,2270
2178,-1580,2054
2179,-1586,2046
2180,-1587,1665
2181,-1588,1891
2182,-1595,1911
2183,-1597,-563
2184,-1600,2099
2185,-1600,1776
2186,-1602,1952
2187,-1604,-452
2188,-1605,2209
2189,-1610,1847
2190,-1611,-571
2191,-1611,1948
2192,-1612,-443
2193,-1614,1811
2194,-1616,1750
2195,-1617,2224
2196,-1619,1948
2197,-1619,1929
2198,-1619,1834
2199,-1620,2240
2200,-1621,2009
2201,-1625,-546
2202,-1625,2277
2203,-1630,1733
2204,-1633,-548
2205,-1633,1932
2206,-1633,1859
2207,-1634,2024
2208,-1636,2228
2209,-1639,1909
2210,-1640,2275
2211,-1641,1945
2212,-1642,-479
2213,-1642,2209
2214,-1643,2124
2215,-1645,2097
2216,-1647,-516
2217,-1651,2193
2218,-1652,-439
2219,-1653,1964
2220,-1654,1939
2221,-1656,1918
2222,-1656,1918
2223,-1657,-578
2224,-1658,1834
2225,-1659,-544
2226,-1659,2268
2227,-1659,2164
2228,-1661,-493
2229,-1661,1789
2230,-1662,-477
2231,-1662,1877
2232,-1663,2142
2233,-1670,1904
2234,-1672,-419
2235,-1672,1902
2236,-1674,-450
2237,-1674,1778
2238,-1681,1914
2239,-1684,1891
2240,-1687,-429
2241,-1693,2228
2242,-1693,2098
2243,-1694,2261
2244,-1696,1941
2245,-1697,2261
2246,-1702,1877
2247,-1703,1918
2248,-1708,2077
2249,-1711,-436
2250,-1714,1881
2251,-1715,1859
2252,-1716,2052
2253,-1719,1929
2254,-1721,2245
2255,-1726,-442
2256,-1726,2156
2257,-1728,2086
2258,-1729,-429
2259,-1729,-458
2260,-1735,2224
2261,-1736,2014
2262,-1736,2014
2263,-1739,2044
2264,-1742,2061
2265,-1745,2178
2266,-1746,-1113
2267,-1750,-1646
2268,-1751,2247
2269,-1754,2044
2270,-1758,-1735
2271,-1758,-403
2272,-1763,-1768
2273,-1767,-400
2274,-1768,-481
2275,-1769,-1760
2276,-1769,-1133
2277,-1771,2075
2278,-1777,-1731
2279,-1778,2168
2280,-1779,-1748
2281,-1780,-1173
2282,-1785,-440
2283,-1787,-468
2284,-1789,-1056
2285,-1795,938
2286,-1799,818
2287,-1802,-1054
2288,-1802,-461
2289,-1818,-1597
2290,-1820,840
2291,-1823,-1161
2292,-1829,-1697
2293,-1830,851
2294,-1832,-1644
2295,-1837,-430
2296,-1837,804
2297,-1838,962
2298,-1844,-428
2299,-1844,991
2300,-1847,1005
2301,-1848,894
2302,-1852,923
2303,-1852,817
2304,-1855,-1587
2305,-1859,-1097
2306,-1859,781
2307,-1862,-1812
2308,-1867,-519
2309,-1870,-1659
2310,-1870,-472
2311,-1871,-1703
2312,-1872,-1734
2313,-1872,805
2314,-1877,-488
2315,-1877,1015
2316,-1877,932
2317,-1879,-525
2318,-1880,883
2319,-1883,-1691
2320,-1886,952
2321,-1886,858
2322,-1887,-1776
2323,-1887,874
2324,-1891,839
2325,-1893,851
2326,-1896,-1702
2327,-1896,1023
2328,-1897,-1649
2329,-1898,945
2330,-1903,-1667
2331,-1903,-1114
2332,-1913,942
2333,-1914,-1789
2334,-1914,-1737
2335,-1914,-1667
2336,-1915,-1708
2337,-1917,894
2338,-1917,921
2339,-1917,849
2340,-1920,-1801
2341,-1921,-1742
2342,-1921,870
2343,-1922,808
2344,-1929,768
2345,-1934,-1646
2346,-1942,813
2347,-1943,900
2348,-1944,-1637
2349,-1945,988
2350,-1946,825
2351,-1947,-1687
2352,-1950,840
2353,-1959,-1550
2354,-1959,741
2355,-1961,-1698
2356,-1961,-1085
2357,-1964,-1033
2358,-1975,-1023
2359,-1975,806
2360,-1980,2251
2361,-1980,781
2362,-1981,1152
2363,-1982,-977
2364,-1982,841
2365,-1982,765
2366,-1984,948
2367,-1987,-1571
2368,-1992,-998
2369,-1993,2276
2370,-1998,-1673
2371,-1998,1172
2372,-1998,915
2373,-2006,739
2374,-2006,787
2375,-2009,-1567
2376,-2017,1315
2377,-2018,1145
2378,-2020,1261
2379,-2021,822
2380,-2021,840
2381,-2022,1207
2382,-2022,741
2383,-2022,794
2384,-2024,2163
2385,-2025,1303
2386,-2026,1179
2387,-2028,848
2388,-2033,2238
2389,-2034,1383
2390,-2041,1417
2391,-2042,873
2392,-2044,788
2393,-2046,1212
2394,-2046,899
2395,-2049,2251
2396,-2049,820
2397,-2050,2190
2398,-2052,1213
2399,-2054,803
2400,-2057,860
2401,-2058,1284
2402,-2059,2219
2403,-2059,842
2404,-2062,1183
2405,-2065,854
2406,-2066,2182
2407,-2067,1210
2408,-2071,1312
2409,-2077,987
2410,-2077,796
2411,-2080,1255
2412,-2082,1271
2413,-2085,1220
2414,-2087,1262
2415,-2089,2217
2416,-2090,983
2417,-2091,1239
2418,-2097,1317
2419,-2099,1065
2420,-2103,882
2421,-2107,1344
2422,-2111,951
2423,-2116,1204
2424,-2116,1235
2425,-2122,1227
2426,-2123,1353
2427,-2124,857
2428,-2132,1374
2429,-2132,1190
2430,-2134,976
2431,-2135,1061
2432,-2137,-2304
2433,-2137,820
2434,-2137,902
2435,-2137,1003
2436,-2139,955
2437,-2140,1298
2438,-2142,1124
2439,-2142,1320
2440,-2144,1385
2441,-2145,813
2442,-2147,845
2443,-2147,1008
2444,-2148,1300
2445,-2149,830
2446,-2151,1334
2447,-2153,1048
2448,-2156,902
2449,-2157,1190
2450,-2157,1324
2451,-2157,856
2452,-2157,1004
2453,-2159,1364
2454,-2160,936
2455,-2161,968
2456,-2161,1215
2457,-2161,888
2458,-2162,1272
2459,-2163,1162
2460,-2163,1353
2461,-2163,1023
2462,-2163,1035
2463,-2165,900
2464,-2166,1099
2465,-2168,1131
2466,-2168,1174
2467,-2169,995
2468,-2176,978
2469,-2178,872
2470,-2180,1287
2471,-2181,1192
2472,-2184,1065
2473,-2188,904
2474,-2189,971
2475,-2189,1271
2476,-2190,821
2477,-2190,834
2478,-2193,1180
2479,-2194,1304
2480,-2194,1259
2481,-2197,1039
2482,-2199,1317
2483,-2199,922
2484,-2199,814
2485,-2200,1203
2486,-2200,847
2487,-2200,887
2488,-2200,897
2489,-2201,1140
2490,-2202,951
2491,-2202,824
2492,-2209,882
2493,-2210,930
2494,-2212,1112
2495,-2214,1303
2496,-2216,1196
2497,-2217,1283
2498,-2218,822
2499,-2219,862
2500,-2221,875
2501,-2222,1030
2502,-2223,994
2503,-2225,1238
2504,-2227,1183
2505,-2232,1279
2506,-2234,-2291
2507,-2237,1087
2508,-2252,1079
2509,-2253,1111
2510,-2254,988
2511,-2257,1125
2512,-2259,1045
2513,-2264,-2265
2514,-2268,1039
2515,-2269,-2287
2516,-2271,1116
2517,-2277,1136
2518,-2285,-2253
2519,-2285,1006
2520,-2288,-2303
2521,-2289,1019
2522,-2295,1006
2523,-2299,1030
2524,-2304,1056