-44,-174,VKdahfOc26e2F5cMCz26LPyxc98=,otfH6p+aAqdCF+racH2ptorC4E8=
-47,-176,VKdahfOc26e2F5cMCz26LPyxc98=,otfH6p+aAqdCF+racH2ptorC4E8=
-35,-161,VKdahfOc26e2F5cMCz26LPyxc98=,otfH6p+aAqdCF+racH2ptorC4E8=
-46,-173,VMuI8MnRCRk4gVJhuQ5TXRduuAk=,otfH6p+aAqdCF+racH2ptorC4E8=
-34,-161,VMuI8MnRCRk4gVJhuQ5TXRduuAk=,otfH6p+aAqdCF+racH2ptorC4E8=
-42,-173,cFvhdYZaAfBAHlog/cQv39zq9W0=,otfH6p+aAqdCF+racH2ptorC4E8=
-42,-174,cFvhdYZaAfBAHlog/cQv39zq9W0=,otfH6p+aAqdCF+racH2ptorC4E8=
-33,-161,95Pbem5Dn8m9a6bYTLrQ6X+D9zQ=,otfH6p+aAqdCF+racH2ptorC4E8=
-43,-176,95Pbem5Dn8m9a6bYTLrQ6X+D9zQ=,otfH6p+aAqdCF+racH2ptorC4E8=
-45,-176,9WktdaafqKJVpXS+IhWjRwe1jBo=,otfH6p+aAqdCF+racH2ptorC4E8=
-37,-161,9WktdaafqKJVpXS+IhWjRwe1jBo=,otfH6p+aAqdCF+racH2ptorC4E8=
-44,-173,9WktdaafqKJVpXS+IhWjRwe1jBo=,otfH6p+aAqdCF+racH2ptorC4E8=
-43,-173,EtXQU2O1/zo8zr3H0zNSXESv8zI=,otfH6p+aAqdCF+racH2ptorC4E8=
-45,-173,EtXQU2O1/zo8zr3H0zNSXESv8zI=,otfH6p+aAqdCF+racH2ptorC4E8=
-41,-173,EtXQU2O1/zo8zr3H0zNSXESv8zI=,otfH6p+aAqdCF+racH2ptorC4E8=
-39,-161,EtXQU2O1/zo8zr3H0zNSXESv8zI=,otfH6p+aAqdCF+racH2ptorC4E8=
-41,-161,EtXQU2O1/zo8zr3H0zNSXESv8zI=,otfH6p+aAqdCF+racH2ptorC4E8=
-42,-161,EtXQU2O1/zo8zr3H0zNSXESv8zI=,otfH6p+aAqdCF+racH2ptorC4E8=
-43,-161,EtXQU2O1/zo8zr3H0zNSXESv8zI=,otfH6p+aAqdCF+racH2ptorC4E8=
-44,-175,EtXQU2O1/zo8zr3H0zNSXESv8zI=,otfH6p+aAqdCF+racH2ptorC4E8=
-43,-175,EtXQU2O1/zo8zr3H0zNSXESv8zI=,otfH6p+aAqdCF+racH2ptorC4E8=
-40,-173,EtXQU2O1/zo8zr3H0zNSXESv8zI=,otfH6p+aAqdCF+racH2ptorC4E8=
-44,-161,EtXQU2O1/zo8zr3H0zNSXESv8zI=,otfH6p+aAqdCF+racH2ptorC4E8=
-44,-176,EtXQU2O1/zo8zr3H0zNSXESv8zI=,otfH6p+aAqdCF+racH2ptorC4E8=
-47,-173,EtXQU2O1/zo8zr3H0zNSXESv8zI=,otfH6p+aAqdCF+racH2ptorC4E8=
-47,-161,EtXQU2O1/zo8zr3H0zNSXESv8zI=,otfH6p+aAqdCF+racH2ptorC4E8=
-43,-174,EtXQU2O1/zo8zr3H0zNSXESv8zI=,otfH6p+aAqdCF+racH2ptorC4E8=
-33,-162,EtXQU2O1/zo8zr3H0zNSXESv8zI=,otfH6p+aAqdCF+racH2ptorC4E8=
-36,-161,EtXQU2O1/zo8zr3H0zNSXESv8zI=,otfH6p+aAqdCF+racH2ptorC4E8=
-45,-174,EtXQU2O1/zo8zr3H0zNSXESv8zI=,otfH6p+aAqdCF+racH2ptorC4E8=
-40,-161,EtXQU2O1/zo8zr3H0zNSXESv8zI=,otfH6p+aAqdCF+racH2ptorC4E8=
-38,-161,EtXQU2O1/zo8zr3H0zNSXESv8zI=,otfH6p+aAqdCF+racH2ptorC4E8=
-36,-162,EtXQU2O1/zo8zr3H0zNSXESv8zI=,otfH6p+aAqdCF+racH2ptorC4E8=
-38,-162,EtXQU2O1/zo8zr3H0zNSXESv8zI=,otfH6p+aAqdCF+racH2ptorC4E8=
-48,-161,EtXQU2O1/zo8zr3H0zNSXESv8zI=,otfH6p+aAqdCF+racH2ptorC4E8=
-39,-173,EtXQU2O1/zo8zr3H0zNSXESv8zI=,otfH6p+aAqdCF+racH2ptorC4E8=
-34,-162,EtXQU2O1/zo8zr3H0zNSXESv8zI=,otfH6p+aAqdCF+racH2ptorC4E8=
-46,-161,EtXQU2O1/zo8zr3H0zNSXESv8zI=,otfH6p+aAqdCF+racH2ptorC4E8=
-45,-161,EtXQU2O1/zo8zr3H0zNSXESv8zI=,otfH6p+aAqdCF+racH2ptorC4E8=
-35,-162,EtXQU2O1/zo8zr3H0zNSXESv8zI=,otfH6p+aAqdCF+racH2ptorC4E8=
-41,-162,EtXQU2O1/zo8zr3H0zNSXESv8zI=,otfH6p+aAqdCF+racH2ptorC4E8=
-37,-162,EtXQU2O1/zo8zr3H0zNSXESv8zI=,otfH6p+aAqdCF+racH2ptorC4E8=
-40,-162,EtXQU2O1/zo8zr3H0zNSXESv8zI=,otfH6p+aAqdCF+racH2ptorC4E8=
-39,-162,EtXQU2O1/zo8zr3H0zNSXESv8zI=,otfH6p+aAqdCF+racH2ptorC4E8=
-42,-162,EtXQU2O1/zo8zr3H0zNSXESv8zI=,otfH6p+aAqdCF+racH2ptorC4E8=
-38,-173,EtXQU2O1/zo8zr3H0zNSXESv8zI=,otfH6p+aAqdCF+racH2ptorC4E8=
-45,-162,EtXQU2O1/zo8zr3H0zNSXESv8zI=,otfH6p+aAqdCF+racH2ptorC4E8=
-47,-162,EtXQU2O1/zo8zr3H0zNSXESv8zI=,otfH6p+aAqdCF+racH2ptorC4E8=
-46,-162,EtXQU2O1/zo8zr3H0zNSXESv8zI=,otfH6p+aAqdCF+racH2ptorC4E8=
-44,-162,EtXQU2O1/zo8zr3H0zNSXESv8zI=,otfH6p+aAqdCF+racH2ptorC4E8=
-43,-162,EtXQU2O1/zo8zr3H0zNSXESv8zI=,otfH6p+aAqdCF+racH2ptorC4E8=
-48,-162,EtXQU2O1/zo8zr3H0zNSXESv8zI=,otfH6p+aAqdCF+racH2ptorC4E8=
-37,-173,EtXQU2O1/zo8zr3H0zNSXESv8zI=,otfH6p+aAqdCF+racH2ptorC4E8=
-45,-175,EtXQU2O1/zo8zr3H0zNSXESv8zI=,otfH6p+aAqdCF+racH2ptorC4E8=
-33,-163,EtXQU2O1/zo8zr3H0zNSXESv8zI=,otfH6p+aAqdCF+racH2ptorC4E8=
-34,-163,EtXQU2O1/zo8zr3H0zNSXESv8zI=,otfH6p+aAqdCF+racH2ptorC4E8=
-36,-163,EtXQU2O1/zo8zr3H0zNSXESv8zI=,otfH6p+aAqdCF+racH2ptorC4E8=
-46,-174,EtXQU2O1/zo8zr3H0zNSXESv8zI=,otfH6p+aAqdCF+racH2ptorC4E8=
-35,-163,EtXQU2O1/zo8zr3H0zNSXESv8zI=,otfH6p+aAqdCF+racH2ptorC4E8=
-39,-163,EtXQU2O1/zo8zr3H0zNSXESv8zI=,otfH6p+aAqdCF+racH2ptorC4E8=
-37,-163,EtXQU2O1/zo8zr3H0zNSXESv8zI=,otfH6p+aAqdCF+racH2ptorC4E8=
-38,-163,EtXQU2O1/zo8zr3H0zNSXESv8zI=,otfH6p+aAqdCF+racH2ptorC4E8=
-36,-173,EtXQU2O1/zo8zr3H0zNSXESv8zI=,otfH6p+aAqdCF+racH2ptorC4E8=
-41,-163,EtXQU2O1/zo8zr3H0zNSXESv8zI=,otfH6p+aAqdCF+racH2ptorC4E8=
-44,-163,EtXQU2O1/zo8zr3H0zNSXESv8zI=,otfH6p+aAqdCF+racH2ptorC4E8=
-42,-163,EtXQU2O1/zo8zr3H0zNSXESv8zI=,otfH6p+aAqdCF+racH2ptorC4E8=
-43,-163,EtXQU2O1/zo8zr3H0zNSXESv8zI=,otfH6p+aAqdCF+racH2ptorC4E8=
-35,-173,EtXQU2O1/zo8zr3H0zNSXESv8zI=,otfH6p+aAqdCF+racH2ptorC4E8=
-46,-163,EtXQU2O1/zo8zr3H0zNSXESv8zI=,otfH6p+aAqdCF+racH2ptorC4E8=
-45,-163,EtXQU2O1/zo8zr3H0zNSXESv8zI=,otfH6p+aAqdCF+racH2ptorC4E8=
-40,-163,EtXQU2O1/zo8zr3H0zNSXESv8zI=,otfH6p+aAqdCF+racH2ptorC4E8=
-48,-163,EtXQU2O1/zo8zr3H0zNSXESv8zI=,otfH6p+aAqdCF+racH2ptorC4E8=
-47,-163,EtXQU2O1/zo8zr3H0zNSXESv8zI=,otfH6p+aAqdCF+racH2ptorC4E8=
-33,-164,EtXQU2O1/zo8zr3H0zNSXESv8zI=,otfH6p+aAqdCF+racH2ptorC4E8=
-46,-175,EtXQU2O1/zo8zr3H0zNSXESv8zI=,otfH6p+aAqdCF+racH2ptorC4E8=
-34,-173,EtXQU2O1/zo8zr3H0zNSXESv8zI=,otfH6p+aAqdCF+racH2ptorC4E8=
-34,-164,EtXQU2O1/zo8zr3H0zNSXESv8zI=,otfH6p+aAqdCF+racH2ptorC4E8=
-35,-164,EtXQU2O1/zo8zr3H0zNSXESv8zI=,otfH6p+aAqdCF+racH2ptorC4E8=
-47,-174,EtXQU2O1/zo8zr3H0zNSXESv8zI=,otfH6p+aAqdCF+racH2ptorC4E8=
-36,-164,EtXQU2O1/zo8zr3H0zNSXESv8zI=,otfH6p+aAqdCF+racH2ptorC4E8=
-37,-164,EtXQU2O1/zo8zr3H0zNSXESv8zI=,otfH6p+aAqdCF+racH2ptorC4E8=
-38,-164,EtXQU2O1/zo8zr3H0zNSXESv8zI=,otfH6p+aAqdCF+racH2ptorC4E8=
-42,-175,EtXQU2O1/zo8zr3H0zNSXESv8zI=,otfH6p+aAqdCF+racH2ptorC4E8=
-39,-164,EtXQU2O1/zo8zr3H0zNSXESv8zI=,otfH6p+aAqdCF+racH2ptorC4E8=
-40,-164,EtXQU2O1/zo8zr3H0zNSXESv8zI=,otfH6p+aAqdCF+racH2ptorC4E8=
-41,-164,EtXQU2O1/zo8zr3H0zNSXESv8zI=,otfH6p+aAqdCF+racH2ptorC4E8=
-42,-164,EtXQU2O1/zo8zr3H0zNSXESv8zI=,otfH6p+aAqdCF+racH2ptorC4E8=
-43,-164,EtXQU2O1/zo8zr3H0zNSXESv8zI=,otfH6p+aAqdCF+racH2ptorC4E8=
-44,-164,EtXQU2O1/zo8zr3H0zNSXESv8zI=,otfH6p+aAqdCF+racH2ptorC4E8=
-45,-164,EtXQU2O1/zo8zr3H0zNSXESv8zI=,otfH6p+aAqdCF+racH2ptorC4E8=
-46,-164,EtXQU2O1/zo8zr3H0zNSXESv8zI=,otfH6p+aAqdCF+racH2ptorC4E8=
-33,-173,EtXQU2O1/zo8zr3H0zNSXESv8zI=,otfH6p+aAqdCF+racH2ptorC4E8=
-47,-175,EtXQU2O1/zo8zr3H0zNSXESv8zI=,otfH6p+aAqdCF+racH2ptorC4E8=
-47,-164,EtXQU2O1/zo8zr3H0zNSXESv8zI=,otfH6p+aAqdCF+racH2ptorC4E8=
-48,-175,EtXQU2O1/zo8zr3H0zNSXESv8zI=,otfH6p+aAqdCF+racH2ptorC4E8=
-48,-164,EtXQU2O1/zo8zr3H0zNSXESv8zI=,otfH6p+aAqdCF+racH2ptorC4E8=
-34,-165,EtXQU2O1/zo8zr3H0zNSXESv8zI=,otfH6p+aAqdCF+racH2ptorC4E8=
-48,-173,EtXQU2O1/zo8zr3H0zNSXESv8zI=,otfH6p+aAqdCF+racH2ptorC4E8=
-48,-174,EtXQU2O1/zo8zr3H0zNSXESv8zI=,otfH6p+aAqdCF+racH2ptorC4E8=
-35,-165,EtXQU2O1/zo8zr3H0zNSXESv8zI=,otfH6p+aAqdCF+racH2ptorC4E8=
-41,-174,EtXQU2O1/zo8zr3H0zNSXESv8zI=,otfH6p+aAqdCF+racH2ptorC4E8=
-33,-176,EtXQU2O1/zo8zr3H0zNSXESv8zI=,otfH6p+aAqdCF+racH2ptorC4E8=
-37,-165,EtXQU2O1/zo8zr3H0zNSXESv8zI=,otfH6p+aAqdCF+racH2ptorC4E8=
-39,-165,EtXQU2O1/zo8zr3H0zNSXESv8zI=,otfH6p+aAqdCF+racH2ptorC4E8=
-38,-165,EtXQU2O1/zo8zr3H0zNSXESv8zI=,otfH6p+aAqdCF+racH2ptorC4E8=
-46,-176,EtXQU2O1/zo8zr3H0zNSXESv8zI=,otfH6p+aAqdCF+racH2ptorC4E8=
-48,-172,EtXQU2O1/zo8zr3H0zNSXESv8zI=,otfH6p+aAqdCF+racH2ptorC4E8=
-34,-176,EtXQU2O1/zo8zr3H0zNSXESv8zI=,otfH6p+aAqdCF+racH2ptorC4E8=
-33,-165,EtXQU2O1/zo8zr3H0zNSXESv8zI=,otfH6p+aAqdCF+racH2ptorC4E8=
-41,-165,EtXQU2O1/zo8zr3H0zNSXESv8zI=,otfH6p+aAqdCF+racH2ptorC4E8=
-34,-175,EtXQU2O1/zo8zr3H0zNSXESv8zI=,otfH6p+aAqdCF+racH2ptorC4E8=
-45,-165,EtXQU2O1/zo8zr3H0zNSXESv8zI=,otfH6p+aAqdCF+racH2ptorC4E8=
-43,-165,EtXQU2O1/zo8zr3H0zNSXESv8zI=,otfH6p+aAqdCF+racH2ptorC4E8=
-42,-165,EtXQU2O1/zo8zr3H0zNSXESv8zI=,otfH6p+aAqdCF+racH2ptorC4E8=
-42,-176,EtXQU2O1/zo8zr3H0zNSXESv8zI=,otfH6p+aAqdCF+racH2ptorC4E8=
-46,-165,EtXQU2O1/zo8zr3H0zNSXESv8zI=,otfH6p+aAqdCF+racH2ptorC4E8=
-34,-174,EtXQU2O1/zo8zr3H0zNSXESv8zI=,otfH6p+aAqdCF+racH2ptorC4E8=
-33,-175,EtXQU2O1/zo8zr3H0zNSXESv8zI=,otfH6p+aAqdCF+racH2ptorC4E8=
-34,-166,EtXQU2O1/zo8zr3H0zNSXESv8zI=,otfH6p+aAqdCF+racH2ptorC4E8=
-40,-165,EtXQU2O1/zo8zr3H0zNSXESv8zI=,otfH6p+aAqdCF+racH2ptorC4E8=
-33,-166,EtXQU2O1/zo8zr3H0zNSXESv8zI=,otfH6p+aAqdCF+racH2ptorC4E8=
-47,-165,EtXQU2O1/zo8zr3H0zNSXESv8zI=,otfH6p+aAqdCF+racH2ptorC4E8=
-44,-165,EtXQU2O1/zo8zr3H0zNSXESv8zI=,otfH6p+aAqdCF+racH2ptorC4E8=
-38,-166,EtXQU2O1/zo8zr3H0zNSXESv8zI=,otfH6p+aAqdCF+racH2ptorC4E8=
-35,-166,EtXQU2O1/zo8zr3H0zNSXESv8zI=,otfH6p+aAqdCF+racH2ptorC4E8=
-39,-166,EtXQU2O1/zo8zr3H0zNSXESv8zI=,otfH6p+aAqdCF+racH2ptorC4E8=
-33,-174,EtXQU2O1/zo8zr3H0zNSXESv8zI=,otfH6p+aAqdCF+racH2ptorC4E8=
-40,-166,EtXQU2O1/zo8zr3H0zNSXESv8zI=,otfH6p+aAqdCF+racH2ptorC4E8=
-36,-166,EtXQU2O1/zo8zr3H0zNSXESv8zI=,otfH6p+aAqdCF+racH2ptorC4E8=
-41,-166,EtXQU2O1/zo8zr3H0zNSXESv8zI=,otfH6p+aAqdCF+racH2ptorC4E8=
-46,-166,EtXQU2O1/zo8zr3H0zNSXESv8zI=,otfH6p+aAqdCF+racH2ptorC4E8=
-42,-166,EtXQU2O1/zo8zr3H0zNSXESv8zI=,otfH6p+aAqdCF+racH2ptorC4E8=
-43,-166,EtXQU2O1/zo8zr3H0zNSXESv8zI=,otfH6p+aAqdCF+racH2ptorC4E8=
-47,-172,EtXQU2O1/zo8zr3H0zNSXESv8zI=,otfH6p+aAqdCF+racH2ptorC4E8=
-35,-176,EtXQU2O1/zo8zr3H0zNSXESv8zI=,otfH6p+aAqdCF+racH2ptorC4E8=
-48,-165,EtXQU2O1/zo8zr3H0zNSXESv8zI=,otfH6p+aAqdCF+racH2ptorC4E8=
-45,-166,EtXQU2O1/zo8zr3H0zNSXESv8zI=,otfH6p+aAqdCF+racH2ptorC4E8=
-47,-166,EtXQU2O1/zo8zr3H0zNSXESv8zI=,otfH6p+aAqdCF+racH2ptorC4E8=
-36,-165,EtXQU2O1/zo8zr3H0zNSXESv8zI=,otfH6p+aAqdCF+racH2ptorC4E8=
-44,-166,EtXQU2O1/zo8zr3H0zNSXESv8zI=,otfH6p+aAqdCF+racH2ptorC4E8=
-35,-175,EtXQU2O1/zo8zr3H0zNSXESv8zI=,otfH6p+aAqdCF+racH2ptorC4E8=
-45,-172,EtXQU2O1/zo8zr3H0zNSXESv8zI=,otfH6p+aAqdCF+racH2ptorC4E8=
-37,-166,EtXQU2O1/zo8zr3H0zNSXESv8zI=,otfH6p+aAqdCF+racH2ptorC4E8=
-36,-176,EtXQU2O1/zo8zr3H0zNSXESv8zI=,otfH6p+aAqdCF+racH2ptorC4E8=
-46,-172,EtXQU2O1/zo8zr3H0zNSXESv8zI=,otfH6p+aAqdCF+racH2ptorC4E8=
-42,-172,EtXQU2O1/zo8zr3H0zNSXESv8zI=,otfH6p+aAqdCF+racH2ptorC4E8=
-44,-172,EtXQU2O1/zo8zr3H0zNSXESv8zI=,otfH6p+aAqdCF+racH2ptorC4E8=
-41,-172,EtXQU2O1/zo8zr3H0zNSXESv8zI=,otfH6p+aAqdCF+racH2ptorC4E8=
-40,-172,EtXQU2O1/zo8zr3H0zNSXESv8zI=,otfH6p+aAqdCF+racH2ptorC4E8=
-43,-172,EtXQU2O1/zo8zr3H0zNSXESv8zI=,otfH6p+aAqdCF+racH2ptorC4E8=
-39,-172,EtXQU2O1/zo8zr3H0zNSXESv8zI=,otfH6p+aAqdCF+racH2ptorC4E8=
-37,-172,EtXQU2O1/zo8zr3H0zNSXESv8zI=,otfH6p+aAqdCF+racH2ptorC4E8=
-48,-176,EtXQU2O1/zo8zr3H0zNSXESv8zI=,otfH6p+aAqdCF+racH2ptorC4E8=
-38,-172,EtXQU2O1/zo8zr3H0zNSXESv8zI=,otfH6p+aAqdCF+racH2ptorC4E8=
-41,-175,EtXQU2O1/zo8zr3H0zNSXESv8zI=,otfH6p+aAqdCF+racH2ptorC4E8=
-36,-172,EtXQU2O1/zo8zr3H0zNSXESv8zI=,otfH6p+aAqdCF+racH2ptorC4E8=
-41,-176,EtXQU2O1/zo8zr3H0zNSXESv8zI=,otfH6p+aAqdCF+racH2ptorC4E8=
-34,-172,EtXQU2O1/zo8zr3H0zNSXESv8zI=,otfH6p+aAqdCF+racH2ptorC4E8=
-33,-172,EtXQU2O1/zo8zr3H0zNSXESv8zI=,otfH6p+aAqdCF+racH2ptorC4E8=
-48,-171,EtXQU2O1/zo8zr3H0zNSXESv8zI=,otfH6p+aAqdCF+racH2ptorC4E8=
-40,-174,EtXQU2O1/zo8zr3H0zNSXESv8zI=,otfH6p+aAqdCF+racH2ptorC4E8=
-47,-171,EtXQU2O1/zo8zr3H0zNSXESv8zI=,otfH6p+aAqdCF+racH2ptorC4E8=
-35,-172,EtXQU2O1/zo8zr3H0zNSXESv8zI=,otfH6p+aAqdCF+racH2ptorC4E8=
-46,-171,EtXQU2O1/zo8zr3H0zNSXESv8zI=,otfH6p+aAqdCF+racH2ptorC4E8=
-42,-171,EtXQU2O1/zo8zr3H0zNSXESv8zI=,otfH6p+aAqdCF+racH2ptorC4E8=
-43,-171,EtXQU2O1/zo8zr3H0zNSXESv8zI=,otfH6p+aAqdCF+racH2ptorC4E8=
-45,-171,EtXQU2O1/zo8zr3H0zNSXESv8zI=,otfH6p+aAqdCF+racH2ptorC4E8=
-41,-171,EtXQU2O1/zo8zr3H0zNSXESv8zI=,otfH6p+aAqdCF+racH2ptorC4E8=
-44,-171,EtXQU2O1/zo8zr3H0zNSXESv8zI=,otfH6p+aAqdCF+racH2ptorC4E8=
-40,-171,EtXQU2O1/zo8zr3H0zNSXESv8zI=,otfH6p+aAqdCF+racH2ptorC4E8=
-37,-171,EtXQU2O1/zo8zr3H0zNSXESv8zI=,otfH6p+aAqdCF+racH2ptorC4E8=
-38,-171,EtXQU2O1/zo8zr3H0zNSXESv8zI=,otfH6p+aAqdCF+racH2ptorC4E8=
-39,-171,EtXQU2O1/zo8zr3H0zNSXESv8zI=,otfH6p+aAqdCF+racH2ptorC4E8=
-36,-171,EtXQU2O1/zo8zr3H0zNSXESv8zI=,otfH6p+aAqdCF+racH2ptorC4E8=
-35,-171,EtXQU2O1/zo8zr3H0zNSXESv8zI=,otfH6p+aAqdCF+racH2ptorC4E8=
-40,-175,EtXQU2O1/zo8zr3H0zNSXESv8zI=,otfH6p+aAqdCF+racH2ptorC4E8=
-33,-171,EtXQU2O1/zo8zr3H0zNSXESv8zI=,otfH6p+aAqdCF+racH2ptorC4E8=
-40,-176,EtXQU2O1/zo8zr3H0zNSXESv8zI=,otfH6p+aAqdCF+racH2ptorC4E8=
-47,-170,EtXQU2O1/zo8zr3H0zNSXESv8zI=,otfH6p+aAqdCF+racH2ptorC4E8=
-42,-170,EtXQU2O1/zo8zr3H0zNSXESv8zI=,otfH6p+aAqdCF+racH2ptorC4E8=
-44,-170,EtXQU2O1/zo8zr3H0zNSXESv8zI=,otfH6p+aAqdCF+racH2ptorC4E8=
-43,-170,EtXQU2O1/zo8zr3H0zNSXESv8zI=,otfH6p+aAqdCF+racH2ptorC4E8=
-41,-170,EtXQU2O1/zo8zr3H0zNSXESv8zI=,otfH6p+aAqdCF+racH2ptorC4E8=
-39,-174,EtXQU2O1/zo8zr3H0zNSXESv8zI=,otfH6p+aAqdCF+racH2ptorC4E8=
-48,-170,EtXQU2O1/zo8zr3H0zNSXESv8zI=,otfH6p+aAqdCF+racH2ptorC4E8=
-39,-170,EtXQU2O1/zo8zr3H0zNSXESv8zI=,otfH6p+aAqdCF+racH2ptorC4E8=
-34,-171,EtXQU2O1/zo8zr3H0zNSXESv8zI=,otfH6p+aAqdCF+racH2ptorC4E8=
-40,-170,EtXQU2O1/zo8zr3H0zNSXESv8zI=,otfH6p+aAqdCF+racH2ptorC4E8=
-35,-170,EtXQU2O1/zo8zr3H0zNSXESv8zI=,otfH6p+aAqdCF+racH2ptorC4E8=
-37,-170,EtXQU2O1/zo8zr3H0zNSXESv8zI=,otfH6p+aAqdCF+racH2ptorC4E8=
-39,-176,EtXQU2O1/zo8zr3H0zNSXESv8zI=,otfH6p+aAqdCF+racH2ptorC4E8=
-45,-170,EtXQU2O1/zo8zr3H0zNSXESv8zI=,otfH6p+aAqdCF+racH2ptorC4E8=
-36,-170,EtXQU2O1/zo8zr3H0zNSXESv8zI=,otfH6p+aAqdCF+racH2ptorC4E8=
-34,-170,EtXQU2O1/zo8zr3H0zNSXESv8zI=,otfH6p+aAqdCF+racH2ptorC4E8=
-33,-170,EtXQU2O1/zo8zr3H0zNSXESv8zI=,otfH6p+aAqdCF+racH2ptorC4E8=
-47,-169,EtXQU2O1/zo8zr3H0zNSXESv8zI=,otfH6p+aAqdCF+racH2ptorC4E8=
-46,-169,EtXQU2O1/zo8zr3H0zNSXESv8zI=,otfH6p+aAqdCF+racH2ptorC4E8=
-44,-169,EtXQU2O1/zo8zr3H0zNSXESv8zI=,otfH6p+aAqdCF+racH2ptorC4E8=
-42,-169,EtXQU2O1/zo8zr3H0zNSXESv8zI=,otfH6p+aAqdCF+racH2ptorC4E8=
-48,-169,EtXQU2O1/zo8zr3H0zNSXESv8zI=,otfH6p+aAqdCF+racH2ptorC4E8=
-39,-175,EtXQU2O1/zo8zr3H0zNSXESv8zI=,otfH6p+aAqdCF+racH2ptorC4E8=
-41,-169,EtXQU2O1/zo8zr3H0zNSXESv8zI=,otfH6p+aAqdCF+racH2ptorC4E8=
-39,-169,EtXQU2O1/zo8zr3H0zNSXESv8zI=,otfH6p+aAqdCF+racH2ptorC4E8=
-38,-170,EtXQU2O1/zo8zr3H0zNSXESv8zI=,otfH6p+aAqdCF+racH2ptorC4E8=
-45,-169,EtXQU2O1/zo8zr3H0zNSXESv8zI=,otfH6p+aAqdCF+racH2ptorC4E8=
-38,-169,EtXQU2O1/zo8zr3H0zNSXESv8zI=,otfH6p+aAqdCF+racH2ptorC4E8=
-46,-170,EtXQU2O1/zo8zr3H0zNSXESv8zI=,otfH6p+aAqdCF+racH2ptorC4E8=
-48,-168,EtXQU2O1/zo8zr3H0zNSXESv8zI=,otfH6p+aAqdCF+racH2ptorC4E8=
-35,-169,EtXQU2O1/zo8zr3H0zNSXESv8zI=,otfH6p+aAqdCF+racH2ptorC4E8=
-47,-168,EtXQU2O1/zo8zr3H0zNSXESv8zI=,otfH6p+aAqdCF+racH2ptorC4E8=
-38,-176,EtXQU2O1/zo8zr3H0zNSXESv8zI=,otfH6p+aAqdCF+racH2ptorC4E8=
-34,-169,EtXQU2O1/zo8zr3H0zNSXESv8zI=,otfH6p+aAqdCF+racH2ptorC4E8=
-43,-169,EtXQU2O1/zo8zr3H0zNSXESv8zI=,otfH6p+aAqdCF+racH2ptorC4E8=
-37,-174,EtXQU2O1/zo8zr3H0zNSXESv8zI=,otfH6p+aAqdCF+racH2ptorC4E8=
-40,-169,EtXQU2O1/zo8zr3H0zNSXESv8zI=,otfH6p+aAqdCF+racH2ptorC4E8=
-38,-175,EtXQU2O1/zo8zr3H0zNSXESv8zI=,otfH6p+aAqdCF+racH2ptorC4E8=
-43,-168,EtXQU2O1/zo8zr3H0zNSXESv8zI=,otfH6p+aAqdCF+racH2ptorC4E8=
-36,-169,EtXQU2O1/zo8zr3H0zNSXESv8zI=,otfH6p+aAqdCF+racH2ptorC4E8=
-46,-168,EtXQU2O1/zo8zr3H0zNSXESv8zI=,otfH6p+aAqdCF+racH2ptorC4E8=
-33,-169,EtXQU2O1/zo8zr3H0zNSXESv8zI=,otfH6p+aAqdCF+racH2ptorC4E8=
-40,-168,EtXQU2O1/zo8zr3H0zNSXESv8zI=,otfH6p+aAqdCF+racH2ptorC4E8=
-39,-168,EtXQU2O1/zo8zr3H0zNSXESv8zI=,otfH6p+aAqdCF+racH2ptorC4E8=
-38,-168,EtXQU2O1/zo8zr3H0zNSXESv8zI=,otfH6p+aAqdCF+racH2ptorC4E8=
-45,-168,EtXQU2O1/zo8zr3H0zNSXESv8zI=,otfH6p+aAqdCF+racH2ptorC4E8=
-37,-168,EtXQU2O1/zo8zr3H0zNSXESv8zI=,otfH6p+aAqdCF+racH2ptorC4E8=
-44,-168,EtXQU2O1/zo8zr3H0zNSXESv8zI=,otfH6p+aAqdCF+racH2ptorC4E8=
-36,-168,EtXQU2O1/zo8zr3H0zNSXESv8zI=,otfH6p+aAqdCF+racH2ptorC4E8=
-42,-168,EtXQU2O1/zo8zr3H0zNSXESv8zI=,otfH6p+aAqdCF+racH2ptorC4E8=
-35,-168,EtXQU2O1/zo8zr3H0zNSXESv8zI=,otfH6p+aAqdCF+racH2ptorC4E8=
-38,-174,EtXQU2O1/zo8zr3H0zNSXESv8zI=,otfH6p+aAqdCF+racH2ptorC4E8=
-37,-175,EtXQU2O1/zo8zr3H0zNSXESv8zI=,otfH6p+aAqdCF+racH2ptorC4E8=
-37,-169,EtXQU2O1/zo8zr3H0zNSXESv8zI=,otfH6p+aAqdCF+racH2ptorC4E8=
-47,-167,EtXQU2O1/zo8zr3H0zNSXESv8zI=,otfH6p+aAqdCF+racH2ptorC4E8=
-36,-174,EtXQU2O1/zo8zr3H0zNSXESv8zI=,otfH6p+aAqdCF+racH2ptorC4E8=
-37,-176,EtXQU2O1/zo8zr3H0zNSXESv8zI=,otfH6p+aAqdCF+racH2ptorC4E8=
-33,-168,EtXQU2O1/zo8zr3H0zNSXESv8zI=,otfH6p+aAqdCF+racH2ptorC4E8=
-44,-167,EtXQU2O1/zo8zr3H0zNSXESv8zI=,otfH6p+aAqdCF+racH2ptorC4E8=
-39,-167,EtXQU2O1/zo8zr3H0zNSXESv8zI=,otfH6p+aAqdCF+racH2ptorC4E8=
-40,-167,EtXQU2O1/zo8zr3H0zNSXESv8zI=,otfH6p+aAqdCF+racH2ptorC4E8=
-41,-167,EtXQU2O1/zo8zr3H0zNSXESv8zI=,otfH6p+aAqdCF+racH2ptorC4E8=
-37,-167,EtXQU2O1/zo8zr3H0zNSXESv8zI=,otfH6p+aAqdCF+racH2ptorC4E8=
-38,-167,EtXQU2O1/zo8zr3H0zNSXESv8zI=,otfH6p+aAqdCF+racH2ptorC4E8=
-42,-167,EtXQU2O1/zo8zr3H0zNSXESv8zI=,otfH6p+aAqdCF+racH2ptorC4E8=
-36,-167,EtXQU2O1/zo8zr3H0zNSXESv8zI=,otfH6p+aAqdCF+racH2ptorC4E8=
-48,-167,EtXQU2O1/zo8zr3H0zNSXESv8zI=,otfH6p+aAqdCF+racH2ptorC4E8=
-46,-167,EtXQU2O1/zo8zr3H0zNSXESv8zI=,otfH6p+aAqdCF+racH2ptorC4E8=
-35,-167,EtXQU2O1/zo8zr3H0zNSXESv8zI=,otfH6p+aAqdCF+racH2ptorC4E8=
-41,-168,EtXQU2O1/zo8zr3H0zNSXESv8zI=,otfH6p+aAqdCF+racH2ptorC4E8=
-33,-167,EtXQU2O1/zo8zr3H0zNSXESv8zI=,otfH6p+aAqdCF+racH2ptorC4E8=
-34,-168,EtXQU2O1/zo8zr3H0zNSXESv8zI=,otfH6p+aAqdCF+racH2ptorC4E8=
-45,-167,EtXQU2O1/zo8zr3H0zNSXESv8zI=,otfH6p+aAqdCF+racH2ptorC4E8=
-36,-175,EtXQU2O1/zo8zr3H0zNSXESv8zI=,otfH6p+aAqdCF+racH2ptorC4E8=
-48,-166,EtXQU2O1/zo8zr3H0zNSXESv8zI=,otfH6p+aAqdCF+racH2ptorC4E8=
-34,-167,EtXQU2O1/zo8zr3H0zNSXESv8zI=,otfH6p+aAqdCF+racH2ptorC4E8=
-43,-167,EtXQU2O1/zo8zr3H0zNSXESv8zI=,otfH6p+aAqdCF+racH2ptorC4E8=
-35,-174,EtXQU2O1/zo8zr3H0zNSXESv8zI=,otfH6p+aAqdCF+racH2ptorC4E8=
-42,-190,nNCHdPnifmwjlkXLe72f+GzmS08=,0Ms2J2Fos9tkoUuydHISTb7VdOE=
-43,-192,2Nl2Hpf/S4ohr2TmOcNuxKyTj/M=,0Ms2J2Fos9tkoUuydHISTb7VdOE=
-43,-190,2Nl2Hpf/S4ohr2TmOcNuxKyTj/M=,0Ms2J2Fos9tkoUuydHISTb7VdOE=
-45,-192,TVo1oay62WeloGel5nDze3W99Zw=,0Ms2J2Fos9tkoUuydHISTb7VdOE=
-44,-191,TVo1oay62WeloGel5nDze3W99Zw=,0Ms2J2Fos9tkoUuydHISTb7VdOE=
-43,-191,6mvZgPB2fbBbyCcGx9R4bgovq0w=,0Ms2J2Fos9tkoUuydHISTb7VdOE=
-44,-190,6mvZgPB2fbBbyCcGx9R4bgovq0w=,0Ms2J2Fos9tkoUuydHISTb7VdOE=
-47,-192,6mvZgPB2fbBbyCcGx9R4bgovq0w=,0Ms2J2Fos9tkoUuydHISTb7VdOE=
-46,-189,awt/MfARL+f4Pt9C9oO342dUb88=,0Ms2J2Fos9tkoUuydHISTb7VdOE=
-44,-189,awt/MfARL+f4Pt9C9oO342dUb88=,0Ms2J2Fos9tkoUuydHISTb7VdOE=
-42,-189,awt/MfARL+f4Pt9C9oO342dUb88=,0Ms2J2Fos9tkoUuydHISTb7VdOE=
-41,-189,awt/MfARL+f4Pt9C9oO342dUb88=,0Ms2J2Fos9tkoUuydHISTb7VdOE=
-45,-189,gM6kv2Fu1otMdqwb9SHEyShUXr0=,0Ms2J2Fos9tkoUuydHISTb7VdOE=
-33,-177,gM6kv2Fu1otMdqwb9SHEyShUXr0=,0Ms2J2Fos9tkoUuydHISTb7VdOE=
-38,-189,DUEB3ldOtgDcAt+KcKXH9AQWqww=,0Ms2J2Fos9tkoUuydHISTb7VdOE=
-43,-189,DUEB3ldOtgDcAt+KcKXH9AQWqww=,0Ms2J2Fos9tkoUuydHISTb7VdOE=
-40,-189,DUEB3ldOtgDcAt+KcKXH9AQWqww=,0Ms2J2Fos9tkoUuydHISTb7VdOE=
-39,-189,DUEB3ldOtgDcAt+KcKXH9AQWqww=,0Ms2J2Fos9tkoUuydHISTb7VdOE=
-37,-189,DUEB3ldOtgDcAt+KcKXH9AQWqww=,0Ms2J2Fos9tkoUuydHISTb7VdOE=
-39,-177,DUEB3ldOtgDcAt+KcKXH9AQWqww=,0Ms2J2Fos9tkoUuydHISTb7VdOE=
-34,-177,DUEB3ldOtgDcAt+KcKXH9AQWqww=,0Ms2J2Fos9tkoUuydHISTb7VdOE=
-36,-177,DUEB3ldOtgDcAt+KcKXH9AQWqww=,0Ms2J2Fos9tkoUuydHISTb7VdOE=
-35,-177,DUEB3ldOtgDcAt+KcKXH9AQWqww=,0Ms2J2Fos9tkoUuydHISTb7VdOE=
-37,-177,DUEB3ldOtgDcAt+KcKXH9AQWqww=,0Ms2J2Fos9tkoUuydHISTb7VdOE=
-38,-177,DUEB3ldOtgDcAt+KcKXH9AQWqww=,0Ms2J2Fos9tkoUuydHISTb7VdOE=
-40,-177,DUEB3ldOtgDcAt+KcKXH9AQWqww=,0Ms2J2Fos9tkoUuydHISTb7VdOE=
-43,-177,DUEB3ldOtgDcAt+KcKXH9AQWqww=,0Ms2J2Fos9tkoUuydHISTb7VdOE=
-41,-177,DUEB3ldOtgDcAt+KcKXH9AQWqww=,0Ms2J2Fos9tkoUuydHISTb7VdOE=
-45,-177,DUEB3ldOtgDcAt+KcKXH9AQWqww=,0Ms2J2Fos9tkoUuydHISTb7VdOE=
-44,-177,DUEB3ldOtgDcAt+KcKXH9AQWqww=,0Ms2J2Fos9tkoUuydHISTb7VdOE=
-44,-192,DUEB3ldOtgDcAt+KcKXH9AQWqww=,0Ms2J2Fos9tkoUuydHISTb7VdOE=
-42,-177,DUEB3ldOtgDcAt+KcKXH9AQWqww=,0Ms2J2Fos9tkoUuydHISTb7VdOE=
-45,-190,DUEB3ldOtgDcAt+KcKXH9AQWqww=,0Ms2J2Fos9tkoUuydHISTb7VdOE=
-36,-189,DUEB3ldOtgDcAt+KcKXH9AQWqww=,0Ms2J2Fos9tkoUuydHISTb7VdOE=
-46,-177,DUEB3ldOtgDcAt+KcKXH9AQWqww=,0Ms2J2Fos9tkoUuydHISTb7VdOE=
-47,-189,DUEB3ldOtgDcAt+KcKXH9AQWqww=,0Ms2J2Fos9tkoUuydHISTb7VdOE=
-47,-177,DUEB3ldOtgDcAt+KcKXH9AQWqww=,0Ms2J2Fos9tkoUuydHISTb7VdOE=
-48,-177,DUEB3ldOtgDcAt+KcKXH9AQWqww=,0Ms2J2Fos9tkoUuydHISTb7VdOE=
-33,-178,DUEB3ldOtgDcAt+KcKXH9AQWqww=,0Ms2J2Fos9tkoUuydHISTb7VdOE=
-34,-178,DUEB3ldOtgDcAt+KcKXH9AQWqww=,0Ms2J2Fos9tkoUuydHISTb7VdOE=
-35,-189,DUEB3ldOtgDcAt+KcKXH9AQWqww=,0Ms2J2Fos9tkoUuydHISTb7VdOE=
-35,-178,DUEB3ldOtgDcAt+KcKXH9AQWqww=,0Ms2J2Fos9tkoUuydHISTb7VdOE=
-36,-178,DUEB3ldOtgDcAt+KcKXH9AQWqww=,0Ms2J2Fos9tkoUuydHISTb7VdOE=
-38,-178,DUEB3ldOtgDcAt+KcKXH9AQWqww=,0Ms2J2Fos9tkoUuydHISTb7VdOE=
-40,-178,DUEB3ldOtgDcAt+KcKXH9AQWqww=,0Ms2J2Fos9tkoUuydHISTb7VdOE=
-39,-178,DUEB3ldOtgDcAt+KcKXH9AQWqww=,0Ms2J2Fos9tkoUuydHISTb7VdOE=
-41,-178,DUEB3ldOtgDcAt+KcKXH9AQWqww=,0Ms2J2Fos9tkoUuydHISTb7VdOE=
-43,-178,DUEB3ldOtgDcAt+KcKXH9AQWqww=,0Ms2J2Fos9tkoUuydHISTb7VdOE=
-45,-178,DUEB3ldOtgDcAt+KcKXH9AQWqww=,0Ms2J2Fos9tkoUuydHISTb7VdOE=
-45,-191,DUEB3ldOtgDcAt+KcKXH9AQWqww=,0Ms2J2Fos9tkoUuydHISTb7VdOE=
-46,-190,DUEB3ldOtgDcAt+KcKXH9AQWqww=,0Ms2J2Fos9tkoUuydHISTb7VdOE=
-37,-178,DUEB3ldOtgDcAt+KcKXH9AQWqww=,0Ms2J2Fos9tkoUuydHISTb7VdOE=
-44,-178,DUEB3ldOtgDcAt+KcKXH9AQWqww=,0Ms2J2Fos9tkoUuydHISTb7VdOE=
-42,-178,DUEB3ldOtgDcAt+KcKXH9AQWqww=,0Ms2J2Fos9tkoUuydHISTb7VdOE=
-34,-189,DUEB3ldOtgDcAt+KcKXH9AQWqww=,0Ms2J2Fos9tkoUuydHISTb7VdOE=
-46,-178,DUEB3ldOtgDcAt+KcKXH9AQWqww=,0Ms2J2Fos9tkoUuydHISTb7VdOE=
-47,-178,DUEB3ldOtgDcAt+KcKXH9AQWqww=,0Ms2J2Fos9tkoUuydHISTb7VdOE=
-33,-179,DUEB3ldOtgDcAt+KcKXH9AQWqww=,0Ms2J2Fos9tkoUuydHISTb7VdOE=
-38,-179,DUEB3ldOtgDcAt+KcKXH9AQWqww=,0Ms2J2Fos9tkoUuydHISTb7VdOE=
-39,-179,DUEB3ldOtgDcAt+KcKXH9AQWqww=,0Ms2J2Fos9tkoUuydHISTb7VdOE=
-33,-189,DUEB3ldOtgDcAt+KcKXH9AQWqww=,0Ms2J2Fos9tkoUuydHISTb7VdOE=
-37,-179,DUEB3ldOtgDcAt+KcKXH9AQWqww=,0Ms2J2Fos9tkoUuydHISTb7VdOE=
-42,-191,DUEB3ldOtgDcAt+KcKXH9AQWqww=,0Ms2J2Fos9tkoUuydHISTb7VdOE=
-35,-179,DUEB3ldOtgDcAt+KcKXH9AQWqww=,0Ms2J2Fos9tkoUuydHISTb7VdOE=
-40,-179,DUEB3ldOtgDcAt+KcKXH9AQWqww=,0Ms2J2Fos9tkoUuydHISTb7VdOE=
-41,-190,DUEB3ldOtgDcAt+KcKXH9AQWqww=,0Ms2J2Fos9tkoUuydHISTb7VdOE=
-41,-179,DUEB3ldOtgDcAt+KcKXH9AQWqww=,0Ms2J2Fos9tkoUuydHISTb7VdOE=
-36,-179,DUEB3ldOtgDcAt+KcKXH9AQWqww=,0Ms2J2Fos9tkoUuydHISTb7VdOE=
-42,-179,DUEB3ldOtgDcAt+KcKXH9AQWqww=,0Ms2J2Fos9tkoUuydHISTb7VdOE=
-46,-191,DUEB3ldOtgDcAt+KcKXH9AQWqww=,0Ms2J2Fos9tkoUuydHISTb7VdOE=
-47,-190,DUEB3ldOtgDcAt+KcKXH9AQWqww=,0Ms2J2Fos9tkoUuydHISTb7VdOE=
-43,-179,DUEB3ldOtgDcAt+KcKXH9AQWqww=,0Ms2J2Fos9tkoUuydHISTb7VdOE=
-44,-179,DUEB3ldOtgDcAt+KcKXH9AQWqww=,0Ms2J2Fos9tkoUuydHISTb7VdOE=
-46,-179,DUEB3ldOtgDcAt+KcKXH9AQWqww=,0Ms2J2Fos9tkoUuydHISTb7VdOE=
-48,-179,DUEB3ldOtgDcAt+KcKXH9AQWqww=,0Ms2J2Fos9tkoUuydHISTb7VdOE=
-45,-179,DUEB3ldOtgDcAt+KcKXH9AQWqww=,0Ms2J2Fos9tkoUuydHISTb7VdOE=
-48,-188,DUEB3ldOtgDcAt+KcKXH9AQWqww=,0Ms2J2Fos9tkoUuydHISTb7VdOE=
-42,-192,DUEB3ldOtgDcAt+KcKXH9AQWqww=,0Ms2J2Fos9tkoUuydHISTb7VdOE=
-36,-180,DUEB3ldOtgDcAt+KcKXH9AQWqww=,0Ms2J2Fos9tkoUuydHISTb7VdOE=
-34,-179,DUEB3ldOtgDcAt+KcKXH9AQWqww=,0Ms2J2Fos9tkoUuydHISTb7VdOE=
-48,-178,DUEB3ldOtgDcAt+KcKXH9AQWqww=,0Ms2J2Fos9tkoUuydHISTb7VdOE=
-35,-180,DUEB3ldOtgDcAt+KcKXH9AQWqww=,0Ms2J2Fos9tkoUuydHISTb7VdOE=
-41,-180,DUEB3ldOtgDcAt+KcKXH9AQWqww=,0Ms2J2Fos9tkoUuydHISTb7VdOE=
-42,-180,DUEB3ldOtgDcAt+KcKXH9AQWqww=,0Ms2J2Fos9tkoUuydHISTb7VdOE=
-43,-180,DUEB3ldOtgDcAt+KcKXH9AQWqww=,0Ms2J2Fos9tkoUuydHISTb7VdOE=
-47,-179,DUEB3ldOtgDcAt+KcKXH9AQWqww=,0Ms2J2Fos9tkoUuydHISTb7VdOE=
-44,-180,DUEB3ldOtgDcAt+KcKXH9AQWqww=,0Ms2J2Fos9tkoUuydHISTb7VdOE=
-45,-180,DUEB3ldOtgDcAt+KcKXH9AQWqww=,0Ms2J2Fos9tkoUuydHISTb7VdOE=
-48,-191,DUEB3ldOtgDcAt+KcKXH9AQWqww=,0Ms2J2Fos9tkoUuydHISTb7VdOE=
-47,-191,DUEB3ldOtgDcAt+KcKXH9AQWqww=,0Ms2J2Fos9tkoUuydHISTb7VdOE=
-47,-188,DUEB3ldOtgDcAt+KcKXH9AQWqww=,0Ms2J2Fos9tkoUuydHISTb7VdOE=
-46,-180,DUEB3ldOtgDcAt+KcKXH9AQWqww=,0Ms2J2Fos9tkoUuydHISTb7VdOE=
-33,-192,DUEB3ldOtgDcAt+KcKXH9AQWqww=,0Ms2J2Fos9tkoUuydHISTb7VdOE=
-46,-192,DUEB3ldOtgDcAt+KcKXH9AQWqww=,0Ms2J2Fos9tkoUuydHISTb7VdOE=
-34,-192,DUEB3ldOtgDcAt+KcKXH9AQWqww=,0Ms2J2Fos9tkoUuydHISTb7VdOE=
-33,-190,DUEB3ldOtgDcAt+KcKXH9AQWqww=,0Ms2J2Fos9tkoUuydHISTb7VdOE=
-48,-190,DUEB3ldOtgDcAt+KcKXH9AQWqww=,0Ms2J2Fos9tkoUuydHISTb7VdOE=
-33,-191,DUEB3ldOtgDcAt+KcKXH9AQWqww=,0Ms2J2Fos9tkoUuydHISTb7VdOE=
-34,-180,DUEB3ldOtgDcAt+KcKXH9AQWqww=,0Ms2J2Fos9tkoUuydHISTb7VdOE=
-34,-191,DUEB3ldOtgDcAt+KcKXH9AQWqww=,0Ms2J2Fos9tkoUuydHISTb7VdOE=
-40,-180,DUEB3ldOtgDcAt+KcKXH9AQWqww=,0Ms2J2Fos9tkoUuydHISTb7VdOE=
-48,-189,DUEB3ldOtgDcAt+KcKXH9AQWqww=,0Ms2J2Fos9tkoUuydHISTb7VdOE=
-48,-180,DUEB3ldOtgDcAt+KcKXH9AQWqww=,0Ms2J2Fos9tkoUuydHISTb7VdOE=
-46,-188,DUEB3ldOtgDcAt+KcKXH9AQWqww=,0Ms2J2Fos9tkoUuydHISTb7VdOE=
-37,-180,DUEB3ldOtgDcAt+KcKXH9AQWqww=,0Ms2J2Fos9tkoUuydHISTb7VdOE=
-33,-180,DUEB3ldOtgDcAt+KcKXH9AQWqww=,0Ms2J2Fos9tkoUuydHISTb7VdOE=
-35,-181,DUEB3ldOtgDcAt+KcKXH9AQWqww=,0Ms2J2Fos9tkoUuydHISTb7VdOE=
-34,-181,DUEB3ldOtgDcAt+KcKXH9AQWqww=,0Ms2J2Fos9tkoUuydHISTb7VdOE=
-39,-180,DUEB3ldOtgDcAt+KcKXH9AQWqww=,0Ms2J2Fos9tkoUuydHISTb7VdOE=
-44,-181,DUEB3ldOtgDcAt+KcKXH9AQWqww=,0Ms2J2Fos9tkoUuydHISTb7VdOE=
-40,-181,DUEB3ldOtgDcAt+KcKXH9AQWqww=,0Ms2J2Fos9tkoUuydHISTb7VdOE=
-33,-181,DUEB3ldOtgDcAt+KcKXH9AQWqww=,0Ms2J2Fos9tkoUuydHISTb7VdOE=
-36,-181,DUEB3ldOtgDcAt+KcKXH9AQWqww=,0Ms2J2Fos9tkoUuydHISTb7VdOE=
-34,-190,DUEB3ldOtgDcAt+KcKXH9AQWqww=,0Ms2J2Fos9tkoUuydHISTb7VdOE=
-38,-180,DUEB3ldOtgDcAt+KcKXH9AQWqww=,0Ms2J2Fos9tkoUuydHISTb7VdOE=
-35,-192,DUEB3ldOtgDcAt+KcKXH9AQWqww=,0Ms2J2Fos9tkoUuydHISTb7VdOE=
-45,-181,DUEB3ldOtgDcAt+KcKXH9AQWqww=,0Ms2J2Fos9tkoUuydHISTb7VdOE=
-35,-191,DUEB3ldOtgDcAt+KcKXH9AQWqww=,0Ms2J2Fos9tkoUuydHISTb7VdOE=
-46,-181,DUEB3ldOtgDcAt+KcKXH9AQWqww=,0Ms2J2Fos9tkoUuydHISTb7VdOE=
-47,-181,DUEB3ldOtgDcAt+KcKXH9AQWqww=,0Ms2J2Fos9tkoUuydHISTb7VdOE=
-48,-181,DUEB3ldOtgDcAt+KcKXH9AQWqww=,0Ms2J2Fos9tkoUuydHISTb7VdOE=
-45,-188,DUEB3ldOtgDcAt+KcKXH9AQWqww=,0Ms2J2Fos9tkoUuydHISTb7VdOE=
-42,-181,DUEB3ldOtgDcAt+KcKXH9AQWqww=,0Ms2J2Fos9tkoUuydHISTb7VdOE=
-39,-181,DUEB3ldOtgDcAt+KcKXH9AQWqww=,0Ms2J2Fos9tkoUuydHISTb7VdOE=
-47,-180,DUEB3ldOtgDcAt+KcKXH9AQWqww=,0Ms2J2Fos9tkoUuydHISTb7VdOE=
-38,-181,DUEB3ldOtgDcAt+KcKXH9AQWqww=,0Ms2J2Fos9tkoUuydHISTb7VdOE=
-41,-181,DUEB3ldOtgDcAt+KcKXH9AQWqww=,0Ms2J2Fos9tkoUuydHISTb7VdOE=
-40,-182,DUEB3ldOtgDcAt+KcKXH9AQWqww=,0Ms2J2Fos9tkoUuydHISTb7VdOE=
-35,-182,DUEB3ldOtgDcAt+KcKXH9AQWqww=,0Ms2J2Fos9tkoUuydHISTb7VdOE=
-41,-182,DUEB3ldOtgDcAt+KcKXH9AQWqww=,0Ms2J2Fos9tkoUuydHISTb7VdOE=
-37,-181,DUEB3ldOtgDcAt+KcKXH9AQWqww=,0Ms2J2Fos9tkoUuydHISTb7VdOE=
-39,-182,DUEB3ldOtgDcAt+KcKXH9AQWqww=,0Ms2J2Fos9tkoUuydHISTb7VdOE=
-43,-182,DUEB3ldOtgDcAt+KcKXH9AQWqww=,0Ms2J2Fos9tkoUuydHISTb7VdOE=
-36,-192,DUEB3ldOtgDcAt+KcKXH9AQWqww=,0Ms2J2Fos9tkoUuydHISTb7VdOE=
-35,-190,DUEB3ldOtgDcAt+KcKXH9AQWqww=,0Ms2J2Fos9tkoUuydHISTb7VdOE=
-42,-182,DUEB3ldOtgDcAt+KcKXH9AQWqww=,0Ms2J2Fos9tkoUuydHISTb7VdOE=
-44,-182,DUEB3ldOtgDcAt+KcKXH9AQWqww=,0Ms2J2Fos9tkoUuydHISTb7VdOE=
-36,-191,DUEB3ldOtgDcAt+KcKXH9AQWqww=,0Ms2J2Fos9tkoUuydHISTb7VdOE=
-38,-182,DUEB3ldOtgDcAt+KcKXH9AQWqww=,0Ms2J2Fos9tkoUuydHISTb7VdOE=
-45,-182,DUEB3ldOtgDcAt+KcKXH9AQWqww=,0Ms2J2Fos9tkoUuydHISTb7VdOE=
-46,-182,DUEB3ldOtgDcAt+KcKXH9AQWqww=,0Ms2J2Fos9tkoUuydHISTb7VdOE=
-43,-181,DUEB3ldOtgDcAt+KcKXH9AQWqww=,0Ms2J2Fos9tkoUuydHISTb7VdOE=
-34,-182,DUEB3ldOtgDcAt+KcKXH9AQWqww=,0Ms2J2Fos9tkoUuydHISTb7VdOE=
-33,-182,DUEB3ldOtgDcAt+KcKXH9AQWqww=,0Ms2J2Fos9tkoUuydHISTb7VdOE=
-48,-182,DUEB3ldOtgDcAt+KcKXH9AQWqww=,0Ms2J2Fos9tkoUuydHISTb7VdOE=
-44,-188,DUEB3ldOtgDcAt+KcKXH9AQWqww=,0Ms2J2Fos9tkoUuydHISTb7VdOE=
-38,-183,DUEB3ldOtgDcAt+KcKXH9AQWqww=,0Ms2J2Fos9tkoUuydHISTb7VdOE=
-37,-183,DUEB3ldOtgDcAt+KcKXH9AQWqww=,0Ms2J2Fos9tkoUuydHISTb7VdOE=
-35,-183,DUEB3ldOtgDcAt+KcKXH9AQWqww=,0Ms2J2Fos9tkoUuydHISTb7VdOE=
-37,-182,DUEB3ldOtgDcAt+KcKXH9AQWqww=,0Ms2J2Fos9tkoUuydHISTb7VdOE=
-36,-182,DUEB3ldOtgDcAt+KcKXH9AQWqww=,0Ms2J2Fos9tkoUuydHISTb7VdOE=
-48,-192,DUEB3ldOtgDcAt+KcKXH9AQWqww=,0Ms2J2Fos9tkoUuydHISTb7VdOE=
-47,-182,DUEB3ldOtgDcAt+KcKXH9AQWqww=,0Ms2J2Fos9tkoUuydHISTb7VdOE=
-33,-183,DUEB3ldOtgDcAt+KcKXH9AQWqww=,0Ms2J2Fos9tkoUuydHISTb7VdOE=
-34,-183,DUEB3ldOtgDcAt+KcKXH9AQWqww=,0Ms2J2Fos9tkoUuydHISTb7VdOE=
-43,-188,DUEB3ldOtgDcAt+KcKXH9AQWqww=,0Ms2J2Fos9tkoUuydHISTb7VdOE=
-36,-183,DUEB3ldOtgDcAt+KcKXH9AQWqww=,0Ms2J2Fos9tkoUuydHISTb7VdOE=
-42,-188,DUEB3ldOtgDcAt+KcKXH9AQWqww=,0Ms2J2Fos9tkoUuydHISTb7VdOE=
-38,-188,DUEB3ldOtgDcAt+KcKXH9AQWqww=,0Ms2J2Fos9tkoUuydHISTb7VdOE=
-39,-188,DUEB3ldOtgDcAt+KcKXH9AQWqww=,0Ms2J2Fos9tkoUuydHISTb7VdOE=
-41,-188,DUEB3ldOtgDcAt+KcKXH9AQWqww=,0Ms2J2Fos9tkoUuydHISTb7VdOE=
-41,-191,DUEB3ldOtgDcAt+KcKXH9AQWqww=,0Ms2J2Fos9tkoUuydHISTb7VdOE=
-40,-190,DUEB3ldOtgDcAt+KcKXH9AQWqww=,0Ms2J2Fos9tkoUuydHISTb7VdOE=
-41,-192,DUEB3ldOtgDcAt+KcKXH9AQWqww=,0Ms2J2Fos9tkoUuydHISTb7VdOE=
-40,-188,DUEB3ldOtgDcAt+KcKXH9AQWqww=,0Ms2J2Fos9tkoUuydHISTb7VdOE=
-37,-188,DUEB3ldOtgDcAt+KcKXH9AQWqww=,0Ms2J2Fos9tkoUuydHISTb7VdOE=
-36,-188,DUEB3ldOtgDcAt+KcKXH9AQWqww=,0Ms2J2Fos9tkoUuydHISTb7VdOE=
-35,-188,DUEB3ldOtgDcAt+KcKXH9AQWqww=,0Ms2J2Fos9tkoUuydHISTb7VdOE=
-34,-188,DUEB3ldOtgDcAt+KcKXH9AQWqww=,0Ms2J2Fos9tkoUuydHISTb7VdOE=
-47,-187,DUEB3ldOtgDcAt+KcKXH9AQWqww=,0Ms2J2Fos9tkoUuydHISTb7VdOE=
-33,-188,DUEB3ldOtgDcAt+KcKXH9AQWqww=,0Ms2J2Fos9tkoUuydHISTb7VdOE=
-48,-187,DUEB3ldOtgDcAt+KcKXH9AQWqww=,0Ms2J2Fos9tkoUuydHISTb7VdOE=
-45,-187,DUEB3ldOtgDcAt+KcKXH9AQWqww=,0Ms2J2Fos9tkoUuydHISTb7VdOE=
-46,-187,DUEB3ldOtgDcAt+KcKXH9AQWqww=,0Ms2J2Fos9tkoUuydHISTb7VdOE=
-44,-187,DUEB3ldOtgDcAt+KcKXH9AQWqww=,0Ms2J2Fos9tkoUuydHISTb7VdOE=
-43,-187,DUEB3ldOtgDcAt+KcKXH9AQWqww=,0Ms2J2Fos9tkoUuydHISTb7VdOE=
-41,-187,DUEB3ldOtgDcAt+KcKXH9AQWqww=,0Ms2J2Fos9tkoUuydHISTb7VdOE=
-40,-187,DUEB3ldOtgDcAt+KcKXH9AQWqww=,0Ms2J2Fos9tkoUuydHISTb7VdOE=
-38,-187,DUEB3ldOtgDcAt+KcKXH9AQWqww=,0Ms2J2Fos9tkoUuydHISTb7VdOE=
-40,-191,DUEB3ldOtgDcAt+KcKXH9AQWqww=,0Ms2J2Fos9tkoUuydHISTb7VdOE=
-39,-187,DUEB3ldOtgDcAt+KcKXH9AQWqww=,0Ms2J2Fos9tkoUuydHISTb7VdOE=
-40,-192,DUEB3ldOtgDcAt+KcKXH9AQWqww=,0Ms2J2Fos9tkoUuydHISTb7VdOE=
-42,-187,DUEB3ldOtgDcAt+KcKXH9AQWqww=,0Ms2J2Fos9tkoUuydHISTb7VdOE=
-37,-187,DUEB3ldOtgDcAt+KcKXH9AQWqww=,0Ms2J2Fos9tkoUuydHISTb7VdOE=
-39,-190,DUEB3ldOtgDcAt+KcKXH9AQWqww=,0Ms2J2Fos9tkoUuydHISTb7VdOE=
-34,-187,DUEB3ldOtgDcAt+KcKXH9AQWqww=,0Ms2J2Fos9tkoUuydHISTb7VdOE=
-35,-187,DUEB3ldOtgDcAt+KcKXH9AQWqww=,0Ms2J2Fos9tkoUuydHISTb7VdOE=
-33,-187,DUEB3ldOtgDcAt+KcKXH9AQWqww=,0Ms2J2Fos9tkoUuydHISTb7VdOE=
-36,-187,DUEB3ldOtgDcAt+KcKXH9AQWqww=,0Ms2J2Fos9tkoUuydHISTb7VdOE=
-48,-186,DUEB3ldOtgDcAt+KcKXH9AQWqww=,0Ms2J2Fos9tkoUuydHISTb7VdOE=
-47,-186,DUEB3ldOtgDcAt+KcKXH9AQWqww=,0Ms2J2Fos9tkoUuydHISTb7VdOE=
-46,-186,DUEB3ldOtgDcAt+KcKXH9AQWqww=,0Ms2J2Fos9tkoUuydHISTb7VdOE=
-45,-186,DUEB3ldOtgDcAt+KcKXH9AQWqww=,0Ms2J2Fos9tkoUuydHISTb7VdOE=
-44,-186,DUEB3ldOtgDcAt+KcKXH9AQWqww=,0Ms2J2Fos9tkoUuydHISTb7VdOE=
-43,-186,DUEB3ldOtgDcAt+KcKXH9AQWqww=,0Ms2J2Fos9tkoUuydHISTb7VdOE=
-40,-186,DUEB3ldOtgDcAt+KcKXH9AQWqww=,0Ms2J2Fos9tkoUuydHISTb7VdOE=
-39,-191,DUEB3ldOtgDcAt+KcKXH9AQWqww=,0Ms2J2Fos9tkoUuydHISTb7VdOE=
-42,-186,DUEB3ldOtgDcAt+KcKXH9AQWqww=,0Ms2J2Fos9tkoUuydHISTb7VdOE=
-39,-192,DUEB3ldOtgDcAt+KcKXH9AQWqww=,0Ms2J2Fos9tkoUuydHISTb7VdOE=
-37,-186,DUEB3ldOtgDcAt+KcKXH9AQWqww=,0Ms2J2Fos9tkoUuydHISTb7VdOE=
-38,-190,DUEB3ldOtgDcAt+KcKXH9AQWqww=,0Ms2J2Fos9tkoUuydHISTb7VdOE=
-35,-186,DUEB3ldOtgDcAt+KcKXH9AQWqww=,0Ms2J2Fos9tkoUuydHISTb7VdOE=
-41,-186,DUEB3ldOtgDcAt+KcKXH9AQWqww=,0Ms2J2Fos9tkoUuydHISTb7VdOE=
-39,-186,DUEB3ldOtgDcAt+KcKXH9AQWqww=,0Ms2J2Fos9tkoUuydHISTb7VdOE=
-33,-186,DUEB3ldOtgDcAt+KcKXH9AQWqww=,0Ms2J2Fos9tkoUuydHISTb7VdOE=
-36,-186,DUEB3ldOtgDcAt+KcKXH9AQWqww=,0Ms2J2Fos9tkoUuydHISTb7VdOE=
-34,-186,DUEB3ldOtgDcAt+KcKXH9AQWqww=,0Ms2J2Fos9tkoUuydHISTb7VdOE=
-38,-186,DUEB3ldOtgDcAt+KcKXH9AQWqww=,0Ms2J2Fos9tkoUuydHISTb7VdOE=
-43,-185,DUEB3ldOtgDcAt+KcKXH9AQWqww=,0Ms2J2Fos9tkoUuydHISTb7VdOE=
-44,-185,DUEB3ldOtgDcAt+KcKXH9AQWqww=,0Ms2J2Fos9tkoUuydHISTb7VdOE=
-47,-185,DUEB3ldOtgDcAt+KcKXH9AQWqww=,0Ms2J2Fos9tkoUuydHISTb7VdOE=
-41,-185,DUEB3ldOtgDcAt+KcKXH9AQWqww=,0Ms2J2Fos9tkoUuydHISTb7VdOE=
-38,-191,DUEB3ldOtgDcAt+KcKXH9AQWqww=,0Ms2J2Fos9tkoUuydHISTb7VdOE=
-42,-185,DUEB3ldOtgDcAt+KcKXH9AQWqww=,0Ms2J2Fos9tkoUuydHISTb7VdOE=
-48,-185,DUEB3ldOtgDcAt+KcKXH9AQWqww=,0Ms2J2Fos9tkoUuydHISTb7VdOE=
-37,-190,DUEB3ldOtgDcAt+KcKXH9AQWqww=,0Ms2J2Fos9tkoUuydHISTb7VdOE=
-46,-185,DUEB3ldOtgDcAt+KcKXH9AQWqww=,0Ms2J2Fos9tkoUuydHISTb7VdOE=
-38,-192,DUEB3ldOtgDcAt+KcKXH9AQWqww=,0Ms2J2Fos9tkoUuydHISTb7VdOE=
-35,-185,DUEB3ldOtgDcAt+KcKXH9AQWqww=,0Ms2J2Fos9tkoUuydHISTb7VdOE=
-40,-185,DUEB3ldOtgDcAt+KcKXH9AQWqww=,0Ms2J2Fos9tkoUuydHISTb7VdOE=
-48,-184,DUEB3ldOtgDcAt+KcKXH9AQWqww=,0Ms2J2Fos9tkoUuydHISTb7VdOE=
-47,-184,DUEB3ldOtgDcAt+KcKXH9AQWqww=,0Ms2J2Fos9tkoUuydHISTb7VdOE=
-44,-184,DUEB3ldOtgDcAt+KcKXH9AQWqww=,0Ms2J2Fos9tkoUuydHISTb7VdOE=
-45,-185,DUEB3ldOtgDcAt+KcKXH9AQWqww=,0Ms2J2Fos9tkoUuydHISTb7VdOE=
-39,-185,DUEB3ldOtgDcAt+KcKXH9AQWqww=,0Ms2J2Fos9tkoUuydHISTb7VdOE=
-38,-185,DUEB3ldOtgDcAt+KcKXH9AQWqww=,0Ms2J2Fos9tkoUuydHISTb7VdOE=
-37,-185,DUEB3ldOtgDcAt+KcKXH9AQWqww=,0Ms2J2Fos9tkoUuydHISTb7VdOE=
-43,-184,DUEB3ldOtgDcAt+KcKXH9AQWqww=,0Ms2J2Fos9tkoUuydHISTb7VdOE=
-46,-184,DUEB3ldOtgDcAt+KcKXH9AQWqww=,0Ms2J2Fos9tkoUuydHISTb7VdOE=
-42,-184,DUEB3ldOtgDcAt+KcKXH9AQWqww=,0Ms2J2Fos9tkoUuydHISTb7VdOE=
-41,-184,DUEB3ldOtgDcAt+KcKXH9AQWqww=,0Ms2J2Fos9tkoUuydHISTb7VdOE=
-37,-191,DUEB3ldOtgDcAt+KcKXH9AQWqww=,0Ms2J2Fos9tkoUuydHISTb7VdOE=
-40,-184,DUEB3ldOtgDcAt+KcKXH9AQWqww=,0Ms2J2Fos9tkoUuydHISTb7VdOE=
-38,-184,DUEB3ldOtgDcAt+KcKXH9AQWqww=,0Ms2J2Fos9tkoUuydHISTb7VdOE=
-36,-190,DUEB3ldOtgDcAt+KcKXH9AQWqww=,0Ms2J2Fos9tkoUuydHISTb7VdOE=
-36,-185,DUEB3ldOtgDcAt+KcKXH9AQWqww=,0Ms2J2Fos9tkoUuydHISTb7VdOE=
-37,-192,DUEB3ldOtgDcAt+KcKXH9AQWqww=,0Ms2J2Fos9tkoUuydHISTb7VdOE=
-37,-184,DUEB3ldOtgDcAt+KcKXH9AQWqww=,0Ms2J2Fos9tkoUuydHISTb7VdOE=
-33,-185,DUEB3ldOtgDcAt+KcKXH9AQWqww=,0Ms2J2Fos9tkoUuydHISTb7VdOE=
-34,-185,DUEB3ldOtgDcAt+KcKXH9AQWqww=,0Ms2J2Fos9tkoUuydHISTb7VdOE=
-45,-184,DUEB3ldOtgDcAt+KcKXH9AQWqww=,0Ms2J2Fos9tkoUuydHISTb7VdOE=
-36,-184,DUEB3ldOtgDcAt+KcKXH9AQWqww=,0Ms2J2Fos9tkoUuydHISTb7VdOE=
-35,-184,DUEB3ldOtgDcAt+KcKXH9AQWqww=,0Ms2J2Fos9tkoUuydHISTb7VdOE=
-34,-184,DUEB3ldOtgDcAt+KcKXH9AQWqww=,0Ms2J2Fos9tkoUuydHISTb7VdOE=
-45,-183,DUEB3ldOtgDcAt+KcKXH9AQWqww=,0Ms2J2Fos9tkoUuydHISTb7VdOE=
-46,-183,DUEB3ldOtgDcAt+KcKXH9AQWqww=,0Ms2J2Fos9tkoUuydHISTb7VdOE=
-33,-184,DUEB3ldOtgDcAt+KcKXH9AQWqww=,0Ms2J2Fos9tkoUuydHISTb7VdOE=
-48,-183,DUEB3ldOtgDcAt+KcKXH9AQWqww=,0Ms2J2Fos9tkoUuydHISTb7VdOE=
-39,-184,DUEB3ldOtgDcAt+KcKXH9AQWqww=,0Ms2J2Fos9tkoUuydHISTb7VdOE=
-47,-183,DUEB3ldOtgDcAt+KcKXH9AQWqww=,0Ms2J2Fos9tkoUuydHISTb7VdOE=
-43,-183,DUEB3ldOtgDcAt+KcKXH9AQWqww=,0Ms2J2Fos9tkoUuydHISTb7VdOE=
-44,-183,DUEB3ldOtgDcAt+KcKXH9AQWqww=,0Ms2J2Fos9tkoUuydHISTb7VdOE=
-42,-183,DUEB3ldOtgDcAt+KcKXH9AQWqww=,0Ms2J2Fos9tkoUuydHISTb7VdOE=
-41,-183,DUEB3ldOtgDcAt+KcKXH9AQWqww=,0Ms2J2Fos9tkoUuydHISTb7VdOE=
-40,-183,DUEB3ldOtgDcAt+KcKXH9AQWqww=,0Ms2J2Fos9tkoUuydHISTb7VdOE=
-39,-183,DUEB3ldOtgDcAt+KcKXH9AQWqww=,0Ms2J2Fos9tkoUuydHISTb7VdOE=
-59,-192,N3DlRqmNJHgkn2IYVBvQxrZpVvk=,oliAFwyamI+YLKO02S5hQmgemtg=
-58,-190,N3DlRqmNJHgkn2IYVBvQxrZpVvk=,oliAFwyamI+YLKO02S5hQmgemtg=
-59,-190,N3DlRqmNJHgkn2IYVBvQxrZpVvk=,oliAFwyamI+YLKO02S5hQmgemtg=
-61,-192,N3DlRqmNJHgkn2IYVBvQxrZpVvk=,oliAFwyamI+YLKO02S5hQmgemtg=
-59,-191,YVowuYPferIrnTik9iUARTBuE14=,oliAFwyamI+YLKO02S5hQmgemtg=
-63,-192,YVowuYPferIrnTik9iUARTBuE14=,oliAFwyamI+YLKO02S5hQmgemtg=
-60,-191,YVowuYPferIrnTik9iUARTBuE14=,oliAFwyamI+YLKO02S5hQmgemtg=
-60,-190,liVmI3ik3Lv58E1c8oabyLoK2HQ=,oliAFwyamI+YLKO02S5hQmgemtg=
-62,-189,liVmI3ik3Lv58E1c8oabyLoK2HQ=,oliAFwyamI+YLKO02S5hQmgemtg=
-56,-189,liVmI3ik3Lv58E1c8oabyLoK2HQ=,oliAFwyamI+YLKO02S5hQmgemtg=
-61,-189,3OazgWS/kf9QX7Sxm/N2DAHJEfk=,oliAFwyamI+YLKO02S5hQmgemtg=
-55,-189,3OazgWS/kf9QX7Sxm/N2DAHJEfk=,oliAFwyamI+YLKO02S5hQmgemtg=
-57,-189,3OazgWS/kf9QX7Sxm/N2DAHJEfk=,oliAFwyamI+YLKO02S5hQmgemtg=
-60,-189,GJ4SdnHhEfYvH5VxsNdeMmastL4=,oliAFwyamI+YLKO02S5hQmgemtg=
-49,-177,GJ4SdnHhEfYvH5VxsNdeMmastL4=,oliAFwyamI+YLKO02S5hQmgemtg=
-58,-189,GJ4SdnHhEfYvH5VxsNdeMmastL4=,oliAFwyamI+YLKO02S5hQmgemtg=
-59,-189,TFOXboOmtNhueArD9pK0xvG3tyo=,oliAFwyamI+YLKO02S5hQmgemtg=
-50,-177,TFOXboOmtNhueArD9pK0xvG3tyo=,oliAFwyamI+YLKO02S5hQmgemtg=
-52,-177,TFOXboOmtNhueArD9pK0xvG3tyo=,oliAFwyamI+YLKO02S5hQmgemtg=
-53,-177,TFOXboOmtNhueArD9pK0xvG3tyo=,oliAFwyamI+YLKO02S5hQmgemtg=
-54,-177,TFOXboOmtNhueArD9pK0xvG3tyo=,oliAFwyamI+YLKO02S5hQmgemtg=
-54,-189,TFOXboOmtNhueArD9pK0xvG3tyo=,oliAFwyamI+YLKO02S5hQmgemtg=
-51,-177,TFOXboOmtNhueArD9pK0xvG3tyo=,oliAFwyamI+YLKO02S5hQmgemtg=
-56,-177,TFOXboOmtNhueArD9pK0xvG3tyo=,oliAFwyamI+YLKO02S5hQmgemtg=
-55,-177,TFOXboOmtNhueArD9pK0xvG3tyo=,oliAFwyamI+YLKO02S5hQmgemtg=
-62,-177,TFOXboOmtNhueArD9pK0xvG3tyo=,oliAFwyamI+YLKO02S5hQmgemtg=
-57,-177,TFOXboOmtNhueArD9pK0xvG3tyo=,oliAFwyamI+YLKO02S5hQmgemtg=
-60,-192,TFOXboOmtNhueArD9pK0xvG3tyo=,oliAFwyamI+YLKO02S5hQmgemtg=
-61,-177,TFOXboOmtNhueArD9pK0xvG3tyo=,oliAFwyamI+YLKO02S5hQmgemtg=
-60,-177,TFOXboOmtNhueArD9pK0xvG3tyo=,oliAFwyamI+YLKO02S5hQmgemtg=
-61,-190,TFOXboOmtNhueArD9pK0xvG3tyo=,oliAFwyamI+YLKO02S5hQmgemtg=
-63,-177,TFOXboOmtNhueArD9pK0xvG3tyo=,oliAFwyamI+YLKO02S5hQmgemtg=
-59,-177,TFOXboOmtNhueArD9pK0xvG3tyo=,oliAFwyamI+YLKO02S5hQmgemtg=
-58,-177,TFOXboOmtNhueArD9pK0xvG3tyo=,oliAFwyamI+YLKO02S5hQmgemtg=
-64,-177,TFOXboOmtNhueArD9pK0xvG3tyo=,oliAFwyamI+YLKO02S5hQmgemtg=
-49,-178,TFOXboOmtNhueArD9pK0xvG3tyo=,oliAFwyamI+YLKO02S5hQmgemtg=
-63,-189,TFOXboOmtNhueArD9pK0xvG3tyo=,oliAFwyamI+YLKO02S5hQmgemtg=
-53,-189,TFOXboOmtNhueArD9pK0xvG3tyo=,oliAFwyamI+YLKO02S5hQmgemtg=
-51,-178,TFOXboOmtNhueArD9pK0xvG3tyo=,oliAFwyamI+YLKO02S5hQmgemtg=
-53,-178,TFOXboOmtNhueArD9pK0xvG3tyo=,oliAFwyamI+YLKO02S5hQmgemtg=
-54,-178,TFOXboOmtNhueArD9pK0xvG3tyo=,oliAFwyamI+YLKO02S5hQmgemtg=
-55,-178,TFOXboOmtNhueArD9pK0xvG3tyo=,oliAFwyamI+YLKO02S5hQmgemtg=
-52,-178,TFOXboOmtNhueArD9pK0xvG3tyo=,oliAFwyamI+YLKO02S5hQmgemtg=
-56,-178,TFOXboOmtNhueArD9pK0xvG3tyo=,oliAFwyamI+YLKO02S5hQmgemtg=
-50,-178,TFOXboOmtNhueArD9pK0xvG3tyo=,oliAFwyamI+YLKO02S5hQmgemtg=
-57,-178,TFOXboOmtNhueArD9pK0xvG3tyo=,oliAFwyamI+YLKO02S5hQmgemtg=
-60,-178,TFOXboOmtNhueArD9pK0xvG3tyo=,oliAFwyamI+YLKO02S5hQmgemtg=
-61,-191,TFOXboOmtNhueArD9pK0xvG3tyo=,oliAFwyamI+YLKO02S5hQmgemtg=
-62,-190,TFOXboOmtNhueArD9pK0xvG3tyo=,oliAFwyamI+YLKO02S5hQmgemtg=
-62,-178,TFOXboOmtNhueArD9pK0xvG3tyo=,oliAFwyamI+YLKO02S5hQmgemtg=
-61,-178,TFOXboOmtNhueArD9pK0xvG3tyo=,oliAFwyamI+YLKO02S5hQmgemtg=
-59,-178,TFOXboOmtNhueArD9pK0xvG3tyo=,oliAFwyamI+YLKO02S5hQmgemtg=
-63,-178,TFOXboOmtNhueArD9pK0xvG3tyo=,oliAFwyamI+YLKO02S5hQmgemtg=
-58,-178,TFOXboOmtNhueArD9pK0xvG3tyo=,oliAFwyamI+YLKO02S5hQmgemtg=
-52,-189,TFOXboOmtNhueArD9pK0xvG3tyo=,oliAFwyamI+YLKO02S5hQmgemtg=
-64,-178,TFOXboOmtNhueArD9pK0xvG3tyo=,oliAFwyamI+YLKO02S5hQmgemtg=
-51,-189,TFOXboOmtNhueArD9pK0xvG3tyo=,oliAFwyamI+YLKO02S5hQmgemtg=
-49,-179,TFOXboOmtNhueArD9pK0xvG3tyo=,oliAFwyamI+YLKO02S5hQmgemtg=
-53,-179,TFOXboOmtNhueArD9pK0xvG3tyo=,oliAFwyamI+YLKO02S5hQmgemtg=
-54,-179,TFOXboOmtNhueArD9pK0xvG3tyo=,oliAFwyamI+YLKO02S5hQmgemtg=
-51,-179,TFOXboOmtNhueArD9pK0xvG3tyo=,oliAFwyamI+YLKO02S5hQmgemtg=
-52,-179,TFOXboOmtNhueArD9pK0xvG3tyo=,oliAFwyamI+YLKO02S5hQmgemtg=
-50,-179,TFOXboOmtNhueArD9pK0xvG3tyo=,oliAFwyamI+YLKO02S5hQmgemtg=
-57,-179,TFOXboOmtNhueArD9pK0xvG3tyo=,oliAFwyamI+YLKO02S5hQmgemtg=
-61,-179,TFOXboOmtNhueArD9pK0xvG3tyo=,oliAFwyamI+YLKO02S5hQmgemtg=
-55,-179,TFOXboOmtNhueArD9pK0xvG3tyo=,oliAFwyamI+YLKO02S5hQmgemtg=
-56,-179,TFOXboOmtNhueArD9pK0xvG3tyo=,oliAFwyamI+YLKO02S5hQmgemtg=
-62,-191,TFOXboOmtNhueArD9pK0xvG3tyo=,oliAFwyamI+YLKO02S5hQmgemtg=
-63,-190,TFOXboOmtNhueArD9pK0xvG3tyo=,oliAFwyamI+YLKO02S5hQmgemtg=
-50,-189,TFOXboOmtNhueArD9pK0xvG3tyo=,oliAFwyamI+YLKO02S5hQmgemtg=
-58,-179,TFOXboOmtNhueArD9pK0xvG3tyo=,oliAFwyamI+YLKO02S5hQmgemtg=
-60,-179,TFOXboOmtNhueArD9pK0xvG3tyo=,oliAFwyamI+YLKO02S5hQmgemtg=
-59,-179,TFOXboOmtNhueArD9pK0xvG3tyo=,oliAFwyamI+YLKO02S5hQmgemtg=
-63,-179,TFOXboOmtNhueArD9pK0xvG3tyo=,oliAFwyamI+YLKO02S5hQmgemtg=
-62,-179,TFOXboOmtNhueArD9pK0xvG3tyo=,oliAFwyamI+YLKO02S5hQmgemtg=
-64,-179,TFOXboOmtNhueArD9pK0xvG3tyo=,oliAFwyamI+YLKO02S5hQmgemtg=
-49,-189,TFOXboOmtNhueArD9pK0xvG3tyo=,oliAFwyamI+YLKO02S5hQmgemtg=
-58,-191,TFOXboOmtNhueArD9pK0xvG3tyo=,oliAFwyamI+YLKO02S5hQmgemtg=
-58,-192,TFOXboOmtNhueArD9pK0xvG3tyo=,oliAFwyamI+YLKO02S5hQmgemtg=
-57,-190,TFOXboOmtNhueArD9pK0xvG3tyo=,oliAFwyamI+YLKO02S5hQmgemtg=
-50,-180,TFOXboOmtNhueArD9pK0xvG3tyo=,oliAFwyamI+YLKO02S5hQmgemtg=
-52,-180,TFOXboOmtNhueArD9pK0xvG3tyo=,oliAFwyamI+YLKO02S5hQmgemtg=
-51,-180,TFOXboOmtNhueArD9pK0xvG3tyo=,oliAFwyamI+YLKO02S5hQmgemtg=
-53,-180,TFOXboOmtNhueArD9pK0xvG3tyo=,oliAFwyamI+YLKO02S5hQmgemtg=
-54,-180,TFOXboOmtNhueArD9pK0xvG3tyo=,oliAFwyamI+YLKO02S5hQmgemtg=
-49,-180,TFOXboOmtNhueArD9pK0xvG3tyo=,oliAFwyamI+YLKO02S5hQmgemtg=
-55,-180,TFOXboOmtNhueArD9pK0xvG3tyo=,oliAFwyamI+YLKO02S5hQmgemtg=
-61,-180,TFOXboOmtNhueArD9pK0xvG3tyo=,oliAFwyamI+YLKO02S5hQmgemtg=
-56,-180,TFOXboOmtNhueArD9pK0xvG3tyo=,oliAFwyamI+YLKO02S5hQmgemtg=
-57,-180,TFOXboOmtNhueArD9pK0xvG3tyo=,oliAFwyamI+YLKO02S5hQmgemtg=
-58,-180,TFOXboOmtNhueArD9pK0xvG3tyo=,oliAFwyamI+YLKO02S5hQmgemtg=
-63,-191,TFOXboOmtNhueArD9pK0xvG3tyo=,oliAFwyamI+YLKO02S5hQmgemtg=
-64,-191,TFOXboOmtNhueArD9pK0xvG3tyo=,oliAFwyamI+YLKO02S5hQmgemtg=
-62,-192,TFOXboOmtNhueArD9pK0xvG3tyo=,oliAFwyamI+YLKO02S5hQmgemtg=
-59,-180,TFOXboOmtNhueArD9pK0xvG3tyo=,oliAFwyamI+YLKO02S5hQmgemtg=
-49,-192,TFOXboOmtNhueArD9pK0xvG3tyo=,oliAFwyamI+YLKO02S5hQmgemtg=
-60,-180,TFOXboOmtNhueArD9pK0xvG3tyo=,oliAFwyamI+YLKO02S5hQmgemtg=
-63,-180,TFOXboOmtNhueArD9pK0xvG3tyo=,oliAFwyamI+YLKO02S5hQmgemtg=
-50,-192,TFOXboOmtNhueArD9pK0xvG3tyo=,oliAFwyamI+YLKO02S5hQmgemtg=
-49,-190,TFOXboOmtNhueArD9pK0xvG3tyo=,oliAFwyamI+YLKO02S5hQmgemtg=
-49,-191,TFOXboOmtNhueArD9pK0xvG3tyo=,oliAFwyamI+YLKO02S5hQmgemtg=
-50,-191,TFOXboOmtNhueArD9pK0xvG3tyo=,oliAFwyamI+YLKO02S5hQmgemtg=
-62,-180,TFOXboOmtNhueArD9pK0xvG3tyo=,oliAFwyamI+YLKO02S5hQmgemtg=
-64,-190,TFOXboOmtNhueArD9pK0xvG3tyo=,oliAFwyamI+YLKO02S5hQmgemtg=
-64,-180,TFOXboOmtNhueArD9pK0xvG3tyo=,oliAFwyamI+YLKO02S5hQmgemtg=
-64,-188,TFOXboOmtNhueArD9pK0xvG3tyo=,oliAFwyamI+YLKO02S5hQmgemtg=
-51,-181,TFOXboOmtNhueArD9pK0xvG3tyo=,oliAFwyamI+YLKO02S5hQmgemtg=
-50,-181,TFOXboOmtNhueArD9pK0xvG3tyo=,oliAFwyamI+YLKO02S5hQmgemtg=
-63,-188,TFOXboOmtNhueArD9pK0xvG3tyo=,oliAFwyamI+YLKO02S5hQmgemtg=
-53,-181,TFOXboOmtNhueArD9pK0xvG3tyo=,oliAFwyamI+YLKO02S5hQmgemtg=
-52,-181,TFOXboOmtNhueArD9pK0xvG3tyo=,oliAFwyamI+YLKO02S5hQmgemtg=
-64,-189,TFOXboOmtNhueArD9pK0xvG3tyo=,oliAFwyamI+YLKO02S5hQmgemtg=
-49,-181,TFOXboOmtNhueArD9pK0xvG3tyo=,oliAFwyamI+YLKO02S5hQmgemtg=
-55,-181,TFOXboOmtNhueArD9pK0xvG3tyo=,oliAFwyamI+YLKO02S5hQmgemtg=
-56,-181,TFOXboOmtNhueArD9pK0xvG3tyo=,oliAFwyamI+YLKO02S5hQmgemtg=
-54,-181,TFOXboOmtNhueArD9pK0xvG3tyo=,oliAFwyamI+YLKO02S5hQmgemtg=
-62,-181,TFOXboOmtNhueArD9pK0xvG3tyo=,oliAFwyamI+YLKO02S5hQmgemtg=
-61,-181,TFOXboOmtNhueArD9pK0xvG3tyo=,oliAFwyamI+YLKO02S5hQmgemtg=
-51,-192,TFOXboOmtNhueArD9pK0xvG3tyo=,oliAFwyamI+YLKO02S5hQmgemtg=
-50,-190,TFOXboOmtNhueArD9pK0xvG3tyo=,oliAFwyamI+YLKO02S5hQmgemtg=
-59,-181,TFOXboOmtNhueArD9pK0xvG3tyo=,oliAFwyamI+YLKO02S5hQmgemtg=
-57,-181,TFOXboOmtNhueArD9pK0xvG3tyo=,oliAFwyamI+YLKO02S5hQmgemtg=
-51,-191,TFOXboOmtNhueArD9pK0xvG3tyo=,oliAFwyamI+YLKO02S5hQmgemtg=
-58,-181,TFOXboOmtNhueArD9pK0xvG3tyo=,oliAFwyamI+YLKO02S5hQmgemtg=
-60,-181,TFOXboOmtNhueArD9pK0xvG3tyo=,oliAFwyamI+YLKO02S5hQmgemtg=
-62,-188,TFOXboOmtNhueArD9pK0xvG3tyo=,oliAFwyamI+YLKO02S5hQmgemtg=
-63,-181,TFOXboOmtNhueArD9pK0xvG3tyo=,oliAFwyamI+YLKO02S5hQmgemtg=
-64,-181,TFOXboOmtNhueArD9pK0xvG3tyo=,oliAFwyamI+YLKO02S5hQmgemtg=
-51,-182,TFOXboOmtNhueArD9pK0xvG3tyo=,oliAFwyamI+YLKO02S5hQmgemtg=
-53,-182,TFOXboOmtNhueArD9pK0xvG3tyo=,oliAFwyamI+YLKO02S5hQmgemtg=
-49,-182,TFOXboOmtNhueArD9pK0xvG3tyo=,oliAFwyamI+YLKO02S5hQmgemtg=
-52,-182,TFOXboOmtNhueArD9pK0xvG3tyo=,oliAFwyamI+YLKO02S5hQmgemtg=
-50,-182,TFOXboOmtNhueArD9pK0xvG3tyo=,oliAFwyamI+YLKO02S5hQmgemtg=
-54,-182,TFOXboOmtNhueArD9pK0xvG3tyo=,oliAFwyamI+YLKO02S5hQmgemtg=
-55,-182,TFOXboOmtNhueArD9pK0xvG3tyo=,oliAFwyamI+YLKO02S5hQmgemtg=
-56,-182,TFOXboOmtNhueArD9pK0xvG3tyo=,oliAFwyamI+YLKO02S5hQmgemtg=
-58,-182,TFOXboOmtNhueArD9pK0xvG3tyo=,oliAFwyamI+YLKO02S5hQmgemtg=
-61,-188,TFOXboOmtNhueArD9pK0xvG3tyo=,oliAFwyamI+YLKO02S5hQmgemtg=
-57,-182,TFOXboOmtNhueArD9pK0xvG3tyo=,oliAFwyamI+YLKO02S5hQmgemtg=
-61,-182,TFOXboOmtNhueArD9pK0xvG3tyo=,oliAFwyamI+YLKO02S5hQmgemtg=
-52,-192,TFOXboOmtNhueArD9pK0xvG3tyo=,oliAFwyamI+YLKO02S5hQmgemtg=
-51,-190,TFOXboOmtNhueArD9pK0xvG3tyo=,oliAFwyamI+YLKO02S5hQmgemtg=
-59,-182,TFOXboOmtNhueArD9pK0xvG3tyo=,oliAFwyamI+YLKO02S5hQmgemtg=
-52,-191,TFOXboOmtNhueArD9pK0xvG3tyo=,oliAFwyamI+YLKO02S5hQmgemtg=
-60,-182,TFOXboOmtNhueArD9pK0xvG3tyo=,oliAFwyamI+YLKO02S5hQmgemtg=
-62,-182,TFOXboOmtNhueArD9pK0xvG3tyo=,oliAFwyamI+YLKO02S5hQmgemtg=
-50,-183,TFOXboOmtNhueArD9pK0xvG3tyo=,oliAFwyamI+YLKO02S5hQmgemtg=
-63,-182,TFOXboOmtNhueArD9pK0xvG3tyo=,oliAFwyamI+YLKO02S5hQmgemtg=
-64,-182,TFOXboOmtNhueArD9pK0xvG3tyo=,oliAFwyamI+YLKO02S5hQmgemtg=
-49,-183,TFOXboOmtNhueArD9pK0xvG3tyo=,oliAFwyamI+YLKO02S5hQmgemtg=
-51,-183,TFOXboOmtNhueArD9pK0xvG3tyo=,oliAFwyamI+YLKO02S5hQmgemtg=
-60,-188,TFOXboOmtNhueArD9pK0xvG3tyo=,oliAFwyamI+YLKO02S5hQmgemtg=
-52,-183,TFOXboOmtNhueArD9pK0xvG3tyo=,oliAFwyamI+YLKO02S5hQmgemtg=
-53,-183,TFOXboOmtNhueArD9pK0xvG3tyo=,oliAFwyamI+YLKO02S5hQmgemtg=
-54,-183,TFOXboOmtNhueArD9pK0xvG3tyo=,oliAFwyamI+YLKO02S5hQmgemtg=
-56,-183,TFOXboOmtNhueArD9pK0xvG3tyo=,oliAFwyamI+YLKO02S5hQmgemtg=
-57,-183,TFOXboOmtNhueArD9pK0xvG3tyo=,oliAFwyamI+YLKO02S5hQmgemtg=
-62,-183,TFOXboOmtNhueArD9pK0xvG3tyo=,oliAFwyamI+YLKO02S5hQmgemtg=
-58,-183,TFOXboOmtNhueArD9pK0xvG3tyo=,oliAFwyamI+YLKO02S5hQmgemtg=
-61,-183,TFOXboOmtNhueArD9pK0xvG3tyo=,oliAFwyamI+YLKO02S5hQmgemtg=
-53,-192,TFOXboOmtNhueArD9pK0xvG3tyo=,oliAFwyamI+YLKO02S5hQmgemtg=
-52,-190,TFOXboOmtNhueArD9pK0xvG3tyo=,oliAFwyamI+YLKO02S5hQmgemtg=
-60,-183,TFOXboOmtNhueArD9pK0xvG3tyo=,oliAFwyamI+YLKO02S5hQmgemtg=
-53,-191,TFOXboOmtNhueArD9pK0xvG3tyo=,oliAFwyamI+YLKO02S5hQmgemtg=
-59,-183,TFOXboOmtNhueArD9pK0xvG3tyo=,oliAFwyamI+YLKO02S5hQmgemtg=
-55,-183,TFOXboOmtNhueArD9pK0xvG3tyo=,oliAFwyamI+YLKO02S5hQmgemtg=
-63,-183,TFOXboOmtNhueArD9pK0xvG3tyo=,oliAFwyamI+YLKO02S5hQmgemtg=
-59,-188,TFOXboOmtNhueArD9pK0xvG3tyo=,oliAFwyamI+YLKO02S5hQmgemtg=
-64,-183,TFOXboOmtNhueArD9pK0xvG3tyo=,oliAFwyamI+YLKO02S5hQmgemtg=
-49,-184,TFOXboOmtNhueArD9pK0xvG3tyo=,oliAFwyamI+YLKO02S5hQmgemtg=
-50,-184,TFOXboOmtNhueArD9pK0xvG3tyo=,oliAFwyamI+YLKO02S5hQmgemtg=
-51,-184,TFOXboOmtNhueArD9pK0xvG3tyo=,oliAFwyamI+YLKO02S5hQmgemtg=
-52,-184,TFOXboOmtNhueArD9pK0xvG3tyo=,oliAFwyamI+YLKO02S5hQmgemtg=
-53,-184,TFOXboOmtNhueArD9pK0xvG3tyo=,oliAFwyamI+YLKO02S5hQmgemtg=
-58,-188,TFOXboOmtNhueArD9pK0xvG3tyo=,oliAFwyamI+YLKO02S5hQmgemtg=
-64,-192,TFOXboOmtNhueArD9pK0xvG3tyo=,oliAFwyamI+YLKO02S5hQmgemtg=
-58,-184,TFOXboOmtNhueArD9pK0xvG3tyo=,oliAFwyamI+YLKO02S5hQmgemtg=
-59,-184,TFOXboOmtNhueArD9pK0xvG3tyo=,oliAFwyamI+YLKO02S5hQmgemtg=
-60,-184,TFOXboOmtNhueArD9pK0xvG3tyo=,oliAFwyamI+YLKO02S5hQmgemtg=
-61,-184,TFOXboOmtNhueArD9pK0xvG3tyo=,oliAFwyamI+YLKO02S5hQmgemtg=
-55,-184,TFOXboOmtNhueArD9pK0xvG3tyo=,oliAFwyamI+YLKO02S5hQmgemtg=
-62,-184,TFOXboOmtNhueArD9pK0xvG3tyo=,oliAFwyamI+YLKO02S5hQmgemtg=
-54,-192,TFOXboOmtNhueArD9pK0xvG3tyo=,oliAFwyamI+YLKO02S5hQmgemtg=
-53,-190,TFOXboOmtNhueArD9pK0xvG3tyo=,oliAFwyamI+YLKO02S5hQmgemtg=
-54,-184,TFOXboOmtNhueArD9pK0xvG3tyo=,oliAFwyamI+YLKO02S5hQmgemtg=
-54,-191,TFOXboOmtNhueArD9pK0xvG3tyo=,oliAFwyamI+YLKO02S5hQmgemtg=
-57,-184,TFOXboOmtNhueArD9pK0xvG3tyo=,oliAFwyamI+YLKO02S5hQmgemtg=
-64,-184,TFOXboOmtNhueArD9pK0xvG3tyo=,oliAFwyamI+YLKO02S5hQmgemtg=
-57,-188,TFOXboOmtNhueArD9pK0xvG3tyo=,oliAFwyamI+YLKO02S5hQmgemtg=
-56,-184,TFOXboOmtNhueArD9pK0xvG3tyo=,oliAFwyamI+YLKO02S5hQmgemtg=
-63,-184,TFOXboOmtNhueArD9pK0xvG3tyo=,oliAFwyamI+YLKO02S5hQmgemtg=
-51,-185,TFOXboOmtNhueArD9pK0xvG3tyo=,oliAFwyamI+YLKO02S5hQmgemtg=
-49,-185,TFOXboOmtNhueArD9pK0xvG3tyo=,oliAFwyamI+YLKO02S5hQmgemtg=
-50,-185,TFOXboOmtNhueArD9pK0xvG3tyo=,oliAFwyamI+YLKO02S5hQmgemtg=
-52,-185,TFOXboOmtNhueArD9pK0xvG3tyo=,oliAFwyamI+YLKO02S5hQmgemtg=
-56,-188,TFOXboOmtNhueArD9pK0xvG3tyo=,oliAFwyamI+YLKO02S5hQmgemtg=
-53,-185,TFOXboOmtNhueArD9pK0xvG3tyo=,oliAFwyamI+YLKO02S5hQmgemtg=
-55,-185,TFOXboOmtNhueArD9pK0xvG3tyo=,oliAFwyamI+YLKO02S5hQmgemtg=
-54,-185,TFOXboOmtNhueArD9pK0xvG3tyo=,oliAFwyamI+YLKO02S5hQmgemtg=
-62,-185,TFOXboOmtNhueArD9pK0xvG3tyo=,oliAFwyamI+YLKO02S5hQmgemtg=
-58,-185,TFOXboOmtNhueArD9pK0xvG3tyo=,oliAFwyamI+YLKO02S5hQmgemtg=
-55,-192,TFOXboOmtNhueArD9pK0xvG3tyo=,oliAFwyamI+YLKO02S5hQmgemtg=
-57,-185,TFOXboOmtNhueArD9pK0xvG3tyo=,oliAFwyamI+YLKO02S5hQmgemtg=
-61,-185,TFOXboOmtNhueArD9pK0xvG3tyo=,oliAFwyamI+YLKO02S5hQmgemtg=
-55,-191,TFOXboOmtNhueArD9pK0xvG3tyo=,oliAFwyamI+YLKO02S5hQmgemtg=
-54,-190,TFOXboOmtNhueArD9pK0xvG3tyo=,oliAFwyamI+YLKO02S5hQmgemtg=
-59,-185,TFOXboOmtNhueArD9pK0xvG3tyo=,oliAFwyamI+YLKO02S5hQmgemtg=
-56,-185,TFOXboOmtNhueArD9pK0xvG3tyo=,oliAFwyamI+YLKO02S5hQmgemtg=
-55,-188,TFOXboOmtNhueArD9pK0xvG3tyo=,oliAFwyamI+YLKO02S5hQmgemtg=
-63,-185,TFOXboOmtNhueArD9pK0xvG3tyo=,oliAFwyamI+YLKO02S5hQmgemtg=
-60,-185,TFOXboOmtNhueArD9pK0xvG3tyo=,oliAFwyamI+YLKO02S5hQmgemtg=
-49,-186,TFOXboOmtNhueArD9pK0xvG3tyo=,oliAFwyamI+YLKO02S5hQmgemtg=
-51,-186,TFOXboOmtNhueArD9pK0xvG3tyo=,oliAFwyamI+YLKO02S5hQmgemtg=
-54,-188,TFOXboOmtNhueArD9pK0xvG3tyo=,oliAFwyamI+YLKO02S5hQmgemtg=
-52,-186,TFOXboOmtNhueArD9pK0xvG3tyo=,oliAFwyamI+YLKO02S5hQmgemtg=
-53,-186,TFOXboOmtNhueArD9pK0xvG3tyo=,oliAFwyamI+YLKO02S5hQmgemtg=
-53,-188,TFOXboOmtNhueArD9pK0xvG3tyo=,oliAFwyamI+YLKO02S5hQmgemtg=
-56,-186,TFOXboOmtNhueArD9pK0xvG3tyo=,oliAFwyamI+YLKO02S5hQmgemtg=
-64,-185,TFOXboOmtNhueArD9pK0xvG3tyo=,oliAFwyamI+YLKO02S5hQmgemtg=
-50,-186,TFOXboOmtNhueArD9pK0xvG3tyo=,oliAFwyamI+YLKO02S5hQmgemtg=
-54,-186,TFOXboOmtNhueArD9pK0xvG3tyo=,oliAFwyamI+YLKO02S5hQmgemtg=
-55,-186,TFOXboOmtNhueArD9pK0xvG3tyo=,oliAFwyamI+YLKO02S5hQmgemtg=
-62,-186,TFOXboOmtNhueArD9pK0xvG3tyo=,oliAFwyamI+YLKO02S5hQmgemtg=
-57,-186,TFOXboOmtNhueArD9pK0xvG3tyo=,oliAFwyamI+YLKO02S5hQmgemtg=
-55,-190,TFOXboOmtNhueArD9pK0xvG3tyo=,oliAFwyamI+YLKO02S5hQmgemtg=
-56,-192,TFOXboOmtNhueArD9pK0xvG3tyo=,oliAFwyamI+YLKO02S5hQmgemtg=
-52,-188,TFOXboOmtNhueArD9pK0xvG3tyo=,oliAFwyamI+YLKO02S5hQmgemtg=
-58,-186,TFOXboOmtNhueArD9pK0xvG3tyo=,oliAFwyamI+YLKO02S5hQmgemtg=
-63,-186,TFOXboOmtNhueArD9pK0xvG3tyo=,oliAFwyamI+YLKO02S5hQmgemtg=
-56,-191,TFOXboOmtNhueArD9pK0xvG3tyo=,oliAFwyamI+YLKO02S5hQmgemtg=
-61,-186,TFOXboOmtNhueArD9pK0xvG3tyo=,oliAFwyamI+YLKO02S5hQmgemtg=
-51,-188,TFOXboOmtNhueArD9pK0xvG3tyo=,oliAFwyamI+YLKO02S5hQmgemtg=
-59,-186,TFOXboOmtNhueArD9pK0xvG3tyo=,oliAFwyamI+YLKO02S5hQmgemtg=
-60,-186,TFOXboOmtNhueArD9pK0xvG3tyo=,oliAFwyamI+YLKO02S5hQmgemtg=
-49,-187,TFOXboOmtNhueArD9pK0xvG3tyo=,oliAFwyamI+YLKO02S5hQmgemtg=
-64,-186,TFOXboOmtNhueArD9pK0xvG3tyo=,oliAFwyamI+YLKO02S5hQmgemtg=
-50,-187,TFOXboOmtNhueArD9pK0xvG3tyo=,oliAFwyamI+YLKO02S5hQmgemtg=
-51,-187,TFOXboOmtNhueArD9pK0xvG3tyo=,oliAFwyamI+YLKO02S5hQmgemtg=
-50,-188,TFOXboOmtNhueArD9pK0xvG3tyo=,oliAFwyamI+YLKO02S5hQmgemtg=
-52,-187,TFOXboOmtNhueArD9pK0xvG3tyo=,oliAFwyamI+YLKO02S5hQmgemtg=
-53,-187,TFOXboOmtNhueArD9pK0xvG3tyo=,oliAFwyamI+YLKO02S5hQmgemtg=
-56,-187,TFOXboOmtNhueArD9pK0xvG3tyo=,oliAFwyamI+YLKO02S5hQmgemtg=
-57,-187,TFOXboOmtNhueArD9pK0xvG3tyo=,oliAFwyamI+YLKO02S5hQmgemtg=
-55,-187,TFOXboOmtNhueArD9pK0xvG3tyo=,oliAFwyamI+YLKO02S5hQmgemtg=
-54,-187,TFOXboOmtNhueArD9pK0xvG3tyo=,oliAFwyamI+YLKO02S5hQmgemtg=
-49,-188,TFOXboOmtNhueArD9pK0xvG3tyo=,oliAFwyamI+YLKO02S5hQmgemtg=
-57,-191,TFOXboOmtNhueArD9pK0xvG3tyo=,oliAFwyamI+YLKO02S5hQmgemtg=
-57,-192,TFOXboOmtNhueArD9pK0xvG3tyo=,oliAFwyamI+YLKO02S5hQmgemtg=
-62,-187,TFOXboOmtNhueArD9pK0xvG3tyo=,oliAFwyamI+YLKO02S5hQmgemtg=
-56,-190,TFOXboOmtNhueArD9pK0xvG3tyo=,oliAFwyamI+YLKO02S5hQmgemtg=
-58,-187,TFOXboOmtNhueArD9pK0xvG3tyo=,oliAFwyamI+YLKO02S5hQmgemtg=
-63,-187,TFOXboOmtNhueArD9pK0xvG3tyo=,oliAFwyamI+YLKO02S5hQmgemtg=
-59,-187,TFOXboOmtNhueArD9pK0xvG3tyo=,oliAFwyamI+YLKO02S5hQmgemtg=
-60,-187,TFOXboOmtNhueArD9pK0xvG3tyo=,oliAFwyamI+YLKO02S5hQmgemtg=
-61,-187,TFOXboOmtNhueArD9pK0xvG3tyo=,oliAFwyamI+YLKO02S5hQmgemtg=
-64,-187,TFOXboOmtNhueArD9pK0xvG3tyo=,oliAFwyamI+YLKO02S5hQmgemtg=
-62,-173,KMjM6g0c2cOXSfJw9W51b+GTdB4=,g6HnDbBk2pynstVeI0YwcFZoV7M=
-61,-173,KMjM6g0c2cOXSfJw9W51b+GTdB4=,g6HnDbBk2pynstVeI0YwcFZoV7M=
-63,-176,KMjM6g0c2cOXSfJw9W51b+GTdB4=,g6HnDbBk2pynstVeI0YwcFZoV7M=
-60,-173,TPiGPXdJ0M3Mw51a6SHXUalWAew=,g6HnDbBk2pynstVeI0YwcFZoV7M=
-60,-175,TPiGPXdJ0M3Mw51a6SHXUalWAew=,g6HnDbBk2pynstVeI0YwcFZoV7M=
-59,-175,TPiGPXdJ0M3Mw51a6SHXUalWAew=,g6HnDbBk2pynstVeI0YwcFZoV7M=
-57,-173,aO83cbD+eo4XneCcE+dawvc6QJ4=,g6HnDbBk2pynstVeI0YwcFZoV7M=
-58,-173,aO83cbD+eo4XneCcE+dawvc6QJ4=,g6HnDbBk2pynstVeI0YwcFZoV7M=
-59,-174,aO83cbD+eo4XneCcE+dawvc6QJ4=,g6HnDbBk2pynstVeI0YwcFZoV7M=
-60,-174,aO83cbD+eo4XneCcE+dawvc6QJ4=,g6HnDbBk2pynstVeI0YwcFZoV7M=
-56,-173,4pJYJgfq1Yof7SI1NfeWdNaNlEg=,g6HnDbBk2pynstVeI0YwcFZoV7M=
-61,-176,4pJYJgfq1Yof7SI1NfeWdNaNlEg=,g6HnDbBk2pynstVeI0YwcFZoV7M=
-49,-161,9PvfcEyiwUTdOK38vHicD2xzNrY=,g6HnDbBk2pynstVeI0YwcFZoV7M=
-59,-176,9PvfcEyiwUTdOK38vHicD2xzNrY=,g6HnDbBk2pynstVeI0YwcFZoV7M=
-50,-161,9PvfcEyiwUTdOK38vHicD2xzNrY=,g6HnDbBk2pynstVeI0YwcFZoV7M=
-51,-161,9PvfcEyiwUTdOK38vHicD2xzNrY=,g6HnDbBk2pynstVeI0YwcFZoV7M=
-55,-173,9PvfcEyiwUTdOK38vHicD2xzNrY=,g6HnDbBk2pynstVeI0YwcFZoV7M=
-52,-161,9PvfcEyiwUTdOK38vHicD2xzNrY=,g6HnDbBk2pynstVeI0YwcFZoV7M=
-53,-161,9PvfcEyiwUTdOK38vHicD2xzNrY=,g6HnDbBk2pynstVeI0YwcFZoV7M=
-58,-174,9PvfcEyiwUTdOK38vHicD2xzNrY=,g6HnDbBk2pynstVeI0YwcFZoV7M=
-55,-161,9PvfcEyiwUTdOK38vHicD2xzNrY=,g6HnDbBk2pynstVeI0YwcFZoV7M=
-56,-161,9PvfcEyiwUTdOK38vHicD2xzNrY=,g6HnDbBk2pynstVeI0YwcFZoV7M=
-59,-173,9PvfcEyiwUTdOK38vHicD2xzNrY=,g6HnDbBk2pynstVeI0YwcFZoV7M=
-57,-161,9PvfcEyiwUTdOK38vHicD2xzNrY=,g6HnDbBk2pynstVeI0YwcFZoV7M=
-59,-161,9PvfcEyiwUTdOK38vHicD2xzNrY=,g6HnDbBk2pynstVeI0YwcFZoV7M=
-54,-161,9PvfcEyiwUTdOK38vHicD2xzNrY=,g6HnDbBk2pynstVeI0YwcFZoV7M=
-62,-161,9PvfcEyiwUTdOK38vHicD2xzNrY=,g6HnDbBk2pynstVeI0YwcFZoV7M=
-63,-161,9PvfcEyiwUTdOK38vHicD2xzNrY=,g6HnDbBk2pynstVeI0YwcFZoV7M=
-60,-176,9PvfcEyiwUTdOK38vHicD2xzNrY=,g6HnDbBk2pynstVeI0YwcFZoV7M=
-61,-174,9PvfcEyiwUTdOK38vHicD2xzNrY=,g6HnDbBk2pynstVeI0YwcFZoV7M=
-63,-173,9PvfcEyiwUTdOK38vHicD2xzNrY=,g6HnDbBk2pynstVeI0YwcFZoV7M=
-51,-162,9PvfcEyiwUTdOK38vHicD2xzNrY=,g6HnDbBk2pynstVeI0YwcFZoV7M=
-64,-161,9PvfcEyiwUTdOK38vHicD2xzNrY=,g6HnDbBk2pynstVeI0YwcFZoV7M=
-50,-162,9PvfcEyiwUTdOK38vHicD2xzNrY=,g6HnDbBk2pynstVeI0YwcFZoV7M=
-52,-162,9PvfcEyiwUTdOK38vHicD2xzNrY=,g6HnDbBk2pynstVeI0YwcFZoV7M=
-54,-173,9PvfcEyiwUTdOK38vHicD2xzNrY=,g6HnDbBk2pynstVeI0YwcFZoV7M=
-54,-162,9PvfcEyiwUTdOK38vHicD2xzNrY=,g6HnDbBk2pynstVeI0YwcFZoV7M=
-61,-161,9PvfcEyiwUTdOK38vHicD2xzNrY=,g6HnDbBk2pynstVeI0YwcFZoV7M=
-58,-161,9PvfcEyiwUTdOK38vHicD2xzNrY=,g6HnDbBk2pynstVeI0YwcFZoV7M=
-60,-161,9PvfcEyiwUTdOK38vHicD2xzNrY=,g6HnDbBk2pynstVeI0YwcFZoV7M=
-53,-173,9PvfcEyiwUTdOK38vHicD2xzNrY=,g6HnDbBk2pynstVeI0YwcFZoV7M=
-55,-162,9PvfcEyiwUTdOK38vHicD2xzNrY=,g6HnDbBk2pynstVeI0YwcFZoV7M=
-58,-162,9PvfcEyiwUTdOK38vHicD2xzNrY=,g6HnDbBk2pynstVeI0YwcFZoV7M=
-60,-162,9PvfcEyiwUTdOK38vHicD2xzNrY=,g6HnDbBk2pynstVeI0YwcFZoV7M=
-61,-162,9PvfcEyiwUTdOK38vHicD2xzNrY=,g6HnDbBk2pynstVeI0YwcFZoV7M=
-59,-162,9PvfcEyiwUTdOK38vHicD2xzNrY=,g6HnDbBk2pynstVeI0YwcFZoV7M=
-61,-175,9PvfcEyiwUTdOK38vHicD2xzNrY=,g6HnDbBk2pynstVeI0YwcFZoV7M=
-62,-162,9PvfcEyiwUTdOK38vHicD2xzNrY=,g6HnDbBk2pynstVeI0YwcFZoV7M=
-52,-173,9PvfcEyiwUTdOK38vHicD2xzNrY=,g6HnDbBk2pynstVeI0YwcFZoV7M=
-62,-174,9PvfcEyiwUTdOK38vHicD2xzNrY=,g6HnDbBk2pynstVeI0YwcFZoV7M=
-56,-162,9PvfcEyiwUTdOK38vHicD2xzNrY=,g6HnDbBk2pynstVeI0YwcFZoV7M=
-64,-162,9PvfcEyiwUTdOK38vHicD2xzNrY=,g6HnDbBk2pynstVeI0YwcFZoV7M=
-57,-162,9PvfcEyiwUTdOK38vHicD2xzNrY=,g6HnDbBk2pynstVeI0YwcFZoV7M=
-49,-163,9PvfcEyiwUTdOK38vHicD2xzNrY=,g6HnDbBk2pynstVeI0YwcFZoV7M=
-50,-163,9PvfcEyiwUTdOK38vHicD2xzNrY=,g6HnDbBk2pynstVeI0YwcFZoV7M=
-51,-163,9PvfcEyiwUTdOK38vHicD2xzNrY=,g6HnDbBk2pynstVeI0YwcFZoV7M=
-54,-163,9PvfcEyiwUTdOK38vHicD2xzNrY=,g6HnDbBk2pynstVeI0YwcFZoV7M=
-51,-173,9PvfcEyiwUTdOK38vHicD2xzNrY=,g6HnDbBk2pynstVeI0YwcFZoV7M=
-52,-163,9PvfcEyiwUTdOK38vHicD2xzNrY=,g6HnDbBk2pynstVeI0YwcFZoV7M=
-53,-163,9PvfcEyiwUTdOK38vHicD2xzNrY=,g6HnDbBk2pynstVeI0YwcFZoV7M=
-55,-163,9PvfcEyiwUTdOK38vHicD2xzNrY=,g6HnDbBk2pynstVeI0YwcFZoV7M=
-53,-162,9PvfcEyiwUTdOK38vHicD2xzNrY=,g6HnDbBk2pynstVeI0YwcFZoV7M=
-57,-163,9PvfcEyiwUTdOK38vHicD2xzNrY=,g6HnDbBk2pynstVeI0YwcFZoV7M=
-49,-162,9PvfcEyiwUTdOK38vHicD2xzNrY=,g6HnDbBk2pynstVeI0YwcFZoV7M=
-58,-163,9PvfcEyiwUTdOK38vHicD2xzNrY=,g6HnDbBk2pynstVeI0YwcFZoV7M=
-63,-162,9PvfcEyiwUTdOK38vHicD2xzNrY=,g6HnDbBk2pynstVeI0YwcFZoV7M=
-56,-163,9PvfcEyiwUTdOK38vHicD2xzNrY=,g6HnDbBk2pynstVeI0YwcFZoV7M=
-59,-163,9PvfcEyiwUTdOK38vHicD2xzNrY=,g6HnDbBk2pynstVeI0YwcFZoV7M=
-63,-172,9PvfcEyiwUTdOK38vHicD2xzNrY=,g6HnDbBk2pynstVeI0YwcFZoV7M=
-60,-163,9PvfcEyiwUTdOK38vHicD2xzNrY=,g6HnDbBk2pynstVeI0YwcFZoV7M=
-62,-172,9PvfcEyiwUTdOK38vHicD2xzNrY=,g6HnDbBk2pynstVeI0YwcFZoV7M=
-58,-175,9PvfcEyiwUTdOK38vHicD2xzNrY=,g6HnDbBk2pynstVeI0YwcFZoV7M=
-58,-176,9PvfcEyiwUTdOK38vHicD2xzNrY=,g6HnDbBk2pynstVeI0YwcFZoV7M=
-61,-172,9PvfcEyiwUTdOK38vHicD2xzNrY=,g6HnDbBk2pynstVeI0YwcFZoV7M=
-64,-172,9PvfcEyiwUTdOK38vHicD2xzNrY=,g6HnDbBk2pynstVeI0YwcFZoV7M=
-50,-173,9PvfcEyiwUTdOK38vHicD2xzNrY=,g6HnDbBk2pynstVeI0YwcFZoV7M=
-57,-174,9PvfcEyiwUTdOK38vHicD2xzNrY=,g6HnDbBk2pynstVeI0YwcFZoV7M=
-60,-172,9PvfcEyiwUTdOK38vHicD2xzNrY=,g6HnDbBk2pynstVeI0YwcFZoV7M=
-59,-172,9PvfcEyiwUTdOK38vHicD2xzNrY=,g6HnDbBk2pynstVeI0YwcFZoV7M=
-58,-172,9PvfcEyiwUTdOK38vHicD2xzNrY=,g6HnDbBk2pynstVeI0YwcFZoV7M=
-49,-173,9PvfcEyiwUTdOK38vHicD2xzNrY=,g6HnDbBk2pynstVeI0YwcFZoV7M=
-64,-176,9PvfcEyiwUTdOK38vHicD2xzNrY=,g6HnDbBk2pynstVeI0YwcFZoV7M=
-56,-172,9PvfcEyiwUTdOK38vHicD2xzNrY=,g6HnDbBk2pynstVeI0YwcFZoV7M=
-57,-172,9PvfcEyiwUTdOK38vHicD2xzNrY=,g6HnDbBk2pynstVeI0YwcFZoV7M=
-55,-172,9PvfcEyiwUTdOK38vHicD2xzNrY=,g6HnDbBk2pynstVeI0YwcFZoV7M=
-54,-172,9PvfcEyiwUTdOK38vHicD2xzNrY=,g6HnDbBk2pynstVeI0YwcFZoV7M=
-53,-172,9PvfcEyiwUTdOK38vHicD2xzNrY=,g6HnDbBk2pynstVeI0YwcFZoV7M=
-52,-172,9PvfcEyiwUTdOK38vHicD2xzNrY=,g6HnDbBk2pynstVeI0YwcFZoV7M=
-51,-172,9PvfcEyiwUTdOK38vHicD2xzNrY=,g6HnDbBk2pynstVeI0YwcFZoV7M=
-57,-176,9PvfcEyiwUTdOK38vHicD2xzNrY=,g6HnDbBk2pynstVeI0YwcFZoV7M=
-63,-171,9PvfcEyiwUTdOK38vHicD2xzNrY=,g6HnDbBk2pynstVeI0YwcFZoV7M=
-61,-171,9PvfcEyiwUTdOK38vHicD2xzNrY=,g6HnDbBk2pynstVeI0YwcFZoV7M=
-64,-171,9PvfcEyiwUTdOK38vHicD2xzNrY=,g6HnDbBk2pynstVeI0YwcFZoV7M=
-62,-171,9PvfcEyiwUTdOK38vHicD2xzNrY=,g6HnDbBk2pynstVeI0YwcFZoV7M=
-49,-172,9PvfcEyiwUTdOK38vHicD2xzNrY=,g6HnDbBk2pynstVeI0YwcFZoV7M=
-57,-175,9PvfcEyiwUTdOK38vHicD2xzNrY=,g6HnDbBk2pynstVeI0YwcFZoV7M=
-60,-171,9PvfcEyiwUTdOK38vHicD2xzNrY=,g6HnDbBk2pynstVeI0YwcFZoV7M=
-56,-174,9PvfcEyiwUTdOK38vHicD2xzNrY=,g6HnDbBk2pynstVeI0YwcFZoV7M=
-59,-171,9PvfcEyiwUTdOK38vHicD2xzNrY=,g6HnDbBk2pynstVeI0YwcFZoV7M=
-57,-171,9PvfcEyiwUTdOK38vHicD2xzNrY=,g6HnDbBk2pynstVeI0YwcFZoV7M=
-50,-172,9PvfcEyiwUTdOK38vHicD2xzNrY=,g6HnDbBk2pynstVeI0YwcFZoV7M=
-55,-171,9PvfcEyiwUTdOK38vHicD2xzNrY=,g6HnDbBk2pynstVeI0YwcFZoV7M=
-56,-171,9PvfcEyiwUTdOK38vHicD2xzNrY=,g6HnDbBk2pynstVeI0YwcFZoV7M=
-58,-171,9PvfcEyiwUTdOK38vHicD2xzNrY=,g6HnDbBk2pynstVeI0YwcFZoV7M=
-54,-171,9PvfcEyiwUTdOK38vHicD2xzNrY=,g6HnDbBk2pynstVeI0YwcFZoV7M=
-52,-171,9PvfcEyiwUTdOK38vHicD2xzNrY=,g6HnDbBk2pynstVeI0YwcFZoV7M=
-50,-171,9PvfcEyiwUTdOK38vHicD2xzNrY=,g6HnDbBk2pynstVeI0YwcFZoV7M=
-51,-171,9PvfcEyiwUTdOK38vHicD2xzNrY=,g6HnDbBk2pynstVeI0YwcFZoV7M=
-64,-170,9PvfcEyiwUTdOK38vHicD2xzNrY=,g6HnDbBk2pynstVeI0YwcFZoV7M=
-56,-175,9PvfcEyiwUTdOK38vHicD2xzNrY=,g6HnDbBk2pynstVeI0YwcFZoV7M=
-53,-171,9PvfcEyiwUTdOK38vHicD2xzNrY=,g6HnDbBk2pynstVeI0YwcFZoV7M=
-62,-170,9PvfcEyiwUTdOK38vHicD2xzNrY=,g6HnDbBk2pynstVeI0YwcFZoV7M=
-56,-176,9PvfcEyiwUTdOK38vHicD2xzNrY=,g6HnDbBk2pynstVeI0YwcFZoV7M=
-49,-171,9PvfcEyiwUTdOK38vHicD2xzNrY=,g6HnDbBk2pynstVeI0YwcFZoV7M=
-63,-170,9PvfcEyiwUTdOK38vHicD2xzNrY=,g6HnDbBk2pynstVeI0YwcFZoV7M=
-61,-170,9PvfcEyiwUTdOK38vHicD2xzNrY=,g6HnDbBk2pynstVeI0YwcFZoV7M=
-55,-174,9PvfcEyiwUTdOK38vHicD2xzNrY=,g6HnDbBk2pynstVeI0YwcFZoV7M=
-60,-170,9PvfcEyiwUTdOK38vHicD2xzNrY=,g6HnDbBk2pynstVeI0YwcFZoV7M=
-59,-170,9PvfcEyiwUTdOK38vHicD2xzNrY=,g6HnDbBk2pynstVeI0YwcFZoV7M=
-57,-170,9PvfcEyiwUTdOK38vHicD2xzNrY=,g6HnDbBk2pynstVeI0YwcFZoV7M=
-58,-170,9PvfcEyiwUTdOK38vHicD2xzNrY=,g6HnDbBk2pynstVeI0YwcFZoV7M=
-56,-170,9PvfcEyiwUTdOK38vHicD2xzNrY=,g6HnDbBk2pynstVeI0YwcFZoV7M=
-55,-170,9PvfcEyiwUTdOK38vHicD2xzNrY=,g6HnDbBk2pynstVeI0YwcFZoV7M=
-53,-170,9PvfcEyiwUTdOK38vHicD2xzNrY=,g6HnDbBk2pynstVeI0YwcFZoV7M=
-54,-170,9PvfcEyiwUTdOK38vHicD2xzNrY=,g6HnDbBk2pynstVeI0YwcFZoV7M=
-50,-170,9PvfcEyiwUTdOK38vHicD2xzNrY=,g6HnDbBk2pynstVeI0YwcFZoV7M=
-52,-170,9PvfcEyiwUTdOK38vHicD2xzNrY=,g6HnDbBk2pynstVeI0YwcFZoV7M=
-51,-170,9PvfcEyiwUTdOK38vHicD2xzNrY=,g6HnDbBk2pynstVeI0YwcFZoV7M=
-64,-169,9PvfcEyiwUTdOK38vHicD2xzNrY=,g6HnDbBk2pynstVeI0YwcFZoV7M=
-63,-169,9PvfcEyiwUTdOK38vHicD2xzNrY=,g6HnDbBk2pynstVeI0YwcFZoV7M=
-62,-169,9PvfcEyiwUTdOK38vHicD2xzNrY=,g6HnDbBk2pynstVeI0YwcFZoV7M=
-55,-175,9PvfcEyiwUTdOK38vHicD2xzNrY=,g6HnDbBk2pynstVeI0YwcFZoV7M=
-61,-169,9PvfcEyiwUTdOK38vHicD2xzNrY=,g6HnDbBk2pynstVeI0YwcFZoV7M=
-49,-170,9PvfcEyiwUTdOK38vHicD2xzNrY=,g6HnDbBk2pynstVeI0YwcFZoV7M=
-59,-169,9PvfcEyiwUTdOK38vHicD2xzNrY=,g6HnDbBk2pynstVeI0YwcFZoV7M=
-60,-169,9PvfcEyiwUTdOK38vHicD2xzNrY=,g6HnDbBk2pynstVeI0YwcFZoV7M=
-55,-176,9PvfcEyiwUTdOK38vHicD2xzNrY=,g6HnDbBk2pynstVeI0YwcFZoV7M=
-54,-174,9PvfcEyiwUTdOK38vHicD2xzNrY=,g6HnDbBk2pynstVeI0YwcFZoV7M=
-56,-169,9PvfcEyiwUTdOK38vHicD2xzNrY=,g6HnDbBk2pynstVeI0YwcFZoV7M=
-57,-169,9PvfcEyiwUTdOK38vHicD2xzNrY=,g6HnDbBk2pynstVeI0YwcFZoV7M=
-58,-169,9PvfcEyiwUTdOK38vHicD2xzNrY=,g6HnDbBk2pynstVeI0YwcFZoV7M=
-54,-169,9PvfcEyiwUTdOK38vHicD2xzNrY=,g6HnDbBk2pynstVeI0YwcFZoV7M=
-55,-169,9PvfcEyiwUTdOK38vHicD2xzNrY=,g6HnDbBk2pynstVeI0YwcFZoV7M=
-53,-169,9PvfcEyiwUTdOK38vHicD2xzNrY=,g6HnDbBk2pynstVeI0YwcFZoV7M=
-54,-175,9PvfcEyiwUTdOK38vHicD2xzNrY=,g6HnDbBk2pynstVeI0YwcFZoV7M=
-51,-169,9PvfcEyiwUTdOK38vHicD2xzNrY=,g6HnDbBk2pynstVeI0YwcFZoV7M=
-54,-176,9PvfcEyiwUTdOK38vHicD2xzNrY=,g6HnDbBk2pynstVeI0YwcFZoV7M=
-53,-174,9PvfcEyiwUTdOK38vHicD2xzNrY=,g6HnDbBk2pynstVeI0YwcFZoV7M=
-49,-169,9PvfcEyiwUTdOK38vHicD2xzNrY=,g6HnDbBk2pynstVeI0YwcFZoV7M=
-61,-168,9PvfcEyiwUTdOK38vHicD2xzNrY=,g6HnDbBk2pynstVeI0YwcFZoV7M=
-60,-168,9PvfcEyiwUTdOK38vHicD2xzNrY=,g6HnDbBk2pynstVeI0YwcFZoV7M=
-63,-168,9PvfcEyiwUTdOK38vHicD2xzNrY=,g6HnDbBk2pynstVeI0YwcFZoV7M=
-52,-169,9PvfcEyiwUTdOK38vHicD2xzNrY=,g6HnDbBk2pynstVeI0YwcFZoV7M=
-50,-169,9PvfcEyiwUTdOK38vHicD2xzNrY=,g6HnDbBk2pynstVeI0YwcFZoV7M=
-62,-168,9PvfcEyiwUTdOK38vHicD2xzNrY=,g6HnDbBk2pynstVeI0YwcFZoV7M=
-64,-168,9PvfcEyiwUTdOK38vHicD2xzNrY=,g6HnDbBk2pynstVeI0YwcFZoV7M=
-59,-168,9PvfcEyiwUTdOK38vHicD2xzNrY=,g6HnDbBk2pynstVeI0YwcFZoV7M=
-58,-168,9PvfcEyiwUTdOK38vHicD2xzNrY=,g6HnDbBk2pynstVeI0YwcFZoV7M=
-57,-168,9PvfcEyiwUTdOK38vHicD2xzNrY=,g6HnDbBk2pynstVeI0YwcFZoV7M=
-55,-168,9PvfcEyiwUTdOK38vHicD2xzNrY=,g6HnDbBk2pynstVeI0YwcFZoV7M=
-56,-168,9PvfcEyiwUTdOK38vHicD2xzNrY=,g6HnDbBk2pynstVeI0YwcFZoV7M=
-53,-168,9PvfcEyiwUTdOK38vHicD2xzNrY=,g6HnDbBk2pynstVeI0YwcFZoV7M=
-54,-168,9PvfcEyiwUTdOK38vHicD2xzNrY=,g6HnDbBk2pynstVeI0YwcFZoV7M=
-52,-168,9PvfcEyiwUTdOK38vHicD2xzNrY=,g6HnDbBk2pynstVeI0YwcFZoV7M=
-52,-174,9PvfcEyiwUTdOK38vHicD2xzNrY=,g6HnDbBk2pynstVeI0YwcFZoV7M=
-53,-175,9PvfcEyiwUTdOK38vHicD2xzNrY=,g6HnDbBk2pynstVeI0YwcFZoV7M=
-62,-167,9PvfcEyiwUTdOK38vHicD2xzNrY=,g6HnDbBk2pynstVeI0YwcFZoV7M=
-61,-167,9PvfcEyiwUTdOK38vHicD2xzNrY=,g6HnDbBk2pynstVeI0YwcFZoV7M=
-51,-168,9PvfcEyiwUTdOK38vHicD2xzNrY=,g6HnDbBk2pynstVeI0YwcFZoV7M=
-63,-167,9PvfcEyiwUTdOK38vHicD2xzNrY=,g6HnDbBk2pynstVeI0YwcFZoV7M=
-64,-167,9PvfcEyiwUTdOK38vHicD2xzNrY=,g6HnDbBk2pynstVeI0YwcFZoV7M=
-49,-168,9PvfcEyiwUTdOK38vHicD2xzNrY=,g6HnDbBk2pynstVeI0YwcFZoV7M=
-53,-176,9PvfcEyiwUTdOK38vHicD2xzNrY=,g6HnDbBk2pynstVeI0YwcFZoV7M=
-60,-167,9PvfcEyiwUTdOK38vHicD2xzNrY=,g6HnDbBk2pynstVeI0YwcFZoV7M=
-59,-167,9PvfcEyiwUTdOK38vHicD2xzNrY=,g6HnDbBk2pynstVeI0YwcFZoV7M=
-50,-168,9PvfcEyiwUTdOK38vHicD2xzNrY=,g6HnDbBk2pynstVeI0YwcFZoV7M=
-56,-167,9PvfcEyiwUTdOK38vHicD2xzNrY=,g6HnDbBk2pynstVeI0YwcFZoV7M=
-57,-167,9PvfcEyiwUTdOK38vHicD2xzNrY=,g6HnDbBk2pynstVeI0YwcFZoV7M=
-58,-167,9PvfcEyiwUTdOK38vHicD2xzNrY=,g6HnDbBk2pynstVeI0YwcFZoV7M=
-55,-167,9PvfcEyiwUTdOK38vHicD2xzNrY=,g6HnDbBk2pynstVeI0YwcFZoV7M=
-54,-167,9PvfcEyiwUTdOK38vHicD2xzNrY=,g6HnDbBk2pynstVeI0YwcFZoV7M=
-53,-167,9PvfcEyiwUTdOK38vHicD2xzNrY=,g6HnDbBk2pynstVeI0YwcFZoV7M=
-52,-167,9PvfcEyiwUTdOK38vHicD2xzNrY=,g6HnDbBk2pynstVeI0YwcFZoV7M=
-50,-167,9PvfcEyiwUTdOK38vHicD2xzNrY=,g6HnDbBk2pynstVeI0YwcFZoV7M=
-51,-174,9PvfcEyiwUTdOK38vHicD2xzNrY=,g6HnDbBk2pynstVeI0YwcFZoV7M=
-52,-176,9PvfcEyiwUTdOK38vHicD2xzNrY=,g6HnDbBk2pynstVeI0YwcFZoV7M=
-61,-166,9PvfcEyiwUTdOK38vHicD2xzNrY=,g6HnDbBk2pynstVeI0YwcFZoV7M=
-62,-166,9PvfcEyiwUTdOK38vHicD2xzNrY=,g6HnDbBk2pynstVeI0YwcFZoV7M=
-51,-167,9PvfcEyiwUTdOK38vHicD2xzNrY=,g6HnDbBk2pynstVeI0YwcFZoV7M=
-64,-166,9PvfcEyiwUTdOK38vHicD2xzNrY=,g6HnDbBk2pynstVeI0YwcFZoV7M=
-49,-167,9PvfcEyiwUTdOK38vHicD2xzNrY=,g6HnDbBk2pynstVeI0YwcFZoV7M=
-52,-175,9PvfcEyiwUTdOK38vHicD2xzNrY=,g6HnDbBk2pynstVeI0YwcFZoV7M=
-63,-166,9PvfcEyiwUTdOK38vHicD2xzNrY=,g6HnDbBk2pynstVeI0YwcFZoV7M=
-59,-166,9PvfcEyiwUTdOK38vHicD2xzNrY=,g6HnDbBk2pynstVeI0YwcFZoV7M=
-60,-166,9PvfcEyiwUTdOK38vHicD2xzNrY=,g6HnDbBk2pynstVeI0YwcFZoV7M=
-56,-166,9PvfcEyiwUTdOK38vHicD2xzNrY=,g6HnDbBk2pynstVeI0YwcFZoV7M=
-57,-166,9PvfcEyiwUTdOK38vHicD2xzNrY=,g6HnDbBk2pynstVeI0YwcFZoV7M=
-53,-166,9PvfcEyiwUTdOK38vHicD2xzNrY=,g6HnDbBk2pynstVeI0YwcFZoV7M=
-54,-166,9PvfcEyiwUTdOK38vHicD2xzNrY=,g6HnDbBk2pynstVeI0YwcFZoV7M=
-52,-166,9PvfcEyiwUTdOK38vHicD2xzNrY=,g6HnDbBk2pynstVeI0YwcFZoV7M=
-63,-165,9PvfcEyiwUTdOK38vHicD2xzNrY=,g6HnDbBk2pynstVeI0YwcFZoV7M=
-64,-165,9PvfcEyiwUTdOK38vHicD2xzNrY=,g6HnDbBk2pynstVeI0YwcFZoV7M=
-60,-165,9PvfcEyiwUTdOK38vHicD2xzNrY=,g6HnDbBk2pynstVeI0YwcFZoV7M=
-62,-165,9PvfcEyiwUTdOK38vHicD2xzNrY=,g6HnDbBk2pynstVeI0YwcFZoV7M=
-61,-165,9PvfcEyiwUTdOK38vHicD2xzNrY=,g6HnDbBk2pynstVeI0YwcFZoV7M=
-50,-166,9PvfcEyiwUTdOK38vHicD2xzNrY=,g6HnDbBk2pynstVeI0YwcFZoV7M=
-51,-175,9PvfcEyiwUTdOK38vHicD2xzNrY=,g6HnDbBk2pynstVeI0YwcFZoV7M=
-51,-166,9PvfcEyiwUTdOK38vHicD2xzNrY=,g6HnDbBk2pynstVeI0YwcFZoV7M=
-50,-174,9PvfcEyiwUTdOK38vHicD2xzNrY=,g6HnDbBk2pynstVeI0YwcFZoV7M=
-59,-165,9PvfcEyiwUTdOK38vHicD2xzNrY=,g6HnDbBk2pynstVeI0YwcFZoV7M=
-51,-176,9PvfcEyiwUTdOK38vHicD2xzNrY=,g6HnDbBk2pynstVeI0YwcFZoV7M=
-55,-165,9PvfcEyiwUTdOK38vHicD2xzNrY=,g6HnDbBk2pynstVeI0YwcFZoV7M=
-58,-165,9PvfcEyiwUTdOK38vHicD2xzNrY=,g6HnDbBk2pynstVeI0YwcFZoV7M=
-57,-165,9PvfcEyiwUTdOK38vHicD2xzNrY=,g6HnDbBk2pynstVeI0YwcFZoV7M=
-54,-165,9PvfcEyiwUTdOK38vHicD2xzNrY=,g6HnDbBk2pynstVeI0YwcFZoV7M=
-53,-165,9PvfcEyiwUTdOK38vHicD2xzNrY=,g6HnDbBk2pynstVeI0YwcFZoV7M=
-56,-165,9PvfcEyiwUTdOK38vHicD2xzNrY=,g6HnDbBk2pynstVeI0YwcFZoV7M=
-55,-166,9PvfcEyiwUTdOK38vHicD2xzNrY=,g6HnDbBk2pynstVeI0YwcFZoV7M=
-58,-166,9PvfcEyiwUTdOK38vHicD2xzNrY=,g6HnDbBk2pynstVeI0YwcFZoV7M=
-50,-175,9PvfcEyiwUTdOK38vHicD2xzNrY=,g6HnDbBk2pynstVeI0YwcFZoV7M=
-64,-174,9PvfcEyiwUTdOK38vHicD2xzNrY=,g6HnDbBk2pynstVeI0YwcFZoV7M=
-62,-176,9PvfcEyiwUTdOK38vHicD2xzNrY=,g6HnDbBk2pynstVeI0YwcFZoV7M=
-50,-165,9PvfcEyiwUTdOK38vHicD2xzNrY=,g6HnDbBk2pynstVeI0YwcFZoV7M=
-50,-176,9PvfcEyiwUTdOK38vHicD2xzNrY=,g6HnDbBk2pynstVeI0YwcFZoV7M=
-64,-173,9PvfcEyiwUTdOK38vHicD2xzNrY=,g6HnDbBk2pynstVeI0YwcFZoV7M=
-49,-175,9PvfcEyiwUTdOK38vHicD2xzNrY=,g6HnDbBk2pynstVeI0YwcFZoV7M=
-49,-174,9PvfcEyiwUTdOK38vHicD2xzNrY=,g6HnDbBk2pynstVeI0YwcFZoV7M=
-63,-175,9PvfcEyiwUTdOK38vHicD2xzNrY=,g6HnDbBk2pynstVeI0YwcFZoV7M=
-60,-164,9PvfcEyiwUTdOK38vHicD2xzNrY=,g6HnDbBk2pynstVeI0YwcFZoV7M=
-64,-175,9PvfcEyiwUTdOK38vHicD2xzNrY=,g6HnDbBk2pynstVeI0YwcFZoV7M=
-64,-164,9PvfcEyiwUTdOK38vHicD2xzNrY=,g6HnDbBk2pynstVeI0YwcFZoV7M=
-49,-166,9PvfcEyiwUTdOK38vHicD2xzNrY=,g6HnDbBk2pynstVeI0YwcFZoV7M=
-62,-164,9PvfcEyiwUTdOK38vHicD2xzNrY=,g6HnDbBk2pynstVeI0YwcFZoV7M=
-61,-164,9PvfcEyiwUTdOK38vHicD2xzNrY=,g6HnDbBk2pynstVeI0YwcFZoV7M=
-63,-164,9PvfcEyiwUTdOK38vHicD2xzNrY=,g6HnDbBk2pynstVeI0YwcFZoV7M=
-55,-164,9PvfcEyiwUTdOK38vHicD2xzNrY=,g6HnDbBk2pynstVeI0YwcFZoV7M=
-52,-165,9PvfcEyiwUTdOK38vHicD2xzNrY=,g6HnDbBk2pynstVeI0YwcFZoV7M=
-56,-164,9PvfcEyiwUTdOK38vHicD2xzNrY=,g6HnDbBk2pynstVeI0YwcFZoV7M=
-62,-175,9PvfcEyiwUTdOK38vHicD2xzNrY=,g6HnDbBk2pynstVeI0YwcFZoV7M=
-57,-164,9PvfcEyiwUTdOK38vHicD2xzNrY=,g6HnDbBk2pynstVeI0YwcFZoV7M=
-52,-164,9PvfcEyiwUTdOK38vHicD2xzNrY=,g6HnDbBk2pynstVeI0YwcFZoV7M=
-63,-174,9PvfcEyiwUTdOK38vHicD2xzNrY=,g6HnDbBk2pynstVeI0YwcFZoV7M=
-49,-165,9PvfcEyiwUTdOK38vHicD2xzNrY=,g6HnDbBk2pynstVeI0YwcFZoV7M=
-51,-164,9PvfcEyiwUTdOK38vHicD2xzNrY=,g6HnDbBk2pynstVeI0YwcFZoV7M=
-64,-163,9PvfcEyiwUTdOK38vHicD2xzNrY=,g6HnDbBk2pynstVeI0YwcFZoV7M=
-50,-164,9PvfcEyiwUTdOK38vHicD2xzNrY=,g6HnDbBk2pynstVeI0YwcFZoV7M=
-51,-165,9PvfcEyiwUTdOK38vHicD2xzNrY=,g6HnDbBk2pynstVeI0YwcFZoV7M=
-54,-164,9PvfcEyiwUTdOK38vHicD2xzNrY=,g6HnDbBk2pynstVeI0YwcFZoV7M=
-49,-164,9PvfcEyiwUTdOK38vHicD2xzNrY=,g6HnDbBk2pynstVeI0YwcFZoV7M=
-49,-176,9PvfcEyiwUTdOK38vHicD2xzNrY=,g6HnDbBk2pynstVeI0YwcFZoV7M=
-63,-163,9PvfcEyiwUTdOK38vHicD2xzNrY=,g6HnDbBk2pynstVeI0YwcFZoV7M=
-62,-163,9PvfcEyiwUTdOK38vHicD2xzNrY=,g6HnDbBk2pynstVeI0YwcFZoV7M=
-61,-163,9PvfcEyiwUTdOK38vHicD2xzNrY=,g6HnDbBk2pynstVeI0YwcFZoV7M=
-58,-164,9PvfcEyiwUTdOK38vHicD2xzNrY=,g6HnDbBk2pynstVeI0YwcFZoV7M=
-53,-164,9PvfcEyiwUTdOK38vHicD2xzNrY=,g6HnDbBk2pynstVeI0YwcFZoV7M=
-59,-164,9PvfcEyiwUTdOK38vHicD2xzNrY=,g6HnDbBk2pynstVeI0YwcFZoV7M=
