-81,143,fSt2l6fdgUj2ndLbYIKPSsFsJsw=,CS8l+dxw2vlL+axjvCT7TCUYlpE=
-82,143,fSt2l6fdgUj2ndLbYIKPSsFsJsw=,CS8l+dxw2vlL+axjvCT7TCUYlpE=
-89,131,PfDkmDtcmKqrFRi805zpidd9W/A=,CS8l+dxw2vlL+axjvCT7TCUYlpE=
-93,131,mXItljEqwW2COjQdG4t7uLm5Bpc=,CS8l+dxw2vlL+axjvCT7TCUYlpE=
-90,131,mXItljEqwW2COjQdG4t7uLm5Bpc=,CS8l+dxw2vlL+axjvCT7TCUYlpE=
-92,130,SYpLq6KuZgp7b+nNgulR7I0o5EQ=,CS8l+dxw2vlL+axjvCT7TCUYlpE=
-84,143,xI8ReeqR0E59flmXMgFgGEjiDQo=,CS8l+dxw2vlL+axjvCT7TCUYlpE=
-95,128,xI8ReeqR0E59flmXMgFgGEjiDQo=,CS8l+dxw2vlL+axjvCT7TCUYlpE=
-88,131,xI8ReeqR0E59flmXMgFgGEjiDQo=,CS8l+dxw2vlL+axjvCT7TCUYlpE=
-94,131,xI8ReeqR0E59flmXMgFgGEjiDQo=,CS8l+dxw2vlL+axjvCT7TCUYlpE=
-90,130,xI8ReeqR0E59flmXMgFgGEjiDQo=,CS8l+dxw2vlL+axjvCT7TCUYlpE=
-92,129,xI8ReeqR0E59flmXMgFgGEjiDQo=,CS8l+dxw2vlL+axjvCT7TCUYlpE=
-85,143,xI8ReeqR0E59flmXMgFgGEjiDQo=,CS8l+dxw2vlL+axjvCT7TCUYlpE=
-87,131,xI8ReeqR0E59flmXMgFgGEjiDQo=,CS8l+dxw2vlL+axjvCT7TCUYlpE=
-91,128,xI8ReeqR0E59flmXMgFgGEjiDQo=,CS8l+dxw2vlL+axjvCT7TCUYlpE=
-86,143,xI8ReeqR0E59flmXMgFgGEjiDQo=,CS8l+dxw2vlL+axjvCT7TCUYlpE=
-92,131,xI8ReeqR0E59flmXMgFgGEjiDQo=,CS8l+dxw2vlL+axjvCT7TCUYlpE=
-91,130,xI8ReeqR0E59flmXMgFgGEjiDQo=,CS8l+dxw2vlL+axjvCT7TCUYlpE=
-86,131,xI8ReeqR0E59flmXMgFgGEjiDQo=,CS8l+dxw2vlL+axjvCT7TCUYlpE=
-91,131,xI8ReeqR0E59flmXMgFgGEjiDQo=,CS8l+dxw2vlL+axjvCT7TCUYlpE=
-88,143,xI8ReeqR0E59flmXMgFgGEjiDQo=,CS8l+dxw2vlL+axjvCT7TCUYlpE=
-87,143,xI8ReeqR0E59flmXMgFgGEjiDQo=,CS8l+dxw2vlL+axjvCT7TCUYlpE=
-85,131,xI8ReeqR0E59flmXMgFgGEjiDQo=,CS8l+dxw2vlL+axjvCT7TCUYlpE=
-91,129,xI8ReeqR0E59flmXMgFgGEjiDQo=,CS8l+dxw2vlL+axjvCT7TCUYlpE=
-84,131,xI8ReeqR0E59flmXMgFgGEjiDQo=,CS8l+dxw2vlL+axjvCT7TCUYlpE=
-91,143,xI8ReeqR0E59flmXMgFgGEjiDQo=,CS8l+dxw2vlL+axjvCT7TCUYlpE=
-90,143,xI8ReeqR0E59flmXMgFgGEjiDQo=,CS8l+dxw2vlL+axjvCT7TCUYlpE=
-83,131,xI8ReeqR0E59flmXMgFgGEjiDQo=,CS8l+dxw2vlL+axjvCT7TCUYlpE=
-89,143,xI8ReeqR0E59flmXMgFgGEjiDQo=,CS8l+dxw2vlL+axjvCT7TCUYlpE=
-92,143,xI8ReeqR0E59flmXMgFgGEjiDQo=,CS8l+dxw2vlL+axjvCT7TCUYlpE=
-82,131,xI8ReeqR0E59flmXMgFgGEjiDQo=,CS8l+dxw2vlL+axjvCT7TCUYlpE=
-83,143,xI8ReeqR0E59flmXMgFgGEjiDQo=,CS8l+dxw2vlL+axjvCT7TCUYlpE=
-81,142,xI8ReeqR0E59flmXMgFgGEjiDQo=,CS8l+dxw2vlL+axjvCT7TCUYlpE=
-92,128,xI8ReeqR0E59flmXMgFgGEjiDQo=,CS8l+dxw2vlL+axjvCT7TCUYlpE=
-82,142,xI8ReeqR0E59flmXMgFgGEjiDQo=,CS8l+dxw2vlL+axjvCT7TCUYlpE=
-95,143,xI8ReeqR0E59flmXMgFgGEjiDQo=,CS8l+dxw2vlL+axjvCT7TCUYlpE=
-83,142,xI8ReeqR0E59flmXMgFgGEjiDQo=,CS8l+dxw2vlL+axjvCT7TCUYlpE=
-84,142,xI8ReeqR0E59flmXMgFgGEjiDQo=,CS8l+dxw2vlL+axjvCT7TCUYlpE=
-85,142,xI8ReeqR0E59flmXMgFgGEjiDQo=,CS8l+dxw2vlL+axjvCT7TCUYlpE=
-93,130,xI8ReeqR0E59flmXMgFgGEjiDQo=,CS8l+dxw2vlL+axjvCT7TCUYlpE=
-90,129,xI8ReeqR0E59flmXMgFgGEjiDQo=,CS8l+dxw2vlL+axjvCT7TCUYlpE=
-93,128,xI8ReeqR0E59flmXMgFgGEjiDQo=,CS8l+dxw2vlL+axjvCT7TCUYlpE=
-86,142,xI8ReeqR0E59flmXMgFgGEjiDQo=,CS8l+dxw2vlL+axjvCT7TCUYlpE=
-88,142,xI8ReeqR0E59flmXMgFgGEjiDQo=,CS8l+dxw2vlL+axjvCT7TCUYlpE=
-81,131,xI8ReeqR0E59flmXMgFgGEjiDQo=,CS8l+dxw2vlL+axjvCT7TCUYlpE=
-87,142,xI8ReeqR0E59flmXMgFgGEjiDQo=,CS8l+dxw2vlL+axjvCT7TCUYlpE=
-90,142,xI8ReeqR0E59flmXMgFgGEjiDQo=,CS8l+dxw2vlL+axjvCT7TCUYlpE=
-91,142,xI8ReeqR0E59flmXMgFgGEjiDQo=,CS8l+dxw2vlL+axjvCT7TCUYlpE=
-92,142,xI8ReeqR0E59flmXMgFgGEjiDQo=,CS8l+dxw2vlL+axjvCT7TCUYlpE=
-81,141,xI8ReeqR0E59flmXMgFgGEjiDQo=,CS8l+dxw2vlL+axjvCT7TCUYlpE=
-83,141,xI8ReeqR0E59flmXMgFgGEjiDQo=,CS8l+dxw2vlL+axjvCT7TCUYlpE=
-89,142,xI8ReeqR0E59flmXMgFgGEjiDQo=,CS8l+dxw2vlL+axjvCT7TCUYlpE=
-82,141,xI8ReeqR0E59flmXMgFgGEjiDQo=,CS8l+dxw2vlL+axjvCT7TCUYlpE=
-90,128,xI8ReeqR0E59flmXMgFgGEjiDQo=,CS8l+dxw2vlL+axjvCT7TCUYlpE=
-93,142,xI8ReeqR0E59flmXMgFgGEjiDQo=,CS8l+dxw2vlL+axjvCT7TCUYlpE=
-85,141,xI8ReeqR0E59flmXMgFgGEjiDQo=,CS8l+dxw2vlL+axjvCT7TCUYlpE=
-84,141,xI8ReeqR0E59flmXMgFgGEjiDQo=,CS8l+dxw2vlL+axjvCT7TCUYlpE=
-95,142,xI8ReeqR0E59flmXMgFgGEjiDQo=,CS8l+dxw2vlL+axjvCT7TCUYlpE=
-94,130,xI8ReeqR0E59flmXMgFgGEjiDQo=,CS8l+dxw2vlL+axjvCT7TCUYlpE=
-94,142,xI8ReeqR0E59flmXMgFgGEjiDQo=,CS8l+dxw2vlL+axjvCT7TCUYlpE=
-93,129,xI8ReeqR0E59flmXMgFgGEjiDQo=,CS8l+dxw2vlL+axjvCT7TCUYlpE=
-86,141,xI8ReeqR0E59flmXMgFgGEjiDQo=,CS8l+dxw2vlL+axjvCT7TCUYlpE=
-87,141,xI8ReeqR0E59flmXMgFgGEjiDQo=,CS8l+dxw2vlL+axjvCT7TCUYlpE=
-89,130,xI8ReeqR0E59flmXMgFgGEjiDQo=,CS8l+dxw2vlL+axjvCT7TCUYlpE=
-94,143,xI8ReeqR0E59flmXMgFgGEjiDQo=,CS8l+dxw2vlL+axjvCT7TCUYlpE=
-89,141,xI8ReeqR0E59flmXMgFgGEjiDQo=,CS8l+dxw2vlL+axjvCT7TCUYlpE=
-90,141,xI8ReeqR0E59flmXMgFgGEjiDQo=,CS8l+dxw2vlL+axjvCT7TCUYlpE=
-91,141,xI8ReeqR0E59flmXMgFgGEjiDQo=,CS8l+dxw2vlL+axjvCT7TCUYlpE=
-92,141,xI8ReeqR0E59flmXMgFgGEjiDQo=,CS8l+dxw2vlL+axjvCT7TCUYlpE=
-81,140,xI8ReeqR0E59flmXMgFgGEjiDQo=,CS8l+dxw2vlL+axjvCT7TCUYlpE=
-95,131,xI8ReeqR0E59flmXMgFgGEjiDQo=,CS8l+dxw2vlL+axjvCT7TCUYlpE=
-93,141,xI8ReeqR0E59flmXMgFgGEjiDQo=,CS8l+dxw2vlL+axjvCT7TCUYlpE=
-96,132,xI8ReeqR0E59flmXMgFgGEjiDQo=,CS8l+dxw2vlL+axjvCT7TCUYlpE=
-82,140,xI8ReeqR0E59flmXMgFgGEjiDQo=,CS8l+dxw2vlL+axjvCT7TCUYlpE=
-83,140,xI8ReeqR0E59flmXMgFgGEjiDQo=,CS8l+dxw2vlL+axjvCT7TCUYlpE=
-94,141,xI8ReeqR0E59flmXMgFgGEjiDQo=,CS8l+dxw2vlL+axjvCT7TCUYlpE=
-94,129,xI8ReeqR0E59flmXMgFgGEjiDQo=,CS8l+dxw2vlL+axjvCT7TCUYlpE=
-93,143,xI8ReeqR0E59flmXMgFgGEjiDQo=,CS8l+dxw2vlL+axjvCT7TCUYlpE=
-85,140,xI8ReeqR0E59flmXMgFgGEjiDQo=,CS8l+dxw2vlL+axjvCT7TCUYlpE=
-86,140,xI8ReeqR0E59flmXMgFgGEjiDQo=,CS8l+dxw2vlL+axjvCT7TCUYlpE=
-95,141,xI8ReeqR0E59flmXMgFgGEjiDQo=,CS8l+dxw2vlL+axjvCT7TCUYlpE=
-95,132,xI8ReeqR0E59flmXMgFgGEjiDQo=,CS8l+dxw2vlL+axjvCT7TCUYlpE=
-87,140,xI8ReeqR0E59flmXMgFgGEjiDQo=,CS8l+dxw2vlL+axjvCT7TCUYlpE=
-96,141,xI8ReeqR0E59flmXMgFgGEjiDQo=,CS8l+dxw2vlL+axjvCT7TCUYlpE=
-90,140,xI8ReeqR0E59flmXMgFgGEjiDQo=,CS8l+dxw2vlL+axjvCT7TCUYlpE=
-89,140,xI8ReeqR0E59flmXMgFgGEjiDQo=,CS8l+dxw2vlL+axjvCT7TCUYlpE=
-94,132,xI8ReeqR0E59flmXMgFgGEjiDQo=,CS8l+dxw2vlL+axjvCT7TCUYlpE=
-96,142,xI8ReeqR0E59flmXMgFgGEjiDQo=,CS8l+dxw2vlL+axjvCT7TCUYlpE=
-96,143,xI8ReeqR0E59flmXMgFgGEjiDQo=,CS8l+dxw2vlL+axjvCT7TCUYlpE=
-94,140,xI8ReeqR0E59flmXMgFgGEjiDQo=,CS8l+dxw2vlL+axjvCT7TCUYlpE=
-93,140,xI8ReeqR0E59flmXMgFgGEjiDQo=,CS8l+dxw2vlL+axjvCT7TCUYlpE=
-91,140,xI8ReeqR0E59flmXMgFgGEjiDQo=,CS8l+dxw2vlL+axjvCT7TCUYlpE=
-92,140,xI8ReeqR0E59flmXMgFgGEjiDQo=,CS8l+dxw2vlL+axjvCT7TCUYlpE=
-95,130,xI8ReeqR0E59flmXMgFgGEjiDQo=,CS8l+dxw2vlL+axjvCT7TCUYlpE=
-88,140,xI8ReeqR0E59flmXMgFgGEjiDQo=,CS8l+dxw2vlL+axjvCT7TCUYlpE=
-88,141,xI8ReeqR0E59flmXMgFgGEjiDQo=,CS8l+dxw2vlL+axjvCT7TCUYlpE=
-84,140,xI8ReeqR0E59flmXMgFgGEjiDQo=,CS8l+dxw2vlL+axjvCT7TCUYlpE=
-95,129,xI8ReeqR0E59flmXMgFgGEjiDQo=,CS8l+dxw2vlL+axjvCT7TCUYlpE=
-95,140,xI8ReeqR0E59flmXMgFgGEjiDQo=,CS8l+dxw2vlL+axjvCT7TCUYlpE=
-93,132,xI8ReeqR0E59flmXMgFgGEjiDQo=,CS8l+dxw2vlL+axjvCT7TCUYlpE=
-96,129,xI8ReeqR0E59flmXMgFgGEjiDQo=,CS8l+dxw2vlL+axjvCT7TCUYlpE=
-94,128,xI8ReeqR0E59flmXMgFgGEjiDQo=,CS8l+dxw2vlL+axjvCT7TCUYlpE=
-81,128,xI8ReeqR0E59flmXMgFgGEjiDQo=,CS8l+dxw2vlL+axjvCT7TCUYlpE=
-96,131,xI8ReeqR0E59flmXMgFgGEjiDQo=,CS8l+dxw2vlL+axjvCT7TCUYlpE=
-81,130,xI8ReeqR0E59flmXMgFgGEjiDQo=,CS8l+dxw2vlL+axjvCT7TCUYlpE=
-82,128,xI8ReeqR0E59flmXMgFgGEjiDQo=,CS8l+dxw2vlL+axjvCT7TCUYlpE=
-96,140,xI8ReeqR0E59flmXMgFgGEjiDQo=,CS8l+dxw2vlL+axjvCT7TCUYlpE=
-81,129,xI8ReeqR0E59flmXMgFgGEjiDQo=,CS8l+dxw2vlL+axjvCT7TCUYlpE=
-82,129,xI8ReeqR0E59flmXMgFgGEjiDQo=,CS8l+dxw2vlL+axjvCT7TCUYlpE=
-81,139,xI8ReeqR0E59flmXMgFgGEjiDQo=,CS8l+dxw2vlL+axjvCT7TCUYlpE=
-92,132,xI8ReeqR0E59flmXMgFgGEjiDQo=,CS8l+dxw2vlL+axjvCT7TCUYlpE=
-82,139,xI8ReeqR0E59flmXMgFgGEjiDQo=,CS8l+dxw2vlL+axjvCT7TCUYlpE=
-96,130,xI8ReeqR0E59flmXMgFgGEjiDQo=,CS8l+dxw2vlL+axjvCT7TCUYlpE=
-83,139,xI8ReeqR0E59flmXMgFgGEjiDQo=,CS8l+dxw2vlL+axjvCT7TCUYlpE=
-85,139,xI8ReeqR0E59flmXMgFgGEjiDQo=,CS8l+dxw2vlL+axjvCT7TCUYlpE=
-84,139,xI8ReeqR0E59flmXMgFgGEjiDQo=,CS8l+dxw2vlL+axjvCT7TCUYlpE=
-87,139,xI8ReeqR0E59flmXMgFgGEjiDQo=,CS8l+dxw2vlL+axjvCT7TCUYlpE=
-88,139,xI8ReeqR0E59flmXMgFgGEjiDQo=,CS8l+dxw2vlL+axjvCT7TCUYlpE=
-86,139,xI8ReeqR0E59flmXMgFgGEjiDQo=,CS8l+dxw2vlL+axjvCT7TCUYlpE=
-91,132,xI8ReeqR0E59flmXMgFgGEjiDQo=,CS8l+dxw2vlL+axjvCT7TCUYlpE=
-89,139,xI8ReeqR0E59flmXMgFgGEjiDQo=,CS8l+dxw2vlL+axjvCT7TCUYlpE=
-92,139,xI8ReeqR0E59flmXMgFgGEjiDQo=,CS8l+dxw2vlL+axjvCT7TCUYlpE=
-90,139,xI8ReeqR0E59flmXMgFgGEjiDQo=,CS8l+dxw2vlL+axjvCT7TCUYlpE=
-83,128,xI8ReeqR0E59flmXMgFgGEjiDQo=,CS8l+dxw2vlL+axjvCT7TCUYlpE=
-91,139,xI8ReeqR0E59flmXMgFgGEjiDQo=,CS8l+dxw2vlL+axjvCT7TCUYlpE=
-82,130,xI8ReeqR0E59flmXMgFgGEjiDQo=,CS8l+dxw2vlL+axjvCT7TCUYlpE=
-94,139,xI8ReeqR0E59flmXMgFgGEjiDQo=,CS8l+dxw2vlL+axjvCT7TCUYlpE=
-83,129,xI8ReeqR0E59flmXMgFgGEjiDQo=,CS8l+dxw2vlL+axjvCT7TCUYlpE=
-95,139,xI8ReeqR0E59flmXMgFgGEjiDQo=,CS8l+dxw2vlL+axjvCT7TCUYlpE=
-81,138,xI8ReeqR0E59flmXMgFgGEjiDQo=,CS8l+dxw2vlL+axjvCT7TCUYlpE=
-82,138,xI8ReeqR0E59flmXMgFgGEjiDQo=,CS8l+dxw2vlL+axjvCT7TCUYlpE=
-93,139,xI8ReeqR0E59flmXMgFgGEjiDQo=,CS8l+dxw2vlL+axjvCT7TCUYlpE=
-96,139,xI8ReeqR0E59flmXMgFgGEjiDQo=,CS8l+dxw2vlL+axjvCT7TCUYlpE=
-87,138,xI8ReeqR0E59flmXMgFgGEjiDQo=,CS8l+dxw2vlL+axjvCT7TCUYlpE=
-84,138,xI8ReeqR0E59flmXMgFgGEjiDQo=,CS8l+dxw2vlL+axjvCT7TCUYlpE=
-83,138,xI8ReeqR0E59flmXMgFgGEjiDQo=,CS8l+dxw2vlL+axjvCT7TCUYlpE=
-86,138,xI8ReeqR0E59flmXMgFgGEjiDQo=,CS8l+dxw2vlL+axjvCT7TCUYlpE=
-88,138,xI8ReeqR0E59flmXMgFgGEjiDQo=,CS8l+dxw2vlL+axjvCT7TCUYlpE=
-85,138,xI8ReeqR0E59flmXMgFgGEjiDQo=,CS8l+dxw2vlL+axjvCT7TCUYlpE=
-89,138,xI8ReeqR0E59flmXMgFgGEjiDQo=,CS8l+dxw2vlL+axjvCT7TCUYlpE=
-91,138,xI8ReeqR0E59flmXMgFgGEjiDQo=,CS8l+dxw2vlL+axjvCT7TCUYlpE=
-93,138,xI8ReeqR0E59flmXMgFgGEjiDQo=,CS8l+dxw2vlL+axjvCT7TCUYlpE=
-90,138,xI8ReeqR0E59flmXMgFgGEjiDQo=,CS8l+dxw2vlL+axjvCT7TCUYlpE=
-84,128,xI8ReeqR0E59flmXMgFgGEjiDQo=,CS8l+dxw2vlL+axjvCT7TCUYlpE=
-94,138,xI8ReeqR0E59flmXMgFgGEjiDQo=,CS8l+dxw2vlL+axjvCT7TCUYlpE=
-90,132,xI8ReeqR0E59flmXMgFgGEjiDQo=,CS8l+dxw2vlL+axjvCT7TCUYlpE=
-83,130,xI8ReeqR0E59flmXMgFgGEjiDQo=,CS8l+dxw2vlL+axjvCT7TCUYlpE=
-84,129,xI8ReeqR0E59flmXMgFgGEjiDQo=,CS8l+dxw2vlL+axjvCT7TCUYlpE=
-82,137,xI8ReeqR0E59flmXMgFgGEjiDQo=,CS8l+dxw2vlL+axjvCT7TCUYlpE=
-95,138,xI8ReeqR0E59flmXMgFgGEjiDQo=,CS8l+dxw2vlL+axjvCT7TCUYlpE=
-96,138,xI8ReeqR0E59flmXMgFgGEjiDQo=,CS8l+dxw2vlL+axjvCT7TCUYlpE=
-81,137,xI8ReeqR0E59flmXMgFgGEjiDQo=,CS8l+dxw2vlL+axjvCT7TCUYlpE=
-83,137,xI8ReeqR0E59flmXMgFgGEjiDQo=,CS8l+dxw2vlL+axjvCT7TCUYlpE=
-86,137,xI8ReeqR0E59flmXMgFgGEjiDQo=,CS8l+dxw2vlL+axjvCT7TCUYlpE=
-96,128,xI8ReeqR0E59flmXMgFgGEjiDQo=,CS8l+dxw2vlL+axjvCT7TCUYlpE=
-87,137,xI8ReeqR0E59flmXMgFgGEjiDQo=,CS8l+dxw2vlL+axjvCT7TCUYlpE=
-85,137,xI8ReeqR0E59flmXMgFgGEjiDQo=,CS8l+dxw2vlL+axjvCT7TCUYlpE=
-84,137,xI8ReeqR0E59flmXMgFgGEjiDQo=,CS8l+dxw2vlL+axjvCT7TCUYlpE=
-88,137,xI8ReeqR0E59flmXMgFgGEjiDQo=,CS8l+dxw2vlL+axjvCT7TCUYlpE=
-92,138,xI8ReeqR0E59flmXMgFgGEjiDQo=,CS8l+dxw2vlL+axjvCT7TCUYlpE=
-89,132,xI8ReeqR0E59flmXMgFgGEjiDQo=,CS8l+dxw2vlL+axjvCT7TCUYlpE=
-90,137,xI8ReeqR0E59flmXMgFgGEjiDQo=,CS8l+dxw2vlL+axjvCT7TCUYlpE=
-89,137,xI8ReeqR0E59flmXMgFgGEjiDQo=,CS8l+dxw2vlL+axjvCT7TCUYlpE=
-92,137,xI8ReeqR0E59flmXMgFgGEjiDQo=,CS8l+dxw2vlL+axjvCT7TCUYlpE=
-93,137,xI8ReeqR0E59flmXMgFgGEjiDQo=,CS8l+dxw2vlL+axjvCT7TCUYlpE=
-88,132,xI8ReeqR0E59flmXMgFgGEjiDQo=,CS8l+dxw2vlL+axjvCT7TCUYlpE=
-94,137,xI8ReeqR0E59flmXMgFgGEjiDQo=,CS8l+dxw2vlL+axjvCT7TCUYlpE=
-85,128,xI8ReeqR0E59flmXMgFgGEjiDQo=,CS8l+dxw2vlL+axjvCT7TCUYlpE=
-84,130,xI8ReeqR0E59flmXMgFgGEjiDQo=,CS8l+dxw2vlL+axjvCT7TCUYlpE=
-87,132,xI8ReeqR0E59flmXMgFgGEjiDQo=,CS8l+dxw2vlL+axjvCT7TCUYlpE=
-85,129,xI8ReeqR0E59flmXMgFgGEjiDQo=,CS8l+dxw2vlL+axjvCT7TCUYlpE=
-81,136,xI8ReeqR0E59flmXMgFgGEjiDQo=,CS8l+dxw2vlL+axjvCT7TCUYlpE=
-82,136,xI8ReeqR0E59flmXMgFgGEjiDQo=,CS8l+dxw2vlL+axjvCT7TCUYlpE=
-96,137,xI8ReeqR0E59flmXMgFgGEjiDQo=,CS8l+dxw2vlL+axjvCT7TCUYlpE=
-85,136,xI8ReeqR0E59flmXMgFgGEjiDQo=,CS8l+dxw2vlL+axjvCT7TCUYlpE=
-86,136,xI8ReeqR0E59flmXMgFgGEjiDQo=,CS8l+dxw2vlL+axjvCT7TCUYlpE=
-91,137,xI8ReeqR0E59flmXMgFgGEjiDQo=,CS8l+dxw2vlL+axjvCT7TCUYlpE=
-86,132,xI8ReeqR0E59flmXMgFgGEjiDQo=,CS8l+dxw2vlL+axjvCT7TCUYlpE=
-84,136,xI8ReeqR0E59flmXMgFgGEjiDQo=,CS8l+dxw2vlL+axjvCT7TCUYlpE=
-88,136,xI8ReeqR0E59flmXMgFgGEjiDQo=,CS8l+dxw2vlL+axjvCT7TCUYlpE=
-87,136,xI8ReeqR0E59flmXMgFgGEjiDQo=,CS8l+dxw2vlL+axjvCT7TCUYlpE=
-85,132,xI8ReeqR0E59flmXMgFgGEjiDQo=,CS8l+dxw2vlL+axjvCT7TCUYlpE=
-83,136,xI8ReeqR0E59flmXMgFgGEjiDQo=,CS8l+dxw2vlL+axjvCT7TCUYlpE=
-84,132,xI8ReeqR0E59flmXMgFgGEjiDQo=,CS8l+dxw2vlL+axjvCT7TCUYlpE=
-89,136,xI8ReeqR0E59flmXMgFgGEjiDQo=,CS8l+dxw2vlL+axjvCT7TCUYlpE=
-95,137,xI8ReeqR0E59flmXMgFgGEjiDQo=,CS8l+dxw2vlL+axjvCT7TCUYlpE=
-83,132,xI8ReeqR0E59flmXMgFgGEjiDQo=,CS8l+dxw2vlL+axjvCT7TCUYlpE=
-91,136,xI8ReeqR0E59flmXMgFgGEjiDQo=,CS8l+dxw2vlL+axjvCT7TCUYlpE=
-92,136,xI8ReeqR0E59flmXMgFgGEjiDQo=,CS8l+dxw2vlL+axjvCT7TCUYlpE=
-90,136,xI8ReeqR0E59flmXMgFgGEjiDQo=,CS8l+dxw2vlL+axjvCT7TCUYlpE=
-94,136,xI8ReeqR0E59flmXMgFgGEjiDQo=,CS8l+dxw2vlL+axjvCT7TCUYlpE=
-82,132,xI8ReeqR0E59flmXMgFgGEjiDQo=,CS8l+dxw2vlL+axjvCT7TCUYlpE=
-93,136,xI8ReeqR0E59flmXMgFgGEjiDQo=,CS8l+dxw2vlL+axjvCT7TCUYlpE=
-85,130,xI8ReeqR0E59flmXMgFgGEjiDQo=,CS8l+dxw2vlL+axjvCT7TCUYlpE=
-86,129,xI8ReeqR0E59flmXMgFgGEjiDQo=,CS8l+dxw2vlL+axjvCT7TCUYlpE=
-86,128,xI8ReeqR0E59flmXMgFgGEjiDQo=,CS8l+dxw2vlL+axjvCT7TCUYlpE=
-81,135,xI8ReeqR0E59flmXMgFgGEjiDQo=,CS8l+dxw2vlL+axjvCT7TCUYlpE=
-83,135,xI8ReeqR0E59flmXMgFgGEjiDQo=,CS8l+dxw2vlL+axjvCT7TCUYlpE=
-82,135,xI8ReeqR0E59flmXMgFgGEjiDQo=,CS8l+dxw2vlL+axjvCT7TCUYlpE=
-89,129,xI8ReeqR0E59flmXMgFgGEjiDQo=,CS8l+dxw2vlL+axjvCT7TCUYlpE=
-86,135,xI8ReeqR0E59flmXMgFgGEjiDQo=,CS8l+dxw2vlL+axjvCT7TCUYlpE=
-85,135,xI8ReeqR0E59flmXMgFgGEjiDQo=,CS8l+dxw2vlL+axjvCT7TCUYlpE=
-87,135,xI8ReeqR0E59flmXMgFgGEjiDQo=,CS8l+dxw2vlL+axjvCT7TCUYlpE=
-88,135,xI8ReeqR0E59flmXMgFgGEjiDQo=,CS8l+dxw2vlL+axjvCT7TCUYlpE=
-96,136,xI8ReeqR0E59flmXMgFgGEjiDQo=,CS8l+dxw2vlL+axjvCT7TCUYlpE=
-84,135,xI8ReeqR0E59flmXMgFgGEjiDQo=,CS8l+dxw2vlL+axjvCT7TCUYlpE=
-81,132,xI8ReeqR0E59flmXMgFgGEjiDQo=,CS8l+dxw2vlL+axjvCT7TCUYlpE=
-95,136,xI8ReeqR0E59flmXMgFgGEjiDQo=,CS8l+dxw2vlL+axjvCT7TCUYlpE=
-89,135,xI8ReeqR0E59flmXMgFgGEjiDQo=,CS8l+dxw2vlL+axjvCT7TCUYlpE=
-93,135,xI8ReeqR0E59flmXMgFgGEjiDQo=,CS8l+dxw2vlL+axjvCT7TCUYlpE=
-92,135,xI8ReeqR0E59flmXMgFgGEjiDQo=,CS8l+dxw2vlL+axjvCT7TCUYlpE=
-89,128,xI8ReeqR0E59flmXMgFgGEjiDQo=,CS8l+dxw2vlL+axjvCT7TCUYlpE=
-94,135,xI8ReeqR0E59flmXMgFgGEjiDQo=,CS8l+dxw2vlL+axjvCT7TCUYlpE=
-91,135,xI8ReeqR0E59flmXMgFgGEjiDQo=,CS8l+dxw2vlL+axjvCT7TCUYlpE=
-90,135,xI8ReeqR0E59flmXMgFgGEjiDQo=,CS8l+dxw2vlL+axjvCT7TCUYlpE=
-86,130,xI8ReeqR0E59flmXMgFgGEjiDQo=,CS8l+dxw2vlL+axjvCT7TCUYlpE=
-95,135,xI8ReeqR0E59flmXMgFgGEjiDQo=,CS8l+dxw2vlL+axjvCT7TCUYlpE=
-87,128,xI8ReeqR0E59flmXMgFgGEjiDQo=,CS8l+dxw2vlL+axjvCT7TCUYlpE=
-81,134,xI8ReeqR0E59flmXMgFgGEjiDQo=,CS8l+dxw2vlL+axjvCT7TCUYlpE=
-87,129,xI8ReeqR0E59flmXMgFgGEjiDQo=,CS8l+dxw2vlL+axjvCT7TCUYlpE=
-85,134,xI8ReeqR0E59flmXMgFgGEjiDQo=,CS8l+dxw2vlL+axjvCT7TCUYlpE=
-86,134,xI8ReeqR0E59flmXMgFgGEjiDQo=,CS8l+dxw2vlL+axjvCT7TCUYlpE=
-82,134,xI8ReeqR0E59flmXMgFgGEjiDQo=,CS8l+dxw2vlL+axjvCT7TCUYlpE=
-96,133,xI8ReeqR0E59flmXMgFgGEjiDQo=,CS8l+dxw2vlL+axjvCT7TCUYlpE=
-83,134,xI8ReeqR0E59flmXMgFgGEjiDQo=,CS8l+dxw2vlL+axjvCT7TCUYlpE=
-84,134,xI8ReeqR0E59flmXMgFgGEjiDQo=,CS8l+dxw2vlL+axjvCT7TCUYlpE=
-96,135,xI8ReeqR0E59flmXMgFgGEjiDQo=,CS8l+dxw2vlL+axjvCT7TCUYlpE=
-87,134,xI8ReeqR0E59flmXMgFgGEjiDQo=,CS8l+dxw2vlL+axjvCT7TCUYlpE=
-88,134,xI8ReeqR0E59flmXMgFgGEjiDQo=,CS8l+dxw2vlL+axjvCT7TCUYlpE=
-88,130,xI8ReeqR0E59flmXMgFgGEjiDQo=,CS8l+dxw2vlL+axjvCT7TCUYlpE=
-94,134,xI8ReeqR0E59flmXMgFgGEjiDQo=,CS8l+dxw2vlL+axjvCT7TCUYlpE=
-90,134,xI8ReeqR0E59flmXMgFgGEjiDQo=,CS8l+dxw2vlL+axjvCT7TCUYlpE=
-93,134,xI8ReeqR0E59flmXMgFgGEjiDQo=,CS8l+dxw2vlL+axjvCT7TCUYlpE=
-91,134,xI8ReeqR0E59flmXMgFgGEjiDQo=,CS8l+dxw2vlL+axjvCT7TCUYlpE=
-95,133,xI8ReeqR0E59flmXMgFgGEjiDQo=,CS8l+dxw2vlL+axjvCT7TCUYlpE=
-92,134,xI8ReeqR0E59flmXMgFgGEjiDQo=,CS8l+dxw2vlL+axjvCT7TCUYlpE=
-89,134,xI8ReeqR0E59flmXMgFgGEjiDQo=,CS8l+dxw2vlL+axjvCT7TCUYlpE=
-87,130,xI8ReeqR0E59flmXMgFgGEjiDQo=,CS8l+dxw2vlL+axjvCT7TCUYlpE=
-88,128,xI8ReeqR0E59flmXMgFgGEjiDQo=,CS8l+dxw2vlL+axjvCT7TCUYlpE=
-88,129,xI8ReeqR0E59flmXMgFgGEjiDQo=,CS8l+dxw2vlL+axjvCT7TCUYlpE=
-81,133,xI8ReeqR0E59flmXMgFgGEjiDQo=,CS8l+dxw2vlL+axjvCT7TCUYlpE=
-82,133,xI8ReeqR0E59flmXMgFgGEjiDQo=,CS8l+dxw2vlL+axjvCT7TCUYlpE=
-83,133,xI8ReeqR0E59flmXMgFgGEjiDQo=,CS8l+dxw2vlL+axjvCT7TCUYlpE=
-95,134,xI8ReeqR0E59flmXMgFgGEjiDQo=,CS8l+dxw2vlL+axjvCT7TCUYlpE=
-94,133,xI8ReeqR0E59flmXMgFgGEjiDQo=,CS8l+dxw2vlL+axjvCT7TCUYlpE=
-96,134,xI8ReeqR0E59flmXMgFgGEjiDQo=,CS8l+dxw2vlL+axjvCT7TCUYlpE=
-85,133,xI8ReeqR0E59flmXMgFgGEjiDQo=,CS8l+dxw2vlL+axjvCT7TCUYlpE=
-84,133,xI8ReeqR0E59flmXMgFgGEjiDQo=,CS8l+dxw2vlL+axjvCT7TCUYlpE=
-87,133,xI8ReeqR0E59flmXMgFgGEjiDQo=,CS8l+dxw2vlL+axjvCT7TCUYlpE=
-86,133,xI8ReeqR0E59flmXMgFgGEjiDQo=,CS8l+dxw2vlL+axjvCT7TCUYlpE=
-88,133,xI8ReeqR0E59flmXMgFgGEjiDQo=,CS8l+dxw2vlL+axjvCT7TCUYlpE=
-93,133,xI8ReeqR0E59flmXMgFgGEjiDQo=,CS8l+dxw2vlL+axjvCT7TCUYlpE=
-90,133,xI8ReeqR0E59flmXMgFgGEjiDQo=,CS8l+dxw2vlL+axjvCT7TCUYlpE=
-91,133,xI8ReeqR0E59flmXMgFgGEjiDQo=,CS8l+dxw2vlL+axjvCT7TCUYlpE=
-92,133,xI8ReeqR0E59flmXMgFgGEjiDQo=,CS8l+dxw2vlL+axjvCT7TCUYlpE=
-89,133,xI8ReeqR0E59flmXMgFgGEjiDQo=,CS8l+dxw2vlL+axjvCT7TCUYlpE=
-89,147,Z3cYrnDPov17OD0fy9nm7LwLPQw=,ec4GjR10APJoLSp36+nFCc5Fp8w=
-92,147,Z3cYrnDPov17OD0fy9nm7LwLPQw=,ec4GjR10APJoLSp36+nFCc5Fp8w=
-95,144,4PvHQY9sbCcByOAxoFhFf/gg+/Y=,ec4GjR10APJoLSp36+nFCc5Fp8w=
-91,145,4PvHQY9sbCcByOAxoFhFf/gg+/Y=,ec4GjR10APJoLSp36+nFCc5Fp8w=
-92,145,4PvHQY9sbCcByOAxoFhFf/gg+/Y=,ec4GjR10APJoLSp36+nFCc5Fp8w=
-93,147,4PvHQY9sbCcByOAxoFhFf/gg+/Y=,ec4GjR10APJoLSp36+nFCc5Fp8w=
-94,147,P3OwlYz7mMMa5CyCG+LI8OKwa7Q=,ec4GjR10APJoLSp36+nFCc5Fp8w=
-91,147,P3OwlYz7mMMa5CyCG+LI8OKwa7Q=,ec4GjR10APJoLSp36+nFCc5Fp8w=
-81,159,P3OwlYz7mMMa5CyCG+LI8OKwa7Q=,ec4GjR10APJoLSp36+nFCc5Fp8w=
-93,144,P3OwlYz7mMMa5CyCG+LI8OKwa7Q=,ec4GjR10APJoLSp36+nFCc5Fp8w=
-83,159,P3OwlYz7mMMa5CyCG+LI8OKwa7Q=,ec4GjR10APJoLSp36+nFCc5Fp8w=
-84,159,bjWw2kgMhWqTmiQ+97PyW2SgS/Y=,ec4GjR10APJoLSp36+nFCc5Fp8w=
-82,159,bjWw2kgMhWqTmiQ+97PyW2SgS/Y=,ec4GjR10APJoLSp36+nFCc5Fp8w=
-85,159,bjWw2kgMhWqTmiQ+97PyW2SgS/Y=,ec4GjR10APJoLSp36+nFCc5Fp8w=
-86,159,bjWw2kgMhWqTmiQ+97PyW2SgS/Y=,ec4GjR10APJoLSp36+nFCc5Fp8w=
-92,146,BaSFfluwy7NKmwJM0UsQrUcHbgI=,ec4GjR10APJoLSp36+nFCc5Fp8w=
-91,144,BaSFfluwy7NKmwJM0UsQrUcHbgI=,ec4GjR10APJoLSp36+nFCc5Fp8w=
-91,146,BaSFfluwy7NKmwJM0UsQrUcHbgI=,ec4GjR10APJoLSp36+nFCc5Fp8w=
-87,159,i7VabSXkxmqItRh1PGxvSbV208M=,ec4GjR10APJoLSp36+nFCc5Fp8w=
-88,159,i7VabSXkxmqItRh1PGxvSbV208M=,ec4GjR10APJoLSp36+nFCc5Fp8w=
-90,159,i7VabSXkxmqItRh1PGxvSbV208M=,ec4GjR10APJoLSp36+nFCc5Fp8w=
-91,159,i7VabSXkxmqItRh1PGxvSbV208M=,ec4GjR10APJoLSp36+nFCc5Fp8w=
-90,147,i7VabSXkxmqItRh1PGxvSbV208M=,ec4GjR10APJoLSp36+nFCc5Fp8w=
-89,159,i7VabSXkxmqItRh1PGxvSbV208M=,ec4GjR10APJoLSp36+nFCc5Fp8w=
-92,159,i7VabSXkxmqItRh1PGxvSbV208M=,ec4GjR10APJoLSp36+nFCc5Fp8w=
-94,159,i7VabSXkxmqItRh1PGxvSbV208M=,ec4GjR10APJoLSp36+nFCc5Fp8w=
-93,159,i7VabSXkxmqItRh1PGxvSbV208M=,ec4GjR10APJoLSp36+nFCc5Fp8w=
-90,146,i7VabSXkxmqItRh1PGxvSbV208M=,ec4GjR10APJoLSp36+nFCc5Fp8w=
-92,144,i7VabSXkxmqItRh1PGxvSbV208M=,ec4GjR10APJoLSp36+nFCc5Fp8w=
-95,159,i7VabSXkxmqItRh1PGxvSbV208M=,ec4GjR10APJoLSp36+nFCc5Fp8w=
-96,159,i7VabSXkxmqItRh1PGxvSbV208M=,ec4GjR10APJoLSp36+nFCc5Fp8w=
-95,147,i7VabSXkxmqItRh1PGxvSbV208M=,ec4GjR10APJoLSp36+nFCc5Fp8w=
-82,158,i7VabSXkxmqItRh1PGxvSbV208M=,ec4GjR10APJoLSp36+nFCc5Fp8w=
-83,158,i7VabSXkxmqItRh1PGxvSbV208M=,ec4GjR10APJoLSp36+nFCc5Fp8w=
-93,146,i7VabSXkxmqItRh1PGxvSbV208M=,ec4GjR10APJoLSp36+nFCc5Fp8w=
-81,158,i7VabSXkxmqItRh1PGxvSbV208M=,ec4GjR10APJoLSp36+nFCc5Fp8w=
-84,158,i7VabSXkxmqItRh1PGxvSbV208M=,ec4GjR10APJoLSp36+nFCc5Fp8w=
-86,158,i7VabSXkxmqItRh1PGxvSbV208M=,ec4GjR10APJoLSp36+nFCc5Fp8w=
-85,158,i7VabSXkxmqItRh1PGxvSbV208M=,ec4GjR10APJoLSp36+nFCc5Fp8w=
-87,158,i7VabSXkxmqItRh1PGxvSbV208M=,ec4GjR10APJoLSp36+nFCc5Fp8w=
-88,158,i7VabSXkxmqItRh1PGxvSbV208M=,ec4GjR10APJoLSp36+nFCc5Fp8w=
-89,158,i7VabSXkxmqItRh1PGxvSbV208M=,ec4GjR10APJoLSp36+nFCc5Fp8w=
-90,158,i7VabSXkxmqItRh1PGxvSbV208M=,ec4GjR10APJoLSp36+nFCc5Fp8w=
-91,158,i7VabSXkxmqItRh1PGxvSbV208M=,ec4GjR10APJoLSp36+nFCc5Fp8w=
-81,157,i7VabSXkxmqItRh1PGxvSbV208M=,ec4GjR10APJoLSp36+nFCc5Fp8w=
-93,158,i7VabSXkxmqItRh1PGxvSbV208M=,ec4GjR10APJoLSp36+nFCc5Fp8w=
-94,158,i7VabSXkxmqItRh1PGxvSbV208M=,ec4GjR10APJoLSp36+nFCc5Fp8w=
-92,158,i7VabSXkxmqItRh1PGxvSbV208M=,ec4GjR10APJoLSp36+nFCc5Fp8w=
-95,158,i7VabSXkxmqItRh1PGxvSbV208M=,ec4GjR10APJoLSp36+nFCc5Fp8w=
-82,157,i7VabSXkxmqItRh1PGxvSbV208M=,ec4GjR10APJoLSp36+nFCc5Fp8w=
-96,158,i7VabSXkxmqItRh1PGxvSbV208M=,ec4GjR10APJoLSp36+nFCc5Fp8w=
-83,157,i7VabSXkxmqItRh1PGxvSbV208M=,ec4GjR10APJoLSp36+nFCc5Fp8w=
-84,157,i7VabSXkxmqItRh1PGxvSbV208M=,ec4GjR10APJoLSp36+nFCc5Fp8w=
-94,146,i7VabSXkxmqItRh1PGxvSbV208M=,ec4GjR10APJoLSp36+nFCc5Fp8w=
-93,145,i7VabSXkxmqItRh1PGxvSbV208M=,ec4GjR10APJoLSp36+nFCc5Fp8w=
-85,157,i7VabSXkxmqItRh1PGxvSbV208M=,ec4GjR10APJoLSp36+nFCc5Fp8w=
-88,157,i7VabSXkxmqItRh1PGxvSbV208M=,ec4GjR10APJoLSp36+nFCc5Fp8w=
-86,157,i7VabSXkxmqItRh1PGxvSbV208M=,ec4GjR10APJoLSp36+nFCc5Fp8w=
-87,157,i7VabSXkxmqItRh1PGxvSbV208M=,ec4GjR10APJoLSp36+nFCc5Fp8w=
-90,157,i7VabSXkxmqItRh1PGxvSbV208M=,ec4GjR10APJoLSp36+nFCc5Fp8w=
-89,157,i7VabSXkxmqItRh1PGxvSbV208M=,ec4GjR10APJoLSp36+nFCc5Fp8w=
-91,157,i7VabSXkxmqItRh1PGxvSbV208M=,ec4GjR10APJoLSp36+nFCc5Fp8w=
-94,157,i7VabSXkxmqItRh1PGxvSbV208M=,ec4GjR10APJoLSp36+nFCc5Fp8w=
-95,157,i7VabSXkxmqItRh1PGxvSbV208M=,ec4GjR10APJoLSp36+nFCc5Fp8w=
-93,157,i7VabSXkxmqItRh1PGxvSbV208M=,ec4GjR10APJoLSp36+nFCc5Fp8w=
-92,157,i7VabSXkxmqItRh1PGxvSbV208M=,ec4GjR10APJoLSp36+nFCc5Fp8w=
-81,156,i7VabSXkxmqItRh1PGxvSbV208M=,ec4GjR10APJoLSp36+nFCc5Fp8w=
-82,156,i7VabSXkxmqItRh1PGxvSbV208M=,ec4GjR10APJoLSp36+nFCc5Fp8w=
-84,156,i7VabSXkxmqItRh1PGxvSbV208M=,ec4GjR10APJoLSp36+nFCc5Fp8w=
-96,157,i7VabSXkxmqItRh1PGxvSbV208M=,ec4GjR10APJoLSp36+nFCc5Fp8w=
-94,145,i7VabSXkxmqItRh1PGxvSbV208M=,ec4GjR10APJoLSp36+nFCc5Fp8w=
-95,146,i7VabSXkxmqItRh1PGxvSbV208M=,ec4GjR10APJoLSp36+nFCc5Fp8w=
-83,156,i7VabSXkxmqItRh1PGxvSbV208M=,ec4GjR10APJoLSp36+nFCc5Fp8w=
-85,156,i7VabSXkxmqItRh1PGxvSbV208M=,ec4GjR10APJoLSp36+nFCc5Fp8w=
-86,156,i7VabSXkxmqItRh1PGxvSbV208M=,ec4GjR10APJoLSp36+nFCc5Fp8w=
-87,156,i7VabSXkxmqItRh1PGxvSbV208M=,ec4GjR10APJoLSp36+nFCc5Fp8w=
-88,156,i7VabSXkxmqItRh1PGxvSbV208M=,ec4GjR10APJoLSp36+nFCc5Fp8w=
-89,156,i7VabSXkxmqItRh1PGxvSbV208M=,ec4GjR10APJoLSp36+nFCc5Fp8w=
-93,156,i7VabSXkxmqItRh1PGxvSbV208M=,ec4GjR10APJoLSp36+nFCc5Fp8w=
-94,156,i7VabSXkxmqItRh1PGxvSbV208M=,ec4GjR10APJoLSp36+nFCc5Fp8w=
-91,156,i7VabSXkxmqItRh1PGxvSbV208M=,ec4GjR10APJoLSp36+nFCc5Fp8w=
-90,156,i7VabSXkxmqItRh1PGxvSbV208M=,ec4GjR10APJoLSp36+nFCc5Fp8w=
-95,156,i7VabSXkxmqItRh1PGxvSbV208M=,ec4GjR10APJoLSp36+nFCc5Fp8w=
-92,156,i7VabSXkxmqItRh1PGxvSbV208M=,ec4GjR10APJoLSp36+nFCc5Fp8w=
-81,144,i7VabSXkxmqItRh1PGxvSbV208M=,ec4GjR10APJoLSp36+nFCc5Fp8w=
-81,145,i7VabSXkxmqItRh1PGxvSbV208M=,ec4GjR10APJoLSp36+nFCc5Fp8w=
-82,144,i7VabSXkxmqItRh1PGxvSbV208M=,ec4GjR10APJoLSp36+nFCc5Fp8w=
-81,146,i7VabSXkxmqItRh1PGxvSbV208M=,ec4GjR10APJoLSp36+nFCc5Fp8w=
-95,145,i7VabSXkxmqItRh1PGxvSbV208M=,ec4GjR10APJoLSp36+nFCc5Fp8w=
-82,155,i7VabSXkxmqItRh1PGxvSbV208M=,ec4GjR10APJoLSp36+nFCc5Fp8w=
-84,155,i7VabSXkxmqItRh1PGxvSbV208M=,ec4GjR10APJoLSp36+nFCc5Fp8w=
-96,156,i7VabSXkxmqItRh1PGxvSbV208M=,ec4GjR10APJoLSp36+nFCc5Fp8w=
-85,155,i7VabSXkxmqItRh1PGxvSbV208M=,ec4GjR10APJoLSp36+nFCc5Fp8w=
-96,147,i7VabSXkxmqItRh1PGxvSbV208M=,ec4GjR10APJoLSp36+nFCc5Fp8w=
-96,146,i7VabSXkxmqItRh1PGxvSbV208M=,ec4GjR10APJoLSp36+nFCc5Fp8w=
-86,155,i7VabSXkxmqItRh1PGxvSbV208M=,ec4GjR10APJoLSp36+nFCc5Fp8w=
-82,145,i7VabSXkxmqItRh1PGxvSbV208M=,ec4GjR10APJoLSp36+nFCc5Fp8w=
-83,155,i7VabSXkxmqItRh1PGxvSbV208M=,ec4GjR10APJoLSp36+nFCc5Fp8w=
-88,155,i7VabSXkxmqItRh1PGxvSbV208M=,ec4GjR10APJoLSp36+nFCc5Fp8w=
-92,155,i7VabSXkxmqItRh1PGxvSbV208M=,ec4GjR10APJoLSp36+nFCc5Fp8w=
-89,155,i7VabSXkxmqItRh1PGxvSbV208M=,ec4GjR10APJoLSp36+nFCc5Fp8w=
-93,155,i7VabSXkxmqItRh1PGxvSbV208M=,ec4GjR10APJoLSp36+nFCc5Fp8w=
-83,145,i7VabSXkxmqItRh1PGxvSbV208M=,ec4GjR10APJoLSp36+nFCc5Fp8w=
-83,144,i7VabSXkxmqItRh1PGxvSbV208M=,ec4GjR10APJoLSp36+nFCc5Fp8w=
-82,146,i7VabSXkxmqItRh1PGxvSbV208M=,ec4GjR10APJoLSp36+nFCc5Fp8w=
-96,155,i7VabSXkxmqItRh1PGxvSbV208M=,ec4GjR10APJoLSp36+nFCc5Fp8w=
-84,154,i7VabSXkxmqItRh1PGxvSbV208M=,ec4GjR10APJoLSp36+nFCc5Fp8w=
-96,145,i7VabSXkxmqItRh1PGxvSbV208M=,ec4GjR10APJoLSp36+nFCc5Fp8w=
-83,154,i7VabSXkxmqItRh1PGxvSbV208M=,ec4GjR10APJoLSp36+nFCc5Fp8w=
-95,155,i7VabSXkxmqItRh1PGxvSbV208M=,ec4GjR10APJoLSp36+nFCc5Fp8w=
-85,154,i7VabSXkxmqItRh1PGxvSbV208M=,ec4GjR10APJoLSp36+nFCc5Fp8w=
-82,154,i7VabSXkxmqItRh1PGxvSbV208M=,ec4GjR10APJoLSp36+nFCc5Fp8w=
-94,155,i7VabSXkxmqItRh1PGxvSbV208M=,ec4GjR10APJoLSp36+nFCc5Fp8w=
-91,155,i7VabSXkxmqItRh1PGxvSbV208M=,ec4GjR10APJoLSp36+nFCc5Fp8w=
-94,144,i7VabSXkxmqItRh1PGxvSbV208M=,ec4GjR10APJoLSp36+nFCc5Fp8w=
-81,154,i7VabSXkxmqItRh1PGxvSbV208M=,ec4GjR10APJoLSp36+nFCc5Fp8w=
-88,154,i7VabSXkxmqItRh1PGxvSbV208M=,ec4GjR10APJoLSp36+nFCc5Fp8w=
-93,154,i7VabSXkxmqItRh1PGxvSbV208M=,ec4GjR10APJoLSp36+nFCc5Fp8w=
-83,146,i7VabSXkxmqItRh1PGxvSbV208M=,ec4GjR10APJoLSp36+nFCc5Fp8w=
-92,154,i7VabSXkxmqItRh1PGxvSbV208M=,ec4GjR10APJoLSp36+nFCc5Fp8w=
-94,154,i7VabSXkxmqItRh1PGxvSbV208M=,ec4GjR10APJoLSp36+nFCc5Fp8w=
-84,144,i7VabSXkxmqItRh1PGxvSbV208M=,ec4GjR10APJoLSp36+nFCc5Fp8w=
-95,154,i7VabSXkxmqItRh1PGxvSbV208M=,ec4GjR10APJoLSp36+nFCc5Fp8w=
-89,154,i7VabSXkxmqItRh1PGxvSbV208M=,ec4GjR10APJoLSp36+nFCc5Fp8w=
-86,154,i7VabSXkxmqItRh1PGxvSbV208M=,ec4GjR10APJoLSp36+nFCc5Fp8w=
-90,154,i7VabSXkxmqItRh1PGxvSbV208M=,ec4GjR10APJoLSp36+nFCc5Fp8w=
-83,153,i7VabSXkxmqItRh1PGxvSbV208M=,ec4GjR10APJoLSp36+nFCc5Fp8w=
-84,153,i7VabSXkxmqItRh1PGxvSbV208M=,ec4GjR10APJoLSp36+nFCc5Fp8w=
-91,154,i7VabSXkxmqItRh1PGxvSbV208M=,ec4GjR10APJoLSp36+nFCc5Fp8w=
-82,153,i7VabSXkxmqItRh1PGxvSbV208M=,ec4GjR10APJoLSp36+nFCc5Fp8w=
-84,145,i7VabSXkxmqItRh1PGxvSbV208M=,ec4GjR10APJoLSp36+nFCc5Fp8w=
-85,153,i7VabSXkxmqItRh1PGxvSbV208M=,ec4GjR10APJoLSp36+nFCc5Fp8w=
-81,153,i7VabSXkxmqItRh1PGxvSbV208M=,ec4GjR10APJoLSp36+nFCc5Fp8w=
-96,154,i7VabSXkxmqItRh1PGxvSbV208M=,ec4GjR10APJoLSp36+nFCc5Fp8w=
-87,155,i7VabSXkxmqItRh1PGxvSbV208M=,ec4GjR10APJoLSp36+nFCc5Fp8w=
-87,154,i7VabSXkxmqItRh1PGxvSbV208M=,ec4GjR10APJoLSp36+nFCc5Fp8w=
-90,155,i7VabSXkxmqItRh1PGxvSbV208M=,ec4GjR10APJoLSp36+nFCc5Fp8w=
-81,155,i7VabSXkxmqItRh1PGxvSbV208M=,ec4GjR10APJoLSp36+nFCc5Fp8w=
-86,153,i7VabSXkxmqItRh1PGxvSbV208M=,ec4GjR10APJoLSp36+nFCc5Fp8w=
-88,153,i7VabSXkxmqItRh1PGxvSbV208M=,ec4GjR10APJoLSp36+nFCc5Fp8w=
-87,153,i7VabSXkxmqItRh1PGxvSbV208M=,ec4GjR10APJoLSp36+nFCc5Fp8w=
-92,153,i7VabSXkxmqItRh1PGxvSbV208M=,ec4GjR10APJoLSp36+nFCc5Fp8w=
-89,153,i7VabSXkxmqItRh1PGxvSbV208M=,ec4GjR10APJoLSp36+nFCc5Fp8w=
-93,153,i7VabSXkxmqItRh1PGxvSbV208M=,ec4GjR10APJoLSp36+nFCc5Fp8w=
-84,146,i7VabSXkxmqItRh1PGxvSbV208M=,ec4GjR10APJoLSp36+nFCc5Fp8w=
-91,153,i7VabSXkxmqItRh1PGxvSbV208M=,ec4GjR10APJoLSp36+nFCc5Fp8w=
-90,153,i7VabSXkxmqItRh1PGxvSbV208M=,ec4GjR10APJoLSp36+nFCc5Fp8w=
-85,144,i7VabSXkxmqItRh1PGxvSbV208M=,ec4GjR10APJoLSp36+nFCc5Fp8w=
-85,145,i7VabSXkxmqItRh1PGxvSbV208M=,ec4GjR10APJoLSp36+nFCc5Fp8w=
-81,152,i7VabSXkxmqItRh1PGxvSbV208M=,ec4GjR10APJoLSp36+nFCc5Fp8w=
-82,152,i7VabSXkxmqItRh1PGxvSbV208M=,ec4GjR10APJoLSp36+nFCc5Fp8w=
-83,152,i7VabSXkxmqItRh1PGxvSbV208M=,ec4GjR10APJoLSp36+nFCc5Fp8w=
-94,153,i7VabSXkxmqItRh1PGxvSbV208M=,ec4GjR10APJoLSp36+nFCc5Fp8w=
-84,152,i7VabSXkxmqItRh1PGxvSbV208M=,ec4GjR10APJoLSp36+nFCc5Fp8w=
-95,153,i7VabSXkxmqItRh1PGxvSbV208M=,ec4GjR10APJoLSp36+nFCc5Fp8w=
-86,152,i7VabSXkxmqItRh1PGxvSbV208M=,ec4GjR10APJoLSp36+nFCc5Fp8w=
-85,152,i7VabSXkxmqItRh1PGxvSbV208M=,ec4GjR10APJoLSp36+nFCc5Fp8w=
-96,153,i7VabSXkxmqItRh1PGxvSbV208M=,ec4GjR10APJoLSp36+nFCc5Fp8w=
-88,152,i7VabSXkxmqItRh1PGxvSbV208M=,ec4GjR10APJoLSp36+nFCc5Fp8w=
-89,152,i7VabSXkxmqItRh1PGxvSbV208M=,ec4GjR10APJoLSp36+nFCc5Fp8w=
-87,152,i7VabSXkxmqItRh1PGxvSbV208M=,ec4GjR10APJoLSp36+nFCc5Fp8w=
-91,152,i7VabSXkxmqItRh1PGxvSbV208M=,ec4GjR10APJoLSp36+nFCc5Fp8w=
-90,152,i7VabSXkxmqItRh1PGxvSbV208M=,ec4GjR10APJoLSp36+nFCc5Fp8w=
-92,152,i7VabSXkxmqItRh1PGxvSbV208M=,ec4GjR10APJoLSp36+nFCc5Fp8w=
-85,146,i7VabSXkxmqItRh1PGxvSbV208M=,ec4GjR10APJoLSp36+nFCc5Fp8w=
-86,144,i7VabSXkxmqItRh1PGxvSbV208M=,ec4GjR10APJoLSp36+nFCc5Fp8w=
-86,145,i7VabSXkxmqItRh1PGxvSbV208M=,ec4GjR10APJoLSp36+nFCc5Fp8w=
-93,152,i7VabSXkxmqItRh1PGxvSbV208M=,ec4GjR10APJoLSp36+nFCc5Fp8w=
-81,151,i7VabSXkxmqItRh1PGxvSbV208M=,ec4GjR10APJoLSp36+nFCc5Fp8w=
-94,152,i7VabSXkxmqItRh1PGxvSbV208M=,ec4GjR10APJoLSp36+nFCc5Fp8w=
-82,151,i7VabSXkxmqItRh1PGxvSbV208M=,ec4GjR10APJoLSp36+nFCc5Fp8w=
-83,151,i7VabSXkxmqItRh1PGxvSbV208M=,ec4GjR10APJoLSp36+nFCc5Fp8w=
-84,151,i7VabSXkxmqItRh1PGxvSbV208M=,ec4GjR10APJoLSp36+nFCc5Fp8w=
-85,151,i7VabSXkxmqItRh1PGxvSbV208M=,ec4GjR10APJoLSp36+nFCc5Fp8w=
-87,151,i7VabSXkxmqItRh1PGxvSbV208M=,ec4GjR10APJoLSp36+nFCc5Fp8w=
-87,144,i7VabSXkxmqItRh1PGxvSbV208M=,ec4GjR10APJoLSp36+nFCc5Fp8w=
-92,151,i7VabSXkxmqItRh1PGxvSbV208M=,ec4GjR10APJoLSp36+nFCc5Fp8w=
-89,151,i7VabSXkxmqItRh1PGxvSbV208M=,ec4GjR10APJoLSp36+nFCc5Fp8w=
-91,151,i7VabSXkxmqItRh1PGxvSbV208M=,ec4GjR10APJoLSp36+nFCc5Fp8w=
-88,151,i7VabSXkxmqItRh1PGxvSbV208M=,ec4GjR10APJoLSp36+nFCc5Fp8w=
-87,145,i7VabSXkxmqItRh1PGxvSbV208M=,ec4GjR10APJoLSp36+nFCc5Fp8w=
-82,150,i7VabSXkxmqItRh1PGxvSbV208M=,ec4GjR10APJoLSp36+nFCc5Fp8w=
-81,150,i7VabSXkxmqItRh1PGxvSbV208M=,ec4GjR10APJoLSp36+nFCc5Fp8w=
-83,150,i7VabSXkxmqItRh1PGxvSbV208M=,ec4GjR10APJoLSp36+nFCc5Fp8w=
-84,150,i7VabSXkxmqItRh1PGxvSbV208M=,ec4GjR10APJoLSp36+nFCc5Fp8w=
-85,150,i7VabSXkxmqItRh1PGxvSbV208M=,ec4GjR10APJoLSp36+nFCc5Fp8w=
-95,152,i7VabSXkxmqItRh1PGxvSbV208M=,ec4GjR10APJoLSp36+nFCc5Fp8w=
-86,151,i7VabSXkxmqItRh1PGxvSbV208M=,ec4GjR10APJoLSp36+nFCc5Fp8w=
-95,151,i7VabSXkxmqItRh1PGxvSbV208M=,ec4GjR10APJoLSp36+nFCc5Fp8w=
-96,152,i7VabSXkxmqItRh1PGxvSbV208M=,ec4GjR10APJoLSp36+nFCc5Fp8w=
-90,151,i7VabSXkxmqItRh1PGxvSbV208M=,ec4GjR10APJoLSp36+nFCc5Fp8w=
-94,151,i7VabSXkxmqItRh1PGxvSbV208M=,ec4GjR10APJoLSp36+nFCc5Fp8w=
-88,150,i7VabSXkxmqItRh1PGxvSbV208M=,ec4GjR10APJoLSp36+nFCc5Fp8w=
-89,150,i7VabSXkxmqItRh1PGxvSbV208M=,ec4GjR10APJoLSp36+nFCc5Fp8w=
-91,150,i7VabSXkxmqItRh1PGxvSbV208M=,ec4GjR10APJoLSp36+nFCc5Fp8w=
-86,150,i7VabSXkxmqItRh1PGxvSbV208M=,ec4GjR10APJoLSp36+nFCc5Fp8w=
-93,150,i7VabSXkxmqItRh1PGxvSbV208M=,ec4GjR10APJoLSp36+nFCc5Fp8w=
-88,145,i7VabSXkxmqItRh1PGxvSbV208M=,ec4GjR10APJoLSp36+nFCc5Fp8w=
-96,151,i7VabSXkxmqItRh1PGxvSbV208M=,ec4GjR10APJoLSp36+nFCc5Fp8w=
-88,144,i7VabSXkxmqItRh1PGxvSbV208M=,ec4GjR10APJoLSp36+nFCc5Fp8w=
-87,146,i7VabSXkxmqItRh1PGxvSbV208M=,ec4GjR10APJoLSp36+nFCc5Fp8w=
-86,146,i7VabSXkxmqItRh1PGxvSbV208M=,ec4GjR10APJoLSp36+nFCc5Fp8w=
-93,151,i7VabSXkxmqItRh1PGxvSbV208M=,ec4GjR10APJoLSp36+nFCc5Fp8w=
-92,150,i7VabSXkxmqItRh1PGxvSbV208M=,ec4GjR10APJoLSp36+nFCc5Fp8w=
-96,150,i7VabSXkxmqItRh1PGxvSbV208M=,ec4GjR10APJoLSp36+nFCc5Fp8w=
-83,149,i7VabSXkxmqItRh1PGxvSbV208M=,ec4GjR10APJoLSp36+nFCc5Fp8w=
-82,149,i7VabSXkxmqItRh1PGxvSbV208M=,ec4GjR10APJoLSp36+nFCc5Fp8w=
-95,150,i7VabSXkxmqItRh1PGxvSbV208M=,ec4GjR10APJoLSp36+nFCc5Fp8w=
-85,149,i7VabSXkxmqItRh1PGxvSbV208M=,ec4GjR10APJoLSp36+nFCc5Fp8w=
-87,150,i7VabSXkxmqItRh1PGxvSbV208M=,ec4GjR10APJoLSp36+nFCc5Fp8w=
-87,149,i7VabSXkxmqItRh1PGxvSbV208M=,ec4GjR10APJoLSp36+nFCc5Fp8w=
-90,150,i7VabSXkxmqItRh1PGxvSbV208M=,ec4GjR10APJoLSp36+nFCc5Fp8w=
-81,149,i7VabSXkxmqItRh1PGxvSbV208M=,ec4GjR10APJoLSp36+nFCc5Fp8w=
-86,149,i7VabSXkxmqItRh1PGxvSbV208M=,ec4GjR10APJoLSp36+nFCc5Fp8w=
-88,149,i7VabSXkxmqItRh1PGxvSbV208M=,ec4GjR10APJoLSp36+nFCc5Fp8w=
-89,149,i7VabSXkxmqItRh1PGxvSbV208M=,ec4GjR10APJoLSp36+nFCc5Fp8w=
-84,149,i7VabSXkxmqItRh1PGxvSbV208M=,ec4GjR10APJoLSp36+nFCc5Fp8w=
-88,146,i7VabSXkxmqItRh1PGxvSbV208M=,ec4GjR10APJoLSp36+nFCc5Fp8w=
-81,148,i7VabSXkxmqItRh1PGxvSbV208M=,ec4GjR10APJoLSp36+nFCc5Fp8w=
-82,148,i7VabSXkxmqItRh1PGxvSbV208M=,ec4GjR10APJoLSp36+nFCc5Fp8w=
-83,148,i7VabSXkxmqItRh1PGxvSbV208M=,ec4GjR10APJoLSp36+nFCc5Fp8w=
-84,148,i7VabSXkxmqItRh1PGxvSbV208M=,ec4GjR10APJoLSp36+nFCc5Fp8w=
-92,149,i7VabSXkxmqItRh1PGxvSbV208M=,ec4GjR10APJoLSp36+nFCc5Fp8w=
-85,148,i7VabSXkxmqItRh1PGxvSbV208M=,ec4GjR10APJoLSp36+nFCc5Fp8w=
-89,145,i7VabSXkxmqItRh1PGxvSbV208M=,ec4GjR10APJoLSp36+nFCc5Fp8w=
-91,149,i7VabSXkxmqItRh1PGxvSbV208M=,ec4GjR10APJoLSp36+nFCc5Fp8w=
-86,148,i7VabSXkxmqItRh1PGxvSbV208M=,ec4GjR10APJoLSp36+nFCc5Fp8w=
-89,144,i7VabSXkxmqItRh1PGxvSbV208M=,ec4GjR10APJoLSp36+nFCc5Fp8w=
-87,148,i7VabSXkxmqItRh1PGxvSbV208M=,ec4GjR10APJoLSp36+nFCc5Fp8w=
-88,148,i7VabSXkxmqItRh1PGxvSbV208M=,ec4GjR10APJoLSp36+nFCc5Fp8w=
-96,149,i7VabSXkxmqItRh1PGxvSbV208M=,ec4GjR10APJoLSp36+nFCc5Fp8w=
-90,149,i7VabSXkxmqItRh1PGxvSbV208M=,ec4GjR10APJoLSp36+nFCc5Fp8w=
-94,150,i7VabSXkxmqItRh1PGxvSbV208M=,ec4GjR10APJoLSp36+nFCc5Fp8w=
-88,147,i7VabSXkxmqItRh1PGxvSbV208M=,ec4GjR10APJoLSp36+nFCc5Fp8w=
-87,147,i7VabSXkxmqItRh1PGxvSbV208M=,ec4GjR10APJoLSp36+nFCc5Fp8w=
-86,147,i7VabSXkxmqItRh1PGxvSbV208M=,ec4GjR10APJoLSp36+nFCc5Fp8w=
-93,149,i7VabSXkxmqItRh1PGxvSbV208M=,ec4GjR10APJoLSp36+nFCc5Fp8w=
-85,147,i7VabSXkxmqItRh1PGxvSbV208M=,ec4GjR10APJoLSp36+nFCc5Fp8w=
-83,147,i7VabSXkxmqItRh1PGxvSbV208M=,ec4GjR10APJoLSp36+nFCc5Fp8w=
-82,147,i7VabSXkxmqItRh1PGxvSbV208M=,ec4GjR10APJoLSp36+nFCc5Fp8w=
-84,147,i7VabSXkxmqItRh1PGxvSbV208M=,ec4GjR10APJoLSp36+nFCc5Fp8w=
-95,149,i7VabSXkxmqItRh1PGxvSbV208M=,ec4GjR10APJoLSp36+nFCc5Fp8w=
-94,149,i7VabSXkxmqItRh1PGxvSbV208M=,ec4GjR10APJoLSp36+nFCc5Fp8w=
-81,147,i7VabSXkxmqItRh1PGxvSbV208M=,ec4GjR10APJoLSp36+nFCc5Fp8w=
-89,146,i7VabSXkxmqItRh1PGxvSbV208M=,ec4GjR10APJoLSp36+nFCc5Fp8w=
-90,145,i7VabSXkxmqItRh1PGxvSbV208M=,ec4GjR10APJoLSp36+nFCc5Fp8w=
-90,144,i7VabSXkxmqItRh1PGxvSbV208M=,ec4GjR10APJoLSp36+nFCc5Fp8w=
-96,148,i7VabSXkxmqItRh1PGxvSbV208M=,ec4GjR10APJoLSp36+nFCc5Fp8w=
-94,148,i7VabSXkxmqItRh1PGxvSbV208M=,ec4GjR10APJoLSp36+nFCc5Fp8w=
-93,148,i7VabSXkxmqItRh1PGxvSbV208M=,ec4GjR10APJoLSp36+nFCc5Fp8w=
-95,148,i7VabSXkxmqItRh1PGxvSbV208M=,ec4GjR10APJoLSp36+nFCc5Fp8w=
-91,148,i7VabSXkxmqItRh1PGxvSbV208M=,ec4GjR10APJoLSp36+nFCc5Fp8w=
-92,148,i7VabSXkxmqItRh1PGxvSbV208M=,ec4GjR10APJoLSp36+nFCc5Fp8w=
-89,148,i7VabSXkxmqItRh1PGxvSbV208M=,ec4GjR10APJoLSp36+nFCc5Fp8w=
-90,148,i7VabSXkxmqItRh1PGxvSbV208M=,ec4GjR10APJoLSp36+nFCc5Fp8w=
-96,144,i7VabSXkxmqItRh1PGxvSbV208M=,ec4GjR10APJoLSp36+nFCc5Fp8w=
-76,145,CfOiy0lKK8XnzHyDDrhCLw9aJ7Q=,b3HztPNe/Qbyw5XlYmpFNQlIvj8=
-78,147,CfOiy0lKK8XnzHyDDrhCLw9aJ7Q=,b3HztPNe/Qbyw5XlYmpFNQlIvj8=
-77,147,XYj23O8ZT4Cd/pga0Q/uf1nmSmA=,b3HztPNe/Qbyw5XlYmpFNQlIvj8=
-75,147,XYj23O8ZT4Cd/pga0Q/uf1nmSmA=,b3HztPNe/Qbyw5XlYmpFNQlIvj8=
-76,147,XYj23O8ZT4Cd/pga0Q/uf1nmSmA=,b3HztPNe/Qbyw5XlYmpFNQlIvj8=
-73,147,XYj23O8ZT4Cd/pga0Q/uf1nmSmA=,b3HztPNe/Qbyw5XlYmpFNQlIvj8=
-75,145,XYj23O8ZT4Cd/pga0Q/uf1nmSmA=,b3HztPNe/Qbyw5XlYmpFNQlIvj8=
-79,144,XYj23O8ZT4Cd/pga0Q/uf1nmSmA=,b3HztPNe/Qbyw5XlYmpFNQlIvj8=
-76,146,aH4Bq3nQTfl/PQRh18o9nlKfYQs=,b3HztPNe/Qbyw5XlYmpFNQlIvj8=
-77,144,aH4Bq3nQTfl/PQRh18o9nlKfYQs=,b3HztPNe/Qbyw5XlYmpFNQlIvj8=
-65,159,aH4Bq3nQTfl/PQRh18o9nlKfYQs=,b3HztPNe/Qbyw5XlYmpFNQlIvj8=
-66,159,aH4Bq3nQTfl/PQRh18o9nlKfYQs=,b3HztPNe/Qbyw5XlYmpFNQlIvj8=
-74,147,aH4Bq3nQTfl/PQRh18o9nlKfYQs=,b3HztPNe/Qbyw5XlYmpFNQlIvj8=
-67,159,R63cnajFRdE+yXSSOAxBq4tpbC8=,b3HztPNe/Qbyw5XlYmpFNQlIvj8=
-74,146,R63cnajFRdE+yXSSOAxBq4tpbC8=,b3HztPNe/Qbyw5XlYmpFNQlIvj8=
-75,146,R63cnajFRdE+yXSSOAxBq4tpbC8=,b3HztPNe/Qbyw5XlYmpFNQlIvj8=
-68,159,R63cnajFRdE+yXSSOAxBq4tpbC8=,b3HztPNe/Qbyw5XlYmpFNQlIvj8=
-75,144,R63cnajFRdE+yXSSOAxBq4tpbC8=,b3HztPNe/Qbyw5XlYmpFNQlIvj8=
-72,147,R63cnajFRdE+yXSSOAxBq4tpbC8=,b3HztPNe/Qbyw5XlYmpFNQlIvj8=
-70,159,vlEZJVz0bxbl26raj5LxySqDXfo=,b3HztPNe/Qbyw5XlYmpFNQlIvj8=
-69,159,vlEZJVz0bxbl26raj5LxySqDXfo=,b3HztPNe/Qbyw5XlYmpFNQlIvj8=
-71,147,vlEZJVz0bxbl26raj5LxySqDXfo=,b3HztPNe/Qbyw5XlYmpFNQlIvj8=
-73,159,vlEZJVz0bxbl26raj5LxySqDXfo=,b3HztPNe/Qbyw5XlYmpFNQlIvj8=
-71,159,vlEZJVz0bxbl26raj5LxySqDXfo=,b3HztPNe/Qbyw5XlYmpFNQlIvj8=
-72,159,vlEZJVz0bxbl26raj5LxySqDXfo=,b3HztPNe/Qbyw5XlYmpFNQlIvj8=
-70,147,vlEZJVz0bxbl26raj5LxySqDXfo=,b3HztPNe/Qbyw5XlYmpFNQlIvj8=
-76,159,vlEZJVz0bxbl26raj5LxySqDXfo=,b3HztPNe/Qbyw5XlYmpFNQlIvj8=
-75,159,vlEZJVz0bxbl26raj5LxySqDXfo=,b3HztPNe/Qbyw5XlYmpFNQlIvj8=
-74,159,vlEZJVz0bxbl26raj5LxySqDXfo=,b3HztPNe/Qbyw5XlYmpFNQlIvj8=
-78,159,vlEZJVz0bxbl26raj5LxySqDXfo=,b3HztPNe/Qbyw5XlYmpFNQlIvj8=
-77,159,vlEZJVz0bxbl26raj5LxySqDXfo=,b3HztPNe/Qbyw5XlYmpFNQlIvj8=
-76,144,vlEZJVz0bxbl26raj5LxySqDXfo=,b3HztPNe/Qbyw5XlYmpFNQlIvj8=
-79,147,vlEZJVz0bxbl26raj5LxySqDXfo=,b3HztPNe/Qbyw5XlYmpFNQlIvj8=
-79,159,vlEZJVz0bxbl26raj5LxySqDXfo=,b3HztPNe/Qbyw5XlYmpFNQlIvj8=
-77,146,vlEZJVz0bxbl26raj5LxySqDXfo=,b3HztPNe/Qbyw5XlYmpFNQlIvj8=
-69,147,vlEZJVz0bxbl26raj5LxySqDXfo=,b3HztPNe/Qbyw5XlYmpFNQlIvj8=
-65,158,vlEZJVz0bxbl26raj5LxySqDXfo=,b3HztPNe/Qbyw5XlYmpFNQlIvj8=
-66,158,vlEZJVz0bxbl26raj5LxySqDXfo=,b3HztPNe/Qbyw5XlYmpFNQlIvj8=
-69,158,vlEZJVz0bxbl26raj5LxySqDXfo=,b3HztPNe/Qbyw5XlYmpFNQlIvj8=
-67,158,vlEZJVz0bxbl26raj5LxySqDXfo=,b3HztPNe/Qbyw5XlYmpFNQlIvj8=
-70,158,vlEZJVz0bxbl26raj5LxySqDXfo=,b3HztPNe/Qbyw5XlYmpFNQlIvj8=
-68,158,vlEZJVz0bxbl26raj5LxySqDXfo=,b3HztPNe/Qbyw5XlYmpFNQlIvj8=
-68,147,vlEZJVz0bxbl26raj5LxySqDXfo=,b3HztPNe/Qbyw5XlYmpFNQlIvj8=
-80,159,vlEZJVz0bxbl26raj5LxySqDXfo=,b3HztPNe/Qbyw5XlYmpFNQlIvj8=
-73,158,vlEZJVz0bxbl26raj5LxySqDXfo=,b3HztPNe/Qbyw5XlYmpFNQlIvj8=
-71,158,vlEZJVz0bxbl26raj5LxySqDXfo=,b3HztPNe/Qbyw5XlYmpFNQlIvj8=
-72,158,vlEZJVz0bxbl26raj5LxySqDXfo=,b3HztPNe/Qbyw5XlYmpFNQlIvj8=
-67,147,vlEZJVz0bxbl26raj5LxySqDXfo=,b3HztPNe/Qbyw5XlYmpFNQlIvj8=
-76,158,vlEZJVz0bxbl26raj5LxySqDXfo=,b3HztPNe/Qbyw5XlYmpFNQlIvj8=
-75,158,vlEZJVz0bxbl26raj5LxySqDXfo=,b3HztPNe/Qbyw5XlYmpFNQlIvj8=
-74,158,vlEZJVz0bxbl26raj5LxySqDXfo=,b3HztPNe/Qbyw5XlYmpFNQlIvj8=
-79,158,vlEZJVz0bxbl26raj5LxySqDXfo=,b3HztPNe/Qbyw5XlYmpFNQlIvj8=
-65,157,vlEZJVz0bxbl26raj5LxySqDXfo=,b3HztPNe/Qbyw5XlYmpFNQlIvj8=
-80,158,vlEZJVz0bxbl26raj5LxySqDXfo=,b3HztPNe/Qbyw5XlYmpFNQlIvj8=
-78,158,vlEZJVz0bxbl26raj5LxySqDXfo=,b3HztPNe/Qbyw5XlYmpFNQlIvj8=
-78,146,vlEZJVz0bxbl26raj5LxySqDXfo=,b3HztPNe/Qbyw5XlYmpFNQlIvj8=
-66,157,vlEZJVz0bxbl26raj5LxySqDXfo=,b3HztPNe/Qbyw5XlYmpFNQlIvj8=
-67,157,vlEZJVz0bxbl26raj5LxySqDXfo=,b3HztPNe/Qbyw5XlYmpFNQlIvj8=
-68,157,vlEZJVz0bxbl26raj5LxySqDXfo=,b3HztPNe/Qbyw5XlYmpFNQlIvj8=
-77,145,vlEZJVz0bxbl26raj5LxySqDXfo=,b3HztPNe/Qbyw5XlYmpFNQlIvj8=
-69,157,vlEZJVz0bxbl26raj5LxySqDXfo=,b3HztPNe/Qbyw5XlYmpFNQlIvj8=
-71,157,vlEZJVz0bxbl26raj5LxySqDXfo=,b3HztPNe/Qbyw5XlYmpFNQlIvj8=
-66,147,vlEZJVz0bxbl26raj5LxySqDXfo=,b3HztPNe/Qbyw5XlYmpFNQlIvj8=
-74,157,vlEZJVz0bxbl26raj5LxySqDXfo=,b3HztPNe/Qbyw5XlYmpFNQlIvj8=
-73,157,vlEZJVz0bxbl26raj5LxySqDXfo=,b3HztPNe/Qbyw5XlYmpFNQlIvj8=
-70,157,vlEZJVz0bxbl26raj5LxySqDXfo=,b3HztPNe/Qbyw5XlYmpFNQlIvj8=
-77,158,vlEZJVz0bxbl26raj5LxySqDXfo=,b3HztPNe/Qbyw5XlYmpFNQlIvj8=
-74,145,vlEZJVz0bxbl26raj5LxySqDXfo=,b3HztPNe/Qbyw5XlYmpFNQlIvj8=
-75,157,vlEZJVz0bxbl26raj5LxySqDXfo=,b3HztPNe/Qbyw5XlYmpFNQlIvj8=
-76,157,vlEZJVz0bxbl26raj5LxySqDXfo=,b3HztPNe/Qbyw5XlYmpFNQlIvj8=
-77,157,vlEZJVz0bxbl26raj5LxySqDXfo=,b3HztPNe/Qbyw5XlYmpFNQlIvj8=
-80,157,vlEZJVz0bxbl26raj5LxySqDXfo=,b3HztPNe/Qbyw5XlYmpFNQlIvj8=
-72,157,vlEZJVz0bxbl26raj5LxySqDXfo=,b3HztPNe/Qbyw5XlYmpFNQlIvj8=
-65,156,vlEZJVz0bxbl26raj5LxySqDXfo=,b3HztPNe/Qbyw5XlYmpFNQlIvj8=
-78,157,vlEZJVz0bxbl26raj5LxySqDXfo=,b3HztPNe/Qbyw5XlYmpFNQlIvj8=
-78,145,vlEZJVz0bxbl26raj5LxySqDXfo=,b3HztPNe/Qbyw5XlYmpFNQlIvj8=
-79,146,vlEZJVz0bxbl26raj5LxySqDXfo=,b3HztPNe/Qbyw5XlYmpFNQlIvj8=
-65,147,vlEZJVz0bxbl26raj5LxySqDXfo=,b3HztPNe/Qbyw5XlYmpFNQlIvj8=
-67,156,vlEZJVz0bxbl26raj5LxySqDXfo=,b3HztPNe/Qbyw5XlYmpFNQlIvj8=
-66,156,vlEZJVz0bxbl26raj5LxySqDXfo=,b3HztPNe/Qbyw5XlYmpFNQlIvj8=
-69,156,vlEZJVz0bxbl26raj5LxySqDXfo=,b3HztPNe/Qbyw5XlYmpFNQlIvj8=
-74,144,vlEZJVz0bxbl26raj5LxySqDXfo=,b3HztPNe/Qbyw5XlYmpFNQlIvj8=
-68,156,vlEZJVz0bxbl26raj5LxySqDXfo=,b3HztPNe/Qbyw5XlYmpFNQlIvj8=
-79,157,vlEZJVz0bxbl26raj5LxySqDXfo=,b3HztPNe/Qbyw5XlYmpFNQlIvj8=
-73,156,vlEZJVz0bxbl26raj5LxySqDXfo=,b3HztPNe/Qbyw5XlYmpFNQlIvj8=
-73,146,vlEZJVz0bxbl26raj5LxySqDXfo=,b3HztPNe/Qbyw5XlYmpFNQlIvj8=
-80,148,vlEZJVz0bxbl26raj5LxySqDXfo=,b3HztPNe/Qbyw5XlYmpFNQlIvj8=
-70,156,vlEZJVz0bxbl26raj5LxySqDXfo=,b3HztPNe/Qbyw5XlYmpFNQlIvj8=
-71,156,vlEZJVz0bxbl26raj5LxySqDXfo=,b3HztPNe/Qbyw5XlYmpFNQlIvj8=
-77,156,vlEZJVz0bxbl26raj5LxySqDXfo=,b3HztPNe/Qbyw5XlYmpFNQlIvj8=
-74,156,vlEZJVz0bxbl26raj5LxySqDXfo=,b3HztPNe/Qbyw5XlYmpFNQlIvj8=
-72,156,vlEZJVz0bxbl26raj5LxySqDXfo=,b3HztPNe/Qbyw5XlYmpFNQlIvj8=
-78,156,vlEZJVz0bxbl26raj5LxySqDXfo=,b3HztPNe/Qbyw5XlYmpFNQlIvj8=
-76,156,vlEZJVz0bxbl26raj5LxySqDXfo=,b3HztPNe/Qbyw5XlYmpFNQlIvj8=
-79,148,vlEZJVz0bxbl26raj5LxySqDXfo=,b3HztPNe/Qbyw5XlYmpFNQlIvj8=
-79,145,vlEZJVz0bxbl26raj5LxySqDXfo=,b3HztPNe/Qbyw5XlYmpFNQlIvj8=
-80,156,vlEZJVz0bxbl26raj5LxySqDXfo=,b3HztPNe/Qbyw5XlYmpFNQlIvj8=
-80,145,vlEZJVz0bxbl26raj5LxySqDXfo=,b3HztPNe/Qbyw5XlYmpFNQlIvj8=
-78,148,vlEZJVz0bxbl26raj5LxySqDXfo=,b3HztPNe/Qbyw5XlYmpFNQlIvj8=
-78,144,vlEZJVz0bxbl26raj5LxySqDXfo=,b3HztPNe/Qbyw5XlYmpFNQlIvj8=
-65,144,vlEZJVz0bxbl26raj5LxySqDXfo=,b3HztPNe/Qbyw5XlYmpFNQlIvj8=
-77,148,vlEZJVz0bxbl26raj5LxySqDXfo=,b3HztPNe/Qbyw5XlYmpFNQlIvj8=
-80,146,vlEZJVz0bxbl26raj5LxySqDXfo=,b3HztPNe/Qbyw5XlYmpFNQlIvj8=
-65,146,vlEZJVz0bxbl26raj5LxySqDXfo=,b3HztPNe/Qbyw5XlYmpFNQlIvj8=
-75,156,vlEZJVz0bxbl26raj5LxySqDXfo=,b3HztPNe/Qbyw5XlYmpFNQlIvj8=
-66,144,vlEZJVz0bxbl26raj5LxySqDXfo=,b3HztPNe/Qbyw5XlYmpFNQlIvj8=
-79,156,vlEZJVz0bxbl26raj5LxySqDXfo=,b3HztPNe/Qbyw5XlYmpFNQlIvj8=
-76,148,vlEZJVz0bxbl26raj5LxySqDXfo=,b3HztPNe/Qbyw5XlYmpFNQlIvj8=
-65,145,vlEZJVz0bxbl26raj5LxySqDXfo=,b3HztPNe/Qbyw5XlYmpFNQlIvj8=
-66,145,vlEZJVz0bxbl26raj5LxySqDXfo=,b3HztPNe/Qbyw5XlYmpFNQlIvj8=
-65,155,vlEZJVz0bxbl26raj5LxySqDXfo=,b3HztPNe/Qbyw5XlYmpFNQlIvj8=
-66,155,vlEZJVz0bxbl26raj5LxySqDXfo=,b3HztPNe/Qbyw5XlYmpFNQlIvj8=
-67,155,vlEZJVz0bxbl26raj5LxySqDXfo=,b3HztPNe/Qbyw5XlYmpFNQlIvj8=
-75,148,vlEZJVz0bxbl26raj5LxySqDXfo=,b3HztPNe/Qbyw5XlYmpFNQlIvj8=
-69,155,vlEZJVz0bxbl26raj5LxySqDXfo=,b3HztPNe/Qbyw5XlYmpFNQlIvj8=
-80,147,vlEZJVz0bxbl26raj5LxySqDXfo=,b3HztPNe/Qbyw5XlYmpFNQlIvj8=
-70,155,vlEZJVz0bxbl26raj5LxySqDXfo=,b3HztPNe/Qbyw5XlYmpFNQlIvj8=
-74,148,vlEZJVz0bxbl26raj5LxySqDXfo=,b3HztPNe/Qbyw5XlYmpFNQlIvj8=
-68,155,vlEZJVz0bxbl26raj5LxySqDXfo=,b3HztPNe/Qbyw5XlYmpFNQlIvj8=
-80,144,vlEZJVz0bxbl26raj5LxySqDXfo=,b3HztPNe/Qbyw5XlYmpFNQlIvj8=
-73,148,vlEZJVz0bxbl26raj5LxySqDXfo=,b3HztPNe/Qbyw5XlYmpFNQlIvj8=
-74,155,vlEZJVz0bxbl26raj5LxySqDXfo=,b3HztPNe/Qbyw5XlYmpFNQlIvj8=
-72,155,vlEZJVz0bxbl26raj5LxySqDXfo=,b3HztPNe/Qbyw5XlYmpFNQlIvj8=
-77,155,vlEZJVz0bxbl26raj5LxySqDXfo=,b3HztPNe/Qbyw5XlYmpFNQlIvj8=
-72,148,vlEZJVz0bxbl26raj5LxySqDXfo=,b3HztPNe/Qbyw5XlYmpFNQlIvj8=
-71,155,vlEZJVz0bxbl26raj5LxySqDXfo=,b3HztPNe/Qbyw5XlYmpFNQlIvj8=
-75,155,vlEZJVz0bxbl26raj5LxySqDXfo=,b3HztPNe/Qbyw5XlYmpFNQlIvj8=
-78,155,vlEZJVz0bxbl26raj5LxySqDXfo=,b3HztPNe/Qbyw5XlYmpFNQlIvj8=
-67,144,vlEZJVz0bxbl26raj5LxySqDXfo=,b3HztPNe/Qbyw5XlYmpFNQlIvj8=
-76,155,vlEZJVz0bxbl26raj5LxySqDXfo=,b3HztPNe/Qbyw5XlYmpFNQlIvj8=
-73,155,vlEZJVz0bxbl26raj5LxySqDXfo=,b3HztPNe/Qbyw5XlYmpFNQlIvj8=
-66,146,vlEZJVz0bxbl26raj5LxySqDXfo=,b3HztPNe/Qbyw5XlYmpFNQlIvj8=
-80,155,vlEZJVz0bxbl26raj5LxySqDXfo=,b3HztPNe/Qbyw5XlYmpFNQlIvj8=
-67,145,vlEZJVz0bxbl26raj5LxySqDXfo=,b3HztPNe/Qbyw5XlYmpFNQlIvj8=
-65,154,vlEZJVz0bxbl26raj5LxySqDXfo=,b3HztPNe/Qbyw5XlYmpFNQlIvj8=
-71,148,vlEZJVz0bxbl26raj5LxySqDXfo=,b3HztPNe/Qbyw5XlYmpFNQlIvj8=
-66,154,vlEZJVz0bxbl26raj5LxySqDXfo=,b3HztPNe/Qbyw5XlYmpFNQlIvj8=
-67,154,vlEZJVz0bxbl26raj5LxySqDXfo=,b3HztPNe/Qbyw5XlYmpFNQlIvj8=
-68,154,vlEZJVz0bxbl26raj5LxySqDXfo=,b3HztPNe/Qbyw5XlYmpFNQlIvj8=
-70,148,vlEZJVz0bxbl26raj5LxySqDXfo=,b3HztPNe/Qbyw5XlYmpFNQlIvj8=
-70,154,vlEZJVz0bxbl26raj5LxySqDXfo=,b3HztPNe/Qbyw5XlYmpFNQlIvj8=
-69,154,vlEZJVz0bxbl26raj5LxySqDXfo=,b3HztPNe/Qbyw5XlYmpFNQlIvj8=
-79,155,vlEZJVz0bxbl26raj5LxySqDXfo=,b3HztPNe/Qbyw5XlYmpFNQlIvj8=
-71,154,vlEZJVz0bxbl26raj5LxySqDXfo=,b3HztPNe/Qbyw5XlYmpFNQlIvj8=
-72,154,vlEZJVz0bxbl26raj5LxySqDXfo=,b3HztPNe/Qbyw5XlYmpFNQlIvj8=
-75,154,vlEZJVz0bxbl26raj5LxySqDXfo=,b3HztPNe/Qbyw5XlYmpFNQlIvj8=
-74,154,vlEZJVz0bxbl26raj5LxySqDXfo=,b3HztPNe/Qbyw5XlYmpFNQlIvj8=
-69,148,vlEZJVz0bxbl26raj5LxySqDXfo=,b3HztPNe/Qbyw5XlYmpFNQlIvj8=
-73,154,vlEZJVz0bxbl26raj5LxySqDXfo=,b3HztPNe/Qbyw5XlYmpFNQlIvj8=
-78,154,vlEZJVz0bxbl26raj5LxySqDXfo=,b3HztPNe/Qbyw5XlYmpFNQlIvj8=
-77,154,vlEZJVz0bxbl26raj5LxySqDXfo=,b3HztPNe/Qbyw5XlYmpFNQlIvj8=
-79,154,vlEZJVz0bxbl26raj5LxySqDXfo=,b3HztPNe/Qbyw5XlYmpFNQlIvj8=
-68,148,vlEZJVz0bxbl26raj5LxySqDXfo=,b3HztPNe/Qbyw5XlYmpFNQlIvj8=
-80,154,vlEZJVz0bxbl26raj5LxySqDXfo=,b3HztPNe/Qbyw5XlYmpFNQlIvj8=
-76,154,vlEZJVz0bxbl26raj5LxySqDXfo=,b3HztPNe/Qbyw5XlYmpFNQlIvj8=
-68,144,vlEZJVz0bxbl26raj5LxySqDXfo=,b3HztPNe/Qbyw5XlYmpFNQlIvj8=
-68,145,vlEZJVz0bxbl26raj5LxySqDXfo=,b3HztPNe/Qbyw5XlYmpFNQlIvj8=
-67,146,vlEZJVz0bxbl26raj5LxySqDXfo=,b3HztPNe/Qbyw5XlYmpFNQlIvj8=
-65,153,vlEZJVz0bxbl26raj5LxySqDXfo=,b3HztPNe/Qbyw5XlYmpFNQlIvj8=
-67,148,vlEZJVz0bxbl26raj5LxySqDXfo=,b3HztPNe/Qbyw5XlYmpFNQlIvj8=
-66,153,vlEZJVz0bxbl26raj5LxySqDXfo=,b3HztPNe/Qbyw5XlYmpFNQlIvj8=
-67,153,vlEZJVz0bxbl26raj5LxySqDXfo=,b3HztPNe/Qbyw5XlYmpFNQlIvj8=
-68,153,vlEZJVz0bxbl26raj5LxySqDXfo=,b3HztPNe/Qbyw5XlYmpFNQlIvj8=
-70,153,vlEZJVz0bxbl26raj5LxySqDXfo=,b3HztPNe/Qbyw5XlYmpFNQlIvj8=
-69,153,vlEZJVz0bxbl26raj5LxySqDXfo=,b3HztPNe/Qbyw5XlYmpFNQlIvj8=
-71,153,vlEZJVz0bxbl26raj5LxySqDXfo=,b3HztPNe/Qbyw5XlYmpFNQlIvj8=
-66,148,vlEZJVz0bxbl26raj5LxySqDXfo=,b3HztPNe/Qbyw5XlYmpFNQlIvj8=
-72,153,vlEZJVz0bxbl26raj5LxySqDXfo=,b3HztPNe/Qbyw5XlYmpFNQlIvj8=
-75,153,vlEZJVz0bxbl26raj5LxySqDXfo=,b3HztPNe/Qbyw5XlYmpFNQlIvj8=
-73,145,vlEZJVz0bxbl26raj5LxySqDXfo=,b3HztPNe/Qbyw5XlYmpFNQlIvj8=
-77,153,vlEZJVz0bxbl26raj5LxySqDXfo=,b3HztPNe/Qbyw5XlYmpFNQlIvj8=
-74,153,vlEZJVz0bxbl26raj5LxySqDXfo=,b3HztPNe/Qbyw5XlYmpFNQlIvj8=
-65,148,vlEZJVz0bxbl26raj5LxySqDXfo=,b3HztPNe/Qbyw5XlYmpFNQlIvj8=
-79,153,vlEZJVz0bxbl26raj5LxySqDXfo=,b3HztPNe/Qbyw5XlYmpFNQlIvj8=
-80,153,vlEZJVz0bxbl26raj5LxySqDXfo=,b3HztPNe/Qbyw5XlYmpFNQlIvj8=
-76,153,vlEZJVz0bxbl26raj5LxySqDXfo=,b3HztPNe/Qbyw5XlYmpFNQlIvj8=
-69,144,vlEZJVz0bxbl26raj5LxySqDXfo=,b3HztPNe/Qbyw5XlYmpFNQlIvj8=
-68,146,vlEZJVz0bxbl26raj5LxySqDXfo=,b3HztPNe/Qbyw5XlYmpFNQlIvj8=
-69,145,vlEZJVz0bxbl26raj5LxySqDXfo=,b3HztPNe/Qbyw5XlYmpFNQlIvj8=
-65,152,vlEZJVz0bxbl26raj5LxySqDXfo=,b3HztPNe/Qbyw5XlYmpFNQlIvj8=
-66,152,vlEZJVz0bxbl26raj5LxySqDXfo=,b3HztPNe/Qbyw5XlYmpFNQlIvj8=
-73,144,vlEZJVz0bxbl26raj5LxySqDXfo=,b3HztPNe/Qbyw5XlYmpFNQlIvj8=
-78,153,vlEZJVz0bxbl26raj5LxySqDXfo=,b3HztPNe/Qbyw5XlYmpFNQlIvj8=
-67,152,vlEZJVz0bxbl26raj5LxySqDXfo=,b3HztPNe/Qbyw5XlYmpFNQlIvj8=
-68,152,vlEZJVz0bxbl26raj5LxySqDXfo=,b3HztPNe/Qbyw5XlYmpFNQlIvj8=
-69,152,vlEZJVz0bxbl26raj5LxySqDXfo=,b3HztPNe/Qbyw5XlYmpFNQlIvj8=
-70,152,vlEZJVz0bxbl26raj5LxySqDXfo=,b3HztPNe/Qbyw5XlYmpFNQlIvj8=
-80,149,vlEZJVz0bxbl26raj5LxySqDXfo=,b3HztPNe/Qbyw5XlYmpFNQlIvj8=
-73,153,vlEZJVz0bxbl26raj5LxySqDXfo=,b3HztPNe/Qbyw5XlYmpFNQlIvj8=
-71,152,vlEZJVz0bxbl26raj5LxySqDXfo=,b3HztPNe/Qbyw5XlYmpFNQlIvj8=
-73,152,vlEZJVz0bxbl26raj5LxySqDXfo=,b3HztPNe/Qbyw5XlYmpFNQlIvj8=
-72,152,vlEZJVz0bxbl26raj5LxySqDXfo=,b3HztPNe/Qbyw5XlYmpFNQlIvj8=
-76,152,vlEZJVz0bxbl26raj5LxySqDXfo=,b3HztPNe/Qbyw5XlYmpFNQlIvj8=
-74,152,vlEZJVz0bxbl26raj5LxySqDXfo=,b3HztPNe/Qbyw5XlYmpFNQlIvj8=
-77,152,vlEZJVz0bxbl26raj5LxySqDXfo=,b3HztPNe/Qbyw5XlYmpFNQlIvj8=
-72,146,vlEZJVz0bxbl26raj5LxySqDXfo=,b3HztPNe/Qbyw5XlYmpFNQlIvj8=
-79,152,vlEZJVz0bxbl26raj5LxySqDXfo=,b3HztPNe/Qbyw5XlYmpFNQlIvj8=
-70,144,vlEZJVz0bxbl26raj5LxySqDXfo=,b3HztPNe/Qbyw5XlYmpFNQlIvj8=
-80,152,vlEZJVz0bxbl26raj5LxySqDXfo=,b3HztPNe/Qbyw5XlYmpFNQlIvj8=
-75,152,vlEZJVz0bxbl26raj5LxySqDXfo=,b3HztPNe/Qbyw5XlYmpFNQlIvj8=
-78,152,vlEZJVz0bxbl26raj5LxySqDXfo=,b3HztPNe/Qbyw5XlYmpFNQlIvj8=
-79,149,vlEZJVz0bxbl26raj5LxySqDXfo=,b3HztPNe/Qbyw5XlYmpFNQlIvj8=
-70,145,vlEZJVz0bxbl26raj5LxySqDXfo=,b3HztPNe/Qbyw5XlYmpFNQlIvj8=
-69,146,vlEZJVz0bxbl26raj5LxySqDXfo=,b3HztPNe/Qbyw5XlYmpFNQlIvj8=
-65,151,vlEZJVz0bxbl26raj5LxySqDXfo=,b3HztPNe/Qbyw5XlYmpFNQlIvj8=
-66,151,vlEZJVz0bxbl26raj5LxySqDXfo=,b3HztPNe/Qbyw5XlYmpFNQlIvj8=
-68,151,vlEZJVz0bxbl26raj5LxySqDXfo=,b3HztPNe/Qbyw5XlYmpFNQlIvj8=
-67,151,vlEZJVz0bxbl26raj5LxySqDXfo=,b3HztPNe/Qbyw5XlYmpFNQlIvj8=
-78,149,vlEZJVz0bxbl26raj5LxySqDXfo=,b3HztPNe/Qbyw5XlYmpFNQlIvj8=
-70,151,vlEZJVz0bxbl26raj5LxySqDXfo=,b3HztPNe/Qbyw5XlYmpFNQlIvj8=
-71,151,vlEZJVz0bxbl26raj5LxySqDXfo=,b3HztPNe/Qbyw5XlYmpFNQlIvj8=
-73,151,vlEZJVz0bxbl26raj5LxySqDXfo=,b3HztPNe/Qbyw5XlYmpFNQlIvj8=
-74,151,vlEZJVz0bxbl26raj5LxySqDXfo=,b3HztPNe/Qbyw5XlYmpFNQlIvj8=
-77,149,vlEZJVz0bxbl26raj5LxySqDXfo=,b3HztPNe/Qbyw5XlYmpFNQlIvj8=
-76,151,vlEZJVz0bxbl26raj5LxySqDXfo=,b3HztPNe/Qbyw5XlYmpFNQlIvj8=
-77,151,vlEZJVz0bxbl26raj5LxySqDXfo=,b3HztPNe/Qbyw5XlYmpFNQlIvj8=
-69,151,vlEZJVz0bxbl26raj5LxySqDXfo=,b3HztPNe/Qbyw5XlYmpFNQlIvj8=
-78,151,vlEZJVz0bxbl26raj5LxySqDXfo=,b3HztPNe/Qbyw5XlYmpFNQlIvj8=
-76,149,vlEZJVz0bxbl26raj5LxySqDXfo=,b3HztPNe/Qbyw5XlYmpFNQlIvj8=
-72,151,vlEZJVz0bxbl26raj5LxySqDXfo=,b3HztPNe/Qbyw5XlYmpFNQlIvj8=
-75,151,vlEZJVz0bxbl26raj5LxySqDXfo=,b3HztPNe/Qbyw5XlYmpFNQlIvj8=
-71,144,vlEZJVz0bxbl26raj5LxySqDXfo=,b3HztPNe/Qbyw5XlYmpFNQlIvj8=
-70,146,vlEZJVz0bxbl26raj5LxySqDXfo=,b3HztPNe/Qbyw5XlYmpFNQlIvj8=
-75,149,vlEZJVz0bxbl26raj5LxySqDXfo=,b3HztPNe/Qbyw5XlYmpFNQlIvj8=
-80,151,vlEZJVz0bxbl26raj5LxySqDXfo=,b3HztPNe/Qbyw5XlYmpFNQlIvj8=
-71,145,vlEZJVz0bxbl26raj5LxySqDXfo=,b3HztPNe/Qbyw5XlYmpFNQlIvj8=
-65,150,vlEZJVz0bxbl26raj5LxySqDXfo=,b3HztPNe/Qbyw5XlYmpFNQlIvj8=
-68,150,vlEZJVz0bxbl26raj5LxySqDXfo=,b3HztPNe/Qbyw5XlYmpFNQlIvj8=
-66,150,vlEZJVz0bxbl26raj5LxySqDXfo=,b3HztPNe/Qbyw5XlYmpFNQlIvj8=
-67,150,vlEZJVz0bxbl26raj5LxySqDXfo=,b3HztPNe/Qbyw5XlYmpFNQlIvj8=
-69,150,vlEZJVz0bxbl26raj5LxySqDXfo=,b3HztPNe/Qbyw5XlYmpFNQlIvj8=
-70,150,vlEZJVz0bxbl26raj5LxySqDXfo=,b3HztPNe/Qbyw5XlYmpFNQlIvj8=
-79,151,vlEZJVz0bxbl26raj5LxySqDXfo=,b3HztPNe/Qbyw5XlYmpFNQlIvj8=
-72,150,vlEZJVz0bxbl26raj5LxySqDXfo=,b3HztPNe/Qbyw5XlYmpFNQlIvj8=
-71,150,vlEZJVz0bxbl26raj5LxySqDXfo=,b3HztPNe/Qbyw5XlYmpFNQlIvj8=
-73,150,vlEZJVz0bxbl26raj5LxySqDXfo=,b3HztPNe/Qbyw5XlYmpFNQlIvj8=
-74,150,vlEZJVz0bxbl26raj5LxySqDXfo=,b3HztPNe/Qbyw5XlYmpFNQlIvj8=
-76,150,vlEZJVz0bxbl26raj5LxySqDXfo=,b3HztPNe/Qbyw5XlYmpFNQlIvj8=
-75,150,vlEZJVz0bxbl26raj5LxySqDXfo=,b3HztPNe/Qbyw5XlYmpFNQlIvj8=
-74,149,vlEZJVz0bxbl26raj5LxySqDXfo=,b3HztPNe/Qbyw5XlYmpFNQlIvj8=
-78,150,vlEZJVz0bxbl26raj5LxySqDXfo=,b3HztPNe/Qbyw5XlYmpFNQlIvj8=
-79,150,vlEZJVz0bxbl26raj5LxySqDXfo=,b3HztPNe/Qbyw5XlYmpFNQlIvj8=
-77,150,vlEZJVz0bxbl26raj5LxySqDXfo=,b3HztPNe/Qbyw5XlYmpFNQlIvj8=
-71,146,vlEZJVz0bxbl26raj5LxySqDXfo=,b3HztPNe/Qbyw5XlYmpFNQlIvj8=
-72,144,vlEZJVz0bxbl26raj5LxySqDXfo=,b3HztPNe/Qbyw5XlYmpFNQlIvj8=
-80,150,vlEZJVz0bxbl26raj5LxySqDXfo=,b3HztPNe/Qbyw5XlYmpFNQlIvj8=
-72,145,vlEZJVz0bxbl26raj5LxySqDXfo=,b3HztPNe/Qbyw5XlYmpFNQlIvj8=
-65,149,vlEZJVz0bxbl26raj5LxySqDXfo=,b3HztPNe/Qbyw5XlYmpFNQlIvj8=
-73,149,vlEZJVz0bxbl26raj5LxySqDXfo=,b3HztPNe/Qbyw5XlYmpFNQlIvj8=
-67,149,vlEZJVz0bxbl26raj5LxySqDXfo=,b3HztPNe/Qbyw5XlYmpFNQlIvj8=
-66,149,vlEZJVz0bxbl26raj5LxySqDXfo=,b3HztPNe/Qbyw5XlYmpFNQlIvj8=
-69,149,vlEZJVz0bxbl26raj5LxySqDXfo=,b3HztPNe/Qbyw5XlYmpFNQlIvj8=
-71,149,vlEZJVz0bxbl26raj5LxySqDXfo=,b3HztPNe/Qbyw5XlYmpFNQlIvj8=
-70,149,vlEZJVz0bxbl26raj5LxySqDXfo=,b3HztPNe/Qbyw5XlYmpFNQlIvj8=
-68,149,vlEZJVz0bxbl26raj5LxySqDXfo=,b3HztPNe/Qbyw5XlYmpFNQlIvj8=
-72,149,vlEZJVz0bxbl26raj5LxySqDXfo=,b3HztPNe/Qbyw5XlYmpFNQlIvj8=
-77,131,4KqiNH/PZHB3QiDC43GkL0POkWA=,FJ0pYg4fdy1+uRz6fCPzADcQmxU=
-76,131,Q7jcfOPOdjeeiH2iil9ckKA0J20=,FJ0pYg4fdy1+uRz6fCPzADcQmxU=
-78,131,Q7jcfOPOdjeeiH2iil9ckKA0J20=,FJ0pYg4fdy1+uRz6fCPzADcQmxU=
-75,131,a9/vEf+Yy7/TGemAb4lIVdTY2FE=,FJ0pYg4fdy1+uRz6fCPzADcQmxU=
-76,129,a9/vEf+Yy7/TGemAb4lIVdTY2FE=,FJ0pYg4fdy1+uRz6fCPzADcQmxU=
-75,129,a9/vEf+Yy7/TGemAb4lIVdTY2FE=,FJ0pYg4fdy1+uRz6fCPzADcQmxU=
-65,143,F+Gt2mrUPeUWKNgAsJo3qULTrj8=,FJ0pYg4fdy1+uRz6fCPzADcQmxU=
-74,130,F+Gt2mrUPeUWKNgAsJo3qULTrj8=,FJ0pYg4fdy1+uRz6fCPzADcQmxU=
-73,131,F+Gt2mrUPeUWKNgAsJo3qULTrj8=,FJ0pYg4fdy1+uRz6fCPzADcQmxU=
-76,130,F+Gt2mrUPeUWKNgAsJo3qULTrj8=,FJ0pYg4fdy1+uRz6fCPzADcQmxU=
-74,131,F+Gt2mrUPeUWKNgAsJo3qULTrj8=,FJ0pYg4fdy1+uRz6fCPzADcQmxU=
-67,143,F+Gt2mrUPeUWKNgAsJo3qULTrj8=,FJ0pYg4fdy1+uRz6fCPzADcQmxU=
-68,143,F+Gt2mrUPeUWKNgAsJo3qULTrj8=,FJ0pYg4fdy1+uRz6fCPzADcQmxU=
-66,143,F+Gt2mrUPeUWKNgAsJo3qULTrj8=,FJ0pYg4fdy1+uRz6fCPzADcQmxU=
-72,131,F+Gt2mrUPeUWKNgAsJo3qULTrj8=,FJ0pYg4fdy1+uRz6fCPzADcQmxU=
-69,143,F+Gt2mrUPeUWKNgAsJo3qULTrj8=,FJ0pYg4fdy1+uRz6fCPzADcQmxU=
-70,143,F+Gt2mrUPeUWKNgAsJo3qULTrj8=,FJ0pYg4fdy1+uRz6fCPzADcQmxU=
-75,130,F+Gt2mrUPeUWKNgAsJo3qULTrj8=,FJ0pYg4fdy1+uRz6fCPzADcQmxU=
-71,143,F+Gt2mrUPeUWKNgAsJo3qULTrj8=,FJ0pYg4fdy1+uRz6fCPzADcQmxU=
-71,131,F+Gt2mrUPeUWKNgAsJo3qULTrj8=,FJ0pYg4fdy1+uRz6fCPzADcQmxU=
-73,143,F+Gt2mrUPeUWKNgAsJo3qULTrj8=,FJ0pYg4fdy1+uRz6fCPzADcQmxU=
-74,143,F+Gt2mrUPeUWKNgAsJo3qULTrj8=,FJ0pYg4fdy1+uRz6fCPzADcQmxU=
-75,143,F+Gt2mrUPeUWKNgAsJo3qULTrj8=,FJ0pYg4fdy1+uRz6fCPzADcQmxU=
-77,128,F+Gt2mrUPeUWKNgAsJo3qULTrj8=,FJ0pYg4fdy1+uRz6fCPzADcQmxU=
-76,143,F+Gt2mrUPeUWKNgAsJo3qULTrj8=,FJ0pYg4fdy1+uRz6fCPzADcQmxU=
-77,143,F+Gt2mrUPeUWKNgAsJo3qULTrj8=,FJ0pYg4fdy1+uRz6fCPzADcQmxU=
-79,143,F+Gt2mrUPeUWKNgAsJo3qULTrj8=,FJ0pYg4fdy1+uRz6fCPzADcQmxU=
-70,131,F+Gt2mrUPeUWKNgAsJo3qULTrj8=,FJ0pYg4fdy1+uRz6fCPzADcQmxU=
-79,131,F+Gt2mrUPeUWKNgAsJo3qULTrj8=,FJ0pYg4fdy1+uRz6fCPzADcQmxU=
-80,143,F+Gt2mrUPeUWKNgAsJo3qULTrj8=,FJ0pYg4fdy1+uRz6fCPzADcQmxU=
-75,128,F+Gt2mrUPeUWKNgAsJo3qULTrj8=,FJ0pYg4fdy1+uRz6fCPzADcQmxU=
-79,128,F+Gt2mrUPeUWKNgAsJo3qULTrj8=,FJ0pYg4fdy1+uRz6fCPzADcQmxU=
-65,142,F+Gt2mrUPeUWKNgAsJo3qULTrj8=,FJ0pYg4fdy1+uRz6fCPzADcQmxU=
-77,130,F+Gt2mrUPeUWKNgAsJo3qULTrj8=,FJ0pYg4fdy1+uRz6fCPzADcQmxU=
-66,142,F+Gt2mrUPeUWKNgAsJo3qULTrj8=,FJ0pYg4fdy1+uRz6fCPzADcQmxU=
-68,142,F+Gt2mrUPeUWKNgAsJo3qULTrj8=,FJ0pYg4fdy1+uRz6fCPzADcQmxU=
-67,142,F+Gt2mrUPeUWKNgAsJo3qULTrj8=,FJ0pYg4fdy1+uRz6fCPzADcQmxU=
-70,142,F+Gt2mrUPeUWKNgAsJo3qULTrj8=,FJ0pYg4fdy1+uRz6fCPzADcQmxU=
-71,142,F+Gt2mrUPeUWKNgAsJo3qULTrj8=,FJ0pYg4fdy1+uRz6fCPzADcQmxU=
-69,142,F+Gt2mrUPeUWKNgAsJo3qULTrj8=,FJ0pYg4fdy1+uRz6fCPzADcQmxU=
-72,142,F+Gt2mrUPeUWKNgAsJo3qULTrj8=,FJ0pYg4fdy1+uRz6fCPzADcQmxU=
-73,142,F+Gt2mrUPeUWKNgAsJo3qULTrj8=,FJ0pYg4fdy1+uRz6fCPzADcQmxU=
-74,142,F+Gt2mrUPeUWKNgAsJo3qULTrj8=,FJ0pYg4fdy1+uRz6fCPzADcQmxU=
-76,142,F+Gt2mrUPeUWKNgAsJo3qULTrj8=,FJ0pYg4fdy1+uRz6fCPzADcQmxU=
-77,142,F+Gt2mrUPeUWKNgAsJo3qULTrj8=,FJ0pYg4fdy1+uRz6fCPzADcQmxU=
-78,142,F+Gt2mrUPeUWKNgAsJo3qULTrj8=,FJ0pYg4fdy1+uRz6fCPzADcQmxU=
-79,142,F+Gt2mrUPeUWKNgAsJo3qULTrj8=,FJ0pYg4fdy1+uRz6fCPzADcQmxU=
-75,142,F+Gt2mrUPeUWKNgAsJo3qULTrj8=,FJ0pYg4fdy1+uRz6fCPzADcQmxU=
-80,142,F+Gt2mrUPeUWKNgAsJo3qULTrj8=,FJ0pYg4fdy1+uRz6fCPzADcQmxU=
-65,141,F+Gt2mrUPeUWKNgAsJo3qULTrj8=,FJ0pYg4fdy1+uRz6fCPzADcQmxU=
-69,141,F+Gt2mrUPeUWKNgAsJo3qULTrj8=,FJ0pYg4fdy1+uRz6fCPzADcQmxU=
-78,130,F+Gt2mrUPeUWKNgAsJo3qULTrj8=,FJ0pYg4fdy1+uRz6fCPzADcQmxU=
-68,141,F+Gt2mrUPeUWKNgAsJo3qULTrj8=,FJ0pYg4fdy1+uRz6fCPzADcQmxU=
-67,141,F+Gt2mrUPeUWKNgAsJo3qULTrj8=,FJ0pYg4fdy1+uRz6fCPzADcQmxU=
-71,141,F+Gt2mrUPeUWKNgAsJo3qULTrj8=,FJ0pYg4fdy1+uRz6fCPzADcQmxU=
-72,141,F+Gt2mrUPeUWKNgAsJo3qULTrj8=,FJ0pYg4fdy1+uRz6fCPzADcQmxU=
-70,141,F+Gt2mrUPeUWKNgAsJo3qULTrj8=,FJ0pYg4fdy1+uRz6fCPzADcQmxU=
-77,129,F+Gt2mrUPeUWKNgAsJo3qULTrj8=,FJ0pYg4fdy1+uRz6fCPzADcQmxU=
-73,141,F+Gt2mrUPeUWKNgAsJo3qULTrj8=,FJ0pYg4fdy1+uRz6fCPzADcQmxU=
-74,141,F+Gt2mrUPeUWKNgAsJo3qULTrj8=,FJ0pYg4fdy1+uRz6fCPzADcQmxU=
-75,141,F+Gt2mrUPeUWKNgAsJo3qULTrj8=,FJ0pYg4fdy1+uRz6fCPzADcQmxU=
-76,141,F+Gt2mrUPeUWKNgAsJo3qULTrj8=,FJ0pYg4fdy1+uRz6fCPzADcQmxU=
-78,141,F+Gt2mrUPeUWKNgAsJo3qULTrj8=,FJ0pYg4fdy1+uRz6fCPzADcQmxU=
-77,141,F+Gt2mrUPeUWKNgAsJo3qULTrj8=,FJ0pYg4fdy1+uRz6fCPzADcQmxU=
-79,141,F+Gt2mrUPeUWKNgAsJo3qULTrj8=,FJ0pYg4fdy1+uRz6fCPzADcQmxU=
-80,141,F+Gt2mrUPeUWKNgAsJo3qULTrj8=,FJ0pYg4fdy1+uRz6fCPzADcQmxU=
-72,143,F+Gt2mrUPeUWKNgAsJo3qULTrj8=,FJ0pYg4fdy1+uRz6fCPzADcQmxU=
-66,140,F+Gt2mrUPeUWKNgAsJo3qULTrj8=,FJ0pYg4fdy1+uRz6fCPzADcQmxU=
-67,140,F+Gt2mrUPeUWKNgAsJo3qULTrj8=,FJ0pYg4fdy1+uRz6fCPzADcQmxU=
-68,140,F+Gt2mrUPeUWKNgAsJo3qULTrj8=,FJ0pYg4fdy1+uRz6fCPzADcQmxU=
-79,130,F+Gt2mrUPeUWKNgAsJo3qULTrj8=,FJ0pYg4fdy1+uRz6fCPzADcQmxU=
-71,140,F+Gt2mrUPeUWKNgAsJo3qULTrj8=,FJ0pYg4fdy1+uRz6fCPzADcQmxU=
-69,140,F+Gt2mrUPeUWKNgAsJo3qULTrj8=,FJ0pYg4fdy1+uRz6fCPzADcQmxU=
-70,140,F+Gt2mrUPeUWKNgAsJo3qULTrj8=,FJ0pYg4fdy1+uRz6fCPzADcQmxU=
-72,140,F+Gt2mrUPeUWKNgAsJo3qULTrj8=,FJ0pYg4fdy1+uRz6fCPzADcQmxU=
-73,140,F+Gt2mrUPeUWKNgAsJo3qULTrj8=,FJ0pYg4fdy1+uRz6fCPzADcQmxU=
-78,143,F+Gt2mrUPeUWKNgAsJo3qULTrj8=,FJ0pYg4fdy1+uRz6fCPzADcQmxU=
-75,140,F+Gt2mrUPeUWKNgAsJo3qULTrj8=,FJ0pYg4fdy1+uRz6fCPzADcQmxU=
-78,129,F+Gt2mrUPeUWKNgAsJo3qULTrj8=,FJ0pYg4fdy1+uRz6fCPzADcQmxU=
-76,140,F+Gt2mrUPeUWKNgAsJo3qULTrj8=,FJ0pYg4fdy1+uRz6fCPzADcQmxU=
-77,140,F+Gt2mrUPeUWKNgAsJo3qULTrj8=,FJ0pYg4fdy1+uRz6fCPzADcQmxU=
-79,140,F+Gt2mrUPeUWKNgAsJo3qULTrj8=,FJ0pYg4fdy1+uRz6fCPzADcQmxU=
-78,140,F+Gt2mrUPeUWKNgAsJo3qULTrj8=,FJ0pYg4fdy1+uRz6fCPzADcQmxU=
-80,140,F+Gt2mrUPeUWKNgAsJo3qULTrj8=,FJ0pYg4fdy1+uRz6fCPzADcQmxU=
-65,128,F+Gt2mrUPeUWKNgAsJo3qULTrj8=,FJ0pYg4fdy1+uRz6fCPzADcQmxU=
-80,131,F+Gt2mrUPeUWKNgAsJo3qULTrj8=,FJ0pYg4fdy1+uRz6fCPzADcQmxU=
-80,129,F+Gt2mrUPeUWKNgAsJo3qULTrj8=,FJ0pYg4fdy1+uRz6fCPzADcQmxU=
-79,129,F+Gt2mrUPeUWKNgAsJo3qULTrj8=,FJ0pYg4fdy1+uRz6fCPzADcQmxU=
-65,129,F+Gt2mrUPeUWKNgAsJo3qULTrj8=,FJ0pYg4fdy1+uRz6fCPzADcQmxU=
-78,128,F+Gt2mrUPeUWKNgAsJo3qULTrj8=,FJ0pYg4fdy1+uRz6fCPzADcQmxU=
-66,128,F+Gt2mrUPeUWKNgAsJo3qULTrj8=,FJ0pYg4fdy1+uRz6fCPzADcQmxU=
-69,139,F+Gt2mrUPeUWKNgAsJo3qULTrj8=,FJ0pYg4fdy1+uRz6fCPzADcQmxU=
-65,130,F+Gt2mrUPeUWKNgAsJo3qULTrj8=,FJ0pYg4fdy1+uRz6fCPzADcQmxU=
-66,139,F+Gt2mrUPeUWKNgAsJo3qULTrj8=,FJ0pYg4fdy1+uRz6fCPzADcQmxU=
-67,139,F+Gt2mrUPeUWKNgAsJo3qULTrj8=,FJ0pYg4fdy1+uRz6fCPzADcQmxU=
-65,139,F+Gt2mrUPeUWKNgAsJo3qULTrj8=,FJ0pYg4fdy1+uRz6fCPzADcQmxU=
-80,130,F+Gt2mrUPeUWKNgAsJo3qULTrj8=,FJ0pYg4fdy1+uRz6fCPzADcQmxU=
-71,139,F+Gt2mrUPeUWKNgAsJo3qULTrj8=,FJ0pYg4fdy1+uRz6fCPzADcQmxU=
-68,139,F+Gt2mrUPeUWKNgAsJo3qULTrj8=,FJ0pYg4fdy1+uRz6fCPzADcQmxU=
-73,139,F+Gt2mrUPeUWKNgAsJo3qULTrj8=,FJ0pYg4fdy1+uRz6fCPzADcQmxU=
-72,139,F+Gt2mrUPeUWKNgAsJo3qULTrj8=,FJ0pYg4fdy1+uRz6fCPzADcQmxU=
-74,139,F+Gt2mrUPeUWKNgAsJo3qULTrj8=,FJ0pYg4fdy1+uRz6fCPzADcQmxU=
-75,139,F+Gt2mrUPeUWKNgAsJo3qULTrj8=,FJ0pYg4fdy1+uRz6fCPzADcQmxU=
-76,139,F+Gt2mrUPeUWKNgAsJo3qULTrj8=,FJ0pYg4fdy1+uRz6fCPzADcQmxU=
-80,139,F+Gt2mrUPeUWKNgAsJo3qULTrj8=,FJ0pYg4fdy1+uRz6fCPzADcQmxU=
-76,128,F+Gt2mrUPeUWKNgAsJo3qULTrj8=,FJ0pYg4fdy1+uRz6fCPzADcQmxU=
-78,139,F+Gt2mrUPeUWKNgAsJo3qULTrj8=,FJ0pYg4fdy1+uRz6fCPzADcQmxU=
-79,139,F+Gt2mrUPeUWKNgAsJo3qULTrj8=,FJ0pYg4fdy1+uRz6fCPzADcQmxU=
-66,130,F+Gt2mrUPeUWKNgAsJo3qULTrj8=,FJ0pYg4fdy1+uRz6fCPzADcQmxU=
-67,128,F+Gt2mrUPeUWKNgAsJo3qULTrj8=,FJ0pYg4fdy1+uRz6fCPzADcQmxU=
-67,129,F+Gt2mrUPeUWKNgAsJo3qULTrj8=,FJ0pYg4fdy1+uRz6fCPzADcQmxU=
-77,139,F+Gt2mrUPeUWKNgAsJo3qULTrj8=,FJ0pYg4fdy1+uRz6fCPzADcQmxU=
-66,138,F+Gt2mrUPeUWKNgAsJo3qULTrj8=,FJ0pYg4fdy1+uRz6fCPzADcQmxU=
-67,138,F+Gt2mrUPeUWKNgAsJo3qULTrj8=,FJ0pYg4fdy1+uRz6fCPzADcQmxU=
-65,138,F+Gt2mrUPeUWKNgAsJo3qULTrj8=,FJ0pYg4fdy1+uRz6fCPzADcQmxU=
-68,138,F+Gt2mrUPeUWKNgAsJo3qULTrj8=,FJ0pYg4fdy1+uRz6fCPzADcQmxU=
-70,138,F+Gt2mrUPeUWKNgAsJo3qULTrj8=,FJ0pYg4fdy1+uRz6fCPzADcQmxU=
-69,138,F+Gt2mrUPeUWKNgAsJo3qULTrj8=,FJ0pYg4fdy1+uRz6fCPzADcQmxU=
-71,138,F+Gt2mrUPeUWKNgAsJo3qULTrj8=,FJ0pYg4fdy1+uRz6fCPzADcQmxU=
-73,138,F+Gt2mrUPeUWKNgAsJo3qULTrj8=,FJ0pYg4fdy1+uRz6fCPzADcQmxU=
-72,138,F+Gt2mrUPeUWKNgAsJo3qULTrj8=,FJ0pYg4fdy1+uRz6fCPzADcQmxU=
-74,138,F+Gt2mrUPeUWKNgAsJo3qULTrj8=,FJ0pYg4fdy1+uRz6fCPzADcQmxU=
-75,138,F+Gt2mrUPeUWKNgAsJo3qULTrj8=,FJ0pYg4fdy1+uRz6fCPzADcQmxU=
-77,138,F+Gt2mrUPeUWKNgAsJo3qULTrj8=,FJ0pYg4fdy1+uRz6fCPzADcQmxU=
-76,138,F+Gt2mrUPeUWKNgAsJo3qULTrj8=,FJ0pYg4fdy1+uRz6fCPzADcQmxU=
-66,141,F+Gt2mrUPeUWKNgAsJo3qULTrj8=,FJ0pYg4fdy1+uRz6fCPzADcQmxU=
-80,138,F+Gt2mrUPeUWKNgAsJo3qULTrj8=,FJ0pYg4fdy1+uRz6fCPzADcQmxU=
-79,138,F+Gt2mrUPeUWKNgAsJo3qULTrj8=,FJ0pYg4fdy1+uRz6fCPzADcQmxU=
-69,131,F+Gt2mrUPeUWKNgAsJo3qULTrj8=,FJ0pYg4fdy1+uRz6fCPzADcQmxU=
-66,129,F+Gt2mrUPeUWKNgAsJo3qULTrj8=,FJ0pYg4fdy1+uRz6fCPzADcQmxU=
-74,140,F+Gt2mrUPeUWKNgAsJo3qULTrj8=,FJ0pYg4fdy1+uRz6fCPzADcQmxU=
-65,140,F+Gt2mrUPeUWKNgAsJo3qULTrj8=,FJ0pYg4fdy1+uRz6fCPzADcQmxU=
-68,128,F+Gt2mrUPeUWKNgAsJo3qULTrj8=,FJ0pYg4fdy1+uRz6fCPzADcQmxU=
-78,138,F+Gt2mrUPeUWKNgAsJo3qULTrj8=,FJ0pYg4fdy1+uRz6fCPzADcQmxU=
-65,137,F+Gt2mrUPeUWKNgAsJo3qULTrj8=,FJ0pYg4fdy1+uRz6fCPzADcQmxU=
-66,137,F+Gt2mrUPeUWKNgAsJo3qULTrj8=,FJ0pYg4fdy1+uRz6fCPzADcQmxU=
-68,129,F+Gt2mrUPeUWKNgAsJo3qULTrj8=,FJ0pYg4fdy1+uRz6fCPzADcQmxU=
-68,131,F+Gt2mrUPeUWKNgAsJo3qULTrj8=,FJ0pYg4fdy1+uRz6fCPzADcQmxU=
-67,130,F+Gt2mrUPeUWKNgAsJo3qULTrj8=,FJ0pYg4fdy1+uRz6fCPzADcQmxU=
-66,131,F+Gt2mrUPeUWKNgAsJo3qULTrj8=,FJ0pYg4fdy1+uRz6fCPzADcQmxU=
-65,131,F+Gt2mrUPeUWKNgAsJo3qULTrj8=,FJ0pYg4fdy1+uRz6fCPzADcQmxU=
-80,132,F+Gt2mrUPeUWKNgAsJo3qULTrj8=,FJ0pYg4fdy1+uRz6fCPzADcQmxU=
-79,132,F+Gt2mrUPeUWKNgAsJo3qULTrj8=,FJ0pYg4fdy1+uRz6fCPzADcQmxU=
-67,131,F+Gt2mrUPeUWKNgAsJo3qULTrj8=,FJ0pYg4fdy1+uRz6fCPzADcQmxU=
-78,132,F+Gt2mrUPeUWKNgAsJo3qULTrj8=,FJ0pYg4fdy1+uRz6fCPzADcQmxU=
-77,132,F+Gt2mrUPeUWKNgAsJo3qULTrj8=,FJ0pYg4fdy1+uRz6fCPzADcQmxU=
-76,132,F+Gt2mrUPeUWKNgAsJo3qULTrj8=,FJ0pYg4fdy1+uRz6fCPzADcQmxU=
-74,129,F+Gt2mrUPeUWKNgAsJo3qULTrj8=,FJ0pYg4fdy1+uRz6fCPzADcQmxU=
-75,132,F+Gt2mrUPeUWKNgAsJo3qULTrj8=,FJ0pYg4fdy1+uRz6fCPzADcQmxU=
-74,128,F+Gt2mrUPeUWKNgAsJo3qULTrj8=,FJ0pYg4fdy1+uRz6fCPzADcQmxU=
-74,132,F+Gt2mrUPeUWKNgAsJo3qULTrj8=,FJ0pYg4fdy1+uRz6fCPzADcQmxU=
-72,132,F+Gt2mrUPeUWKNgAsJo3qULTrj8=,FJ0pYg4fdy1+uRz6fCPzADcQmxU=
-73,130,F+Gt2mrUPeUWKNgAsJo3qULTrj8=,FJ0pYg4fdy1+uRz6fCPzADcQmxU=
-71,132,F+Gt2mrUPeUWKNgAsJo3qULTrj8=,FJ0pYg4fdy1+uRz6fCPzADcQmxU=
-73,132,F+Gt2mrUPeUWKNgAsJo3qULTrj8=,FJ0pYg4fdy1+uRz6fCPzADcQmxU=
-80,128,F+Gt2mrUPeUWKNgAsJo3qULTrj8=,FJ0pYg4fdy1+uRz6fCPzADcQmxU=
-69,132,F+Gt2mrUPeUWKNgAsJo3qULTrj8=,FJ0pYg4fdy1+uRz6fCPzADcQmxU=
-70,132,F+Gt2mrUPeUWKNgAsJo3qULTrj8=,FJ0pYg4fdy1+uRz6fCPzADcQmxU=
-68,132,F+Gt2mrUPeUWKNgAsJo3qULTrj8=,FJ0pYg4fdy1+uRz6fCPzADcQmxU=
-66,132,F+Gt2mrUPeUWKNgAsJo3qULTrj8=,FJ0pYg4fdy1+uRz6fCPzADcQmxU=
-67,132,F+Gt2mrUPeUWKNgAsJo3qULTrj8=,FJ0pYg4fdy1+uRz6fCPzADcQmxU=
-65,132,F+Gt2mrUPeUWKNgAsJo3qULTrj8=,FJ0pYg4fdy1+uRz6fCPzADcQmxU=
-80,133,F+Gt2mrUPeUWKNgAsJo3qULTrj8=,FJ0pYg4fdy1+uRz6fCPzADcQmxU=
-79,133,F+Gt2mrUPeUWKNgAsJo3qULTrj8=,FJ0pYg4fdy1+uRz6fCPzADcQmxU=
-78,133,F+Gt2mrUPeUWKNgAsJo3qULTrj8=,FJ0pYg4fdy1+uRz6fCPzADcQmxU=
-77,133,F+Gt2mrUPeUWKNgAsJo3qULTrj8=,FJ0pYg4fdy1+uRz6fCPzADcQmxU=
-76,133,F+Gt2mrUPeUWKNgAsJo3qULTrj8=,FJ0pYg4fdy1+uRz6fCPzADcQmxU=
-74,133,F+Gt2mrUPeUWKNgAsJo3qULTrj8=,FJ0pYg4fdy1+uRz6fCPzADcQmxU=
-75,133,F+Gt2mrUPeUWKNgAsJo3qULTrj8=,FJ0pYg4fdy1+uRz6fCPzADcQmxU=
-72,130,F+Gt2mrUPeUWKNgAsJo3qULTrj8=,FJ0pYg4fdy1+uRz6fCPzADcQmxU=
-73,129,F+Gt2mrUPeUWKNgAsJo3qULTrj8=,FJ0pYg4fdy1+uRz6fCPzADcQmxU=
-73,133,F+Gt2mrUPeUWKNgAsJo3qULTrj8=,FJ0pYg4fdy1+uRz6fCPzADcQmxU=
-73,128,F+Gt2mrUPeUWKNgAsJo3qULTrj8=,FJ0pYg4fdy1+uRz6fCPzADcQmxU=
-72,133,F+Gt2mrUPeUWKNgAsJo3qULTrj8=,FJ0pYg4fdy1+uRz6fCPzADcQmxU=
-71,133,F+Gt2mrUPeUWKNgAsJo3qULTrj8=,FJ0pYg4fdy1+uRz6fCPzADcQmxU=
-69,133,F+Gt2mrUPeUWKNgAsJo3qULTrj8=,FJ0pYg4fdy1+uRz6fCPzADcQmxU=
-68,133,F+Gt2mrUPeUWKNgAsJo3qULTrj8=,FJ0pYg4fdy1+uRz6fCPzADcQmxU=
-70,133,F+Gt2mrUPeUWKNgAsJo3qULTrj8=,FJ0pYg4fdy1+uRz6fCPzADcQmxU=
-67,133,F+Gt2mrUPeUWKNgAsJo3qULTrj8=,FJ0pYg4fdy1+uRz6fCPzADcQmxU=
-66,133,F+Gt2mrUPeUWKNgAsJo3qULTrj8=,FJ0pYg4fdy1+uRz6fCPzADcQmxU=
-79,134,F+Gt2mrUPeUWKNgAsJo3qULTrj8=,FJ0pYg4fdy1+uRz6fCPzADcQmxU=
-65,133,F+Gt2mrUPeUWKNgAsJo3qULTrj8=,FJ0pYg4fdy1+uRz6fCPzADcQmxU=
-80,134,F+Gt2mrUPeUWKNgAsJo3qULTrj8=,FJ0pYg4fdy1+uRz6fCPzADcQmxU=
-78,134,F+Gt2mrUPeUWKNgAsJo3qULTrj8=,FJ0pYg4fdy1+uRz6fCPzADcQmxU=
-77,134,F+Gt2mrUPeUWKNgAsJo3qULTrj8=,FJ0pYg4fdy1+uRz6fCPzADcQmxU=
-75,134,F+Gt2mrUPeUWKNgAsJo3qULTrj8=,FJ0pYg4fdy1+uRz6fCPzADcQmxU=
-72,128,F+Gt2mrUPeUWKNgAsJo3qULTrj8=,FJ0pYg4fdy1+uRz6fCPzADcQmxU=
-74,134,F+Gt2mrUPeUWKNgAsJo3qULTrj8=,FJ0pYg4fdy1+uRz6fCPzADcQmxU=
-76,134,F+Gt2mrUPeUWKNgAsJo3qULTrj8=,FJ0pYg4fdy1+uRz6fCPzADcQmxU=
-73,134,F+Gt2mrUPeUWKNgAsJo3qULTrj8=,FJ0pYg4fdy1+uRz6fCPzADcQmxU=
-72,134,F+Gt2mrUPeUWKNgAsJo3qULTrj8=,FJ0pYg4fdy1+uRz6fCPzADcQmxU=
-71,130,F+Gt2mrUPeUWKNgAsJo3qULTrj8=,FJ0pYg4fdy1+uRz6fCPzADcQmxU=
-69,134,F+Gt2mrUPeUWKNgAsJo3qULTrj8=,FJ0pYg4fdy1+uRz6fCPzADcQmxU=
-70,134,F+Gt2mrUPeUWKNgAsJo3qULTrj8=,FJ0pYg4fdy1+uRz6fCPzADcQmxU=
-71,134,F+Gt2mrUPeUWKNgAsJo3qULTrj8=,FJ0pYg4fdy1+uRz6fCPzADcQmxU=
-72,129,F+Gt2mrUPeUWKNgAsJo3qULTrj8=,FJ0pYg4fdy1+uRz6fCPzADcQmxU=
-68,134,F+Gt2mrUPeUWKNgAsJo3qULTrj8=,FJ0pYg4fdy1+uRz6fCPzADcQmxU=
-67,134,F+Gt2mrUPeUWKNgAsJo3qULTrj8=,FJ0pYg4fdy1+uRz6fCPzADcQmxU=
-66,134,F+Gt2mrUPeUWKNgAsJo3qULTrj8=,FJ0pYg4fdy1+uRz6fCPzADcQmxU=
-65,134,F+Gt2mrUPeUWKNgAsJo3qULTrj8=,FJ0pYg4fdy1+uRz6fCPzADcQmxU=
-78,135,F+Gt2mrUPeUWKNgAsJo3qULTrj8=,FJ0pYg4fdy1+uRz6fCPzADcQmxU=
-79,135,F+Gt2mrUPeUWKNgAsJo3qULTrj8=,FJ0pYg4fdy1+uRz6fCPzADcQmxU=
-77,135,F+Gt2mrUPeUWKNgAsJo3qULTrj8=,FJ0pYg4fdy1+uRz6fCPzADcQmxU=
-80,135,F+Gt2mrUPeUWKNgAsJo3qULTrj8=,FJ0pYg4fdy1+uRz6fCPzADcQmxU=
-76,135,F+Gt2mrUPeUWKNgAsJo3qULTrj8=,FJ0pYg4fdy1+uRz6fCPzADcQmxU=
-75,135,F+Gt2mrUPeUWKNgAsJo3qULTrj8=,FJ0pYg4fdy1+uRz6fCPzADcQmxU=
-74,135,F+Gt2mrUPeUWKNgAsJo3qULTrj8=,FJ0pYg4fdy1+uRz6fCPzADcQmxU=
-73,135,F+Gt2mrUPeUWKNgAsJo3qULTrj8=,FJ0pYg4fdy1+uRz6fCPzADcQmxU=
-71,129,F+Gt2mrUPeUWKNgAsJo3qULTrj8=,FJ0pYg4fdy1+uRz6fCPzADcQmxU=
-72,135,F+Gt2mrUPeUWKNgAsJo3qULTrj8=,FJ0pYg4fdy1+uRz6fCPzADcQmxU=
-71,128,F+Gt2mrUPeUWKNgAsJo3qULTrj8=,FJ0pYg4fdy1+uRz6fCPzADcQmxU=
-71,135,F+Gt2mrUPeUWKNgAsJo3qULTrj8=,FJ0pYg4fdy1+uRz6fCPzADcQmxU=
-69,135,F+Gt2mrUPeUWKNgAsJo3qULTrj8=,FJ0pYg4fdy1+uRz6fCPzADcQmxU=
-70,135,F+Gt2mrUPeUWKNgAsJo3qULTrj8=,FJ0pYg4fdy1+uRz6fCPzADcQmxU=
-70,130,F+Gt2mrUPeUWKNgAsJo3qULTrj8=,FJ0pYg4fdy1+uRz6fCPzADcQmxU=
-68,135,F+Gt2mrUPeUWKNgAsJo3qULTrj8=,FJ0pYg4fdy1+uRz6fCPzADcQmxU=
-66,135,F+Gt2mrUPeUWKNgAsJo3qULTrj8=,FJ0pYg4fdy1+uRz6fCPzADcQmxU=
-67,135,F+Gt2mrUPeUWKNgAsJo3qULTrj8=,FJ0pYg4fdy1+uRz6fCPzADcQmxU=
-65,135,F+Gt2mrUPeUWKNgAsJo3qULTrj8=,FJ0pYg4fdy1+uRz6fCPzADcQmxU=
-80,136,F+Gt2mrUPeUWKNgAsJo3qULTrj8=,FJ0pYg4fdy1+uRz6fCPzADcQmxU=
-78,136,F+Gt2mrUPeUWKNgAsJo3qULTrj8=,FJ0pYg4fdy1+uRz6fCPzADcQmxU=
-79,136,F+Gt2mrUPeUWKNgAsJo3qULTrj8=,FJ0pYg4fdy1+uRz6fCPzADcQmxU=
-69,130,F+Gt2mrUPeUWKNgAsJo3qULTrj8=,FJ0pYg4fdy1+uRz6fCPzADcQmxU=
-77,136,F+Gt2mrUPeUWKNgAsJo3qULTrj8=,FJ0pYg4fdy1+uRz6fCPzADcQmxU=
-76,136,F+Gt2mrUPeUWKNgAsJo3qULTrj8=,FJ0pYg4fdy1+uRz6fCPzADcQmxU=
-75,136,F+Gt2mrUPeUWKNgAsJo3qULTrj8=,FJ0pYg4fdy1+uRz6fCPzADcQmxU=
-73,136,F+Gt2mrUPeUWKNgAsJo3qULTrj8=,FJ0pYg4fdy1+uRz6fCPzADcQmxU=
-72,136,F+Gt2mrUPeUWKNgAsJo3qULTrj8=,FJ0pYg4fdy1+uRz6fCPzADcQmxU=
-74,136,F+Gt2mrUPeUWKNgAsJo3qULTrj8=,FJ0pYg4fdy1+uRz6fCPzADcQmxU=
-71,136,F+Gt2mrUPeUWKNgAsJo3qULTrj8=,FJ0pYg4fdy1+uRz6fCPzADcQmxU=
-70,136,F+Gt2mrUPeUWKNgAsJo3qULTrj8=,FJ0pYg4fdy1+uRz6fCPzADcQmxU=
-69,136,F+Gt2mrUPeUWKNgAsJo3qULTrj8=,FJ0pYg4fdy1+uRz6fCPzADcQmxU=
-68,136,F+Gt2mrUPeUWKNgAsJo3qULTrj8=,FJ0pYg4fdy1+uRz6fCPzADcQmxU=
-67,136,F+Gt2mrUPeUWKNgAsJo3qULTrj8=,FJ0pYg4fdy1+uRz6fCPzADcQmxU=
-70,129,F+Gt2mrUPeUWKNgAsJo3qULTrj8=,FJ0pYg4fdy1+uRz6fCPzADcQmxU=
-70,128,F+Gt2mrUPeUWKNgAsJo3qULTrj8=,FJ0pYg4fdy1+uRz6fCPzADcQmxU=
-66,136,F+Gt2mrUPeUWKNgAsJo3qULTrj8=,FJ0pYg4fdy1+uRz6fCPzADcQmxU=
-65,136,F+Gt2mrUPeUWKNgAsJo3qULTrj8=,FJ0pYg4fdy1+uRz6fCPzADcQmxU=
-80,137,F+Gt2mrUPeUWKNgAsJo3qULTrj8=,FJ0pYg4fdy1+uRz6fCPzADcQmxU=
-68,130,F+Gt2mrUPeUWKNgAsJo3qULTrj8=,FJ0pYg4fdy1+uRz6fCPzADcQmxU=
-79,137,F+Gt2mrUPeUWKNgAsJo3qULTrj8=,FJ0pYg4fdy1+uRz6fCPzADcQmxU=
-78,137,F+Gt2mrUPeUWKNgAsJo3qULTrj8=,FJ0pYg4fdy1+uRz6fCPzADcQmxU=
-69,128,F+Gt2mrUPeUWKNgAsJo3qULTrj8=,FJ0pYg4fdy1+uRz6fCPzADcQmxU=
-69,129,F+Gt2mrUPeUWKNgAsJo3qULTrj8=,FJ0pYg4fdy1+uRz6fCPzADcQmxU=
-74,137,F+Gt2mrUPeUWKNgAsJo3qULTrj8=,FJ0pYg4fdy1+uRz6fCPzADcQmxU=
-76,137,F+Gt2mrUPeUWKNgAsJo3qULTrj8=,FJ0pYg4fdy1+uRz6fCPzADcQmxU=
-75,137,F+Gt2mrUPeUWKNgAsJo3qULTrj8=,FJ0pYg4fdy1+uRz6fCPzADcQmxU=
-73,137,F+Gt2mrUPeUWKNgAsJo3qULTrj8=,FJ0pYg4fdy1+uRz6fCPzADcQmxU=
-77,137,F+Gt2mrUPeUWKNgAsJo3qULTrj8=,FJ0pYg4fdy1+uRz6fCPzADcQmxU=
-71,137,F+Gt2mrUPeUWKNgAsJo3qULTrj8=,FJ0pYg4fdy1+uRz6fCPzADcQmxU=
-70,137,F+Gt2mrUPeUWKNgAsJo3qULTrj8=,FJ0pYg4fdy1+uRz6fCPzADcQmxU=
-72,137,F+Gt2mrUPeUWKNgAsJo3qULTrj8=,FJ0pYg4fdy1+uRz6fCPzADcQmxU=
-68,137,F+Gt2mrUPeUWKNgAsJo3qULTrj8=,FJ0pYg4fdy1+uRz6fCPzADcQmxU=
-67,137,F+Gt2mrUPeUWKNgAsJo3qULTrj8=,FJ0pYg4fdy1+uRz6fCPzADcQmxU=
-69,137,F+Gt2mrUPeUWKNgAsJo3qULTrj8=,FJ0pYg4fdy1+uRz6fCPzADcQmxU=
-70,139,F+Gt2mrUPeUWKNgAsJo3qULTrj8=,FJ0pYg4fdy1+uRz6fCPzADcQmxU=
