20,-77,6jwEjlc732WOgqi3S+nDSJfMhMQ=,0F0miLfJ56VjATuINEnBPmmKfl4=
19,-80,6jwEjlc732WOgqi3S+nDSJfMhMQ=,0F0miLfJ56VjATuINEnBPmmKfl4=
21,-79,WaX0vpH1RSKXsHVmDilFZNQF5DE=,0F0miLfJ56VjATuINEnBPmmKfl4=
19,-77,WaX0vpH1RSKXsHVmDilFZNQF5DE=,0F0miLfJ56VjATuINEnBPmmKfl4=
22,-77,/A4+tK85W4kIatSm1xeWZX95aR8=,0F0miLfJ56VjATuINEnBPmmKfl4=
23,-77,/A4+tK85W4kIatSm1xeWZX95aR8=,0F0miLfJ56VjATuINEnBPmmKfl4=
20,-79,ZgaZkOLQ59koOtNDWMZZvR8a1Uc=,0F0miLfJ56VjATuINEnBPmmKfl4=
21,-80,ZgaZkOLQ59koOtNDWMZZvR8a1Uc=,0F0miLfJ56VjATuINEnBPmmKfl4=
22,-78,ZgaZkOLQ59koOtNDWMZZvR8a1Uc=,0F0miLfJ56VjATuINEnBPmmKfl4=
21,-78,ZgaZkOLQ59koOtNDWMZZvR8a1Uc=,0F0miLfJ56VjATuINEnBPmmKfl4=
24,-77,ZgaZkOLQ59koOtNDWMZZvR8a1Uc=,0F0miLfJ56VjATuINEnBPmmKfl4=
18,-77,ZgaZkOLQ59koOtNDWMZZvR8a1Uc=,0F0miLfJ56VjATuINEnBPmmKfl4=
30,-65,ZgaZkOLQ59koOtNDWMZZvR8a1Uc=,0F0miLfJ56VjATuINEnBPmmKfl4=
21,-77,ZgaZkOLQ59koOtNDWMZZvR8a1Uc=,0F0miLfJ56VjATuINEnBPmmKfl4=
26,-65,ZgaZkOLQ59koOtNDWMZZvR8a1Uc=,0F0miLfJ56VjATuINEnBPmmKfl4=
28,-65,ZgaZkOLQ59koOtNDWMZZvR8a1Uc=,0F0miLfJ56VjATuINEnBPmmKfl4=
31,-65,ZgaZkOLQ59koOtNDWMZZvR8a1Uc=,0F0miLfJ56VjATuINEnBPmmKfl4=
25,-65,ZgaZkOLQ59koOtNDWMZZvR8a1Uc=,0F0miLfJ56VjATuINEnBPmmKfl4=
29,-65,ZgaZkOLQ59koOtNDWMZZvR8a1Uc=,0F0miLfJ56VjATuINEnBPmmKfl4=
27,-65,ZgaZkOLQ59koOtNDWMZZvR8a1Uc=,0F0miLfJ56VjATuINEnBPmmKfl4=
24,-65,ZgaZkOLQ59koOtNDWMZZvR8a1Uc=,0F0miLfJ56VjATuINEnBPmmKfl4=
17,-80,ZgaZkOLQ59koOtNDWMZZvR8a1Uc=,0F0miLfJ56VjATuINEnBPmmKfl4=
20,-78,ZgaZkOLQ59koOtNDWMZZvR8a1Uc=,0F0miLfJ56VjATuINEnBPmmKfl4=
22,-65,ZgaZkOLQ59koOtNDWMZZvR8a1Uc=,0F0miLfJ56VjATuINEnBPmmKfl4=
21,-65,ZgaZkOLQ59koOtNDWMZZvR8a1Uc=,0F0miLfJ56VjATuINEnBPmmKfl4=
23,-65,ZgaZkOLQ59koOtNDWMZZvR8a1Uc=,0F0miLfJ56VjATuINEnBPmmKfl4=
19,-65,ZgaZkOLQ59koOtNDWMZZvR8a1Uc=,0F0miLfJ56VjATuINEnBPmmKfl4=
20,-65,ZgaZkOLQ59koOtNDWMZZvR8a1Uc=,0F0miLfJ56VjATuINEnBPmmKfl4=
31,-66,ZgaZkOLQ59koOtNDWMZZvR8a1Uc=,0F0miLfJ56VjATuINEnBPmmKfl4=
17,-65,ZgaZkOLQ59koOtNDWMZZvR8a1Uc=,0F0miLfJ56VjATuINEnBPmmKfl4=
18,-65,ZgaZkOLQ59koOtNDWMZZvR8a1Uc=,0F0miLfJ56VjATuINEnBPmmKfl4=
30,-66,ZgaZkOLQ59koOtNDWMZZvR8a1Uc=,0F0miLfJ56VjATuINEnBPmmKfl4=
20,-80,ZgaZkOLQ59koOtNDWMZZvR8a1Uc=,0F0miLfJ56VjATuINEnBPmmKfl4=
16,-65,ZgaZkOLQ59koOtNDWMZZvR8a1Uc=,0F0miLfJ56VjATuINEnBPmmKfl4=
28,-66,ZgaZkOLQ59koOtNDWMZZvR8a1Uc=,0F0miLfJ56VjATuINEnBPmmKfl4=
29,-66,ZgaZkOLQ59koOtNDWMZZvR8a1Uc=,0F0miLfJ56VjATuINEnBPmmKfl4=
24,-66,ZgaZkOLQ59koOtNDWMZZvR8a1Uc=,0F0miLfJ56VjATuINEnBPmmKfl4=
25,-66,ZgaZkOLQ59koOtNDWMZZvR8a1Uc=,0F0miLfJ56VjATuINEnBPmmKfl4=
17,-77,ZgaZkOLQ59koOtNDWMZZvR8a1Uc=,0F0miLfJ56VjATuINEnBPmmKfl4=
26,-66,ZgaZkOLQ59koOtNDWMZZvR8a1Uc=,0F0miLfJ56VjATuINEnBPmmKfl4=
27,-66,ZgaZkOLQ59koOtNDWMZZvR8a1Uc=,0F0miLfJ56VjATuINEnBPmmKfl4=
21,-66,ZgaZkOLQ59koOtNDWMZZvR8a1Uc=,0F0miLfJ56VjATuINEnBPmmKfl4=
22,-66,ZgaZkOLQ59koOtNDWMZZvR8a1Uc=,0F0miLfJ56VjATuINEnBPmmKfl4=
19,-78,ZgaZkOLQ59koOtNDWMZZvR8a1Uc=,0F0miLfJ56VjATuINEnBPmmKfl4=
23,-66,ZgaZkOLQ59koOtNDWMZZvR8a1Uc=,0F0miLfJ56VjATuINEnBPmmKfl4=
19,-66,ZgaZkOLQ59koOtNDWMZZvR8a1Uc=,0F0miLfJ56VjATuINEnBPmmKfl4=
18,-66,ZgaZkOLQ59koOtNDWMZZvR8a1Uc=,0F0miLfJ56VjATuINEnBPmmKfl4=
31,-67,ZgaZkOLQ59koOtNDWMZZvR8a1Uc=,0F0miLfJ56VjATuINEnBPmmKfl4=
20,-66,ZgaZkOLQ59koOtNDWMZZvR8a1Uc=,0F0miLfJ56VjATuINEnBPmmKfl4=
30,-67,ZgaZkOLQ59koOtNDWMZZvR8a1Uc=,0F0miLfJ56VjATuINEnBPmmKfl4=
29,-67,ZgaZkOLQ59koOtNDWMZZvR8a1Uc=,0F0miLfJ56VjATuINEnBPmmKfl4=
27,-67,ZgaZkOLQ59koOtNDWMZZvR8a1Uc=,0F0miLfJ56VjATuINEnBPmmKfl4=
17,-66,ZgaZkOLQ59koOtNDWMZZvR8a1Uc=,0F0miLfJ56VjATuINEnBPmmKfl4=
28,-67,ZgaZkOLQ59koOtNDWMZZvR8a1Uc=,0F0miLfJ56VjATuINEnBPmmKfl4=
26,-67,ZgaZkOLQ59koOtNDWMZZvR8a1Uc=,0F0miLfJ56VjATuINEnBPmmKfl4=
25,-67,ZgaZkOLQ59koOtNDWMZZvR8a1Uc=,0F0miLfJ56VjATuINEnBPmmKfl4=
18,-78,ZgaZkOLQ59koOtNDWMZZvR8a1Uc=,0F0miLfJ56VjATuINEnBPmmKfl4=
16,-66,ZgaZkOLQ59koOtNDWMZZvR8a1Uc=,0F0miLfJ56VjATuINEnBPmmKfl4=
22,-67,ZgaZkOLQ59koOtNDWMZZvR8a1Uc=,0F0miLfJ56VjATuINEnBPmmKfl4=
23,-67,ZgaZkOLQ59koOtNDWMZZvR8a1Uc=,0F0miLfJ56VjATuINEnBPmmKfl4=
19,-79,ZgaZkOLQ59koOtNDWMZZvR8a1Uc=,0F0miLfJ56VjATuINEnBPmmKfl4=
24,-67,ZgaZkOLQ59koOtNDWMZZvR8a1Uc=,0F0miLfJ56VjATuINEnBPmmKfl4=
21,-67,ZgaZkOLQ59koOtNDWMZZvR8a1Uc=,0F0miLfJ56VjATuINEnBPmmKfl4=
20,-67,ZgaZkOLQ59koOtNDWMZZvR8a1Uc=,0F0miLfJ56VjATuINEnBPmmKfl4=
31,-68,ZgaZkOLQ59koOtNDWMZZvR8a1Uc=,0F0miLfJ56VjATuINEnBPmmKfl4=
19,-67,ZgaZkOLQ59koOtNDWMZZvR8a1Uc=,0F0miLfJ56VjATuINEnBPmmKfl4=
18,-67,ZgaZkOLQ59koOtNDWMZZvR8a1Uc=,0F0miLfJ56VjATuINEnBPmmKfl4=
18,-79,ZgaZkOLQ59koOtNDWMZZvR8a1Uc=,0F0miLfJ56VjATuINEnBPmmKfl4=
17,-67,ZgaZkOLQ59koOtNDWMZZvR8a1Uc=,0F0miLfJ56VjATuINEnBPmmKfl4=
29,-68,ZgaZkOLQ59koOtNDWMZZvR8a1Uc=,0F0miLfJ56VjATuINEnBPmmKfl4=
17,-78,ZgaZkOLQ59koOtNDWMZZvR8a1Uc=,0F0miLfJ56VjATuINEnBPmmKfl4=
27,-68,ZgaZkOLQ59koOtNDWMZZvR8a1Uc=,0F0miLfJ56VjATuINEnBPmmKfl4=
28,-68,ZgaZkOLQ59koOtNDWMZZvR8a1Uc=,0F0miLfJ56VjATuINEnBPmmKfl4=
30,-68,ZgaZkOLQ59koOtNDWMZZvR8a1Uc=,0F0miLfJ56VjATuINEnBPmmKfl4=
24,-68,ZgaZkOLQ59koOtNDWMZZvR8a1Uc=,0F0miLfJ56VjATuINEnBPmmKfl4=
26,-68,ZgaZkOLQ59koOtNDWMZZvR8a1Uc=,0F0miLfJ56VjATuINEnBPmmKfl4=
25,-77,ZgaZkOLQ59koOtNDWMZZvR8a1Uc=,0F0miLfJ56VjATuINEnBPmmKfl4=
16,-67,ZgaZkOLQ59koOtNDWMZZvR8a1Uc=,0F0miLfJ56VjATuINEnBPmmKfl4=
22,-68,ZgaZkOLQ59koOtNDWMZZvR8a1Uc=,0F0miLfJ56VjATuINEnBPmmKfl4=
23,-68,ZgaZkOLQ59koOtNDWMZZvR8a1Uc=,0F0miLfJ56VjATuINEnBPmmKfl4=
21,-68,ZgaZkOLQ59koOtNDWMZZvR8a1Uc=,0F0miLfJ56VjATuINEnBPmmKfl4=
20,-68,ZgaZkOLQ59koOtNDWMZZvR8a1Uc=,0F0miLfJ56VjATuINEnBPmmKfl4=
18,-68,ZgaZkOLQ59koOtNDWMZZvR8a1Uc=,0F0miLfJ56VjATuINEnBPmmKfl4=
19,-68,ZgaZkOLQ59koOtNDWMZZvR8a1Uc=,0F0miLfJ56VjATuINEnBPmmKfl4=
26,-77,ZgaZkOLQ59koOtNDWMZZvR8a1Uc=,0F0miLfJ56VjATuINEnBPmmKfl4=
17,-79,ZgaZkOLQ59koOtNDWMZZvR8a1Uc=,0F0miLfJ56VjATuINEnBPmmKfl4=
16,-68,ZgaZkOLQ59koOtNDWMZZvR8a1Uc=,0F0miLfJ56VjATuINEnBPmmKfl4=
18,-80,ZgaZkOLQ59koOtNDWMZZvR8a1Uc=,0F0miLfJ56VjATuINEnBPmmKfl4=
16,-79,ZgaZkOLQ59koOtNDWMZZvR8a1Uc=,0F0miLfJ56VjATuINEnBPmmKfl4=
27,-77,ZgaZkOLQ59koOtNDWMZZvR8a1Uc=,0F0miLfJ56VjATuINEnBPmmKfl4=
16,-77,ZgaZkOLQ59koOtNDWMZZvR8a1Uc=,0F0miLfJ56VjATuINEnBPmmKfl4=
17,-68,ZgaZkOLQ59koOtNDWMZZvR8a1Uc=,0F0miLfJ56VjATuINEnBPmmKfl4=
16,-78,ZgaZkOLQ59koOtNDWMZZvR8a1Uc=,0F0miLfJ56VjATuINEnBPmmKfl4=
31,-69,ZgaZkOLQ59koOtNDWMZZvR8a1Uc=,0F0miLfJ56VjATuINEnBPmmKfl4=
31,-80,ZgaZkOLQ59koOtNDWMZZvR8a1Uc=,0F0miLfJ56VjATuINEnBPmmKfl4=
30,-80,ZgaZkOLQ59koOtNDWMZZvR8a1Uc=,0F0miLfJ56VjATuINEnBPmmKfl4=
30,-69,ZgaZkOLQ59koOtNDWMZZvR8a1Uc=,0F0miLfJ56VjATuINEnBPmmKfl4=
29,-69,ZgaZkOLQ59koOtNDWMZZvR8a1Uc=,0F0miLfJ56VjATuINEnBPmmKfl4=
28,-77,ZgaZkOLQ59koOtNDWMZZvR8a1Uc=,0F0miLfJ56VjATuINEnBPmmKfl4=
28,-69,ZgaZkOLQ59koOtNDWMZZvR8a1Uc=,0F0miLfJ56VjATuINEnBPmmKfl4=
27,-69,ZgaZkOLQ59koOtNDWMZZvR8a1Uc=,0F0miLfJ56VjATuINEnBPmmKfl4=
31,-78,ZgaZkOLQ59koOtNDWMZZvR8a1Uc=,0F0miLfJ56VjATuINEnBPmmKfl4=
26,-69,ZgaZkOLQ59koOtNDWMZZvR8a1Uc=,0F0miLfJ56VjATuINEnBPmmKfl4=
25,-69,ZgaZkOLQ59koOtNDWMZZvR8a1Uc=,0F0miLfJ56VjATuINEnBPmmKfl4=
24,-69,ZgaZkOLQ59koOtNDWMZZvR8a1Uc=,0F0miLfJ56VjATuINEnBPmmKfl4=
31,-79,ZgaZkOLQ59koOtNDWMZZvR8a1Uc=,0F0miLfJ56VjATuINEnBPmmKfl4=
30,-79,ZgaZkOLQ59koOtNDWMZZvR8a1Uc=,0F0miLfJ56VjATuINEnBPmmKfl4=
29,-77,ZgaZkOLQ59koOtNDWMZZvR8a1Uc=,0F0miLfJ56VjATuINEnBPmmKfl4=
23,-69,ZgaZkOLQ59koOtNDWMZZvR8a1Uc=,0F0miLfJ56VjATuINEnBPmmKfl4=
22,-69,ZgaZkOLQ59koOtNDWMZZvR8a1Uc=,0F0miLfJ56VjATuINEnBPmmKfl4=
20,-69,ZgaZkOLQ59koOtNDWMZZvR8a1Uc=,0F0miLfJ56VjATuINEnBPmmKfl4=
25,-68,ZgaZkOLQ59koOtNDWMZZvR8a1Uc=,0F0miLfJ56VjATuINEnBPmmKfl4=
18,-69,ZgaZkOLQ59koOtNDWMZZvR8a1Uc=,0F0miLfJ56VjATuINEnBPmmKfl4=
30,-77,ZgaZkOLQ59koOtNDWMZZvR8a1Uc=,0F0miLfJ56VjATuINEnBPmmKfl4=
19,-69,ZgaZkOLQ59koOtNDWMZZvR8a1Uc=,0F0miLfJ56VjATuINEnBPmmKfl4=
17,-69,ZgaZkOLQ59koOtNDWMZZvR8a1Uc=,0F0miLfJ56VjATuINEnBPmmKfl4=
21,-69,ZgaZkOLQ59koOtNDWMZZvR8a1Uc=,0F0miLfJ56VjATuINEnBPmmKfl4=
24,-70,ZgaZkOLQ59koOtNDWMZZvR8a1Uc=,0F0miLfJ56VjATuINEnBPmmKfl4=
16,-69,ZgaZkOLQ59koOtNDWMZZvR8a1Uc=,0F0miLfJ56VjATuINEnBPmmKfl4=
29,-80,ZgaZkOLQ59koOtNDWMZZvR8a1Uc=,0F0miLfJ56VjATuINEnBPmmKfl4=
30,-78,ZgaZkOLQ59koOtNDWMZZvR8a1Uc=,0F0miLfJ56VjATuINEnBPmmKfl4=
23,-70,ZgaZkOLQ59koOtNDWMZZvR8a1Uc=,0F0miLfJ56VjATuINEnBPmmKfl4=
22,-70,ZgaZkOLQ59koOtNDWMZZvR8a1Uc=,0F0miLfJ56VjATuINEnBPmmKfl4=
20,-70,ZgaZkOLQ59koOtNDWMZZvR8a1Uc=,0F0miLfJ56VjATuINEnBPmmKfl4=
31,-77,ZgaZkOLQ59koOtNDWMZZvR8a1Uc=,0F0miLfJ56VjATuINEnBPmmKfl4=
29,-70,ZgaZkOLQ59koOtNDWMZZvR8a1Uc=,0F0miLfJ56VjATuINEnBPmmKfl4=
19,-70,ZgaZkOLQ59koOtNDWMZZvR8a1Uc=,0F0miLfJ56VjATuINEnBPmmKfl4=
17,-70,ZgaZkOLQ59koOtNDWMZZvR8a1Uc=,0F0miLfJ56VjATuINEnBPmmKfl4=
18,-70,ZgaZkOLQ59koOtNDWMZZvR8a1Uc=,0F0miLfJ56VjATuINEnBPmmKfl4=
16,-70,ZgaZkOLQ59koOtNDWMZZvR8a1Uc=,0F0miLfJ56VjATuINEnBPmmKfl4=
30,-71,ZgaZkOLQ59koOtNDWMZZvR8a1Uc=,0F0miLfJ56VjATuINEnBPmmKfl4=
29,-71,ZgaZkOLQ59koOtNDWMZZvR8a1Uc=,0F0miLfJ56VjATuINEnBPmmKfl4=
28,-71,ZgaZkOLQ59koOtNDWMZZvR8a1Uc=,0F0miLfJ56VjATuINEnBPmmKfl4=
31,-71,ZgaZkOLQ59koOtNDWMZZvR8a1Uc=,0F0miLfJ56VjATuINEnBPmmKfl4=
27,-71,ZgaZkOLQ59koOtNDWMZZvR8a1Uc=,0F0miLfJ56VjATuINEnBPmmKfl4=
26,-71,ZgaZkOLQ59koOtNDWMZZvR8a1Uc=,0F0miLfJ56VjATuINEnBPmmKfl4=
25,-71,ZgaZkOLQ59koOtNDWMZZvR8a1Uc=,0F0miLfJ56VjATuINEnBPmmKfl4=
24,-71,ZgaZkOLQ59koOtNDWMZZvR8a1Uc=,0F0miLfJ56VjATuINEnBPmmKfl4=
25,-70,ZgaZkOLQ59koOtNDWMZZvR8a1Uc=,0F0miLfJ56VjATuINEnBPmmKfl4=
29,-78,ZgaZkOLQ59koOtNDWMZZvR8a1Uc=,0F0miLfJ56VjATuINEnBPmmKfl4=
28,-79,ZgaZkOLQ59koOtNDWMZZvR8a1Uc=,0F0miLfJ56VjATuINEnBPmmKfl4=
22,-79,ZgaZkOLQ59koOtNDWMZZvR8a1Uc=,0F0miLfJ56VjATuINEnBPmmKfl4=
31,-70,ZgaZkOLQ59koOtNDWMZZvR8a1Uc=,0F0miLfJ56VjATuINEnBPmmKfl4=
23,-71,ZgaZkOLQ59koOtNDWMZZvR8a1Uc=,0F0miLfJ56VjATuINEnBPmmKfl4=
22,-80,ZgaZkOLQ59koOtNDWMZZvR8a1Uc=,0F0miLfJ56VjATuINEnBPmmKfl4=
22,-71,ZgaZkOLQ59koOtNDWMZZvR8a1Uc=,0F0miLfJ56VjATuINEnBPmmKfl4=
20,-71,ZgaZkOLQ59koOtNDWMZZvR8a1Uc=,0F0miLfJ56VjATuINEnBPmmKfl4=
21,-71,ZgaZkOLQ59koOtNDWMZZvR8a1Uc=,0F0miLfJ56VjATuINEnBPmmKfl4=
18,-71,ZgaZkOLQ59koOtNDWMZZvR8a1Uc=,0F0miLfJ56VjATuINEnBPmmKfl4=
19,-71,ZgaZkOLQ59koOtNDWMZZvR8a1Uc=,0F0miLfJ56VjATuINEnBPmmKfl4=
31,-72,ZgaZkOLQ59koOtNDWMZZvR8a1Uc=,0F0miLfJ56VjATuINEnBPmmKfl4=
30,-72,ZgaZkOLQ59koOtNDWMZZvR8a1Uc=,0F0miLfJ56VjATuINEnBPmmKfl4=
21,-70,ZgaZkOLQ59koOtNDWMZZvR8a1Uc=,0F0miLfJ56VjATuINEnBPmmKfl4=
29,-72,ZgaZkOLQ59koOtNDWMZZvR8a1Uc=,0F0miLfJ56VjATuINEnBPmmKfl4=
28,-80,ZgaZkOLQ59koOtNDWMZZvR8a1Uc=,0F0miLfJ56VjATuINEnBPmmKfl4=
17,-71,ZgaZkOLQ59koOtNDWMZZvR8a1Uc=,0F0miLfJ56VjATuINEnBPmmKfl4=
26,-72,ZgaZkOLQ59koOtNDWMZZvR8a1Uc=,0F0miLfJ56VjATuINEnBPmmKfl4=
28,-72,ZgaZkOLQ59koOtNDWMZZvR8a1Uc=,0F0miLfJ56VjATuINEnBPmmKfl4=
27,-72,ZgaZkOLQ59koOtNDWMZZvR8a1Uc=,0F0miLfJ56VjATuINEnBPmmKfl4=
25,-72,ZgaZkOLQ59koOtNDWMZZvR8a1Uc=,0F0miLfJ56VjATuINEnBPmmKfl4=
24,-72,ZgaZkOLQ59koOtNDWMZZvR8a1Uc=,0F0miLfJ56VjATuINEnBPmmKfl4=
16,-71,ZgaZkOLQ59koOtNDWMZZvR8a1Uc=,0F0miLfJ56VjATuINEnBPmmKfl4=
23,-72,ZgaZkOLQ59koOtNDWMZZvR8a1Uc=,0F0miLfJ56VjATuINEnBPmmKfl4=
20,-72,ZgaZkOLQ59koOtNDWMZZvR8a1Uc=,0F0miLfJ56VjATuINEnBPmmKfl4=
29,-79,ZgaZkOLQ59koOtNDWMZZvR8a1Uc=,0F0miLfJ56VjATuINEnBPmmKfl4=
22,-72,ZgaZkOLQ59koOtNDWMZZvR8a1Uc=,0F0miLfJ56VjATuINEnBPmmKfl4=
21,-72,ZgaZkOLQ59koOtNDWMZZvR8a1Uc=,0F0miLfJ56VjATuINEnBPmmKfl4=
18,-72,ZgaZkOLQ59koOtNDWMZZvR8a1Uc=,0F0miLfJ56VjATuINEnBPmmKfl4=
19,-72,ZgaZkOLQ59koOtNDWMZZvR8a1Uc=,0F0miLfJ56VjATuINEnBPmmKfl4=
17,-72,ZgaZkOLQ59koOtNDWMZZvR8a1Uc=,0F0miLfJ56VjATuINEnBPmmKfl4=
31,-73,ZgaZkOLQ59koOtNDWMZZvR8a1Uc=,0F0miLfJ56VjATuINEnBPmmKfl4=
27,-78,ZgaZkOLQ59koOtNDWMZZvR8a1Uc=,0F0miLfJ56VjATuINEnBPmmKfl4=
16,-72,ZgaZkOLQ59koOtNDWMZZvR8a1Uc=,0F0miLfJ56VjATuINEnBPmmKfl4=
26,-80,ZgaZkOLQ59koOtNDWMZZvR8a1Uc=,0F0miLfJ56VjATuINEnBPmmKfl4=
30,-73,ZgaZkOLQ59koOtNDWMZZvR8a1Uc=,0F0miLfJ56VjATuINEnBPmmKfl4=
26,-79,ZgaZkOLQ59koOtNDWMZZvR8a1Uc=,0F0miLfJ56VjATuINEnBPmmKfl4=
29,-73,ZgaZkOLQ59koOtNDWMZZvR8a1Uc=,0F0miLfJ56VjATuINEnBPmmKfl4=
28,-73,ZgaZkOLQ59koOtNDWMZZvR8a1Uc=,0F0miLfJ56VjATuINEnBPmmKfl4=
26,-73,ZgaZkOLQ59koOtNDWMZZvR8a1Uc=,0F0miLfJ56VjATuINEnBPmmKfl4=
27,-73,ZgaZkOLQ59koOtNDWMZZvR8a1Uc=,0F0miLfJ56VjATuINEnBPmmKfl4=
24,-73,ZgaZkOLQ59koOtNDWMZZvR8a1Uc=,0F0miLfJ56VjATuINEnBPmmKfl4=
25,-73,ZgaZkOLQ59koOtNDWMZZvR8a1Uc=,0F0miLfJ56VjATuINEnBPmmKfl4=
22,-73,ZgaZkOLQ59koOtNDWMZZvR8a1Uc=,0F0miLfJ56VjATuINEnBPmmKfl4=
23,-73,ZgaZkOLQ59koOtNDWMZZvR8a1Uc=,0F0miLfJ56VjATuINEnBPmmKfl4=
20,-73,ZgaZkOLQ59koOtNDWMZZvR8a1Uc=,0F0miLfJ56VjATuINEnBPmmKfl4=
21,-73,ZgaZkOLQ59koOtNDWMZZvR8a1Uc=,0F0miLfJ56VjATuINEnBPmmKfl4=
23,-78,ZgaZkOLQ59koOtNDWMZZvR8a1Uc=,0F0miLfJ56VjATuINEnBPmmKfl4=
17,-73,ZgaZkOLQ59koOtNDWMZZvR8a1Uc=,0F0miLfJ56VjATuINEnBPmmKfl4=
27,-80,ZgaZkOLQ59koOtNDWMZZvR8a1Uc=,0F0miLfJ56VjATuINEnBPmmKfl4=
16,-76,ZgaZkOLQ59koOtNDWMZZvR8a1Uc=,0F0miLfJ56VjATuINEnBPmmKfl4=
28,-78,ZgaZkOLQ59koOtNDWMZZvR8a1Uc=,0F0miLfJ56VjATuINEnBPmmKfl4=
27,-79,ZgaZkOLQ59koOtNDWMZZvR8a1Uc=,0F0miLfJ56VjATuINEnBPmmKfl4=
17,-76,ZgaZkOLQ59koOtNDWMZZvR8a1Uc=,0F0miLfJ56VjATuINEnBPmmKfl4=
30,-74,ZgaZkOLQ59koOtNDWMZZvR8a1Uc=,0F0miLfJ56VjATuINEnBPmmKfl4=
31,-74,ZgaZkOLQ59koOtNDWMZZvR8a1Uc=,0F0miLfJ56VjATuINEnBPmmKfl4=
25,-79,ZgaZkOLQ59koOtNDWMZZvR8a1Uc=,0F0miLfJ56VjATuINEnBPmmKfl4=
29,-74,ZgaZkOLQ59koOtNDWMZZvR8a1Uc=,0F0miLfJ56VjATuINEnBPmmKfl4=
28,-74,ZgaZkOLQ59koOtNDWMZZvR8a1Uc=,0F0miLfJ56VjATuINEnBPmmKfl4=
18,-76,ZgaZkOLQ59koOtNDWMZZvR8a1Uc=,0F0miLfJ56VjATuINEnBPmmKfl4=
27,-74,ZgaZkOLQ59koOtNDWMZZvR8a1Uc=,0F0miLfJ56VjATuINEnBPmmKfl4=
26,-74,ZgaZkOLQ59koOtNDWMZZvR8a1Uc=,0F0miLfJ56VjATuINEnBPmmKfl4=
16,-73,ZgaZkOLQ59koOtNDWMZZvR8a1Uc=,0F0miLfJ56VjATuINEnBPmmKfl4=
25,-74,ZgaZkOLQ59koOtNDWMZZvR8a1Uc=,0F0miLfJ56VjATuINEnBPmmKfl4=
19,-76,ZgaZkOLQ59koOtNDWMZZvR8a1Uc=,0F0miLfJ56VjATuINEnBPmmKfl4=
18,-73,ZgaZkOLQ59koOtNDWMZZvR8a1Uc=,0F0miLfJ56VjATuINEnBPmmKfl4=
24,-74,ZgaZkOLQ59koOtNDWMZZvR8a1Uc=,0F0miLfJ56VjATuINEnBPmmKfl4=
23,-74,ZgaZkOLQ59koOtNDWMZZvR8a1Uc=,0F0miLfJ56VjATuINEnBPmmKfl4=
22,-74,ZgaZkOLQ59koOtNDWMZZvR8a1Uc=,0F0miLfJ56VjATuINEnBPmmKfl4=
25,-80,ZgaZkOLQ59koOtNDWMZZvR8a1Uc=,0F0miLfJ56VjATuINEnBPmmKfl4=
19,-74,ZgaZkOLQ59koOtNDWMZZvR8a1Uc=,0F0miLfJ56VjATuINEnBPmmKfl4=
20,-74,ZgaZkOLQ59koOtNDWMZZvR8a1Uc=,0F0miLfJ56VjATuINEnBPmmKfl4=
25,-78,ZgaZkOLQ59koOtNDWMZZvR8a1Uc=,0F0miLfJ56VjATuINEnBPmmKfl4=
17,-74,ZgaZkOLQ59koOtNDWMZZvR8a1Uc=,0F0miLfJ56VjATuINEnBPmmKfl4=
24,-80,ZgaZkOLQ59koOtNDWMZZvR8a1Uc=,0F0miLfJ56VjATuINEnBPmmKfl4=
21,-74,ZgaZkOLQ59koOtNDWMZZvR8a1Uc=,0F0miLfJ56VjATuINEnBPmmKfl4=
16,-74,ZgaZkOLQ59koOtNDWMZZvR8a1Uc=,0F0miLfJ56VjATuINEnBPmmKfl4=
24,-79,ZgaZkOLQ59koOtNDWMZZvR8a1Uc=,0F0miLfJ56VjATuINEnBPmmKfl4=
30,-75,ZgaZkOLQ59koOtNDWMZZvR8a1Uc=,0F0miLfJ56VjATuINEnBPmmKfl4=
29,-75,ZgaZkOLQ59koOtNDWMZZvR8a1Uc=,0F0miLfJ56VjATuINEnBPmmKfl4=
31,-75,ZgaZkOLQ59koOtNDWMZZvR8a1Uc=,0F0miLfJ56VjATuINEnBPmmKfl4=
25,-75,ZgaZkOLQ59koOtNDWMZZvR8a1Uc=,0F0miLfJ56VjATuINEnBPmmKfl4=
26,-75,ZgaZkOLQ59koOtNDWMZZvR8a1Uc=,0F0miLfJ56VjATuINEnBPmmKfl4=
28,-75,ZgaZkOLQ59koOtNDWMZZvR8a1Uc=,0F0miLfJ56VjATuINEnBPmmKfl4=
27,-75,ZgaZkOLQ59koOtNDWMZZvR8a1Uc=,0F0miLfJ56VjATuINEnBPmmKfl4=
26,-78,ZgaZkOLQ59koOtNDWMZZvR8a1Uc=,0F0miLfJ56VjATuINEnBPmmKfl4=
20,-76,ZgaZkOLQ59koOtNDWMZZvR8a1Uc=,0F0miLfJ56VjATuINEnBPmmKfl4=
23,-75,ZgaZkOLQ59koOtNDWMZZvR8a1Uc=,0F0miLfJ56VjATuINEnBPmmKfl4=
21,-75,ZgaZkOLQ59koOtNDWMZZvR8a1Uc=,0F0miLfJ56VjATuINEnBPmmKfl4=
24,-75,ZgaZkOLQ59koOtNDWMZZvR8a1Uc=,0F0miLfJ56VjATuINEnBPmmKfl4=
18,-75,ZgaZkOLQ59koOtNDWMZZvR8a1Uc=,0F0miLfJ56VjATuINEnBPmmKfl4=
19,-75,ZgaZkOLQ59koOtNDWMZZvR8a1Uc=,0F0miLfJ56VjATuINEnBPmmKfl4=
20,-75,ZgaZkOLQ59koOtNDWMZZvR8a1Uc=,0F0miLfJ56VjATuINEnBPmmKfl4=
17,-75,ZgaZkOLQ59koOtNDWMZZvR8a1Uc=,0F0miLfJ56VjATuINEnBPmmKfl4=
24,-78,ZgaZkOLQ59koOtNDWMZZvR8a1Uc=,0F0miLfJ56VjATuINEnBPmmKfl4=
21,-76,ZgaZkOLQ59koOtNDWMZZvR8a1Uc=,0F0miLfJ56VjATuINEnBPmmKfl4=
16,-75,ZgaZkOLQ59koOtNDWMZZvR8a1Uc=,0F0miLfJ56VjATuINEnBPmmKfl4=
23,-80,ZgaZkOLQ59koOtNDWMZZvR8a1Uc=,0F0miLfJ56VjATuINEnBPmmKfl4=
31,-76,ZgaZkOLQ59koOtNDWMZZvR8a1Uc=,0F0miLfJ56VjATuINEnBPmmKfl4=
30,-76,ZgaZkOLQ59koOtNDWMZZvR8a1Uc=,0F0miLfJ56VjATuINEnBPmmKfl4=
23,-79,ZgaZkOLQ59koOtNDWMZZvR8a1Uc=,0F0miLfJ56VjATuINEnBPmmKfl4=
22,-76,ZgaZkOLQ59koOtNDWMZZvR8a1Uc=,0F0miLfJ56VjATuINEnBPmmKfl4=
27,-76,ZgaZkOLQ59koOtNDWMZZvR8a1Uc=,0F0miLfJ56VjATuINEnBPmmKfl4=
29,-76,ZgaZkOLQ59koOtNDWMZZvR8a1Uc=,0F0miLfJ56VjATuINEnBPmmKfl4=
19,-73,ZgaZkOLQ59koOtNDWMZZvR8a1Uc=,0F0miLfJ56VjATuINEnBPmmKfl4=
26,-76,ZgaZkOLQ59koOtNDWMZZvR8a1Uc=,0F0miLfJ56VjATuINEnBPmmKfl4=
18,-74,ZgaZkOLQ59koOtNDWMZZvR8a1Uc=,0F0miLfJ56VjATuINEnBPmmKfl4=
30,-70,ZgaZkOLQ59koOtNDWMZZvR8a1Uc=,0F0miLfJ56VjATuINEnBPmmKfl4=
28,-70,ZgaZkOLQ59koOtNDWMZZvR8a1Uc=,0F0miLfJ56VjATuINEnBPmmKfl4=
28,-76,ZgaZkOLQ59koOtNDWMZZvR8a1Uc=,0F0miLfJ56VjATuINEnBPmmKfl4=
25,-76,ZgaZkOLQ59koOtNDWMZZvR8a1Uc=,0F0miLfJ56VjATuINEnBPmmKfl4=
22,-75,ZgaZkOLQ59koOtNDWMZZvR8a1Uc=,0F0miLfJ56VjATuINEnBPmmKfl4=
26,-70,ZgaZkOLQ59koOtNDWMZZvR8a1Uc=,0F0miLfJ56VjATuINEnBPmmKfl4=
23,-76,ZgaZkOLQ59koOtNDWMZZvR8a1Uc=,0F0miLfJ56VjATuINEnBPmmKfl4=
27,-70,ZgaZkOLQ59koOtNDWMZZvR8a1Uc=,0F0miLfJ56VjATuINEnBPmmKfl4=
24,-76,ZgaZkOLQ59koOtNDWMZZvR8a1Uc=,0F0miLfJ56VjATuINEnBPmmKfl4=
16,-80,ZgaZkOLQ59koOtNDWMZZvR8a1Uc=,0F0miLfJ56VjATuINEnBPmmKfl4=
20,-93,cTMChlvUOOwjZfCQigj8VvYkcT4=,w9QYQ2N2BaPeZIxEv0A1deNmekU=
19,-93,klhJkV++PGN4qacrrf8VZjoP4D4=,w9QYQ2N2BaPeZIxEv0A1deNmekU=
18,-93,klhJkV++PGN4qacrrf8VZjoP4D4=,w9QYQ2N2BaPeZIxEv0A1deNmekU=
23,-93,qDQxHTJk/9Rw9zhI5Jnp4Kl4IJo=,w9QYQ2N2BaPeZIxEv0A1deNmekU=
20,-95,qDQxHTJk/9Rw9zhI5Jnp4Kl4IJo=,w9QYQ2N2BaPeZIxEv0A1deNmekU=
21,-96,pRnM27J312RAmkLXSsrwYfv66js=,w9QYQ2N2BaPeZIxEv0A1deNmekU=
21,-95,pRnM27J312RAmkLXSsrwYfv66js=,w9QYQ2N2BaPeZIxEv0A1deNmekU=
17,-96,pRnM27J312RAmkLXSsrwYfv66js=,w9QYQ2N2BaPeZIxEv0A1deNmekU=
31,-81,DxZ9EqwPDLG+xh42uWp7zUJh6DY=,w9QYQ2N2BaPeZIxEv0A1deNmekU=
20,-94,DxZ9EqwPDLG+xh42uWp7zUJh6DY=,w9QYQ2N2BaPeZIxEv0A1deNmekU=
24,-93,DxZ9EqwPDLG+xh42uWp7zUJh6DY=,w9QYQ2N2BaPeZIxEv0A1deNmekU=
30,-81,DxZ9EqwPDLG+xh42uWp7zUJh6DY=,w9QYQ2N2BaPeZIxEv0A1deNmekU=
29,-81,DxZ9EqwPDLG+xh42uWp7zUJh6DY=,w9QYQ2N2BaPeZIxEv0A1deNmekU=
21,-94,DxZ9EqwPDLG+xh42uWp7zUJh6DY=,w9QYQ2N2BaPeZIxEv0A1deNmekU=
22,-94,DxZ9EqwPDLG+xh42uWp7zUJh6DY=,w9QYQ2N2BaPeZIxEv0A1deNmekU=
28,-81,DxZ9EqwPDLG+xh42uWp7zUJh6DY=,w9QYQ2N2BaPeZIxEv0A1deNmekU=
22,-93,DxZ9EqwPDLG+xh42uWp7zUJh6DY=,w9QYQ2N2BaPeZIxEv0A1deNmekU=
21,-93,DxZ9EqwPDLG+xh42uWp7zUJh6DY=,w9QYQ2N2BaPeZIxEv0A1deNmekU=
23,-81,DxZ9EqwPDLG+xh42uWp7zUJh6DY=,w9QYQ2N2BaPeZIxEv0A1deNmekU=
27,-81,DxZ9EqwPDLG+xh42uWp7zUJh6DY=,w9QYQ2N2BaPeZIxEv0A1deNmekU=
19,-96,DxZ9EqwPDLG+xh42uWp7zUJh6DY=,w9QYQ2N2BaPeZIxEv0A1deNmekU=
24,-81,DxZ9EqwPDLG+xh42uWp7zUJh6DY=,w9QYQ2N2BaPeZIxEv0A1deNmekU=
26,-81,DxZ9EqwPDLG+xh42uWp7zUJh6DY=,w9QYQ2N2BaPeZIxEv0A1deNmekU=
25,-81,DxZ9EqwPDLG+xh42uWp7zUJh6DY=,w9QYQ2N2BaPeZIxEv0A1deNmekU=
21,-81,DxZ9EqwPDLG+xh42uWp7zUJh6DY=,w9QYQ2N2BaPeZIxEv0A1deNmekU=
22,-81,DxZ9EqwPDLG+xh42uWp7zUJh6DY=,w9QYQ2N2BaPeZIxEv0A1deNmekU=
20,-81,DxZ9EqwPDLG+xh42uWp7zUJh6DY=,w9QYQ2N2BaPeZIxEv0A1deNmekU=
18,-81,DxZ9EqwPDLG+xh42uWp7zUJh6DY=,w9QYQ2N2BaPeZIxEv0A1deNmekU=
17,-81,DxZ9EqwPDLG+xh42uWp7zUJh6DY=,w9QYQ2N2BaPeZIxEv0A1deNmekU=
19,-81,DxZ9EqwPDLG+xh42uWp7zUJh6DY=,w9QYQ2N2BaPeZIxEv0A1deNmekU=
16,-81,DxZ9EqwPDLG+xh42uWp7zUJh6DY=,w9QYQ2N2BaPeZIxEv0A1deNmekU=
17,-93,DxZ9EqwPDLG+xh42uWp7zUJh6DY=,w9QYQ2N2BaPeZIxEv0A1deNmekU=
19,-94,DxZ9EqwPDLG+xh42uWp7zUJh6DY=,w9QYQ2N2BaPeZIxEv0A1deNmekU=
25,-93,DxZ9EqwPDLG+xh42uWp7zUJh6DY=,w9QYQ2N2BaPeZIxEv0A1deNmekU=
20,-96,DxZ9EqwPDLG+xh42uWp7zUJh6DY=,w9QYQ2N2BaPeZIxEv0A1deNmekU=
29,-82,DxZ9EqwPDLG+xh42uWp7zUJh6DY=,w9QYQ2N2BaPeZIxEv0A1deNmekU=
30,-82,DxZ9EqwPDLG+xh42uWp7zUJh6DY=,w9QYQ2N2BaPeZIxEv0A1deNmekU=
26,-82,DxZ9EqwPDLG+xh42uWp7zUJh6DY=,w9QYQ2N2BaPeZIxEv0A1deNmekU=
25,-82,DxZ9EqwPDLG+xh42uWp7zUJh6DY=,w9QYQ2N2BaPeZIxEv0A1deNmekU=
27,-82,DxZ9EqwPDLG+xh42uWp7zUJh6DY=,w9QYQ2N2BaPeZIxEv0A1deNmekU=
31,-82,DxZ9EqwPDLG+xh42uWp7zUJh6DY=,w9QYQ2N2BaPeZIxEv0A1deNmekU=
24,-82,DxZ9EqwPDLG+xh42uWp7zUJh6DY=,w9QYQ2N2BaPeZIxEv0A1deNmekU=
26,-93,DxZ9EqwPDLG+xh42uWp7zUJh6DY=,w9QYQ2N2BaPeZIxEv0A1deNmekU=
23,-82,DxZ9EqwPDLG+xh42uWp7zUJh6DY=,w9QYQ2N2BaPeZIxEv0A1deNmekU=
22,-82,DxZ9EqwPDLG+xh42uWp7zUJh6DY=,w9QYQ2N2BaPeZIxEv0A1deNmekU=
21,-82,DxZ9EqwPDLG+xh42uWp7zUJh6DY=,w9QYQ2N2BaPeZIxEv0A1deNmekU=
18,-82,DxZ9EqwPDLG+xh42uWp7zUJh6DY=,w9QYQ2N2BaPeZIxEv0A1deNmekU=
20,-82,DxZ9EqwPDLG+xh42uWp7zUJh6DY=,w9QYQ2N2BaPeZIxEv0A1deNmekU=
17,-82,DxZ9EqwPDLG+xh42uWp7zUJh6DY=,w9QYQ2N2BaPeZIxEv0A1deNmekU=
19,-82,DxZ9EqwPDLG+xh42uWp7zUJh6DY=,w9QYQ2N2BaPeZIxEv0A1deNmekU=
19,-95,DxZ9EqwPDLG+xh42uWp7zUJh6DY=,w9QYQ2N2BaPeZIxEv0A1deNmekU=
28,-82,DxZ9EqwPDLG+xh42uWp7zUJh6DY=,w9QYQ2N2BaPeZIxEv0A1deNmekU=
18,-94,DxZ9EqwPDLG+xh42uWp7zUJh6DY=,w9QYQ2N2BaPeZIxEv0A1deNmekU=
28,-83,DxZ9EqwPDLG+xh42uWp7zUJh6DY=,w9QYQ2N2BaPeZIxEv0A1deNmekU=
30,-83,DxZ9EqwPDLG+xh42uWp7zUJh6DY=,w9QYQ2N2BaPeZIxEv0A1deNmekU=
27,-93,DxZ9EqwPDLG+xh42uWp7zUJh6DY=,w9QYQ2N2BaPeZIxEv0A1deNmekU=
16,-82,DxZ9EqwPDLG+xh42uWp7zUJh6DY=,w9QYQ2N2BaPeZIxEv0A1deNmekU=
26,-83,DxZ9EqwPDLG+xh42uWp7zUJh6DY=,w9QYQ2N2BaPeZIxEv0A1deNmekU=
29,-83,DxZ9EqwPDLG+xh42uWp7zUJh6DY=,w9QYQ2N2BaPeZIxEv0A1deNmekU=
25,-83,DxZ9EqwPDLG+xh42uWp7zUJh6DY=,w9QYQ2N2BaPeZIxEv0A1deNmekU=
27,-83,DxZ9EqwPDLG+xh42uWp7zUJh6DY=,w9QYQ2N2BaPeZIxEv0A1deNmekU=
22,-83,DxZ9EqwPDLG+xh42uWp7zUJh6DY=,w9QYQ2N2BaPeZIxEv0A1deNmekU=
23,-83,DxZ9EqwPDLG+xh42uWp7zUJh6DY=,w9QYQ2N2BaPeZIxEv0A1deNmekU=
21,-83,DxZ9EqwPDLG+xh42uWp7zUJh6DY=,w9QYQ2N2BaPeZIxEv0A1deNmekU=
19,-83,DxZ9EqwPDLG+xh42uWp7zUJh6DY=,w9QYQ2N2BaPeZIxEv0A1deNmekU=
17,-83,DxZ9EqwPDLG+xh42uWp7zUJh6DY=,w9QYQ2N2BaPeZIxEv0A1deNmekU=
31,-83,DxZ9EqwPDLG+xh42uWp7zUJh6DY=,w9QYQ2N2BaPeZIxEv0A1deNmekU=
18,-83,DxZ9EqwPDLG+xh42uWp7zUJh6DY=,w9QYQ2N2BaPeZIxEv0A1deNmekU=
18,-95,DxZ9EqwPDLG+xh42uWp7zUJh6DY=,w9QYQ2N2BaPeZIxEv0A1deNmekU=
28,-93,DxZ9EqwPDLG+xh42uWp7zUJh6DY=,w9QYQ2N2BaPeZIxEv0A1deNmekU=
16,-83,DxZ9EqwPDLG+xh42uWp7zUJh6DY=,w9QYQ2N2BaPeZIxEv0A1deNmekU=
17,-94,DxZ9EqwPDLG+xh42uWp7zUJh6DY=,w9QYQ2N2BaPeZIxEv0A1deNmekU=
30,-84,DxZ9EqwPDLG+xh42uWp7zUJh6DY=,w9QYQ2N2BaPeZIxEv0A1deNmekU=
20,-83,DxZ9EqwPDLG+xh42uWp7zUJh6DY=,w9QYQ2N2BaPeZIxEv0A1deNmekU=
31,-84,DxZ9EqwPDLG+xh42uWp7zUJh6DY=,w9QYQ2N2BaPeZIxEv0A1deNmekU=
24,-84,DxZ9EqwPDLG+xh42uWp7zUJh6DY=,w9QYQ2N2BaPeZIxEv0A1deNmekU=
26,-84,DxZ9EqwPDLG+xh42uWp7zUJh6DY=,w9QYQ2N2BaPeZIxEv0A1deNmekU=
27,-84,DxZ9EqwPDLG+xh42uWp7zUJh6DY=,w9QYQ2N2BaPeZIxEv0A1deNmekU=
24,-83,DxZ9EqwPDLG+xh42uWp7zUJh6DY=,w9QYQ2N2BaPeZIxEv0A1deNmekU=
29,-84,DxZ9EqwPDLG+xh42uWp7zUJh6DY=,w9QYQ2N2BaPeZIxEv0A1deNmekU=
23,-84,DxZ9EqwPDLG+xh42uWp7zUJh6DY=,w9QYQ2N2BaPeZIxEv0A1deNmekU=
19,-84,DxZ9EqwPDLG+xh42uWp7zUJh6DY=,w9QYQ2N2BaPeZIxEv0A1deNmekU=
22,-84,DxZ9EqwPDLG+xh42uWp7zUJh6DY=,w9QYQ2N2BaPeZIxEv0A1deNmekU=
20,-84,DxZ9EqwPDLG+xh42uWp7zUJh6DY=,w9QYQ2N2BaPeZIxEv0A1deNmekU=
17,-84,DxZ9EqwPDLG+xh42uWp7zUJh6DY=,w9QYQ2N2BaPeZIxEv0A1deNmekU=
21,-84,DxZ9EqwPDLG+xh42uWp7zUJh6DY=,w9QYQ2N2BaPeZIxEv0A1deNmekU=
18,-84,DxZ9EqwPDLG+xh42uWp7zUJh6DY=,w9QYQ2N2BaPeZIxEv0A1deNmekU=
31,-96,DxZ9EqwPDLG+xh42uWp7zUJh6DY=,w9QYQ2N2BaPeZIxEv0A1deNmekU=
16,-95,DxZ9EqwPDLG+xh42uWp7zUJh6DY=,w9QYQ2N2BaPeZIxEv0A1deNmekU=
16,-84,DxZ9EqwPDLG+xh42uWp7zUJh6DY=,w9QYQ2N2BaPeZIxEv0A1deNmekU=
18,-96,DxZ9EqwPDLG+xh42uWp7zUJh6DY=,w9QYQ2N2BaPeZIxEv0A1deNmekU=
17,-95,DxZ9EqwPDLG+xh42uWp7zUJh6DY=,w9QYQ2N2BaPeZIxEv0A1deNmekU=
25,-84,DxZ9EqwPDLG+xh42uWp7zUJh6DY=,w9QYQ2N2BaPeZIxEv0A1deNmekU=
28,-84,DxZ9EqwPDLG+xh42uWp7zUJh6DY=,w9QYQ2N2BaPeZIxEv0A1deNmekU=
30,-96,DxZ9EqwPDLG+xh42uWp7zUJh6DY=,w9QYQ2N2BaPeZIxEv0A1deNmekU=
30,-95,DxZ9EqwPDLG+xh42uWp7zUJh6DY=,w9QYQ2N2BaPeZIxEv0A1deNmekU=
28,-85,DxZ9EqwPDLG+xh42uWp7zUJh6DY=,w9QYQ2N2BaPeZIxEv0A1deNmekU=
31,-85,DxZ9EqwPDLG+xh42uWp7zUJh6DY=,w9QYQ2N2BaPeZIxEv0A1deNmekU=
29,-85,DxZ9EqwPDLG+xh42uWp7zUJh6DY=,w9QYQ2N2BaPeZIxEv0A1deNmekU=
31,-94,DxZ9EqwPDLG+xh42uWp7zUJh6DY=,w9QYQ2N2BaPeZIxEv0A1deNmekU=
27,-85,DxZ9EqwPDLG+xh42uWp7zUJh6DY=,w9QYQ2N2BaPeZIxEv0A1deNmekU=
26,-85,DxZ9EqwPDLG+xh42uWp7zUJh6DY=,w9QYQ2N2BaPeZIxEv0A1deNmekU=
25,-85,DxZ9EqwPDLG+xh42uWp7zUJh6DY=,w9QYQ2N2BaPeZIxEv0A1deNmekU=
24,-85,DxZ9EqwPDLG+xh42uWp7zUJh6DY=,w9QYQ2N2BaPeZIxEv0A1deNmekU=
30,-85,DxZ9EqwPDLG+xh42uWp7zUJh6DY=,w9QYQ2N2BaPeZIxEv0A1deNmekU=
20,-85,DxZ9EqwPDLG+xh42uWp7zUJh6DY=,w9QYQ2N2BaPeZIxEv0A1deNmekU=
21,-85,DxZ9EqwPDLG+xh42uWp7zUJh6DY=,w9QYQ2N2BaPeZIxEv0A1deNmekU=
23,-85,DxZ9EqwPDLG+xh42uWp7zUJh6DY=,w9QYQ2N2BaPeZIxEv0A1deNmekU=
19,-85,DxZ9EqwPDLG+xh42uWp7zUJh6DY=,w9QYQ2N2BaPeZIxEv0A1deNmekU=
22,-85,DxZ9EqwPDLG+xh42uWp7zUJh6DY=,w9QYQ2N2BaPeZIxEv0A1deNmekU=
29,-93,DxZ9EqwPDLG+xh42uWp7zUJh6DY=,w9QYQ2N2BaPeZIxEv0A1deNmekU=
17,-85,DxZ9EqwPDLG+xh42uWp7zUJh6DY=,w9QYQ2N2BaPeZIxEv0A1deNmekU=
18,-85,DxZ9EqwPDLG+xh42uWp7zUJh6DY=,w9QYQ2N2BaPeZIxEv0A1deNmekU=
16,-93,DxZ9EqwPDLG+xh42uWp7zUJh6DY=,w9QYQ2N2BaPeZIxEv0A1deNmekU=
16,-85,DxZ9EqwPDLG+xh42uWp7zUJh6DY=,w9QYQ2N2BaPeZIxEv0A1deNmekU=
16,-94,DxZ9EqwPDLG+xh42uWp7zUJh6DY=,w9QYQ2N2BaPeZIxEv0A1deNmekU=
29,-96,DxZ9EqwPDLG+xh42uWp7zUJh6DY=,w9QYQ2N2BaPeZIxEv0A1deNmekU=
30,-94,DxZ9EqwPDLG+xh42uWp7zUJh6DY=,w9QYQ2N2BaPeZIxEv0A1deNmekU=
31,-95,DxZ9EqwPDLG+xh42uWp7zUJh6DY=,w9QYQ2N2BaPeZIxEv0A1deNmekU=
30,-93,DxZ9EqwPDLG+xh42uWp7zUJh6DY=,w9QYQ2N2BaPeZIxEv0A1deNmekU=
29,-95,DxZ9EqwPDLG+xh42uWp7zUJh6DY=,w9QYQ2N2BaPeZIxEv0A1deNmekU=
25,-86,DxZ9EqwPDLG+xh42uWp7zUJh6DY=,w9QYQ2N2BaPeZIxEv0A1deNmekU=
30,-86,DxZ9EqwPDLG+xh42uWp7zUJh6DY=,w9QYQ2N2BaPeZIxEv0A1deNmekU=
28,-86,DxZ9EqwPDLG+xh42uWp7zUJh6DY=,w9QYQ2N2BaPeZIxEv0A1deNmekU=
27,-86,DxZ9EqwPDLG+xh42uWp7zUJh6DY=,w9QYQ2N2BaPeZIxEv0A1deNmekU=
26,-86,DxZ9EqwPDLG+xh42uWp7zUJh6DY=,w9QYQ2N2BaPeZIxEv0A1deNmekU=
24,-86,DxZ9EqwPDLG+xh42uWp7zUJh6DY=,w9QYQ2N2BaPeZIxEv0A1deNmekU=
31,-93,DxZ9EqwPDLG+xh42uWp7zUJh6DY=,w9QYQ2N2BaPeZIxEv0A1deNmekU=
31,-86,DxZ9EqwPDLG+xh42uWp7zUJh6DY=,w9QYQ2N2BaPeZIxEv0A1deNmekU=
23,-86,DxZ9EqwPDLG+xh42uWp7zUJh6DY=,w9QYQ2N2BaPeZIxEv0A1deNmekU=
29,-86,DxZ9EqwPDLG+xh42uWp7zUJh6DY=,w9QYQ2N2BaPeZIxEv0A1deNmekU=
22,-86,DxZ9EqwPDLG+xh42uWp7zUJh6DY=,w9QYQ2N2BaPeZIxEv0A1deNmekU=
22,-95,DxZ9EqwPDLG+xh42uWp7zUJh6DY=,w9QYQ2N2BaPeZIxEv0A1deNmekU=
20,-86,DxZ9EqwPDLG+xh42uWp7zUJh6DY=,w9QYQ2N2BaPeZIxEv0A1deNmekU=
21,-86,DxZ9EqwPDLG+xh42uWp7zUJh6DY=,w9QYQ2N2BaPeZIxEv0A1deNmekU=
18,-86,DxZ9EqwPDLG+xh42uWp7zUJh6DY=,w9QYQ2N2BaPeZIxEv0A1deNmekU=
19,-86,DxZ9EqwPDLG+xh42uWp7zUJh6DY=,w9QYQ2N2BaPeZIxEv0A1deNmekU=
17,-86,DxZ9EqwPDLG+xh42uWp7zUJh6DY=,w9QYQ2N2BaPeZIxEv0A1deNmekU=
16,-86,DxZ9EqwPDLG+xh42uWp7zUJh6DY=,w9QYQ2N2BaPeZIxEv0A1deNmekU=
28,-96,DxZ9EqwPDLG+xh42uWp7zUJh6DY=,w9QYQ2N2BaPeZIxEv0A1deNmekU=
28,-95,DxZ9EqwPDLG+xh42uWp7zUJh6DY=,w9QYQ2N2BaPeZIxEv0A1deNmekU=
31,-87,DxZ9EqwPDLG+xh42uWp7zUJh6DY=,w9QYQ2N2BaPeZIxEv0A1deNmekU=
29,-94,DxZ9EqwPDLG+xh42uWp7zUJh6DY=,w9QYQ2N2BaPeZIxEv0A1deNmekU=
30,-87,DxZ9EqwPDLG+xh42uWp7zUJh6DY=,w9QYQ2N2BaPeZIxEv0A1deNmekU=
25,-87,DxZ9EqwPDLG+xh42uWp7zUJh6DY=,w9QYQ2N2BaPeZIxEv0A1deNmekU=
16,-92,DxZ9EqwPDLG+xh42uWp7zUJh6DY=,w9QYQ2N2BaPeZIxEv0A1deNmekU=
26,-87,DxZ9EqwPDLG+xh42uWp7zUJh6DY=,w9QYQ2N2BaPeZIxEv0A1deNmekU=
22,-96,DxZ9EqwPDLG+xh42uWp7zUJh6DY=,w9QYQ2N2BaPeZIxEv0A1deNmekU=
27,-87,DxZ9EqwPDLG+xh42uWp7zUJh6DY=,w9QYQ2N2BaPeZIxEv0A1deNmekU=
28,-87,DxZ9EqwPDLG+xh42uWp7zUJh6DY=,w9QYQ2N2BaPeZIxEv0A1deNmekU=
24,-87,DxZ9EqwPDLG+xh42uWp7zUJh6DY=,w9QYQ2N2BaPeZIxEv0A1deNmekU=
29,-87,DxZ9EqwPDLG+xh42uWp7zUJh6DY=,w9QYQ2N2BaPeZIxEv0A1deNmekU=
23,-94,DxZ9EqwPDLG+xh42uWp7zUJh6DY=,w9QYQ2N2BaPeZIxEv0A1deNmekU=
22,-87,DxZ9EqwPDLG+xh42uWp7zUJh6DY=,w9QYQ2N2BaPeZIxEv0A1deNmekU=
20,-87,DxZ9EqwPDLG+xh42uWp7zUJh6DY=,w9QYQ2N2BaPeZIxEv0A1deNmekU=
23,-87,DxZ9EqwPDLG+xh42uWp7zUJh6DY=,w9QYQ2N2BaPeZIxEv0A1deNmekU=
17,-87,DxZ9EqwPDLG+xh42uWp7zUJh6DY=,w9QYQ2N2BaPeZIxEv0A1deNmekU=
21,-87,DxZ9EqwPDLG+xh42uWp7zUJh6DY=,w9QYQ2N2BaPeZIxEv0A1deNmekU=
27,-96,DxZ9EqwPDLG+xh42uWp7zUJh6DY=,w9QYQ2N2BaPeZIxEv0A1deNmekU=
18,-87,DxZ9EqwPDLG+xh42uWp7zUJh6DY=,w9QYQ2N2BaPeZIxEv0A1deNmekU=
19,-87,DxZ9EqwPDLG+xh42uWp7zUJh6DY=,w9QYQ2N2BaPeZIxEv0A1deNmekU=
16,-87,DxZ9EqwPDLG+xh42uWp7zUJh6DY=,w9QYQ2N2BaPeZIxEv0A1deNmekU=
17,-92,DxZ9EqwPDLG+xh42uWp7zUJh6DY=,w9QYQ2N2BaPeZIxEv0A1deNmekU=
28,-94,DxZ9EqwPDLG+xh42uWp7zUJh6DY=,w9QYQ2N2BaPeZIxEv0A1deNmekU=
31,-88,DxZ9EqwPDLG+xh42uWp7zUJh6DY=,w9QYQ2N2BaPeZIxEv0A1deNmekU=
27,-95,DxZ9EqwPDLG+xh42uWp7zUJh6DY=,w9QYQ2N2BaPeZIxEv0A1deNmekU=
18,-92,DxZ9EqwPDLG+xh42uWp7zUJh6DY=,w9QYQ2N2BaPeZIxEv0A1deNmekU=
27,-88,DxZ9EqwPDLG+xh42uWp7zUJh6DY=,w9QYQ2N2BaPeZIxEv0A1deNmekU=
25,-88,DxZ9EqwPDLG+xh42uWp7zUJh6DY=,w9QYQ2N2BaPeZIxEv0A1deNmekU=
24,-88,DxZ9EqwPDLG+xh42uWp7zUJh6DY=,w9QYQ2N2BaPeZIxEv0A1deNmekU=
30,-88,DxZ9EqwPDLG+xh42uWp7zUJh6DY=,w9QYQ2N2BaPeZIxEv0A1deNmekU=
26,-88,DxZ9EqwPDLG+xh42uWp7zUJh6DY=,w9QYQ2N2BaPeZIxEv0A1deNmekU=
29,-88,DxZ9EqwPDLG+xh42uWp7zUJh6DY=,w9QYQ2N2BaPeZIxEv0A1deNmekU=
23,-88,DxZ9EqwPDLG+xh42uWp7zUJh6DY=,w9QYQ2N2BaPeZIxEv0A1deNmekU=
19,-92,DxZ9EqwPDLG+xh42uWp7zUJh6DY=,w9QYQ2N2BaPeZIxEv0A1deNmekU=
22,-88,DxZ9EqwPDLG+xh42uWp7zUJh6DY=,w9QYQ2N2BaPeZIxEv0A1deNmekU=
28,-88,DxZ9EqwPDLG+xh42uWp7zUJh6DY=,w9QYQ2N2BaPeZIxEv0A1deNmekU=
21,-88,DxZ9EqwPDLG+xh42uWp7zUJh6DY=,w9QYQ2N2BaPeZIxEv0A1deNmekU=
20,-88,DxZ9EqwPDLG+xh42uWp7zUJh6DY=,w9QYQ2N2BaPeZIxEv0A1deNmekU=
17,-88,DxZ9EqwPDLG+xh42uWp7zUJh6DY=,w9QYQ2N2BaPeZIxEv0A1deNmekU=
19,-88,DxZ9EqwPDLG+xh42uWp7zUJh6DY=,w9QYQ2N2BaPeZIxEv0A1deNmekU=
18,-88,DxZ9EqwPDLG+xh42uWp7zUJh6DY=,w9QYQ2N2BaPeZIxEv0A1deNmekU=
16,-88,DxZ9EqwPDLG+xh42uWp7zUJh6DY=,w9QYQ2N2BaPeZIxEv0A1deNmekU=
27,-94,DxZ9EqwPDLG+xh42uWp7zUJh6DY=,w9QYQ2N2BaPeZIxEv0A1deNmekU=
20,-92,DxZ9EqwPDLG+xh42uWp7zUJh6DY=,w9QYQ2N2BaPeZIxEv0A1deNmekU=
26,-96,DxZ9EqwPDLG+xh42uWp7zUJh6DY=,w9QYQ2N2BaPeZIxEv0A1deNmekU=
21,-92,DxZ9EqwPDLG+xh42uWp7zUJh6DY=,w9QYQ2N2BaPeZIxEv0A1deNmekU=
27,-89,DxZ9EqwPDLG+xh42uWp7zUJh6DY=,w9QYQ2N2BaPeZIxEv0A1deNmekU=
31,-89,DxZ9EqwPDLG+xh42uWp7zUJh6DY=,w9QYQ2N2BaPeZIxEv0A1deNmekU=
26,-95,DxZ9EqwPDLG+xh42uWp7zUJh6DY=,w9QYQ2N2BaPeZIxEv0A1deNmekU=
25,-89,DxZ9EqwPDLG+xh42uWp7zUJh6DY=,w9QYQ2N2BaPeZIxEv0A1deNmekU=
26,-89,DxZ9EqwPDLG+xh42uWp7zUJh6DY=,w9QYQ2N2BaPeZIxEv0A1deNmekU=
30,-89,DxZ9EqwPDLG+xh42uWp7zUJh6DY=,w9QYQ2N2BaPeZIxEv0A1deNmekU=
28,-89,DxZ9EqwPDLG+xh42uWp7zUJh6DY=,w9QYQ2N2BaPeZIxEv0A1deNmekU=
24,-89,DxZ9EqwPDLG+xh42uWp7zUJh6DY=,w9QYQ2N2BaPeZIxEv0A1deNmekU=
23,-89,DxZ9EqwPDLG+xh42uWp7zUJh6DY=,w9QYQ2N2BaPeZIxEv0A1deNmekU=
29,-89,DxZ9EqwPDLG+xh42uWp7zUJh6DY=,w9QYQ2N2BaPeZIxEv0A1deNmekU=
20,-89,DxZ9EqwPDLG+xh42uWp7zUJh6DY=,w9QYQ2N2BaPeZIxEv0A1deNmekU=
22,-89,DxZ9EqwPDLG+xh42uWp7zUJh6DY=,w9QYQ2N2BaPeZIxEv0A1deNmekU=
19,-89,DxZ9EqwPDLG+xh42uWp7zUJh6DY=,w9QYQ2N2BaPeZIxEv0A1deNmekU=
22,-92,DxZ9EqwPDLG+xh42uWp7zUJh6DY=,w9QYQ2N2BaPeZIxEv0A1deNmekU=
18,-89,DxZ9EqwPDLG+xh42uWp7zUJh6DY=,w9QYQ2N2BaPeZIxEv0A1deNmekU=
17,-89,DxZ9EqwPDLG+xh42uWp7zUJh6DY=,w9QYQ2N2BaPeZIxEv0A1deNmekU=
21,-89,DxZ9EqwPDLG+xh42uWp7zUJh6DY=,w9QYQ2N2BaPeZIxEv0A1deNmekU=
25,-96,DxZ9EqwPDLG+xh42uWp7zUJh6DY=,w9QYQ2N2BaPeZIxEv0A1deNmekU=
16,-89,DxZ9EqwPDLG+xh42uWp7zUJh6DY=,w9QYQ2N2BaPeZIxEv0A1deNmekU=
26,-94,DxZ9EqwPDLG+xh42uWp7zUJh6DY=,w9QYQ2N2BaPeZIxEv0A1deNmekU=
16,-96,DxZ9EqwPDLG+xh42uWp7zUJh6DY=,w9QYQ2N2BaPeZIxEv0A1deNmekU=
23,-92,DxZ9EqwPDLG+xh42uWp7zUJh6DY=,w9QYQ2N2BaPeZIxEv0A1deNmekU=
25,-95,DxZ9EqwPDLG+xh42uWp7zUJh6DY=,w9QYQ2N2BaPeZIxEv0A1deNmekU=
28,-90,DxZ9EqwPDLG+xh42uWp7zUJh6DY=,w9QYQ2N2BaPeZIxEv0A1deNmekU=
24,-92,DxZ9EqwPDLG+xh42uWp7zUJh6DY=,w9QYQ2N2BaPeZIxEv0A1deNmekU=
30,-90,DxZ9EqwPDLG+xh42uWp7zUJh6DY=,w9QYQ2N2BaPeZIxEv0A1deNmekU=
27,-90,DxZ9EqwPDLG+xh42uWp7zUJh6DY=,w9QYQ2N2BaPeZIxEv0A1deNmekU=
29,-90,DxZ9EqwPDLG+xh42uWp7zUJh6DY=,w9QYQ2N2BaPeZIxEv0A1deNmekU=
25,-90,DxZ9EqwPDLG+xh42uWp7zUJh6DY=,w9QYQ2N2BaPeZIxEv0A1deNmekU=
26,-90,DxZ9EqwPDLG+xh42uWp7zUJh6DY=,w9QYQ2N2BaPeZIxEv0A1deNmekU=
31,-90,DxZ9EqwPDLG+xh42uWp7zUJh6DY=,w9QYQ2N2BaPeZIxEv0A1deNmekU=
21,-90,DxZ9EqwPDLG+xh42uWp7zUJh6DY=,w9QYQ2N2BaPeZIxEv0A1deNmekU=
23,-90,DxZ9EqwPDLG+xh42uWp7zUJh6DY=,w9QYQ2N2BaPeZIxEv0A1deNmekU=
20,-90,DxZ9EqwPDLG+xh42uWp7zUJh6DY=,w9QYQ2N2BaPeZIxEv0A1deNmekU=
24,-90,DxZ9EqwPDLG+xh42uWp7zUJh6DY=,w9QYQ2N2BaPeZIxEv0A1deNmekU=
25,-92,DxZ9EqwPDLG+xh42uWp7zUJh6DY=,w9QYQ2N2BaPeZIxEv0A1deNmekU=
19,-90,DxZ9EqwPDLG+xh42uWp7zUJh6DY=,w9QYQ2N2BaPeZIxEv0A1deNmekU=
24,-96,DxZ9EqwPDLG+xh42uWp7zUJh6DY=,w9QYQ2N2BaPeZIxEv0A1deNmekU=
17,-90,DxZ9EqwPDLG+xh42uWp7zUJh6DY=,w9QYQ2N2BaPeZIxEv0A1deNmekU=
18,-90,DxZ9EqwPDLG+xh42uWp7zUJh6DY=,w9QYQ2N2BaPeZIxEv0A1deNmekU=
26,-92,DxZ9EqwPDLG+xh42uWp7zUJh6DY=,w9QYQ2N2BaPeZIxEv0A1deNmekU=
22,-90,DxZ9EqwPDLG+xh42uWp7zUJh6DY=,w9QYQ2N2BaPeZIxEv0A1deNmekU=
25,-94,DxZ9EqwPDLG+xh42uWp7zUJh6DY=,w9QYQ2N2BaPeZIxEv0A1deNmekU=
16,-90,DxZ9EqwPDLG+xh42uWp7zUJh6DY=,w9QYQ2N2BaPeZIxEv0A1deNmekU=
24,-95,DxZ9EqwPDLG+xh42uWp7zUJh6DY=,w9QYQ2N2BaPeZIxEv0A1deNmekU=
27,-92,DxZ9EqwPDLG+xh42uWp7zUJh6DY=,w9QYQ2N2BaPeZIxEv0A1deNmekU=
31,-91,DxZ9EqwPDLG+xh42uWp7zUJh6DY=,w9QYQ2N2BaPeZIxEv0A1deNmekU=
26,-91,DxZ9EqwPDLG+xh42uWp7zUJh6DY=,w9QYQ2N2BaPeZIxEv0A1deNmekU=
27,-91,DxZ9EqwPDLG+xh42uWp7zUJh6DY=,w9QYQ2N2BaPeZIxEv0A1deNmekU=
25,-91,DxZ9EqwPDLG+xh42uWp7zUJh6DY=,w9QYQ2N2BaPeZIxEv0A1deNmekU=
29,-91,DxZ9EqwPDLG+xh42uWp7zUJh6DY=,w9QYQ2N2BaPeZIxEv0A1deNmekU=
28,-91,DxZ9EqwPDLG+xh42uWp7zUJh6DY=,w9QYQ2N2BaPeZIxEv0A1deNmekU=
24,-91,DxZ9EqwPDLG+xh42uWp7zUJh6DY=,w9QYQ2N2BaPeZIxEv0A1deNmekU=
30,-91,DxZ9EqwPDLG+xh42uWp7zUJh6DY=,w9QYQ2N2BaPeZIxEv0A1deNmekU=
28,-92,DxZ9EqwPDLG+xh42uWp7zUJh6DY=,w9QYQ2N2BaPeZIxEv0A1deNmekU=
20,-91,DxZ9EqwPDLG+xh42uWp7zUJh6DY=,w9QYQ2N2BaPeZIxEv0A1deNmekU=
23,-91,DxZ9EqwPDLG+xh42uWp7zUJh6DY=,w9QYQ2N2BaPeZIxEv0A1deNmekU=
19,-91,DxZ9EqwPDLG+xh42uWp7zUJh6DY=,w9QYQ2N2BaPeZIxEv0A1deNmekU=
21,-91,DxZ9EqwPDLG+xh42uWp7zUJh6DY=,w9QYQ2N2BaPeZIxEv0A1deNmekU=
18,-91,DxZ9EqwPDLG+xh42uWp7zUJh6DY=,w9QYQ2N2BaPeZIxEv0A1deNmekU=
22,-91,DxZ9EqwPDLG+xh42uWp7zUJh6DY=,w9QYQ2N2BaPeZIxEv0A1deNmekU=
23,-96,DxZ9EqwPDLG+xh42uWp7zUJh6DY=,w9QYQ2N2BaPeZIxEv0A1deNmekU=
24,-94,DxZ9EqwPDLG+xh42uWp7zUJh6DY=,w9QYQ2N2BaPeZIxEv0A1deNmekU=
17,-91,DxZ9EqwPDLG+xh42uWp7zUJh6DY=,w9QYQ2N2BaPeZIxEv0A1deNmekU=
16,-91,DxZ9EqwPDLG+xh42uWp7zUJh6DY=,w9QYQ2N2BaPeZIxEv0A1deNmekU=
23,-95,DxZ9EqwPDLG+xh42uWp7zUJh6DY=,w9QYQ2N2BaPeZIxEv0A1deNmekU=
31,-92,DxZ9EqwPDLG+xh42uWp7zUJh6DY=,w9QYQ2N2BaPeZIxEv0A1deNmekU=
30,-92,DxZ9EqwPDLG+xh42uWp7zUJh6DY=,w9QYQ2N2BaPeZIxEv0A1deNmekU=
29,-92,DxZ9EqwPDLG+xh42uWp7zUJh6DY=,w9QYQ2N2BaPeZIxEv0A1deNmekU=
5,-95,7DLvXwum3ZFpXauvsvU3Y12cT4A=,lDHqQZuuVWK7CSI05hqpR73phP0=
3,-93,KEnzrlzpVPwKYgyy4yMwLJ9e7AY=,lDHqQZuuVWK7CSI05hqpR73phP0=
6,-93,KEnzrlzpVPwKYgyy4yMwLJ9e7AY=,lDHqQZuuVWK7CSI05hqpR73phP0=
7,-93,3K5KnoOysIxUpsRW0hd6nyCw/aA=,lDHqQZuuVWK7CSI05hqpR73phP0=
4,-93,3K5KnoOysIxUpsRW0hd6nyCw/aA=,lDHqQZuuVWK7CSI05hqpR73phP0=
1,-96,AXicYLwVYecdbNxps0n9iip6T70=,lDHqQZuuVWK7CSI05hqpR73phP0=
2,-93,AXicYLwVYecdbNxps0n9iip6T70=,lDHqQZuuVWK7CSI05hqpR73phP0=
5,-96,cNunUzUrJZJ/+Kg552LKnGGDnac=,lDHqQZuuVWK7CSI05hqpR73phP0=
6,-94,cNunUzUrJZJ/+Kg552LKnGGDnac=,lDHqQZuuVWK7CSI05hqpR73phP0=
5,-93,vrur3Lb5i6spZb3qGRkpCF/jJ+k=,lDHqQZuuVWK7CSI05hqpR73phP0=
5,-94,vrur3Lb5i6spZb3qGRkpCF/jJ+k=,lDHqQZuuVWK7CSI05hqpR73phP0=
8,-93,vrur3Lb5i6spZb3qGRkpCF/jJ+k=,lDHqQZuuVWK7CSI05hqpR73phP0=
3,-96,vrur3Lb5i6spZb3qGRkpCF/jJ+k=,lDHqQZuuVWK7CSI05hqpR73phP0=
15,-81,vrur3Lb5i6spZb3qGRkpCF/jJ+k=,lDHqQZuuVWK7CSI05hqpR73phP0=
4,-94,vrur3Lb5i6spZb3qGRkpCF/jJ+k=,lDHqQZuuVWK7CSI05hqpR73phP0=
14,-81,vrur3Lb5i6spZb3qGRkpCF/jJ+k=,lDHqQZuuVWK7CSI05hqpR73phP0=
13,-81,vrur3Lb5i6spZb3qGRkpCF/jJ+k=,lDHqQZuuVWK7CSI05hqpR73phP0=
9,-93,vrur3Lb5i6spZb3qGRkpCF/jJ+k=,lDHqQZuuVWK7CSI05hqpR73phP0=
12,-81,vrur3Lb5i6spZb3qGRkpCF/jJ+k=,lDHqQZuuVWK7CSI05hqpR73phP0=
10,-81,vrur3Lb5i6spZb3qGRkpCF/jJ+k=,lDHqQZuuVWK7CSI05hqpR73phP0=
11,-81,vrur3Lb5i6spZb3qGRkpCF/jJ+k=,lDHqQZuuVWK7CSI05hqpR73phP0=
9,-81,vrur3Lb5i6spZb3qGRkpCF/jJ+k=,lDHqQZuuVWK7CSI05hqpR73phP0=
8,-81,vrur3Lb5i6spZb3qGRkpCF/jJ+k=,lDHqQZuuVWK7CSI05hqpR73phP0=
5,-81,vrur3Lb5i6spZb3qGRkpCF/jJ+k=,lDHqQZuuVWK7CSI05hqpR73phP0=
10,-93,vrur3Lb5i6spZb3qGRkpCF/jJ+k=,lDHqQZuuVWK7CSI05hqpR73phP0=
4,-81,vrur3Lb5i6spZb3qGRkpCF/jJ+k=,lDHqQZuuVWK7CSI05hqpR73phP0=
6,-81,vrur3Lb5i6spZb3qGRkpCF/jJ+k=,lDHqQZuuVWK7CSI05hqpR73phP0=
3,-81,vrur3Lb5i6spZb3qGRkpCF/jJ+k=,lDHqQZuuVWK7CSI05hqpR73phP0=
4,-95,vrur3Lb5i6spZb3qGRkpCF/jJ+k=,lDHqQZuuVWK7CSI05hqpR73phP0=
2,-81,vrur3Lb5i6spZb3qGRkpCF/jJ+k=,lDHqQZuuVWK7CSI05hqpR73phP0=
1,-93,vrur3Lb5i6spZb3qGRkpCF/jJ+k=,lDHqQZuuVWK7CSI05hqpR73phP0=
11,-93,vrur3Lb5i6spZb3qGRkpCF/jJ+k=,lDHqQZuuVWK7CSI05hqpR73phP0=
1,-81,vrur3Lb5i6spZb3qGRkpCF/jJ+k=,lDHqQZuuVWK7CSI05hqpR73phP0=
4,-96,vrur3Lb5i6spZb3qGRkpCF/jJ+k=,lDHqQZuuVWK7CSI05hqpR73phP0=
3,-94,vrur3Lb5i6spZb3qGRkpCF/jJ+k=,lDHqQZuuVWK7CSI05hqpR73phP0=
12,-93,vrur3Lb5i6spZb3qGRkpCF/jJ+k=,lDHqQZuuVWK7CSI05hqpR73phP0=
15,-82,vrur3Lb5i6spZb3qGRkpCF/jJ+k=,lDHqQZuuVWK7CSI05hqpR73phP0=
0,-81,vrur3Lb5i6spZb3qGRkpCF/jJ+k=,lDHqQZuuVWK7CSI05hqpR73phP0=
14,-82,vrur3Lb5i6spZb3qGRkpCF/jJ+k=,lDHqQZuuVWK7CSI05hqpR73phP0=
13,-93,vrur3Lb5i6spZb3qGRkpCF/jJ+k=,lDHqQZuuVWK7CSI05hqpR73phP0=
12,-82,vrur3Lb5i6spZb3qGRkpCF/jJ+k=,lDHqQZuuVWK7CSI05hqpR73phP0=
11,-82,vrur3Lb5i6spZb3qGRkpCF/jJ+k=,lDHqQZuuVWK7CSI05hqpR73phP0=
10,-82,vrur3Lb5i6spZb3qGRkpCF/jJ+k=,lDHqQZuuVWK7CSI05hqpR73phP0=
13,-82,vrur3Lb5i6spZb3qGRkpCF/jJ+k=,lDHqQZuuVWK7CSI05hqpR73phP0=
7,-81,vrur3Lb5i6spZb3qGRkpCF/jJ+k=,lDHqQZuuVWK7CSI05hqpR73phP0=
8,-82,vrur3Lb5i6spZb3qGRkpCF/jJ+k=,lDHqQZuuVWK7CSI05hqpR73phP0=
5,-82,vrur3Lb5i6spZb3qGRkpCF/jJ+k=,lDHqQZuuVWK7CSI05hqpR73phP0=
14,-93,vrur3Lb5i6spZb3qGRkpCF/jJ+k=,lDHqQZuuVWK7CSI05hqpR73phP0=
6,-82,vrur3Lb5i6spZb3qGRkpCF/jJ+k=,lDHqQZuuVWK7CSI05hqpR73phP0=
4,-82,vrur3Lb5i6spZb3qGRkpCF/jJ+k=,lDHqQZuuVWK7CSI05hqpR73phP0=
7,-82,vrur3Lb5i6spZb3qGRkpCF/jJ+k=,lDHqQZuuVWK7CSI05hqpR73phP0=
2,-82,vrur3Lb5i6spZb3qGRkpCF/jJ+k=,lDHqQZuuVWK7CSI05hqpR73phP0=
3,-95,vrur3Lb5i6spZb3qGRkpCF/jJ+k=,lDHqQZuuVWK7CSI05hqpR73phP0=
3,-82,vrur3Lb5i6spZb3qGRkpCF/jJ+k=,lDHqQZuuVWK7CSI05hqpR73phP0=
15,-93,vrur3Lb5i6spZb3qGRkpCF/jJ+k=,lDHqQZuuVWK7CSI05hqpR73phP0=
2,-94,vrur3Lb5i6spZb3qGRkpCF/jJ+k=,lDHqQZuuVWK7CSI05hqpR73phP0=
1,-82,vrur3Lb5i6spZb3qGRkpCF/jJ+k=,lDHqQZuuVWK7CSI05hqpR73phP0=
15,-83,vrur3Lb5i6spZb3qGRkpCF/jJ+k=,lDHqQZuuVWK7CSI05hqpR73phP0=
13,-83,vrur3Lb5i6spZb3qGRkpCF/jJ+k=,lDHqQZuuVWK7CSI05hqpR73phP0=
12,-83,vrur3Lb5i6spZb3qGRkpCF/jJ+k=,lDHqQZuuVWK7CSI05hqpR73phP0=
14,-83,vrur3Lb5i6spZb3qGRkpCF/jJ+k=,lDHqQZuuVWK7CSI05hqpR73phP0=
0,-82,vrur3Lb5i6spZb3qGRkpCF/jJ+k=,lDHqQZuuVWK7CSI05hqpR73phP0=
6,-95,vrur3Lb5i6spZb3qGRkpCF/jJ+k=,lDHqQZuuVWK7CSI05hqpR73phP0=
11,-83,vrur3Lb5i6spZb3qGRkpCF/jJ+k=,lDHqQZuuVWK7CSI05hqpR73phP0=
9,-82,vrur3Lb5i6spZb3qGRkpCF/jJ+k=,lDHqQZuuVWK7CSI05hqpR73phP0=
9,-83,vrur3Lb5i6spZb3qGRkpCF/jJ+k=,lDHqQZuuVWK7CSI05hqpR73phP0=
10,-83,vrur3Lb5i6spZb3qGRkpCF/jJ+k=,lDHqQZuuVWK7CSI05hqpR73phP0=
8,-83,vrur3Lb5i6spZb3qGRkpCF/jJ+k=,lDHqQZuuVWK7CSI05hqpR73phP0=
7,-83,vrur3Lb5i6spZb3qGRkpCF/jJ+k=,lDHqQZuuVWK7CSI05hqpR73phP0=
4,-83,vrur3Lb5i6spZb3qGRkpCF/jJ+k=,lDHqQZuuVWK7CSI05hqpR73phP0=
2,-83,vrur3Lb5i6spZb3qGRkpCF/jJ+k=,lDHqQZuuVWK7CSI05hqpR73phP0=
3,-83,vrur3Lb5i6spZb3qGRkpCF/jJ+k=,lDHqQZuuVWK7CSI05hqpR73phP0=
6,-96,vrur3Lb5i6spZb3qGRkpCF/jJ+k=,lDHqQZuuVWK7CSI05hqpR73phP0=
7,-94,vrur3Lb5i6spZb3qGRkpCF/jJ+k=,lDHqQZuuVWK7CSI05hqpR73phP0=
1,-94,vrur3Lb5i6spZb3qGRkpCF/jJ+k=,lDHqQZuuVWK7CSI05hqpR73phP0=
2,-95,vrur3Lb5i6spZb3qGRkpCF/jJ+k=,lDHqQZuuVWK7CSI05hqpR73phP0=
0,-83,vrur3Lb5i6spZb3qGRkpCF/jJ+k=,lDHqQZuuVWK7CSI05hqpR73phP0=
5,-83,vrur3Lb5i6spZb3qGRkpCF/jJ+k=,lDHqQZuuVWK7CSI05hqpR73phP0=
6,-83,vrur3Lb5i6spZb3qGRkpCF/jJ+k=,lDHqQZuuVWK7CSI05hqpR73phP0=
15,-84,vrur3Lb5i6spZb3qGRkpCF/jJ+k=,lDHqQZuuVWK7CSI05hqpR73phP0=
13,-84,vrur3Lb5i6spZb3qGRkpCF/jJ+k=,lDHqQZuuVWK7CSI05hqpR73phP0=
14,-84,vrur3Lb5i6spZb3qGRkpCF/jJ+k=,lDHqQZuuVWK7CSI05hqpR73phP0=
12,-84,vrur3Lb5i6spZb3qGRkpCF/jJ+k=,lDHqQZuuVWK7CSI05hqpR73phP0=
10,-84,vrur3Lb5i6spZb3qGRkpCF/jJ+k=,lDHqQZuuVWK7CSI05hqpR73phP0=
11,-84,vrur3Lb5i6spZb3qGRkpCF/jJ+k=,lDHqQZuuVWK7CSI05hqpR73phP0=
0,-92,vrur3Lb5i6spZb3qGRkpCF/jJ+k=,lDHqQZuuVWK7CSI05hqpR73phP0=
8,-84,vrur3Lb5i6spZb3qGRkpCF/jJ+k=,lDHqQZuuVWK7CSI05hqpR73phP0=
7,-84,vrur3Lb5i6spZb3qGRkpCF/jJ+k=,lDHqQZuuVWK7CSI05hqpR73phP0=
5,-84,vrur3Lb5i6spZb3qGRkpCF/jJ+k=,lDHqQZuuVWK7CSI05hqpR73phP0=
1,-83,vrur3Lb5i6spZb3qGRkpCF/jJ+k=,lDHqQZuuVWK7CSI05hqpR73phP0=
6,-84,vrur3Lb5i6spZb3qGRkpCF/jJ+k=,lDHqQZuuVWK7CSI05hqpR73phP0=
9,-84,vrur3Lb5i6spZb3qGRkpCF/jJ+k=,lDHqQZuuVWK7CSI05hqpR73phP0=
1,-92,vrur3Lb5i6spZb3qGRkpCF/jJ+k=,lDHqQZuuVWK7CSI05hqpR73phP0=
3,-84,vrur3Lb5i6spZb3qGRkpCF/jJ+k=,lDHqQZuuVWK7CSI05hqpR73phP0=
2,-84,vrur3Lb5i6spZb3qGRkpCF/jJ+k=,lDHqQZuuVWK7CSI05hqpR73phP0=
1,-84,vrur3Lb5i6spZb3qGRkpCF/jJ+k=,lDHqQZuuVWK7CSI05hqpR73phP0=
2,-92,vrur3Lb5i6spZb3qGRkpCF/jJ+k=,lDHqQZuuVWK7CSI05hqpR73phP0=
0,-95,vrur3Lb5i6spZb3qGRkpCF/jJ+k=,lDHqQZuuVWK7CSI05hqpR73phP0=
0,-84,vrur3Lb5i6spZb3qGRkpCF/jJ+k=,lDHqQZuuVWK7CSI05hqpR73phP0=
15,-96,vrur3Lb5i6spZb3qGRkpCF/jJ+k=,lDHqQZuuVWK7CSI05hqpR73phP0=
2,-96,vrur3Lb5i6spZb3qGRkpCF/jJ+k=,lDHqQZuuVWK7CSI05hqpR73phP0=
0,-93,vrur3Lb5i6spZb3qGRkpCF/jJ+k=,lDHqQZuuVWK7CSI05hqpR73phP0=
3,-92,vrur3Lb5i6spZb3qGRkpCF/jJ+k=,lDHqQZuuVWK7CSI05hqpR73phP0=
15,-94,vrur3Lb5i6spZb3qGRkpCF/jJ+k=,lDHqQZuuVWK7CSI05hqpR73phP0=
15,-95,vrur3Lb5i6spZb3qGRkpCF/jJ+k=,lDHqQZuuVWK7CSI05hqpR73phP0=
4,-92,vrur3Lb5i6spZb3qGRkpCF/jJ+k=,lDHqQZuuVWK7CSI05hqpR73phP0=
1,-95,vrur3Lb5i6spZb3qGRkpCF/jJ+k=,lDHqQZuuVWK7CSI05hqpR73phP0=
0,-94,vrur3Lb5i6spZb3qGRkpCF/jJ+k=,lDHqQZuuVWK7CSI05hqpR73phP0=
15,-85,vrur3Lb5i6spZb3qGRkpCF/jJ+k=,lDHqQZuuVWK7CSI05hqpR73phP0=
14,-96,vrur3Lb5i6spZb3qGRkpCF/jJ+k=,lDHqQZuuVWK7CSI05hqpR73phP0=
14,-95,vrur3Lb5i6spZb3qGRkpCF/jJ+k=,lDHqQZuuVWK7CSI05hqpR73phP0=
4,-84,vrur3Lb5i6spZb3qGRkpCF/jJ+k=,lDHqQZuuVWK7CSI05hqpR73phP0=
13,-85,vrur3Lb5i6spZb3qGRkpCF/jJ+k=,lDHqQZuuVWK7CSI05hqpR73phP0=
10,-85,vrur3Lb5i6spZb3qGRkpCF/jJ+k=,lDHqQZuuVWK7CSI05hqpR73phP0=
14,-85,vrur3Lb5i6spZb3qGRkpCF/jJ+k=,lDHqQZuuVWK7CSI05hqpR73phP0=
11,-85,vrur3Lb5i6spZb3qGRkpCF/jJ+k=,lDHqQZuuVWK7CSI05hqpR73phP0=
12,-85,vrur3Lb5i6spZb3qGRkpCF/jJ+k=,lDHqQZuuVWK7CSI05hqpR73phP0=
9,-85,vrur3Lb5i6spZb3qGRkpCF/jJ+k=,lDHqQZuuVWK7CSI05hqpR73phP0=
5,-92,vrur3Lb5i6spZb3qGRkpCF/jJ+k=,lDHqQZuuVWK7CSI05hqpR73phP0=
8,-85,vrur3Lb5i6spZb3qGRkpCF/jJ+k=,lDHqQZuuVWK7CSI05hqpR73phP0=
7,-85,vrur3Lb5i6spZb3qGRkpCF/jJ+k=,lDHqQZuuVWK7CSI05hqpR73phP0=
3,-85,vrur3Lb5i6spZb3qGRkpCF/jJ+k=,lDHqQZuuVWK7CSI05hqpR73phP0=
2,-85,vrur3Lb5i6spZb3qGRkpCF/jJ+k=,lDHqQZuuVWK7CSI05hqpR73phP0=
5,-85,vrur3Lb5i6spZb3qGRkpCF/jJ+k=,lDHqQZuuVWK7CSI05hqpR73phP0=
6,-92,vrur3Lb5i6spZb3qGRkpCF/jJ+k=,lDHqQZuuVWK7CSI05hqpR73phP0=
13,-96,vrur3Lb5i6spZb3qGRkpCF/jJ+k=,lDHqQZuuVWK7CSI05hqpR73phP0=
14,-94,vrur3Lb5i6spZb3qGRkpCF/jJ+k=,lDHqQZuuVWK7CSI05hqpR73phP0=
1,-85,vrur3Lb5i6spZb3qGRkpCF/jJ+k=,lDHqQZuuVWK7CSI05hqpR73phP0=
6,-85,vrur3Lb5i6spZb3qGRkpCF/jJ+k=,lDHqQZuuVWK7CSI05hqpR73phP0=
0,-85,vrur3Lb5i6spZb3qGRkpCF/jJ+k=,lDHqQZuuVWK7CSI05hqpR73phP0=
15,-86,vrur3Lb5i6spZb3qGRkpCF/jJ+k=,lDHqQZuuVWK7CSI05hqpR73phP0=
0,-96,vrur3Lb5i6spZb3qGRkpCF/jJ+k=,lDHqQZuuVWK7CSI05hqpR73phP0=
14,-86,vrur3Lb5i6spZb3qGRkpCF/jJ+k=,lDHqQZuuVWK7CSI05hqpR73phP0=
13,-95,vrur3Lb5i6spZb3qGRkpCF/jJ+k=,lDHqQZuuVWK7CSI05hqpR73phP0=
13,-86,vrur3Lb5i6spZb3qGRkpCF/jJ+k=,lDHqQZuuVWK7CSI05hqpR73phP0=
11,-86,vrur3Lb5i6spZb3qGRkpCF/jJ+k=,lDHqQZuuVWK7CSI05hqpR73phP0=
7,-92,vrur3Lb5i6spZb3qGRkpCF/jJ+k=,lDHqQZuuVWK7CSI05hqpR73phP0=
4,-85,vrur3Lb5i6spZb3qGRkpCF/jJ+k=,lDHqQZuuVWK7CSI05hqpR73phP0=
9,-86,vrur3Lb5i6spZb3qGRkpCF/jJ+k=,lDHqQZuuVWK7CSI05hqpR73phP0=
12,-86,vrur3Lb5i6spZb3qGRkpCF/jJ+k=,lDHqQZuuVWK7CSI05hqpR73phP0=
7,-86,vrur3Lb5i6spZb3qGRkpCF/jJ+k=,lDHqQZuuVWK7CSI05hqpR73phP0=
8,-86,vrur3Lb5i6spZb3qGRkpCF/jJ+k=,lDHqQZuuVWK7CSI05hqpR73phP0=
8,-92,vrur3Lb5i6spZb3qGRkpCF/jJ+k=,lDHqQZuuVWK7CSI05hqpR73phP0=
4,-86,vrur3Lb5i6spZb3qGRkpCF/jJ+k=,lDHqQZuuVWK7CSI05hqpR73phP0=
6,-86,vrur3Lb5i6spZb3qGRkpCF/jJ+k=,lDHqQZuuVWK7CSI05hqpR73phP0=
2,-86,vrur3Lb5i6spZb3qGRkpCF/jJ+k=,lDHqQZuuVWK7CSI05hqpR73phP0=
5,-86,vrur3Lb5i6spZb3qGRkpCF/jJ+k=,lDHqQZuuVWK7CSI05hqpR73phP0=
3,-86,vrur3Lb5i6spZb3qGRkpCF/jJ+k=,lDHqQZuuVWK7CSI05hqpR73phP0=
9,-92,vrur3Lb5i6spZb3qGRkpCF/jJ+k=,lDHqQZuuVWK7CSI05hqpR73phP0=
1,-86,vrur3Lb5i6spZb3qGRkpCF/jJ+k=,lDHqQZuuVWK7CSI05hqpR73phP0=
12,-96,vrur3Lb5i6spZb3qGRkpCF/jJ+k=,lDHqQZuuVWK7CSI05hqpR73phP0=
14,-87,vrur3Lb5i6spZb3qGRkpCF/jJ+k=,lDHqQZuuVWK7CSI05hqpR73phP0=
13,-87,vrur3Lb5i6spZb3qGRkpCF/jJ+k=,lDHqQZuuVWK7CSI05hqpR73phP0=
12,-95,vrur3Lb5i6spZb3qGRkpCF/jJ+k=,lDHqQZuuVWK7CSI05hqpR73phP0=
13,-94,vrur3Lb5i6spZb3qGRkpCF/jJ+k=,lDHqQZuuVWK7CSI05hqpR73phP0=
0,-86,vrur3Lb5i6spZb3qGRkpCF/jJ+k=,lDHqQZuuVWK7CSI05hqpR73phP0=
11,-87,vrur3Lb5i6spZb3qGRkpCF/jJ+k=,lDHqQZuuVWK7CSI05hqpR73phP0=
10,-92,vrur3Lb5i6spZb3qGRkpCF/jJ+k=,lDHqQZuuVWK7CSI05hqpR73phP0=
12,-87,vrur3Lb5i6spZb3qGRkpCF/jJ+k=,lDHqQZuuVWK7CSI05hqpR73phP0=
9,-87,vrur3Lb5i6spZb3qGRkpCF/jJ+k=,lDHqQZuuVWK7CSI05hqpR73phP0=
10,-86,vrur3Lb5i6spZb3qGRkpCF/jJ+k=,lDHqQZuuVWK7CSI05hqpR73phP0=
11,-92,vrur3Lb5i6spZb3qGRkpCF/jJ+k=,lDHqQZuuVWK7CSI05hqpR73phP0=
10,-87,vrur3Lb5i6spZb3qGRkpCF/jJ+k=,lDHqQZuuVWK7CSI05hqpR73phP0=
8,-87,vrur3Lb5i6spZb3qGRkpCF/jJ+k=,lDHqQZuuVWK7CSI05hqpR73phP0=
7,-87,vrur3Lb5i6spZb3qGRkpCF/jJ+k=,lDHqQZuuVWK7CSI05hqpR73phP0=
6,-87,vrur3Lb5i6spZb3qGRkpCF/jJ+k=,lDHqQZuuVWK7CSI05hqpR73phP0=
12,-92,vrur3Lb5i6spZb3qGRkpCF/jJ+k=,lDHqQZuuVWK7CSI05hqpR73phP0=
5,-87,vrur3Lb5i6spZb3qGRkpCF/jJ+k=,lDHqQZuuVWK7CSI05hqpR73phP0=
3,-87,vrur3Lb5i6spZb3qGRkpCF/jJ+k=,lDHqQZuuVWK7CSI05hqpR73phP0=
15,-87,vrur3Lb5i6spZb3qGRkpCF/jJ+k=,lDHqQZuuVWK7CSI05hqpR73phP0=
13,-92,vrur3Lb5i6spZb3qGRkpCF/jJ+k=,lDHqQZuuVWK7CSI05hqpR73phP0=
11,-96,vrur3Lb5i6spZb3qGRkpCF/jJ+k=,lDHqQZuuVWK7CSI05hqpR73phP0=
1,-87,vrur3Lb5i6spZb3qGRkpCF/jJ+k=,lDHqQZuuVWK7CSI05hqpR73phP0=
2,-87,vrur3Lb5i6spZb3qGRkpCF/jJ+k=,lDHqQZuuVWK7CSI05hqpR73phP0=
12,-94,vrur3Lb5i6spZb3qGRkpCF/jJ+k=,lDHqQZuuVWK7CSI05hqpR73phP0=
0,-87,vrur3Lb5i6spZb3qGRkpCF/jJ+k=,lDHqQZuuVWK7CSI05hqpR73phP0=
15,-88,vrur3Lb5i6spZb3qGRkpCF/jJ+k=,lDHqQZuuVWK7CSI05hqpR73phP0=
14,-88,vrur3Lb5i6spZb3qGRkpCF/jJ+k=,lDHqQZuuVWK7CSI05hqpR73phP0=
13,-88,vrur3Lb5i6spZb3qGRkpCF/jJ+k=,lDHqQZuuVWK7CSI05hqpR73phP0=
12,-88,vrur3Lb5i6spZb3qGRkpCF/jJ+k=,lDHqQZuuVWK7CSI05hqpR73phP0=
14,-92,vrur3Lb5i6spZb3qGRkpCF/jJ+k=,lDHqQZuuVWK7CSI05hqpR73phP0=
11,-95,vrur3Lb5i6spZb3qGRkpCF/jJ+k=,lDHqQZuuVWK7CSI05hqpR73phP0=
10,-88,vrur3Lb5i6spZb3qGRkpCF/jJ+k=,lDHqQZuuVWK7CSI05hqpR73phP0=
9,-88,vrur3Lb5i6spZb3qGRkpCF/jJ+k=,lDHqQZuuVWK7CSI05hqpR73phP0=
8,-88,vrur3Lb5i6spZb3qGRkpCF/jJ+k=,lDHqQZuuVWK7CSI05hqpR73phP0=
15,-92,vrur3Lb5i6spZb3qGRkpCF/jJ+k=,lDHqQZuuVWK7CSI05hqpR73phP0=
6,-88,vrur3Lb5i6spZb3qGRkpCF/jJ+k=,lDHqQZuuVWK7CSI05hqpR73phP0=
7,-88,vrur3Lb5i6spZb3qGRkpCF/jJ+k=,lDHqQZuuVWK7CSI05hqpR73phP0=
7,-95,vrur3Lb5i6spZb3qGRkpCF/jJ+k=,lDHqQZuuVWK7CSI05hqpR73phP0=
5,-88,vrur3Lb5i6spZb3qGRkpCF/jJ+k=,lDHqQZuuVWK7CSI05hqpR73phP0=
3,-88,vrur3Lb5i6spZb3qGRkpCF/jJ+k=,lDHqQZuuVWK7CSI05hqpR73phP0=
2,-88,vrur3Lb5i6spZb3qGRkpCF/jJ+k=,lDHqQZuuVWK7CSI05hqpR73phP0=
11,-88,vrur3Lb5i6spZb3qGRkpCF/jJ+k=,lDHqQZuuVWK7CSI05hqpR73phP0=
4,-88,vrur3Lb5i6spZb3qGRkpCF/jJ+k=,lDHqQZuuVWK7CSI05hqpR73phP0=
7,-96,vrur3Lb5i6spZb3qGRkpCF/jJ+k=,lDHqQZuuVWK7CSI05hqpR73phP0=
4,-87,vrur3Lb5i6spZb3qGRkpCF/jJ+k=,lDHqQZuuVWK7CSI05hqpR73phP0=
11,-94,vrur3Lb5i6spZb3qGRkpCF/jJ+k=,lDHqQZuuVWK7CSI05hqpR73phP0=
0,-88,vrur3Lb5i6spZb3qGRkpCF/jJ+k=,lDHqQZuuVWK7CSI05hqpR73phP0=
10,-96,vrur3Lb5i6spZb3qGRkpCF/jJ+k=,lDHqQZuuVWK7CSI05hqpR73phP0=
10,-95,vrur3Lb5i6spZb3qGRkpCF/jJ+k=,lDHqQZuuVWK7CSI05hqpR73phP0=
15,-89,vrur3Lb5i6spZb3qGRkpCF/jJ+k=,lDHqQZuuVWK7CSI05hqpR73phP0=
14,-89,vrur3Lb5i6spZb3qGRkpCF/jJ+k=,lDHqQZuuVWK7CSI05hqpR73phP0=
12,-89,vrur3Lb5i6spZb3qGRkpCF/jJ+k=,lDHqQZuuVWK7CSI05hqpR73phP0=
13,-89,vrur3Lb5i6spZb3qGRkpCF/jJ+k=,lDHqQZuuVWK7CSI05hqpR73phP0=
10,-89,vrur3Lb5i6spZb3qGRkpCF/jJ+k=,lDHqQZuuVWK7CSI05hqpR73phP0=
11,-89,vrur3Lb5i6spZb3qGRkpCF/jJ+k=,lDHqQZuuVWK7CSI05hqpR73phP0=
1,-88,vrur3Lb5i6spZb3qGRkpCF/jJ+k=,lDHqQZuuVWK7CSI05hqpR73phP0=
8,-89,vrur3Lb5i6spZb3qGRkpCF/jJ+k=,lDHqQZuuVWK7CSI05hqpR73phP0=
9,-89,vrur3Lb5i6spZb3qGRkpCF/jJ+k=,lDHqQZuuVWK7CSI05hqpR73phP0=
7,-89,vrur3Lb5i6spZb3qGRkpCF/jJ+k=,lDHqQZuuVWK7CSI05hqpR73phP0=
6,-89,vrur3Lb5i6spZb3qGRkpCF/jJ+k=,lDHqQZuuVWK7CSI05hqpR73phP0=
0,-91,vrur3Lb5i6spZb3qGRkpCF/jJ+k=,lDHqQZuuVWK7CSI05hqpR73phP0=
5,-89,vrur3Lb5i6spZb3qGRkpCF/jJ+k=,lDHqQZuuVWK7CSI05hqpR73phP0=
3,-89,vrur3Lb5i6spZb3qGRkpCF/jJ+k=,lDHqQZuuVWK7CSI05hqpR73phP0=
8,-94,vrur3Lb5i6spZb3qGRkpCF/jJ+k=,lDHqQZuuVWK7CSI05hqpR73phP0=
9,-96,vrur3Lb5i6spZb3qGRkpCF/jJ+k=,lDHqQZuuVWK7CSI05hqpR73phP0=
10,-94,vrur3Lb5i6spZb3qGRkpCF/jJ+k=,lDHqQZuuVWK7CSI05hqpR73phP0=
1,-89,vrur3Lb5i6spZb3qGRkpCF/jJ+k=,lDHqQZuuVWK7CSI05hqpR73phP0=
9,-95,vrur3Lb5i6spZb3qGRkpCF/jJ+k=,lDHqQZuuVWK7CSI05hqpR73phP0=
15,-90,vrur3Lb5i6spZb3qGRkpCF/jJ+k=,lDHqQZuuVWK7CSI05hqpR73phP0=
4,-89,vrur3Lb5i6spZb3qGRkpCF/jJ+k=,lDHqQZuuVWK7CSI05hqpR73phP0=
0,-89,vrur3Lb5i6spZb3qGRkpCF/jJ+k=,lDHqQZuuVWK7CSI05hqpR73phP0=
14,-90,vrur3Lb5i6spZb3qGRkpCF/jJ+k=,lDHqQZuuVWK7CSI05hqpR73phP0=
12,-90,vrur3Lb5i6spZb3qGRkpCF/jJ+k=,lDHqQZuuVWK7CSI05hqpR73phP0=
1,-91,vrur3Lb5i6spZb3qGRkpCF/jJ+k=,lDHqQZuuVWK7CSI05hqpR73phP0=
11,-90,vrur3Lb5i6spZb3qGRkpCF/jJ+k=,lDHqQZuuVWK7CSI05hqpR73phP0=
13,-90,vrur3Lb5i6spZb3qGRkpCF/jJ+k=,lDHqQZuuVWK7CSI05hqpR73phP0=
10,-90,vrur3Lb5i6spZb3qGRkpCF/jJ+k=,lDHqQZuuVWK7CSI05hqpR73phP0=
9,-90,vrur3Lb5i6spZb3qGRkpCF/jJ+k=,lDHqQZuuVWK7CSI05hqpR73phP0=
2,-91,vrur3Lb5i6spZb3qGRkpCF/jJ+k=,lDHqQZuuVWK7CSI05hqpR73phP0=
4,-90,vrur3Lb5i6spZb3qGRkpCF/jJ+k=,lDHqQZuuVWK7CSI05hqpR73phP0=
6,-90,vrur3Lb5i6spZb3qGRkpCF/jJ+k=,lDHqQZuuVWK7CSI05hqpR73phP0=
7,-90,vrur3Lb5i6spZb3qGRkpCF/jJ+k=,lDHqQZuuVWK7CSI05hqpR73phP0=
2,-89,vrur3Lb5i6spZb3qGRkpCF/jJ+k=,lDHqQZuuVWK7CSI05hqpR73phP0=
3,-90,vrur3Lb5i6spZb3qGRkpCF/jJ+k=,lDHqQZuuVWK7CSI05hqpR73phP0=
8,-90,vrur3Lb5i6spZb3qGRkpCF/jJ+k=,lDHqQZuuVWK7CSI05hqpR73phP0=
3,-91,vrur3Lb5i6spZb3qGRkpCF/jJ+k=,lDHqQZuuVWK7CSI05hqpR73phP0=
2,-90,vrur3Lb5i6spZb3qGRkpCF/jJ+k=,lDHqQZuuVWK7CSI05hqpR73phP0=
9,-94,vrur3Lb5i6spZb3qGRkpCF/jJ+k=,lDHqQZuuVWK7CSI05hqpR73phP0=
1,-90,vrur3Lb5i6spZb3qGRkpCF/jJ+k=,lDHqQZuuVWK7CSI05hqpR73phP0=
8,-96,vrur3Lb5i6spZb3qGRkpCF/jJ+k=,lDHqQZuuVWK7CSI05hqpR73phP0=
15,-91,vrur3Lb5i6spZb3qGRkpCF/jJ+k=,lDHqQZuuVWK7CSI05hqpR73phP0=
8,-95,vrur3Lb5i6spZb3qGRkpCF/jJ+k=,lDHqQZuuVWK7CSI05hqpR73phP0=
4,-91,vrur3Lb5i6spZb3qGRkpCF/jJ+k=,lDHqQZuuVWK7CSI05hqpR73phP0=
14,-91,vrur3Lb5i6spZb3qGRkpCF/jJ+k=,lDHqQZuuVWK7CSI05hqpR73phP0=
13,-91,vrur3Lb5i6spZb3qGRkpCF/jJ+k=,lDHqQZuuVWK7CSI05hqpR73phP0=
0,-90,vrur3Lb5i6spZb3qGRkpCF/jJ+k=,lDHqQZuuVWK7CSI05hqpR73phP0=
10,-91,vrur3Lb5i6spZb3qGRkpCF/jJ+k=,lDHqQZuuVWK7CSI05hqpR73phP0=
12,-91,vrur3Lb5i6spZb3qGRkpCF/jJ+k=,lDHqQZuuVWK7CSI05hqpR73phP0=
11,-91,vrur3Lb5i6spZb3qGRkpCF/jJ+k=,lDHqQZuuVWK7CSI05hqpR73phP0=
5,-90,vrur3Lb5i6spZb3qGRkpCF/jJ+k=,lDHqQZuuVWK7CSI05hqpR73phP0=
9,-91,vrur3Lb5i6spZb3qGRkpCF/jJ+k=,lDHqQZuuVWK7CSI05hqpR73phP0=
5,-91,vrur3Lb5i6spZb3qGRkpCF/jJ+k=,lDHqQZuuVWK7CSI05hqpR73phP0=
8,-91,vrur3Lb5i6spZb3qGRkpCF/jJ+k=,lDHqQZuuVWK7CSI05hqpR73phP0=
7,-91,vrur3Lb5i6spZb3qGRkpCF/jJ+k=,lDHqQZuuVWK7CSI05hqpR73phP0=
6,-91,vrur3Lb5i6spZb3qGRkpCF/jJ+k=,lDHqQZuuVWK7CSI05hqpR73phP0=
6,-65,RgVTBMhT+IizEDYL5vucO64k+44=,qGNVkELwO6SSI3TMHAGZNEMIJzs=
3,-65,wsYkt2ymyKmMs/i79ZfgsI5E4Dw=,qGNVkELwO6SSI3TMHAGZNEMIJzs=
4,-65,wsYkt2ymyKmMs/i79ZfgsI5E4Dw=,qGNVkELwO6SSI3TMHAGZNEMIJzs=
7,-65,+LMNPtGrAwvt525WXTHJyUlGijk=,qGNVkELwO6SSI3TMHAGZNEMIJzs=
8,-65,lrlN1sX+H+AFtPJd8YtoqwuG7Fs=,qGNVkELwO6SSI3TMHAGZNEMIJzs=
5,-65,CKFHM6xU3pf7xJBP4NXAz+G5G8M=,qGNVkELwO6SSI3TMHAGZNEMIJzs=
7,-77,Yckp2REfHUvR8xkEmJlBaG7VFoE=,qGNVkELwO6SSI3TMHAGZNEMIJzs=
2,-65,Yckp2REfHUvR8xkEmJlBaG7VFoE=,qGNVkELwO6SSI3TMHAGZNEMIJzs=
0,-65,Yckp2REfHUvR8xkEmJlBaG7VFoE=,qGNVkELwO6SSI3TMHAGZNEMIJzs=
9,-65,Yckp2REfHUvR8xkEmJlBaG7VFoE=,qGNVkELwO6SSI3TMHAGZNEMIJzs=
1,-65,Yckp2REfHUvR8xkEmJlBaG7VFoE=,qGNVkELwO6SSI3TMHAGZNEMIJzs=
8,-77,Yckp2REfHUvR8xkEmJlBaG7VFoE=,qGNVkELwO6SSI3TMHAGZNEMIJzs=
1,-77,Yckp2REfHUvR8xkEmJlBaG7VFoE=,qGNVkELwO6SSI3TMHAGZNEMIJzs=
10,-65,Yckp2REfHUvR8xkEmJlBaG7VFoE=,qGNVkELwO6SSI3TMHAGZNEMIJzs=
3,-78,Yckp2REfHUvR8xkEmJlBaG7VFoE=,qGNVkELwO6SSI3TMHAGZNEMIJzs=
4,-80,Yckp2REfHUvR8xkEmJlBaG7VFoE=,qGNVkELwO6SSI3TMHAGZNEMIJzs=
11,-65,Yckp2REfHUvR8xkEmJlBaG7VFoE=,qGNVkELwO6SSI3TMHAGZNEMIJzs=
14,-66,Yckp2REfHUvR8xkEmJlBaG7VFoE=,qGNVkELwO6SSI3TMHAGZNEMIJzs=
12,-66,Yckp2REfHUvR8xkEmJlBaG7VFoE=,qGNVkELwO6SSI3TMHAGZNEMIJzs=
13,-66,Yckp2REfHUvR8xkEmJlBaG7VFoE=,qGNVkELwO6SSI3TMHAGZNEMIJzs=
12,-65,Yckp2REfHUvR8xkEmJlBaG7VFoE=,qGNVkELwO6SSI3TMHAGZNEMIJzs=
6,-77,Yckp2REfHUvR8xkEmJlBaG7VFoE=,qGNVkELwO6SSI3TMHAGZNEMIJzs=
11,-66,Yckp2REfHUvR8xkEmJlBaG7VFoE=,qGNVkELwO6SSI3TMHAGZNEMIJzs=
9,-77,Yckp2REfHUvR8xkEmJlBaG7VFoE=,qGNVkELwO6SSI3TMHAGZNEMIJzs=
9,-66,Yckp2REfHUvR8xkEmJlBaG7VFoE=,qGNVkELwO6SSI3TMHAGZNEMIJzs=
13,-65,Yckp2REfHUvR8xkEmJlBaG7VFoE=,qGNVkELwO6SSI3TMHAGZNEMIJzs=
10,-77,Yckp2REfHUvR8xkEmJlBaG7VFoE=,qGNVkELwO6SSI3TMHAGZNEMIJzs=
8,-66,Yckp2REfHUvR8xkEmJlBaG7VFoE=,qGNVkELwO6SSI3TMHAGZNEMIJzs=
5,-80,Yckp2REfHUvR8xkEmJlBaG7VFoE=,qGNVkELwO6SSI3TMHAGZNEMIJzs=
7,-66,Yckp2REfHUvR8xkEmJlBaG7VFoE=,qGNVkELwO6SSI3TMHAGZNEMIJzs=
14,-65,Yckp2REfHUvR8xkEmJlBaG7VFoE=,qGNVkELwO6SSI3TMHAGZNEMIJzs=
6,-66,Yckp2REfHUvR8xkEmJlBaG7VFoE=,qGNVkELwO6SSI3TMHAGZNEMIJzs=
5,-66,Yckp2REfHUvR8xkEmJlBaG7VFoE=,qGNVkELwO6SSI3TMHAGZNEMIJzs=
11,-77,Yckp2REfHUvR8xkEmJlBaG7VFoE=,qGNVkELwO6SSI3TMHAGZNEMIJzs=
15,-66,Yckp2REfHUvR8xkEmJlBaG7VFoE=,qGNVkELwO6SSI3TMHAGZNEMIJzs=
4,-66,Yckp2REfHUvR8xkEmJlBaG7VFoE=,qGNVkELwO6SSI3TMHAGZNEMIJzs=
4,-78,Yckp2REfHUvR8xkEmJlBaG7VFoE=,qGNVkELwO6SSI3TMHAGZNEMIJzs=
2,-66,Yckp2REfHUvR8xkEmJlBaG7VFoE=,qGNVkELwO6SSI3TMHAGZNEMIJzs=
3,-66,Yckp2REfHUvR8xkEmJlBaG7VFoE=,qGNVkELwO6SSI3TMHAGZNEMIJzs=
12,-77,Yckp2REfHUvR8xkEmJlBaG7VFoE=,qGNVkELwO6SSI3TMHAGZNEMIJzs=
1,-66,Yckp2REfHUvR8xkEmJlBaG7VFoE=,qGNVkELwO6SSI3TMHAGZNEMIJzs=
15,-65,Yckp2REfHUvR8xkEmJlBaG7VFoE=,qGNVkELwO6SSI3TMHAGZNEMIJzs=
0,-66,Yckp2REfHUvR8xkEmJlBaG7VFoE=,qGNVkELwO6SSI3TMHAGZNEMIJzs=
13,-77,Yckp2REfHUvR8xkEmJlBaG7VFoE=,qGNVkELwO6SSI3TMHAGZNEMIJzs=
2,-77,Yckp2REfHUvR8xkEmJlBaG7VFoE=,qGNVkELwO6SSI3TMHAGZNEMIJzs=
3,-79,Yckp2REfHUvR8xkEmJlBaG7VFoE=,qGNVkELwO6SSI3TMHAGZNEMIJzs=
14,-77,Yckp2REfHUvR8xkEmJlBaG7VFoE=,qGNVkELwO6SSI3TMHAGZNEMIJzs=
2,-78,Yckp2REfHUvR8xkEmJlBaG7VFoE=,qGNVkELwO6SSI3TMHAGZNEMIJzs=
15,-67,Yckp2REfHUvR8xkEmJlBaG7VFoE=,qGNVkELwO6SSI3TMHAGZNEMIJzs=
1,-80,Yckp2REfHUvR8xkEmJlBaG7VFoE=,qGNVkELwO6SSI3TMHAGZNEMIJzs=
6,-79,Yckp2REfHUvR8xkEmJlBaG7VFoE=,qGNVkELwO6SSI3TMHAGZNEMIJzs=
11,-67,Yckp2REfHUvR8xkEmJlBaG7VFoE=,qGNVkELwO6SSI3TMHAGZNEMIJzs=
14,-67,Yckp2REfHUvR8xkEmJlBaG7VFoE=,qGNVkELwO6SSI3TMHAGZNEMIJzs=
15,-77,Yckp2REfHUvR8xkEmJlBaG7VFoE=,qGNVkELwO6SSI3TMHAGZNEMIJzs=
4,-79,Yckp2REfHUvR8xkEmJlBaG7VFoE=,qGNVkELwO6SSI3TMHAGZNEMIJzs=
10,-67,Yckp2REfHUvR8xkEmJlBaG7VFoE=,qGNVkELwO6SSI3TMHAGZNEMIJzs=
10,-66,Yckp2REfHUvR8xkEmJlBaG7VFoE=,qGNVkELwO6SSI3TMHAGZNEMIJzs=
9,-67,Yckp2REfHUvR8xkEmJlBaG7VFoE=,qGNVkELwO6SSI3TMHAGZNEMIJzs=
12,-67,Yckp2REfHUvR8xkEmJlBaG7VFoE=,qGNVkELwO6SSI3TMHAGZNEMIJzs=
8,-67,Yckp2REfHUvR8xkEmJlBaG7VFoE=,qGNVkELwO6SSI3TMHAGZNEMIJzs=
13,-67,Yckp2REfHUvR8xkEmJlBaG7VFoE=,qGNVkELwO6SSI3TMHAGZNEMIJzs=
6,-67,Yckp2REfHUvR8xkEmJlBaG7VFoE=,qGNVkELwO6SSI3TMHAGZNEMIJzs=
7,-67,Yckp2REfHUvR8xkEmJlBaG7VFoE=,qGNVkELwO6SSI3TMHAGZNEMIJzs=
3,-77,Yckp2REfHUvR8xkEmJlBaG7VFoE=,qGNVkELwO6SSI3TMHAGZNEMIJzs=
5,-67,Yckp2REfHUvR8xkEmJlBaG7VFoE=,qGNVkELwO6SSI3TMHAGZNEMIJzs=
4,-67,Yckp2REfHUvR8xkEmJlBaG7VFoE=,qGNVkELwO6SSI3TMHAGZNEMIJzs=
3,-67,Yckp2REfHUvR8xkEmJlBaG7VFoE=,qGNVkELwO6SSI3TMHAGZNEMIJzs=
2,-67,Yckp2REfHUvR8xkEmJlBaG7VFoE=,qGNVkELwO6SSI3TMHAGZNEMIJzs=
1,-67,Yckp2REfHUvR8xkEmJlBaG7VFoE=,qGNVkELwO6SSI3TMHAGZNEMIJzs=
0,-67,Yckp2REfHUvR8xkEmJlBaG7VFoE=,qGNVkELwO6SSI3TMHAGZNEMIJzs=
2,-79,Yckp2REfHUvR8xkEmJlBaG7VFoE=,qGNVkELwO6SSI3TMHAGZNEMIJzs=
15,-68,Yckp2REfHUvR8xkEmJlBaG7VFoE=,qGNVkELwO6SSI3TMHAGZNEMIJzs=
1,-78,Yckp2REfHUvR8xkEmJlBaG7VFoE=,qGNVkELwO6SSI3TMHAGZNEMIJzs=
7,-78,Yckp2REfHUvR8xkEmJlBaG7VFoE=,qGNVkELwO6SSI3TMHAGZNEMIJzs=
14,-68,Yckp2REfHUvR8xkEmJlBaG7VFoE=,qGNVkELwO6SSI3TMHAGZNEMIJzs=
13,-68,Yckp2REfHUvR8xkEmJlBaG7VFoE=,qGNVkELwO6SSI3TMHAGZNEMIJzs=
12,-68,Yckp2REfHUvR8xkEmJlBaG7VFoE=,qGNVkELwO6SSI3TMHAGZNEMIJzs=
11,-68,Yckp2REfHUvR8xkEmJlBaG7VFoE=,qGNVkELwO6SSI3TMHAGZNEMIJzs=
0,-76,Yckp2REfHUvR8xkEmJlBaG7VFoE=,qGNVkELwO6SSI3TMHAGZNEMIJzs=
5,-79,Yckp2REfHUvR8xkEmJlBaG7VFoE=,qGNVkELwO6SSI3TMHAGZNEMIJzs=
7,-68,Yckp2REfHUvR8xkEmJlBaG7VFoE=,qGNVkELwO6SSI3TMHAGZNEMIJzs=
9,-68,Yckp2REfHUvR8xkEmJlBaG7VFoE=,qGNVkELwO6SSI3TMHAGZNEMIJzs=
8,-68,Yckp2REfHUvR8xkEmJlBaG7VFoE=,qGNVkELwO6SSI3TMHAGZNEMIJzs=
6,-68,Yckp2REfHUvR8xkEmJlBaG7VFoE=,qGNVkELwO6SSI3TMHAGZNEMIJzs=
6,-80,Yckp2REfHUvR8xkEmJlBaG7VFoE=,qGNVkELwO6SSI3TMHAGZNEMIJzs=
5,-68,Yckp2REfHUvR8xkEmJlBaG7VFoE=,qGNVkELwO6SSI3TMHAGZNEMIJzs=
4,-77,Yckp2REfHUvR8xkEmJlBaG7VFoE=,qGNVkELwO6SSI3TMHAGZNEMIJzs=
4,-68,Yckp2REfHUvR8xkEmJlBaG7VFoE=,qGNVkELwO6SSI3TMHAGZNEMIJzs=
3,-68,Yckp2REfHUvR8xkEmJlBaG7VFoE=,qGNVkELwO6SSI3TMHAGZNEMIJzs=
5,-78,Yckp2REfHUvR8xkEmJlBaG7VFoE=,qGNVkELwO6SSI3TMHAGZNEMIJzs=
2,-68,Yckp2REfHUvR8xkEmJlBaG7VFoE=,qGNVkELwO6SSI3TMHAGZNEMIJzs=
1,-76,Yckp2REfHUvR8xkEmJlBaG7VFoE=,qGNVkELwO6SSI3TMHAGZNEMIJzs=
5,-77,Yckp2REfHUvR8xkEmJlBaG7VFoE=,qGNVkELwO6SSI3TMHAGZNEMIJzs=
1,-79,Yckp2REfHUvR8xkEmJlBaG7VFoE=,qGNVkELwO6SSI3TMHAGZNEMIJzs=
1,-68,Yckp2REfHUvR8xkEmJlBaG7VFoE=,qGNVkELwO6SSI3TMHAGZNEMIJzs=
0,-68,Yckp2REfHUvR8xkEmJlBaG7VFoE=,qGNVkELwO6SSI3TMHAGZNEMIJzs=
10,-68,Yckp2REfHUvR8xkEmJlBaG7VFoE=,qGNVkELwO6SSI3TMHAGZNEMIJzs=
0,-79,Yckp2REfHUvR8xkEmJlBaG7VFoE=,qGNVkELwO6SSI3TMHAGZNEMIJzs=
2,-76,Yckp2REfHUvR8xkEmJlBaG7VFoE=,qGNVkELwO6SSI3TMHAGZNEMIJzs=
15,-80,Yckp2REfHUvR8xkEmJlBaG7VFoE=,qGNVkELwO6SSI3TMHAGZNEMIJzs=
6,-78,Yckp2REfHUvR8xkEmJlBaG7VFoE=,qGNVkELwO6SSI3TMHAGZNEMIJzs=
3,-80,Yckp2REfHUvR8xkEmJlBaG7VFoE=,qGNVkELwO6SSI3TMHAGZNEMIJzs=
0,-77,Yckp2REfHUvR8xkEmJlBaG7VFoE=,qGNVkELwO6SSI3TMHAGZNEMIJzs=
2,-80,Yckp2REfHUvR8xkEmJlBaG7VFoE=,qGNVkELwO6SSI3TMHAGZNEMIJzs=
14,-80,Yckp2REfHUvR8xkEmJlBaG7VFoE=,qGNVkELwO6SSI3TMHAGZNEMIJzs=
3,-76,Yckp2REfHUvR8xkEmJlBaG7VFoE=,qGNVkELwO6SSI3TMHAGZNEMIJzs=
14,-79,Yckp2REfHUvR8xkEmJlBaG7VFoE=,qGNVkELwO6SSI3TMHAGZNEMIJzs=
15,-78,Yckp2REfHUvR8xkEmJlBaG7VFoE=,qGNVkELwO6SSI3TMHAGZNEMIJzs=
15,-79,Yckp2REfHUvR8xkEmJlBaG7VFoE=,qGNVkELwO6SSI3TMHAGZNEMIJzs=
0,-78,Yckp2REfHUvR8xkEmJlBaG7VFoE=,qGNVkELwO6SSI3TMHAGZNEMIJzs=
15,-69,Yckp2REfHUvR8xkEmJlBaG7VFoE=,qGNVkELwO6SSI3TMHAGZNEMIJzs=
14,-69,Yckp2REfHUvR8xkEmJlBaG7VFoE=,qGNVkELwO6SSI3TMHAGZNEMIJzs=
4,-76,Yckp2REfHUvR8xkEmJlBaG7VFoE=,qGNVkELwO6SSI3TMHAGZNEMIJzs=
12,-69,Yckp2REfHUvR8xkEmJlBaG7VFoE=,qGNVkELwO6SSI3TMHAGZNEMIJzs=
11,-69,Yckp2REfHUvR8xkEmJlBaG7VFoE=,qGNVkELwO6SSI3TMHAGZNEMIJzs=
13,-69,Yckp2REfHUvR8xkEmJlBaG7VFoE=,qGNVkELwO6SSI3TMHAGZNEMIJzs=
9,-69,Yckp2REfHUvR8xkEmJlBaG7VFoE=,qGNVkELwO6SSI3TMHAGZNEMIJzs=
10,-69,Yckp2REfHUvR8xkEmJlBaG7VFoE=,qGNVkELwO6SSI3TMHAGZNEMIJzs=
8,-69,Yckp2REfHUvR8xkEmJlBaG7VFoE=,qGNVkELwO6SSI3TMHAGZNEMIJzs=
5,-69,Yckp2REfHUvR8xkEmJlBaG7VFoE=,qGNVkELwO6SSI3TMHAGZNEMIJzs=
6,-69,Yckp2REfHUvR8xkEmJlBaG7VFoE=,qGNVkELwO6SSI3TMHAGZNEMIJzs=
4,-69,Yckp2REfHUvR8xkEmJlBaG7VFoE=,qGNVkELwO6SSI3TMHAGZNEMIJzs=
5,-76,Yckp2REfHUvR8xkEmJlBaG7VFoE=,qGNVkELwO6SSI3TMHAGZNEMIJzs=
3,-69,Yckp2REfHUvR8xkEmJlBaG7VFoE=,qGNVkELwO6SSI3TMHAGZNEMIJzs=
2,-69,Yckp2REfHUvR8xkEmJlBaG7VFoE=,qGNVkELwO6SSI3TMHAGZNEMIJzs=
1,-69,Yckp2REfHUvR8xkEmJlBaG7VFoE=,qGNVkELwO6SSI3TMHAGZNEMIJzs=
14,-78,Yckp2REfHUvR8xkEmJlBaG7VFoE=,qGNVkELwO6SSI3TMHAGZNEMIJzs=
0,-69,Yckp2REfHUvR8xkEmJlBaG7VFoE=,qGNVkELwO6SSI3TMHAGZNEMIJzs=
13,-79,Yckp2REfHUvR8xkEmJlBaG7VFoE=,qGNVkELwO6SSI3TMHAGZNEMIJzs=
7,-69,Yckp2REfHUvR8xkEmJlBaG7VFoE=,qGNVkELwO6SSI3TMHAGZNEMIJzs=
15,-70,Yckp2REfHUvR8xkEmJlBaG7VFoE=,qGNVkELwO6SSI3TMHAGZNEMIJzs=
14,-70,Yckp2REfHUvR8xkEmJlBaG7VFoE=,qGNVkELwO6SSI3TMHAGZNEMIJzs=
13,-70,Yckp2REfHUvR8xkEmJlBaG7VFoE=,qGNVkELwO6SSI3TMHAGZNEMIJzs=
12,-70,Yckp2REfHUvR8xkEmJlBaG7VFoE=,qGNVkELwO6SSI3TMHAGZNEMIJzs=
11,-70,Yckp2REfHUvR8xkEmJlBaG7VFoE=,qGNVkELwO6SSI3TMHAGZNEMIJzs=
10,-70,Yckp2REfHUvR8xkEmJlBaG7VFoE=,qGNVkELwO6SSI3TMHAGZNEMIJzs=
8,-70,Yckp2REfHUvR8xkEmJlBaG7VFoE=,qGNVkELwO6SSI3TMHAGZNEMIJzs=
9,-70,Yckp2REfHUvR8xkEmJlBaG7VFoE=,qGNVkELwO6SSI3TMHAGZNEMIJzs=
7,-70,Yckp2REfHUvR8xkEmJlBaG7VFoE=,qGNVkELwO6SSI3TMHAGZNEMIJzs=
6,-70,Yckp2REfHUvR8xkEmJlBaG7VFoE=,qGNVkELwO6SSI3TMHAGZNEMIJzs=
5,-70,Yckp2REfHUvR8xkEmJlBaG7VFoE=,qGNVkELwO6SSI3TMHAGZNEMIJzs=
3,-70,Yckp2REfHUvR8xkEmJlBaG7VFoE=,qGNVkELwO6SSI3TMHAGZNEMIJzs=
4,-70,Yckp2REfHUvR8xkEmJlBaG7VFoE=,qGNVkELwO6SSI3TMHAGZNEMIJzs=
6,-76,Yckp2REfHUvR8xkEmJlBaG7VFoE=,qGNVkELwO6SSI3TMHAGZNEMIJzs=
2,-70,Yckp2REfHUvR8xkEmJlBaG7VFoE=,qGNVkELwO6SSI3TMHAGZNEMIJzs=
13,-78,Yckp2REfHUvR8xkEmJlBaG7VFoE=,qGNVkELwO6SSI3TMHAGZNEMIJzs=
1,-70,Yckp2REfHUvR8xkEmJlBaG7VFoE=,qGNVkELwO6SSI3TMHAGZNEMIJzs=
12,-79,Yckp2REfHUvR8xkEmJlBaG7VFoE=,qGNVkELwO6SSI3TMHAGZNEMIJzs=
13,-80,Yckp2REfHUvR8xkEmJlBaG7VFoE=,qGNVkELwO6SSI3TMHAGZNEMIJzs=
0,-70,Yckp2REfHUvR8xkEmJlBaG7VFoE=,qGNVkELwO6SSI3TMHAGZNEMIJzs=
0,-80,Yckp2REfHUvR8xkEmJlBaG7VFoE=,qGNVkELwO6SSI3TMHAGZNEMIJzs=
15,-71,Yckp2REfHUvR8xkEmJlBaG7VFoE=,qGNVkELwO6SSI3TMHAGZNEMIJzs=
14,-71,Yckp2REfHUvR8xkEmJlBaG7VFoE=,qGNVkELwO6SSI3TMHAGZNEMIJzs=
13,-71,Yckp2REfHUvR8xkEmJlBaG7VFoE=,qGNVkELwO6SSI3TMHAGZNEMIJzs=
12,-71,Yckp2REfHUvR8xkEmJlBaG7VFoE=,qGNVkELwO6SSI3TMHAGZNEMIJzs=
11,-71,Yckp2REfHUvR8xkEmJlBaG7VFoE=,qGNVkELwO6SSI3TMHAGZNEMIJzs=
10,-71,Yckp2REfHUvR8xkEmJlBaG7VFoE=,qGNVkELwO6SSI3TMHAGZNEMIJzs=
7,-76,Yckp2REfHUvR8xkEmJlBaG7VFoE=,qGNVkELwO6SSI3TMHAGZNEMIJzs=
9,-71,Yckp2REfHUvR8xkEmJlBaG7VFoE=,qGNVkELwO6SSI3TMHAGZNEMIJzs=
8,-71,Yckp2REfHUvR8xkEmJlBaG7VFoE=,qGNVkELwO6SSI3TMHAGZNEMIJzs=
7,-71,Yckp2REfHUvR8xkEmJlBaG7VFoE=,qGNVkELwO6SSI3TMHAGZNEMIJzs=
8,-76,Yckp2REfHUvR8xkEmJlBaG7VFoE=,qGNVkELwO6SSI3TMHAGZNEMIJzs=
6,-71,Yckp2REfHUvR8xkEmJlBaG7VFoE=,qGNVkELwO6SSI3TMHAGZNEMIJzs=
12,-80,Yckp2REfHUvR8xkEmJlBaG7VFoE=,qGNVkELwO6SSI3TMHAGZNEMIJzs=
4,-71,Yckp2REfHUvR8xkEmJlBaG7VFoE=,qGNVkELwO6SSI3TMHAGZNEMIJzs=
2,-71,Yckp2REfHUvR8xkEmJlBaG7VFoE=,qGNVkELwO6SSI3TMHAGZNEMIJzs=
3,-71,Yckp2REfHUvR8xkEmJlBaG7VFoE=,qGNVkELwO6SSI3TMHAGZNEMIJzs=
9,-76,Yckp2REfHUvR8xkEmJlBaG7VFoE=,qGNVkELwO6SSI3TMHAGZNEMIJzs=
1,-71,Yckp2REfHUvR8xkEmJlBaG7VFoE=,qGNVkELwO6SSI3TMHAGZNEMIJzs=
11,-80,Yckp2REfHUvR8xkEmJlBaG7VFoE=,qGNVkELwO6SSI3TMHAGZNEMIJzs=
12,-78,Yckp2REfHUvR8xkEmJlBaG7VFoE=,qGNVkELwO6SSI3TMHAGZNEMIJzs=
11,-79,Yckp2REfHUvR8xkEmJlBaG7VFoE=,qGNVkELwO6SSI3TMHAGZNEMIJzs=
10,-76,Yckp2REfHUvR8xkEmJlBaG7VFoE=,qGNVkELwO6SSI3TMHAGZNEMIJzs=
5,-71,Yckp2REfHUvR8xkEmJlBaG7VFoE=,qGNVkELwO6SSI3TMHAGZNEMIJzs=
15,-72,Yckp2REfHUvR8xkEmJlBaG7VFoE=,qGNVkELwO6SSI3TMHAGZNEMIJzs=
14,-72,Yckp2REfHUvR8xkEmJlBaG7VFoE=,qGNVkELwO6SSI3TMHAGZNEMIJzs=
13,-72,Yckp2REfHUvR8xkEmJlBaG7VFoE=,qGNVkELwO6SSI3TMHAGZNEMIJzs=
12,-72,Yckp2REfHUvR8xkEmJlBaG7VFoE=,qGNVkELwO6SSI3TMHAGZNEMIJzs=
0,-71,Yckp2REfHUvR8xkEmJlBaG7VFoE=,qGNVkELwO6SSI3TMHAGZNEMIJzs=
11,-76,Yckp2REfHUvR8xkEmJlBaG7VFoE=,qGNVkELwO6SSI3TMHAGZNEMIJzs=
11,-72,Yckp2REfHUvR8xkEmJlBaG7VFoE=,qGNVkELwO6SSI3TMHAGZNEMIJzs=
9,-72,Yckp2REfHUvR8xkEmJlBaG7VFoE=,qGNVkELwO6SSI3TMHAGZNEMIJzs=
10,-72,Yckp2REfHUvR8xkEmJlBaG7VFoE=,qGNVkELwO6SSI3TMHAGZNEMIJzs=
8,-72,Yckp2REfHUvR8xkEmJlBaG7VFoE=,qGNVkELwO6SSI3TMHAGZNEMIJzs=
12,-76,Yckp2REfHUvR8xkEmJlBaG7VFoE=,qGNVkELwO6SSI3TMHAGZNEMIJzs=
7,-72,Yckp2REfHUvR8xkEmJlBaG7VFoE=,qGNVkELwO6SSI3TMHAGZNEMIJzs=
5,-72,Yckp2REfHUvR8xkEmJlBaG7VFoE=,qGNVkELwO6SSI3TMHAGZNEMIJzs=
6,-72,Yckp2REfHUvR8xkEmJlBaG7VFoE=,qGNVkELwO6SSI3TMHAGZNEMIJzs=
4,-72,Yckp2REfHUvR8xkEmJlBaG7VFoE=,qGNVkELwO6SSI3TMHAGZNEMIJzs=
13,-76,Yckp2REfHUvR8xkEmJlBaG7VFoE=,qGNVkELwO6SSI3TMHAGZNEMIJzs=
3,-72,Yckp2REfHUvR8xkEmJlBaG7VFoE=,qGNVkELwO6SSI3TMHAGZNEMIJzs=
2,-72,Yckp2REfHUvR8xkEmJlBaG7VFoE=,qGNVkELwO6SSI3TMHAGZNEMIJzs=
1,-72,Yckp2REfHUvR8xkEmJlBaG7VFoE=,qGNVkELwO6SSI3TMHAGZNEMIJzs=
10,-80,Yckp2REfHUvR8xkEmJlBaG7VFoE=,qGNVkELwO6SSI3TMHAGZNEMIJzs=
10,-79,Yckp2REfHUvR8xkEmJlBaG7VFoE=,qGNVkELwO6SSI3TMHAGZNEMIJzs=
11,-78,Yckp2REfHUvR8xkEmJlBaG7VFoE=,qGNVkELwO6SSI3TMHAGZNEMIJzs=
13,-73,Yckp2REfHUvR8xkEmJlBaG7VFoE=,qGNVkELwO6SSI3TMHAGZNEMIJzs=
0,-72,Yckp2REfHUvR8xkEmJlBaG7VFoE=,qGNVkELwO6SSI3TMHAGZNEMIJzs=
15,-73,Yckp2REfHUvR8xkEmJlBaG7VFoE=,qGNVkELwO6SSI3TMHAGZNEMIJzs=
14,-73,Yckp2REfHUvR8xkEmJlBaG7VFoE=,qGNVkELwO6SSI3TMHAGZNEMIJzs=
10,-73,Yckp2REfHUvR8xkEmJlBaG7VFoE=,qGNVkELwO6SSI3TMHAGZNEMIJzs=
9,-73,Yckp2REfHUvR8xkEmJlBaG7VFoE=,qGNVkELwO6SSI3TMHAGZNEMIJzs=
8,-73,Yckp2REfHUvR8xkEmJlBaG7VFoE=,qGNVkELwO6SSI3TMHAGZNEMIJzs=
7,-73,Yckp2REfHUvR8xkEmJlBaG7VFoE=,qGNVkELwO6SSI3TMHAGZNEMIJzs=
6,-73,Yckp2REfHUvR8xkEmJlBaG7VFoE=,qGNVkELwO6SSI3TMHAGZNEMIJzs=
5,-73,Yckp2REfHUvR8xkEmJlBaG7VFoE=,qGNVkELwO6SSI3TMHAGZNEMIJzs=
14,-76,Yckp2REfHUvR8xkEmJlBaG7VFoE=,qGNVkELwO6SSI3TMHAGZNEMIJzs=
4,-73,Yckp2REfHUvR8xkEmJlBaG7VFoE=,qGNVkELwO6SSI3TMHAGZNEMIJzs=
7,-79,Yckp2REfHUvR8xkEmJlBaG7VFoE=,qGNVkELwO6SSI3TMHAGZNEMIJzs=
3,-73,Yckp2REfHUvR8xkEmJlBaG7VFoE=,qGNVkELwO6SSI3TMHAGZNEMIJzs=
2,-73,Yckp2REfHUvR8xkEmJlBaG7VFoE=,qGNVkELwO6SSI3TMHAGZNEMIJzs=
10,-78,Yckp2REfHUvR8xkEmJlBaG7VFoE=,qGNVkELwO6SSI3TMHAGZNEMIJzs=
1,-73,Yckp2REfHUvR8xkEmJlBaG7VFoE=,qGNVkELwO6SSI3TMHAGZNEMIJzs=
15,-76,Yckp2REfHUvR8xkEmJlBaG7VFoE=,qGNVkELwO6SSI3TMHAGZNEMIJzs=
9,-80,Yckp2REfHUvR8xkEmJlBaG7VFoE=,qGNVkELwO6SSI3TMHAGZNEMIJzs=
0,-73,Yckp2REfHUvR8xkEmJlBaG7VFoE=,qGNVkELwO6SSI3TMHAGZNEMIJzs=
9,-79,Yckp2REfHUvR8xkEmJlBaG7VFoE=,qGNVkELwO6SSI3TMHAGZNEMIJzs=
8,-78,Yckp2REfHUvR8xkEmJlBaG7VFoE=,qGNVkELwO6SSI3TMHAGZNEMIJzs=
13,-74,Yckp2REfHUvR8xkEmJlBaG7VFoE=,qGNVkELwO6SSI3TMHAGZNEMIJzs=
14,-74,Yckp2REfHUvR8xkEmJlBaG7VFoE=,qGNVkELwO6SSI3TMHAGZNEMIJzs=
15,-74,Yckp2REfHUvR8xkEmJlBaG7VFoE=,qGNVkELwO6SSI3TMHAGZNEMIJzs=
12,-74,Yckp2REfHUvR8xkEmJlBaG7VFoE=,qGNVkELwO6SSI3TMHAGZNEMIJzs=
9,-74,Yckp2REfHUvR8xkEmJlBaG7VFoE=,qGNVkELwO6SSI3TMHAGZNEMIJzs=
8,-74,Yckp2REfHUvR8xkEmJlBaG7VFoE=,qGNVkELwO6SSI3TMHAGZNEMIJzs=
11,-74,Yckp2REfHUvR8xkEmJlBaG7VFoE=,qGNVkELwO6SSI3TMHAGZNEMIJzs=
7,-80,Yckp2REfHUvR8xkEmJlBaG7VFoE=,qGNVkELwO6SSI3TMHAGZNEMIJzs=
10,-74,Yckp2REfHUvR8xkEmJlBaG7VFoE=,qGNVkELwO6SSI3TMHAGZNEMIJzs=
6,-74,Yckp2REfHUvR8xkEmJlBaG7VFoE=,qGNVkELwO6SSI3TMHAGZNEMIJzs=
5,-74,Yckp2REfHUvR8xkEmJlBaG7VFoE=,qGNVkELwO6SSI3TMHAGZNEMIJzs=
4,-74,Yckp2REfHUvR8xkEmJlBaG7VFoE=,qGNVkELwO6SSI3TMHAGZNEMIJzs=
0,-75,Yckp2REfHUvR8xkEmJlBaG7VFoE=,qGNVkELwO6SSI3TMHAGZNEMIJzs=
7,-74,Yckp2REfHUvR8xkEmJlBaG7VFoE=,qGNVkELwO6SSI3TMHAGZNEMIJzs=
3,-74,Yckp2REfHUvR8xkEmJlBaG7VFoE=,qGNVkELwO6SSI3TMHAGZNEMIJzs=
2,-74,Yckp2REfHUvR8xkEmJlBaG7VFoE=,qGNVkELwO6SSI3TMHAGZNEMIJzs=
1,-74,Yckp2REfHUvR8xkEmJlBaG7VFoE=,qGNVkELwO6SSI3TMHAGZNEMIJzs=
1,-75,Yckp2REfHUvR8xkEmJlBaG7VFoE=,qGNVkELwO6SSI3TMHAGZNEMIJzs=
12,-73,Yckp2REfHUvR8xkEmJlBaG7VFoE=,qGNVkELwO6SSI3TMHAGZNEMIJzs=
8,-79,Yckp2REfHUvR8xkEmJlBaG7VFoE=,qGNVkELwO6SSI3TMHAGZNEMIJzs=
15,-75,Yckp2REfHUvR8xkEmJlBaG7VFoE=,qGNVkELwO6SSI3TMHAGZNEMIJzs=
9,-78,Yckp2REfHUvR8xkEmJlBaG7VFoE=,qGNVkELwO6SSI3TMHAGZNEMIJzs=
0,-74,Yckp2REfHUvR8xkEmJlBaG7VFoE=,qGNVkELwO6SSI3TMHAGZNEMIJzs=
14,-75,Yckp2REfHUvR8xkEmJlBaG7VFoE=,qGNVkELwO6SSI3TMHAGZNEMIJzs=
13,-75,Yckp2REfHUvR8xkEmJlBaG7VFoE=,qGNVkELwO6SSI3TMHAGZNEMIJzs=
12,-75,Yckp2REfHUvR8xkEmJlBaG7VFoE=,qGNVkELwO6SSI3TMHAGZNEMIJzs=
9,-75,Yckp2REfHUvR8xkEmJlBaG7VFoE=,qGNVkELwO6SSI3TMHAGZNEMIJzs=
11,-75,Yckp2REfHUvR8xkEmJlBaG7VFoE=,qGNVkELwO6SSI3TMHAGZNEMIJzs=
11,-73,Yckp2REfHUvR8xkEmJlBaG7VFoE=,qGNVkELwO6SSI3TMHAGZNEMIJzs=
10,-75,Yckp2REfHUvR8xkEmJlBaG7VFoE=,qGNVkELwO6SSI3TMHAGZNEMIJzs=
8,-80,Yckp2REfHUvR8xkEmJlBaG7VFoE=,qGNVkELwO6SSI3TMHAGZNEMIJzs=
8,-75,Yckp2REfHUvR8xkEmJlBaG7VFoE=,qGNVkELwO6SSI3TMHAGZNEMIJzs=
3,-75,Yckp2REfHUvR8xkEmJlBaG7VFoE=,qGNVkELwO6SSI3TMHAGZNEMIJzs=
7,-75,Yckp2REfHUvR8xkEmJlBaG7VFoE=,qGNVkELwO6SSI3TMHAGZNEMIJzs=
5,-75,Yckp2REfHUvR8xkEmJlBaG7VFoE=,qGNVkELwO6SSI3TMHAGZNEMIJzs=
6,-75,Yckp2REfHUvR8xkEmJlBaG7VFoE=,qGNVkELwO6SSI3TMHAGZNEMIJzs=
4,-75,Yckp2REfHUvR8xkEmJlBaG7VFoE=,qGNVkELwO6SSI3TMHAGZNEMIJzs=
2,-75,Yckp2REfHUvR8xkEmJlBaG7VFoE=,qGNVkELwO6SSI3TMHAGZNEMIJzs=
