100,130,ooq4M2uy9W/e1iVRLkvH6mjpbwA=,xMOXs17uZpq+4BlRjm8FBuN/Nwk=
107,143,ooq4M2uy9W/e1iVRLkvH6mjpbwA=,xMOXs17uZpq+4BlRjm8FBuN/Nwk=
104,131,ooq4M2uy9W/e1iVRLkvH6mjpbwA=,xMOXs17uZpq+4BlRjm8FBuN/Nwk=
108,143,0RkJSG2YdR7gtF2NHgMYotyhLug=,xMOXs17uZpq+4BlRjm8FBuN/Nwk=
106,143,0RkJSG2YdR7gtF2NHgMYotyhLug=,xMOXs17uZpq+4BlRjm8FBuN/Nwk=
109,143,4cHF8eirnix/IAhnwAMfnoGCevw=,xMOXs17uZpq+4BlRjm8FBuN/Nwk=
101,128,4cHF8eirnix/IAhnwAMfnoGCevw=,xMOXs17uZpq+4BlRjm8FBuN/Nwk=
105,131,4cHF8eirnix/IAhnwAMfnoGCevw=,xMOXs17uZpq+4BlRjm8FBuN/Nwk=
110,143,4cHF8eirnix/IAhnwAMfnoGCevw=,xMOXs17uZpq+4BlRjm8FBuN/Nwk=
102,131,i4Ec3bjOpjJsv86/pW3c6UKz8z8=,xMOXs17uZpq+4BlRjm8FBuN/Nwk=
102,130,i4Ec3bjOpjJsv86/pW3c6UKz8z8=,xMOXs17uZpq+4BlRjm8FBuN/Nwk=
111,143,4A7B5rJ3gp4RxCbrcOVNl8fVgZw=,xMOXs17uZpq+4BlRjm8FBuN/Nwk=
105,143,4A7B5rJ3gp4RxCbrcOVNl8fVgZw=,xMOXs17uZpq+4BlRjm8FBuN/Nwk=
101,130,3XZHZ8M1sJq9AscEJ6J/UL7DXZA=,xMOXs17uZpq+4BlRjm8FBuN/Nwk=
100,131,3XZHZ8M1sJq9AscEJ6J/UL7DXZA=,xMOXs17uZpq+4BlRjm8FBuN/Nwk=
106,131,3XZHZ8M1sJq9AscEJ6J/UL7DXZA=,xMOXs17uZpq+4BlRjm8FBuN/Nwk=
99,128,3XZHZ8M1sJq9AscEJ6J/UL7DXZA=,xMOXs17uZpq+4BlRjm8FBuN/Nwk=
101,131,3XZHZ8M1sJq9AscEJ6J/UL7DXZA=,xMOXs17uZpq+4BlRjm8FBuN/Nwk=
103,131,3XZHZ8M1sJq9AscEJ6J/UL7DXZA=,xMOXs17uZpq+4BlRjm8FBuN/Nwk=
99,131,3XZHZ8M1sJq9AscEJ6J/UL7DXZA=,xMOXs17uZpq+4BlRjm8FBuN/Nwk=
100,129,3XZHZ8M1sJq9AscEJ6J/UL7DXZA=,xMOXs17uZpq+4BlRjm8FBuN/Nwk=
101,129,3XZHZ8M1sJq9AscEJ6J/UL7DXZA=,xMOXs17uZpq+4BlRjm8FBuN/Nwk=
97,128,3XZHZ8M1sJq9AscEJ6J/UL7DXZA=,xMOXs17uZpq+4BlRjm8FBuN/Nwk=
104,143,3XZHZ8M1sJq9AscEJ6J/UL7DXZA=,xMOXs17uZpq+4BlRjm8FBuN/Nwk=
107,131,3XZHZ8M1sJq9AscEJ6J/UL7DXZA=,xMOXs17uZpq+4BlRjm8FBuN/Nwk=
98,131,3XZHZ8M1sJq9AscEJ6J/UL7DXZA=,xMOXs17uZpq+4BlRjm8FBuN/Nwk=
101,143,3XZHZ8M1sJq9AscEJ6J/UL7DXZA=,xMOXs17uZpq+4BlRjm8FBuN/Nwk=
102,143,3XZHZ8M1sJq9AscEJ6J/UL7DXZA=,xMOXs17uZpq+4BlRjm8FBuN/Nwk=
100,143,3XZHZ8M1sJq9AscEJ6J/UL7DXZA=,xMOXs17uZpq+4BlRjm8FBuN/Nwk=
99,143,3XZHZ8M1sJq9AscEJ6J/UL7DXZA=,xMOXs17uZpq+4BlRjm8FBuN/Nwk=
97,143,3XZHZ8M1sJq9AscEJ6J/UL7DXZA=,xMOXs17uZpq+4BlRjm8FBuN/Nwk=
103,143,3XZHZ8M1sJq9AscEJ6J/UL7DXZA=,xMOXs17uZpq+4BlRjm8FBuN/Nwk=
98,143,3XZHZ8M1sJq9AscEJ6J/UL7DXZA=,xMOXs17uZpq+4BlRjm8FBuN/Nwk=
100,128,3XZHZ8M1sJq9AscEJ6J/UL7DXZA=,xMOXs17uZpq+4BlRjm8FBuN/Nwk=
99,130,3XZHZ8M1sJq9AscEJ6J/UL7DXZA=,xMOXs17uZpq+4BlRjm8FBuN/Nwk=
96,143,3XZHZ8M1sJq9AscEJ6J/UL7DXZA=,xMOXs17uZpq+4BlRjm8FBuN/Nwk=
97,131,3XZHZ8M1sJq9AscEJ6J/UL7DXZA=,xMOXs17uZpq+4BlRjm8FBuN/Nwk=
108,131,3XZHZ8M1sJq9AscEJ6J/UL7DXZA=,xMOXs17uZpq+4BlRjm8FBuN/Nwk=
107,142,3XZHZ8M1sJq9AscEJ6J/UL7DXZA=,xMOXs17uZpq+4BlRjm8FBuN/Nwk=
109,142,3XZHZ8M1sJq9AscEJ6J/UL7DXZA=,xMOXs17uZpq+4BlRjm8FBuN/Nwk=
110,142,3XZHZ8M1sJq9AscEJ6J/UL7DXZA=,xMOXs17uZpq+4BlRjm8FBuN/Nwk=
108,142,3XZHZ8M1sJq9AscEJ6J/UL7DXZA=,xMOXs17uZpq+4BlRjm8FBuN/Nwk=
101,142,3XZHZ8M1sJq9AscEJ6J/UL7DXZA=,xMOXs17uZpq+4BlRjm8FBuN/Nwk=
111,142,3XZHZ8M1sJq9AscEJ6J/UL7DXZA=,xMOXs17uZpq+4BlRjm8FBuN/Nwk=
106,142,3XZHZ8M1sJq9AscEJ6J/UL7DXZA=,xMOXs17uZpq+4BlRjm8FBuN/Nwk=
103,142,3XZHZ8M1sJq9AscEJ6J/UL7DXZA=,xMOXs17uZpq+4BlRjm8FBuN/Nwk=
104,142,3XZHZ8M1sJq9AscEJ6J/UL7DXZA=,xMOXs17uZpq+4BlRjm8FBuN/Nwk=
102,142,3XZHZ8M1sJq9AscEJ6J/UL7DXZA=,xMOXs17uZpq+4BlRjm8FBuN/Nwk=
100,142,3XZHZ8M1sJq9AscEJ6J/UL7DXZA=,xMOXs17uZpq+4BlRjm8FBuN/Nwk=
99,142,3XZHZ8M1sJq9AscEJ6J/UL7DXZA=,xMOXs17uZpq+4BlRjm8FBuN/Nwk=
109,131,3XZHZ8M1sJq9AscEJ6J/UL7DXZA=,xMOXs17uZpq+4BlRjm8FBuN/Nwk=
105,142,3XZHZ8M1sJq9AscEJ6J/UL7DXZA=,xMOXs17uZpq+4BlRjm8FBuN/Nwk=
97,142,3XZHZ8M1sJq9AscEJ6J/UL7DXZA=,xMOXs17uZpq+4BlRjm8FBuN/Nwk=
98,130,3XZHZ8M1sJq9AscEJ6J/UL7DXZA=,xMOXs17uZpq+4BlRjm8FBuN/Nwk=
99,129,3XZHZ8M1sJq9AscEJ6J/UL7DXZA=,xMOXs17uZpq+4BlRjm8FBuN/Nwk=
96,142,3XZHZ8M1sJq9AscEJ6J/UL7DXZA=,xMOXs17uZpq+4BlRjm8FBuN/Nwk=
98,142,3XZHZ8M1sJq9AscEJ6J/UL7DXZA=,xMOXs17uZpq+4BlRjm8FBuN/Nwk=
109,141,3XZHZ8M1sJq9AscEJ6J/UL7DXZA=,xMOXs17uZpq+4BlRjm8FBuN/Nwk=
108,141,3XZHZ8M1sJq9AscEJ6J/UL7DXZA=,xMOXs17uZpq+4BlRjm8FBuN/Nwk=
107,141,3XZHZ8M1sJq9AscEJ6J/UL7DXZA=,xMOXs17uZpq+4BlRjm8FBuN/Nwk=
111,141,3XZHZ8M1sJq9AscEJ6J/UL7DXZA=,xMOXs17uZpq+4BlRjm8FBuN/Nwk=
110,141,3XZHZ8M1sJq9AscEJ6J/UL7DXZA=,xMOXs17uZpq+4BlRjm8FBuN/Nwk=
110,131,3XZHZ8M1sJq9AscEJ6J/UL7DXZA=,xMOXs17uZpq+4BlRjm8FBuN/Nwk=
101,141,3XZHZ8M1sJq9AscEJ6J/UL7DXZA=,xMOXs17uZpq+4BlRjm8FBuN/Nwk=
102,141,3XZHZ8M1sJq9AscEJ6J/UL7DXZA=,xMOXs17uZpq+4BlRjm8FBuN/Nwk=
103,141,3XZHZ8M1sJq9AscEJ6J/UL7DXZA=,xMOXs17uZpq+4BlRjm8FBuN/Nwk=
105,141,3XZHZ8M1sJq9AscEJ6J/UL7DXZA=,xMOXs17uZpq+4BlRjm8FBuN/Nwk=
104,141,3XZHZ8M1sJq9AscEJ6J/UL7DXZA=,xMOXs17uZpq+4BlRjm8FBuN/Nwk=
106,141,3XZHZ8M1sJq9AscEJ6J/UL7DXZA=,xMOXs17uZpq+4BlRjm8FBuN/Nwk=
111,131,3XZHZ8M1sJq9AscEJ6J/UL7DXZA=,xMOXs17uZpq+4BlRjm8FBuN/Nwk=
97,130,3XZHZ8M1sJq9AscEJ6J/UL7DXZA=,xMOXs17uZpq+4BlRjm8FBuN/Nwk=
97,141,3XZHZ8M1sJq9AscEJ6J/UL7DXZA=,xMOXs17uZpq+4BlRjm8FBuN/Nwk=
100,141,3XZHZ8M1sJq9AscEJ6J/UL7DXZA=,xMOXs17uZpq+4BlRjm8FBuN/Nwk=
98,141,3XZHZ8M1sJq9AscEJ6J/UL7DXZA=,xMOXs17uZpq+4BlRjm8FBuN/Nwk=
98,129,3XZHZ8M1sJq9AscEJ6J/UL7DXZA=,xMOXs17uZpq+4BlRjm8FBuN/Nwk=
99,141,3XZHZ8M1sJq9AscEJ6J/UL7DXZA=,xMOXs17uZpq+4BlRjm8FBuN/Nwk=
110,140,3XZHZ8M1sJq9AscEJ6J/UL7DXZA=,xMOXs17uZpq+4BlRjm8FBuN/Nwk=
102,129,3XZHZ8M1sJq9AscEJ6J/UL7DXZA=,xMOXs17uZpq+4BlRjm8FBuN/Nwk=
96,141,3XZHZ8M1sJq9AscEJ6J/UL7DXZA=,xMOXs17uZpq+4BlRjm8FBuN/Nwk=
109,140,3XZHZ8M1sJq9AscEJ6J/UL7DXZA=,xMOXs17uZpq+4BlRjm8FBuN/Nwk=
108,140,3XZHZ8M1sJq9AscEJ6J/UL7DXZA=,xMOXs17uZpq+4BlRjm8FBuN/Nwk=
103,130,3XZHZ8M1sJq9AscEJ6J/UL7DXZA=,xMOXs17uZpq+4BlRjm8FBuN/Nwk=
111,140,3XZHZ8M1sJq9AscEJ6J/UL7DXZA=,xMOXs17uZpq+4BlRjm8FBuN/Nwk=
107,140,3XZHZ8M1sJq9AscEJ6J/UL7DXZA=,xMOXs17uZpq+4BlRjm8FBuN/Nwk=
96,132,3XZHZ8M1sJq9AscEJ6J/UL7DXZA=,xMOXs17uZpq+4BlRjm8FBuN/Nwk=
104,140,3XZHZ8M1sJq9AscEJ6J/UL7DXZA=,xMOXs17uZpq+4BlRjm8FBuN/Nwk=
105,140,3XZHZ8M1sJq9AscEJ6J/UL7DXZA=,xMOXs17uZpq+4BlRjm8FBuN/Nwk=
103,140,3XZHZ8M1sJq9AscEJ6J/UL7DXZA=,xMOXs17uZpq+4BlRjm8FBuN/Nwk=
106,140,3XZHZ8M1sJq9AscEJ6J/UL7DXZA=,xMOXs17uZpq+4BlRjm8FBuN/Nwk=
102,140,3XZHZ8M1sJq9AscEJ6J/UL7DXZA=,xMOXs17uZpq+4BlRjm8FBuN/Nwk=
101,140,3XZHZ8M1sJq9AscEJ6J/UL7DXZA=,xMOXs17uZpq+4BlRjm8FBuN/Nwk=
102,128,3XZHZ8M1sJq9AscEJ6J/UL7DXZA=,xMOXs17uZpq+4BlRjm8FBuN/Nwk=
99,140,3XZHZ8M1sJq9AscEJ6J/UL7DXZA=,xMOXs17uZpq+4BlRjm8FBuN/Nwk=
97,140,3XZHZ8M1sJq9AscEJ6J/UL7DXZA=,xMOXs17uZpq+4BlRjm8FBuN/Nwk=
97,129,3XZHZ8M1sJq9AscEJ6J/UL7DXZA=,xMOXs17uZpq+4BlRjm8FBuN/Nwk=
98,140,3XZHZ8M1sJq9AscEJ6J/UL7DXZA=,xMOXs17uZpq+4BlRjm8FBuN/Nwk=
100,140,3XZHZ8M1sJq9AscEJ6J/UL7DXZA=,xMOXs17uZpq+4BlRjm8FBuN/Nwk=
96,129,3XZHZ8M1sJq9AscEJ6J/UL7DXZA=,xMOXs17uZpq+4BlRjm8FBuN/Nwk=
96,131,3XZHZ8M1sJq9AscEJ6J/UL7DXZA=,xMOXs17uZpq+4BlRjm8FBuN/Nwk=
97,132,3XZHZ8M1sJq9AscEJ6J/UL7DXZA=,xMOXs17uZpq+4BlRjm8FBuN/Nwk=
96,140,3XZHZ8M1sJq9AscEJ6J/UL7DXZA=,xMOXs17uZpq+4BlRjm8FBuN/Nwk=
96,130,3XZHZ8M1sJq9AscEJ6J/UL7DXZA=,xMOXs17uZpq+4BlRjm8FBuN/Nwk=
98,128,3XZHZ8M1sJq9AscEJ6J/UL7DXZA=,xMOXs17uZpq+4BlRjm8FBuN/Nwk=
98,132,3XZHZ8M1sJq9AscEJ6J/UL7DXZA=,xMOXs17uZpq+4BlRjm8FBuN/Nwk=
99,132,3XZHZ8M1sJq9AscEJ6J/UL7DXZA=,xMOXs17uZpq+4BlRjm8FBuN/Nwk=
111,128,3XZHZ8M1sJq9AscEJ6J/UL7DXZA=,xMOXs17uZpq+4BlRjm8FBuN/Nwk=
110,128,3XZHZ8M1sJq9AscEJ6J/UL7DXZA=,xMOXs17uZpq+4BlRjm8FBuN/Nwk=
111,130,3XZHZ8M1sJq9AscEJ6J/UL7DXZA=,xMOXs17uZpq+4BlRjm8FBuN/Nwk=
110,129,3XZHZ8M1sJq9AscEJ6J/UL7DXZA=,xMOXs17uZpq+4BlRjm8FBuN/Nwk=
101,132,3XZHZ8M1sJq9AscEJ6J/UL7DXZA=,xMOXs17uZpq+4BlRjm8FBuN/Nwk=
111,129,3XZHZ8M1sJq9AscEJ6J/UL7DXZA=,xMOXs17uZpq+4BlRjm8FBuN/Nwk=
100,132,3XZHZ8M1sJq9AscEJ6J/UL7DXZA=,xMOXs17uZpq+4BlRjm8FBuN/Nwk=
108,139,3XZHZ8M1sJq9AscEJ6J/UL7DXZA=,xMOXs17uZpq+4BlRjm8FBuN/Nwk=
111,139,3XZHZ8M1sJq9AscEJ6J/UL7DXZA=,xMOXs17uZpq+4BlRjm8FBuN/Nwk=
110,139,3XZHZ8M1sJq9AscEJ6J/UL7DXZA=,xMOXs17uZpq+4BlRjm8FBuN/Nwk=
109,139,3XZHZ8M1sJq9AscEJ6J/UL7DXZA=,xMOXs17uZpq+4BlRjm8FBuN/Nwk=
107,139,3XZHZ8M1sJq9AscEJ6J/UL7DXZA=,xMOXs17uZpq+4BlRjm8FBuN/Nwk=
102,132,3XZHZ8M1sJq9AscEJ6J/UL7DXZA=,xMOXs17uZpq+4BlRjm8FBuN/Nwk=
105,139,3XZHZ8M1sJq9AscEJ6J/UL7DXZA=,xMOXs17uZpq+4BlRjm8FBuN/Nwk=
102,139,3XZHZ8M1sJq9AscEJ6J/UL7DXZA=,xMOXs17uZpq+4BlRjm8FBuN/Nwk=
106,139,3XZHZ8M1sJq9AscEJ6J/UL7DXZA=,xMOXs17uZpq+4BlRjm8FBuN/Nwk=
96,128,3XZHZ8M1sJq9AscEJ6J/UL7DXZA=,xMOXs17uZpq+4BlRjm8FBuN/Nwk=
104,139,3XZHZ8M1sJq9AscEJ6J/UL7DXZA=,xMOXs17uZpq+4BlRjm8FBuN/Nwk=
103,139,3XZHZ8M1sJq9AscEJ6J/UL7DXZA=,xMOXs17uZpq+4BlRjm8FBuN/Nwk=
101,139,3XZHZ8M1sJq9AscEJ6J/UL7DXZA=,xMOXs17uZpq+4BlRjm8FBuN/Nwk=
98,139,3XZHZ8M1sJq9AscEJ6J/UL7DXZA=,xMOXs17uZpq+4BlRjm8FBuN/Nwk=
99,139,3XZHZ8M1sJq9AscEJ6J/UL7DXZA=,xMOXs17uZpq+4BlRjm8FBuN/Nwk=
97,139,3XZHZ8M1sJq9AscEJ6J/UL7DXZA=,xMOXs17uZpq+4BlRjm8FBuN/Nwk=
103,132,3XZHZ8M1sJq9AscEJ6J/UL7DXZA=,xMOXs17uZpq+4BlRjm8FBuN/Nwk=
100,139,3XZHZ8M1sJq9AscEJ6J/UL7DXZA=,xMOXs17uZpq+4BlRjm8FBuN/Nwk=
96,139,3XZHZ8M1sJq9AscEJ6J/UL7DXZA=,xMOXs17uZpq+4BlRjm8FBuN/Nwk=
104,132,3XZHZ8M1sJq9AscEJ6J/UL7DXZA=,xMOXs17uZpq+4BlRjm8FBuN/Nwk=
110,130,3XZHZ8M1sJq9AscEJ6J/UL7DXZA=,xMOXs17uZpq+4BlRjm8FBuN/Nwk=
109,128,3XZHZ8M1sJq9AscEJ6J/UL7DXZA=,xMOXs17uZpq+4BlRjm8FBuN/Nwk=
105,132,3XZHZ8M1sJq9AscEJ6J/UL7DXZA=,xMOXs17uZpq+4BlRjm8FBuN/Nwk=
111,138,3XZHZ8M1sJq9AscEJ6J/UL7DXZA=,xMOXs17uZpq+4BlRjm8FBuN/Nwk=
106,138,3XZHZ8M1sJq9AscEJ6J/UL7DXZA=,xMOXs17uZpq+4BlRjm8FBuN/Nwk=
110,138,3XZHZ8M1sJq9AscEJ6J/UL7DXZA=,xMOXs17uZpq+4BlRjm8FBuN/Nwk=
109,138,3XZHZ8M1sJq9AscEJ6J/UL7DXZA=,xMOXs17uZpq+4BlRjm8FBuN/Nwk=
109,129,3XZHZ8M1sJq9AscEJ6J/UL7DXZA=,xMOXs17uZpq+4BlRjm8FBuN/Nwk=
106,132,3XZHZ8M1sJq9AscEJ6J/UL7DXZA=,xMOXs17uZpq+4BlRjm8FBuN/Nwk=
105,138,3XZHZ8M1sJq9AscEJ6J/UL7DXZA=,xMOXs17uZpq+4BlRjm8FBuN/Nwk=
104,138,3XZHZ8M1sJq9AscEJ6J/UL7DXZA=,xMOXs17uZpq+4BlRjm8FBuN/Nwk=
108,138,3XZHZ8M1sJq9AscEJ6J/UL7DXZA=,xMOXs17uZpq+4BlRjm8FBuN/Nwk=
103,138,3XZHZ8M1sJq9AscEJ6J/UL7DXZA=,xMOXs17uZpq+4BlRjm8FBuN/Nwk=
102,138,3XZHZ8M1sJq9AscEJ6J/UL7DXZA=,xMOXs17uZpq+4BlRjm8FBuN/Nwk=
98,138,3XZHZ8M1sJq9AscEJ6J/UL7DXZA=,xMOXs17uZpq+4BlRjm8FBuN/Nwk=
100,138,3XZHZ8M1sJq9AscEJ6J/UL7DXZA=,xMOXs17uZpq+4BlRjm8FBuN/Nwk=
101,138,3XZHZ8M1sJq9AscEJ6J/UL7DXZA=,xMOXs17uZpq+4BlRjm8FBuN/Nwk=
99,138,3XZHZ8M1sJq9AscEJ6J/UL7DXZA=,xMOXs17uZpq+4BlRjm8FBuN/Nwk=
97,138,3XZHZ8M1sJq9AscEJ6J/UL7DXZA=,xMOXs17uZpq+4BlRjm8FBuN/Nwk=
107,138,3XZHZ8M1sJq9AscEJ6J/UL7DXZA=,xMOXs17uZpq+4BlRjm8FBuN/Nwk=
108,128,3XZHZ8M1sJq9AscEJ6J/UL7DXZA=,xMOXs17uZpq+4BlRjm8FBuN/Nwk=
96,138,3XZHZ8M1sJq9AscEJ6J/UL7DXZA=,xMOXs17uZpq+4BlRjm8FBuN/Nwk=
107,132,3XZHZ8M1sJq9AscEJ6J/UL7DXZA=,xMOXs17uZpq+4BlRjm8FBuN/Nwk=
111,137,3XZHZ8M1sJq9AscEJ6J/UL7DXZA=,xMOXs17uZpq+4BlRjm8FBuN/Nwk=
110,137,3XZHZ8M1sJq9AscEJ6J/UL7DXZA=,xMOXs17uZpq+4BlRjm8FBuN/Nwk=
109,130,3XZHZ8M1sJq9AscEJ6J/UL7DXZA=,xMOXs17uZpq+4BlRjm8FBuN/Nwk=
109,137,3XZHZ8M1sJq9AscEJ6J/UL7DXZA=,xMOXs17uZpq+4BlRjm8FBuN/Nwk=
108,129,3XZHZ8M1sJq9AscEJ6J/UL7DXZA=,xMOXs17uZpq+4BlRjm8FBuN/Nwk=
107,137,3XZHZ8M1sJq9AscEJ6J/UL7DXZA=,xMOXs17uZpq+4BlRjm8FBuN/Nwk=
108,132,3XZHZ8M1sJq9AscEJ6J/UL7DXZA=,xMOXs17uZpq+4BlRjm8FBuN/Nwk=
104,137,3XZHZ8M1sJq9AscEJ6J/UL7DXZA=,xMOXs17uZpq+4BlRjm8FBuN/Nwk=
108,137,3XZHZ8M1sJq9AscEJ6J/UL7DXZA=,xMOXs17uZpq+4BlRjm8FBuN/Nwk=
105,137,3XZHZ8M1sJq9AscEJ6J/UL7DXZA=,xMOXs17uZpq+4BlRjm8FBuN/Nwk=
106,137,3XZHZ8M1sJq9AscEJ6J/UL7DXZA=,xMOXs17uZpq+4BlRjm8FBuN/Nwk=
99,137,3XZHZ8M1sJq9AscEJ6J/UL7DXZA=,xMOXs17uZpq+4BlRjm8FBuN/Nwk=
98,137,3XZHZ8M1sJq9AscEJ6J/UL7DXZA=,xMOXs17uZpq+4BlRjm8FBuN/Nwk=
103,137,3XZHZ8M1sJq9AscEJ6J/UL7DXZA=,xMOXs17uZpq+4BlRjm8FBuN/Nwk=
101,137,3XZHZ8M1sJq9AscEJ6J/UL7DXZA=,xMOXs17uZpq+4BlRjm8FBuN/Nwk=
100,137,3XZHZ8M1sJq9AscEJ6J/UL7DXZA=,xMOXs17uZpq+4BlRjm8FBuN/Nwk=
109,132,3XZHZ8M1sJq9AscEJ6J/UL7DXZA=,xMOXs17uZpq+4BlRjm8FBuN/Nwk=
97,137,3XZHZ8M1sJq9AscEJ6J/UL7DXZA=,xMOXs17uZpq+4BlRjm8FBuN/Nwk=
102,137,3XZHZ8M1sJq9AscEJ6J/UL7DXZA=,xMOXs17uZpq+4BlRjm8FBuN/Nwk=
96,137,3XZHZ8M1sJq9AscEJ6J/UL7DXZA=,xMOXs17uZpq+4BlRjm8FBuN/Nwk=
107,128,3XZHZ8M1sJq9AscEJ6J/UL7DXZA=,xMOXs17uZpq+4BlRjm8FBuN/Nwk=
107,129,3XZHZ8M1sJq9AscEJ6J/UL7DXZA=,xMOXs17uZpq+4BlRjm8FBuN/Nwk=
110,136,3XZHZ8M1sJq9AscEJ6J/UL7DXZA=,xMOXs17uZpq+4BlRjm8FBuN/Nwk=
108,130,3XZHZ8M1sJq9AscEJ6J/UL7DXZA=,xMOXs17uZpq+4BlRjm8FBuN/Nwk=
111,136,3XZHZ8M1sJq9AscEJ6J/UL7DXZA=,xMOXs17uZpq+4BlRjm8FBuN/Nwk=
109,136,3XZHZ8M1sJq9AscEJ6J/UL7DXZA=,xMOXs17uZpq+4BlRjm8FBuN/Nwk=
106,136,3XZHZ8M1sJq9AscEJ6J/UL7DXZA=,xMOXs17uZpq+4BlRjm8FBuN/Nwk=
104,136,3XZHZ8M1sJq9AscEJ6J/UL7DXZA=,xMOXs17uZpq+4BlRjm8FBuN/Nwk=
105,136,3XZHZ8M1sJq9AscEJ6J/UL7DXZA=,xMOXs17uZpq+4BlRjm8FBuN/Nwk=
108,136,3XZHZ8M1sJq9AscEJ6J/UL7DXZA=,xMOXs17uZpq+4BlRjm8FBuN/Nwk=
110,132,3XZHZ8M1sJq9AscEJ6J/UL7DXZA=,xMOXs17uZpq+4BlRjm8FBuN/Nwk=
103,136,3XZHZ8M1sJq9AscEJ6J/UL7DXZA=,xMOXs17uZpq+4BlRjm8FBuN/Nwk=
102,136,3XZHZ8M1sJq9AscEJ6J/UL7DXZA=,xMOXs17uZpq+4BlRjm8FBuN/Nwk=
99,136,3XZHZ8M1sJq9AscEJ6J/UL7DXZA=,xMOXs17uZpq+4BlRjm8FBuN/Nwk=
98,136,3XZHZ8M1sJq9AscEJ6J/UL7DXZA=,xMOXs17uZpq+4BlRjm8FBuN/Nwk=
101,136,3XZHZ8M1sJq9AscEJ6J/UL7DXZA=,xMOXs17uZpq+4BlRjm8FBuN/Nwk=
107,136,3XZHZ8M1sJq9AscEJ6J/UL7DXZA=,xMOXs17uZpq+4BlRjm8FBuN/Nwk=
97,136,3XZHZ8M1sJq9AscEJ6J/UL7DXZA=,xMOXs17uZpq+4BlRjm8FBuN/Nwk=
106,128,3XZHZ8M1sJq9AscEJ6J/UL7DXZA=,xMOXs17uZpq+4BlRjm8FBuN/Nwk=
100,136,3XZHZ8M1sJq9AscEJ6J/UL7DXZA=,xMOXs17uZpq+4BlRjm8FBuN/Nwk=
107,130,3XZHZ8M1sJq9AscEJ6J/UL7DXZA=,xMOXs17uZpq+4BlRjm8FBuN/Nwk=
106,129,3XZHZ8M1sJq9AscEJ6J/UL7DXZA=,xMOXs17uZpq+4BlRjm8FBuN/Nwk=
111,132,3XZHZ8M1sJq9AscEJ6J/UL7DXZA=,xMOXs17uZpq+4BlRjm8FBuN/Nwk=
111,135,3XZHZ8M1sJq9AscEJ6J/UL7DXZA=,xMOXs17uZpq+4BlRjm8FBuN/Nwk=
96,136,3XZHZ8M1sJq9AscEJ6J/UL7DXZA=,xMOXs17uZpq+4BlRjm8FBuN/Nwk=
110,135,3XZHZ8M1sJq9AscEJ6J/UL7DXZA=,xMOXs17uZpq+4BlRjm8FBuN/Nwk=
108,135,3XZHZ8M1sJq9AscEJ6J/UL7DXZA=,xMOXs17uZpq+4BlRjm8FBuN/Nwk=
109,135,3XZHZ8M1sJq9AscEJ6J/UL7DXZA=,xMOXs17uZpq+4BlRjm8FBuN/Nwk=
106,135,3XZHZ8M1sJq9AscEJ6J/UL7DXZA=,xMOXs17uZpq+4BlRjm8FBuN/Nwk=
105,135,3XZHZ8M1sJq9AscEJ6J/UL7DXZA=,xMOXs17uZpq+4BlRjm8FBuN/Nwk=
103,129,3XZHZ8M1sJq9AscEJ6J/UL7DXZA=,xMOXs17uZpq+4BlRjm8FBuN/Nwk=
107,135,3XZHZ8M1sJq9AscEJ6J/UL7DXZA=,xMOXs17uZpq+4BlRjm8FBuN/Nwk=
103,135,3XZHZ8M1sJq9AscEJ6J/UL7DXZA=,xMOXs17uZpq+4BlRjm8FBuN/Nwk=
102,135,3XZHZ8M1sJq9AscEJ6J/UL7DXZA=,xMOXs17uZpq+4BlRjm8FBuN/Nwk=
101,135,3XZHZ8M1sJq9AscEJ6J/UL7DXZA=,xMOXs17uZpq+4BlRjm8FBuN/Nwk=
104,135,3XZHZ8M1sJq9AscEJ6J/UL7DXZA=,xMOXs17uZpq+4BlRjm8FBuN/Nwk=
100,135,3XZHZ8M1sJq9AscEJ6J/UL7DXZA=,xMOXs17uZpq+4BlRjm8FBuN/Nwk=
98,135,3XZHZ8M1sJq9AscEJ6J/UL7DXZA=,xMOXs17uZpq+4BlRjm8FBuN/Nwk=
99,135,3XZHZ8M1sJq9AscEJ6J/UL7DXZA=,xMOXs17uZpq+4BlRjm8FBuN/Nwk=
104,130,3XZHZ8M1sJq9AscEJ6J/UL7DXZA=,xMOXs17uZpq+4BlRjm8FBuN/Nwk=
97,135,3XZHZ8M1sJq9AscEJ6J/UL7DXZA=,xMOXs17uZpq+4BlRjm8FBuN/Nwk=
96,135,3XZHZ8M1sJq9AscEJ6J/UL7DXZA=,xMOXs17uZpq+4BlRjm8FBuN/Nwk=
103,128,3XZHZ8M1sJq9AscEJ6J/UL7DXZA=,xMOXs17uZpq+4BlRjm8FBuN/Nwk=
106,130,3XZHZ8M1sJq9AscEJ6J/UL7DXZA=,xMOXs17uZpq+4BlRjm8FBuN/Nwk=
105,128,3XZHZ8M1sJq9AscEJ6J/UL7DXZA=,xMOXs17uZpq+4BlRjm8FBuN/Nwk=
105,129,3XZHZ8M1sJq9AscEJ6J/UL7DXZA=,xMOXs17uZpq+4BlRjm8FBuN/Nwk=
96,133,3XZHZ8M1sJq9AscEJ6J/UL7DXZA=,xMOXs17uZpq+4BlRjm8FBuN/Nwk=
109,134,3XZHZ8M1sJq9AscEJ6J/UL7DXZA=,xMOXs17uZpq+4BlRjm8FBuN/Nwk=
110,134,3XZHZ8M1sJq9AscEJ6J/UL7DXZA=,xMOXs17uZpq+4BlRjm8FBuN/Nwk=
97,133,3XZHZ8M1sJq9AscEJ6J/UL7DXZA=,xMOXs17uZpq+4BlRjm8FBuN/Nwk=
111,134,3XZHZ8M1sJq9AscEJ6J/UL7DXZA=,xMOXs17uZpq+4BlRjm8FBuN/Nwk=
108,134,3XZHZ8M1sJq9AscEJ6J/UL7DXZA=,xMOXs17uZpq+4BlRjm8FBuN/Nwk=
106,134,3XZHZ8M1sJq9AscEJ6J/UL7DXZA=,xMOXs17uZpq+4BlRjm8FBuN/Nwk=
101,134,3XZHZ8M1sJq9AscEJ6J/UL7DXZA=,xMOXs17uZpq+4BlRjm8FBuN/Nwk=
105,134,3XZHZ8M1sJq9AscEJ6J/UL7DXZA=,xMOXs17uZpq+4BlRjm8FBuN/Nwk=
103,134,3XZHZ8M1sJq9AscEJ6J/UL7DXZA=,xMOXs17uZpq+4BlRjm8FBuN/Nwk=
107,134,3XZHZ8M1sJq9AscEJ6J/UL7DXZA=,xMOXs17uZpq+4BlRjm8FBuN/Nwk=
99,134,3XZHZ8M1sJq9AscEJ6J/UL7DXZA=,xMOXs17uZpq+4BlRjm8FBuN/Nwk=
104,134,3XZHZ8M1sJq9AscEJ6J/UL7DXZA=,xMOXs17uZpq+4BlRjm8FBuN/Nwk=
97,134,3XZHZ8M1sJq9AscEJ6J/UL7DXZA=,xMOXs17uZpq+4BlRjm8FBuN/Nwk=
100,134,3XZHZ8M1sJq9AscEJ6J/UL7DXZA=,xMOXs17uZpq+4BlRjm8FBuN/Nwk=
104,128,3XZHZ8M1sJq9AscEJ6J/UL7DXZA=,xMOXs17uZpq+4BlRjm8FBuN/Nwk=
105,130,3XZHZ8M1sJq9AscEJ6J/UL7DXZA=,xMOXs17uZpq+4BlRjm8FBuN/Nwk=
98,134,3XZHZ8M1sJq9AscEJ6J/UL7DXZA=,xMOXs17uZpq+4BlRjm8FBuN/Nwk=
104,129,3XZHZ8M1sJq9AscEJ6J/UL7DXZA=,xMOXs17uZpq+4BlRjm8FBuN/Nwk=
98,133,3XZHZ8M1sJq9AscEJ6J/UL7DXZA=,xMOXs17uZpq+4BlRjm8FBuN/Nwk=
111,133,3XZHZ8M1sJq9AscEJ6J/UL7DXZA=,xMOXs17uZpq+4BlRjm8FBuN/Nwk=
102,134,3XZHZ8M1sJq9AscEJ6J/UL7DXZA=,xMOXs17uZpq+4BlRjm8FBuN/Nwk=
106,133,3XZHZ8M1sJq9AscEJ6J/UL7DXZA=,xMOXs17uZpq+4BlRjm8FBuN/Nwk=
96,134,3XZHZ8M1sJq9AscEJ6J/UL7DXZA=,xMOXs17uZpq+4BlRjm8FBuN/Nwk=
104,133,3XZHZ8M1sJq9AscEJ6J/UL7DXZA=,xMOXs17uZpq+4BlRjm8FBuN/Nwk=
101,133,3XZHZ8M1sJq9AscEJ6J/UL7DXZA=,xMOXs17uZpq+4BlRjm8FBuN/Nwk=
103,133,3XZHZ8M1sJq9AscEJ6J/UL7DXZA=,xMOXs17uZpq+4BlRjm8FBuN/Nwk=
105,133,3XZHZ8M1sJq9AscEJ6J/UL7DXZA=,xMOXs17uZpq+4BlRjm8FBuN/Nwk=
102,133,3XZHZ8M1sJq9AscEJ6J/UL7DXZA=,xMOXs17uZpq+4BlRjm8FBuN/Nwk=
99,133,3XZHZ8M1sJq9AscEJ6J/UL7DXZA=,xMOXs17uZpq+4BlRjm8FBuN/Nwk=
100,133,3XZHZ8M1sJq9AscEJ6J/UL7DXZA=,xMOXs17uZpq+4BlRjm8FBuN/Nwk=
110,133,3XZHZ8M1sJq9AscEJ6J/UL7DXZA=,xMOXs17uZpq+4BlRjm8FBuN/Nwk=
109,133,3XZHZ8M1sJq9AscEJ6J/UL7DXZA=,xMOXs17uZpq+4BlRjm8FBuN/Nwk=
107,133,3XZHZ8M1sJq9AscEJ6J/UL7DXZA=,xMOXs17uZpq+4BlRjm8FBuN/Nwk=
108,133,3XZHZ8M1sJq9AscEJ6J/UL7DXZA=,xMOXs17uZpq+4BlRjm8FBuN/Nwk=
111,159,tnx884fTAibR2yYQ3wnA0l9BdaM=,XXWxoqu8ASFSc8F6ZuNhNNdA0iY=
98,147,qwbBppUCEGtMv7knXZXz/5+HH+Q=,XXWxoqu8ASFSc8F6ZuNhNNdA0iY=
100,145,qwbBppUCEGtMv7knXZXz/5+HH+Q=,XXWxoqu8ASFSc8F6ZuNhNNdA0iY=
97,144,qwbBppUCEGtMv7knXZXz/5+HH+Q=,XXWxoqu8ASFSc8F6ZuNhNNdA0iY=
99,147,FsZW+tvv8u6K/cvoDooFbK9JE2g=,XXWxoqu8ASFSc8F6ZuNhNNdA0iY=
100,147,FsZW+tvv8u6K/cvoDooFbK9JE2g=,XXWxoqu8ASFSc8F6ZuNhNNdA0iY=
101,145,Q9XU68RVrBWXmJHA8ndluRZqQJE=,XXWxoqu8ASFSc8F6ZuNhNNdA0iY=
102,146,Q9XU68RVrBWXmJHA8ndluRZqQJE=,XXWxoqu8ASFSc8F6ZuNhNNdA0iY=
101,146,SudzyJAXmuPUoNaVyLfXG2FuAd0=,XXWxoqu8ASFSc8F6ZuNhNNdA0iY=
99,144,SudzyJAXmuPUoNaVyLfXG2FuAd0=,XXWxoqu8ASFSc8F6ZuNhNNdA0iY=
100,146,SudzyJAXmuPUoNaVyLfXG2FuAd0=,XXWxoqu8ASFSc8F6ZuNhNNdA0iY=
101,147,SudzyJAXmuPUoNaVyLfXG2FuAd0=,XXWxoqu8ASFSc8F6ZuNhNNdA0iY=
102,147,+C6qVbOlGWMB//iCHMZiCzWeZjs=,XXWxoqu8ASFSc8F6ZuNhNNdA0iY=
101,144,+C6qVbOlGWMB//iCHMZiCzWeZjs=,XXWxoqu8ASFSc8F6ZuNhNNdA0iY=
109,159,+C6qVbOlGWMB//iCHMZiCzWeZjs=,XXWxoqu8ASFSc8F6ZuNhNNdA0iY=
108,159,+C6qVbOlGWMB//iCHMZiCzWeZjs=,XXWxoqu8ASFSc8F6ZuNhNNdA0iY=
103,147,+C6qVbOlGWMB//iCHMZiCzWeZjs=,XXWxoqu8ASFSc8F6ZuNhNNdA0iY=
107,159,+C6qVbOlGWMB//iCHMZiCzWeZjs=,XXWxoqu8ASFSc8F6ZuNhNNdA0iY=
110,159,+C6qVbOlGWMB//iCHMZiCzWeZjs=,XXWxoqu8ASFSc8F6ZuNhNNdA0iY=
101,159,+C6qVbOlGWMB//iCHMZiCzWeZjs=,XXWxoqu8ASFSc8F6ZuNhNNdA0iY=
104,147,+C6qVbOlGWMB//iCHMZiCzWeZjs=,XXWxoqu8ASFSc8F6ZuNhNNdA0iY=
103,159,+C6qVbOlGWMB//iCHMZiCzWeZjs=,XXWxoqu8ASFSc8F6ZuNhNNdA0iY=
106,159,+C6qVbOlGWMB//iCHMZiCzWeZjs=,XXWxoqu8ASFSc8F6ZuNhNNdA0iY=
100,159,+C6qVbOlGWMB//iCHMZiCzWeZjs=,XXWxoqu8ASFSc8F6ZuNhNNdA0iY=
98,159,+C6qVbOlGWMB//iCHMZiCzWeZjs=,XXWxoqu8ASFSc8F6ZuNhNNdA0iY=
97,159,+C6qVbOlGWMB//iCHMZiCzWeZjs=,XXWxoqu8ASFSc8F6ZuNhNNdA0iY=
102,159,+C6qVbOlGWMB//iCHMZiCzWeZjs=,XXWxoqu8ASFSc8F6ZuNhNNdA0iY=
97,147,+C6qVbOlGWMB//iCHMZiCzWeZjs=,XXWxoqu8ASFSc8F6ZuNhNNdA0iY=
104,159,+C6qVbOlGWMB//iCHMZiCzWeZjs=,XXWxoqu8ASFSc8F6ZuNhNNdA0iY=
96,159,+C6qVbOlGWMB//iCHMZiCzWeZjs=,XXWxoqu8ASFSc8F6ZuNhNNdA0iY=
99,159,+C6qVbOlGWMB//iCHMZiCzWeZjs=,XXWxoqu8ASFSc8F6ZuNhNNdA0iY=
111,158,+C6qVbOlGWMB//iCHMZiCzWeZjs=,XXWxoqu8ASFSc8F6ZuNhNNdA0iY=
100,144,+C6qVbOlGWMB//iCHMZiCzWeZjs=,XXWxoqu8ASFSc8F6ZuNhNNdA0iY=
105,147,+C6qVbOlGWMB//iCHMZiCzWeZjs=,XXWxoqu8ASFSc8F6ZuNhNNdA0iY=
110,158,+C6qVbOlGWMB//iCHMZiCzWeZjs=,XXWxoqu8ASFSc8F6ZuNhNNdA0iY=
99,146,+C6qVbOlGWMB//iCHMZiCzWeZjs=,XXWxoqu8ASFSc8F6ZuNhNNdA0iY=
108,158,+C6qVbOlGWMB//iCHMZiCzWeZjs=,XXWxoqu8ASFSc8F6ZuNhNNdA0iY=
109,158,+C6qVbOlGWMB//iCHMZiCzWeZjs=,XXWxoqu8ASFSc8F6ZuNhNNdA0iY=
106,158,+C6qVbOlGWMB//iCHMZiCzWeZjs=,XXWxoqu8ASFSc8F6ZuNhNNdA0iY=
105,159,+C6qVbOlGWMB//iCHMZiCzWeZjs=,XXWxoqu8ASFSc8F6ZuNhNNdA0iY=
100,158,+C6qVbOlGWMB//iCHMZiCzWeZjs=,XXWxoqu8ASFSc8F6ZuNhNNdA0iY=
107,158,+C6qVbOlGWMB//iCHMZiCzWeZjs=,XXWxoqu8ASFSc8F6ZuNhNNdA0iY=
106,147,+C6qVbOlGWMB//iCHMZiCzWeZjs=,XXWxoqu8ASFSc8F6ZuNhNNdA0iY=
101,158,+C6qVbOlGWMB//iCHMZiCzWeZjs=,XXWxoqu8ASFSc8F6ZuNhNNdA0iY=
99,158,+C6qVbOlGWMB//iCHMZiCzWeZjs=,XXWxoqu8ASFSc8F6ZuNhNNdA0iY=
107,147,+C6qVbOlGWMB//iCHMZiCzWeZjs=,XXWxoqu8ASFSc8F6ZuNhNNdA0iY=
105,158,+C6qVbOlGWMB//iCHMZiCzWeZjs=,XXWxoqu8ASFSc8F6ZuNhNNdA0iY=
98,158,+C6qVbOlGWMB//iCHMZiCzWeZjs=,XXWxoqu8ASFSc8F6ZuNhNNdA0iY=
97,158,+C6qVbOlGWMB//iCHMZiCzWeZjs=,XXWxoqu8ASFSc8F6ZuNhNNdA0iY=
96,158,+C6qVbOlGWMB//iCHMZiCzWeZjs=,XXWxoqu8ASFSc8F6ZuNhNNdA0iY=
111,157,+C6qVbOlGWMB//iCHMZiCzWeZjs=,XXWxoqu8ASFSc8F6ZuNhNNdA0iY=
103,158,+C6qVbOlGWMB//iCHMZiCzWeZjs=,XXWxoqu8ASFSc8F6ZuNhNNdA0iY=
108,147,+C6qVbOlGWMB//iCHMZiCzWeZjs=,XXWxoqu8ASFSc8F6ZuNhNNdA0iY=
104,158,+C6qVbOlGWMB//iCHMZiCzWeZjs=,XXWxoqu8ASFSc8F6ZuNhNNdA0iY=
99,145,+C6qVbOlGWMB//iCHMZiCzWeZjs=,XXWxoqu8ASFSc8F6ZuNhNNdA0iY=
98,146,+C6qVbOlGWMB//iCHMZiCzWeZjs=,XXWxoqu8ASFSc8F6ZuNhNNdA0iY=
110,157,+C6qVbOlGWMB//iCHMZiCzWeZjs=,XXWxoqu8ASFSc8F6ZuNhNNdA0iY=
109,157,+C6qVbOlGWMB//iCHMZiCzWeZjs=,XXWxoqu8ASFSc8F6ZuNhNNdA0iY=
108,157,+C6qVbOlGWMB//iCHMZiCzWeZjs=,XXWxoqu8ASFSc8F6ZuNhNNdA0iY=
109,147,+C6qVbOlGWMB//iCHMZiCzWeZjs=,XXWxoqu8ASFSc8F6ZuNhNNdA0iY=
106,157,+C6qVbOlGWMB//iCHMZiCzWeZjs=,XXWxoqu8ASFSc8F6ZuNhNNdA0iY=
107,157,+C6qVbOlGWMB//iCHMZiCzWeZjs=,XXWxoqu8ASFSc8F6ZuNhNNdA0iY=
110,147,+C6qVbOlGWMB//iCHMZiCzWeZjs=,XXWxoqu8ASFSc8F6ZuNhNNdA0iY=
102,158,+C6qVbOlGWMB//iCHMZiCzWeZjs=,XXWxoqu8ASFSc8F6ZuNhNNdA0iY=
102,145,+C6qVbOlGWMB//iCHMZiCzWeZjs=,XXWxoqu8ASFSc8F6ZuNhNNdA0iY=
102,157,+C6qVbOlGWMB//iCHMZiCzWeZjs=,XXWxoqu8ASFSc8F6ZuNhNNdA0iY=
99,157,+C6qVbOlGWMB//iCHMZiCzWeZjs=,XXWxoqu8ASFSc8F6ZuNhNNdA0iY=
104,157,+C6qVbOlGWMB//iCHMZiCzWeZjs=,XXWxoqu8ASFSc8F6ZuNhNNdA0iY=
101,157,+C6qVbOlGWMB//iCHMZiCzWeZjs=,XXWxoqu8ASFSc8F6ZuNhNNdA0iY=
103,157,+C6qVbOlGWMB//iCHMZiCzWeZjs=,XXWxoqu8ASFSc8F6ZuNhNNdA0iY=
98,157,+C6qVbOlGWMB//iCHMZiCzWeZjs=,XXWxoqu8ASFSc8F6ZuNhNNdA0iY=
100,157,+C6qVbOlGWMB//iCHMZiCzWeZjs=,XXWxoqu8ASFSc8F6ZuNhNNdA0iY=
96,157,+C6qVbOlGWMB//iCHMZiCzWeZjs=,XXWxoqu8ASFSc8F6ZuNhNNdA0iY=
97,157,+C6qVbOlGWMB//iCHMZiCzWeZjs=,XXWxoqu8ASFSc8F6ZuNhNNdA0iY=
111,156,+C6qVbOlGWMB//iCHMZiCzWeZjs=,XXWxoqu8ASFSc8F6ZuNhNNdA0iY=
111,147,+C6qVbOlGWMB//iCHMZiCzWeZjs=,XXWxoqu8ASFSc8F6ZuNhNNdA0iY=
105,157,+C6qVbOlGWMB//iCHMZiCzWeZjs=,XXWxoqu8ASFSc8F6ZuNhNNdA0iY=
98,145,+C6qVbOlGWMB//iCHMZiCzWeZjs=,XXWxoqu8ASFSc8F6ZuNhNNdA0iY=
97,146,+C6qVbOlGWMB//iCHMZiCzWeZjs=,XXWxoqu8ASFSc8F6ZuNhNNdA0iY=
108,156,+C6qVbOlGWMB//iCHMZiCzWeZjs=,XXWxoqu8ASFSc8F6ZuNhNNdA0iY=
109,156,+C6qVbOlGWMB//iCHMZiCzWeZjs=,XXWxoqu8ASFSc8F6ZuNhNNdA0iY=
110,156,+C6qVbOlGWMB//iCHMZiCzWeZjs=,XXWxoqu8ASFSc8F6ZuNhNNdA0iY=
107,156,+C6qVbOlGWMB//iCHMZiCzWeZjs=,XXWxoqu8ASFSc8F6ZuNhNNdA0iY=
106,156,+C6qVbOlGWMB//iCHMZiCzWeZjs=,XXWxoqu8ASFSc8F6ZuNhNNdA0iY=
103,146,+C6qVbOlGWMB//iCHMZiCzWeZjs=,XXWxoqu8ASFSc8F6ZuNhNNdA0iY=
103,156,+C6qVbOlGWMB//iCHMZiCzWeZjs=,XXWxoqu8ASFSc8F6ZuNhNNdA0iY=
105,156,+C6qVbOlGWMB//iCHMZiCzWeZjs=,XXWxoqu8ASFSc8F6ZuNhNNdA0iY=
96,148,+C6qVbOlGWMB//iCHMZiCzWeZjs=,XXWxoqu8ASFSc8F6ZuNhNNdA0iY=
100,156,+C6qVbOlGWMB//iCHMZiCzWeZjs=,XXWxoqu8ASFSc8F6ZuNhNNdA0iY=
101,156,+C6qVbOlGWMB//iCHMZiCzWeZjs=,XXWxoqu8ASFSc8F6ZuNhNNdA0iY=
104,156,+C6qVbOlGWMB//iCHMZiCzWeZjs=,XXWxoqu8ASFSc8F6ZuNhNNdA0iY=
102,156,+C6qVbOlGWMB//iCHMZiCzWeZjs=,XXWxoqu8ASFSc8F6ZuNhNNdA0iY=
99,156,+C6qVbOlGWMB//iCHMZiCzWeZjs=,XXWxoqu8ASFSc8F6ZuNhNNdA0iY=
98,156,+C6qVbOlGWMB//iCHMZiCzWeZjs=,XXWxoqu8ASFSc8F6ZuNhNNdA0iY=
102,144,+C6qVbOlGWMB//iCHMZiCzWeZjs=,XXWxoqu8ASFSc8F6ZuNhNNdA0iY=
97,156,+C6qVbOlGWMB//iCHMZiCzWeZjs=,XXWxoqu8ASFSc8F6ZuNhNNdA0iY=
96,156,+C6qVbOlGWMB//iCHMZiCzWeZjs=,XXWxoqu8ASFSc8F6ZuNhNNdA0iY=
96,145,+C6qVbOlGWMB//iCHMZiCzWeZjs=,XXWxoqu8ASFSc8F6ZuNhNNdA0iY=
96,147,+C6qVbOlGWMB//iCHMZiCzWeZjs=,XXWxoqu8ASFSc8F6ZuNhNNdA0iY=
98,144,+C6qVbOlGWMB//iCHMZiCzWeZjs=,XXWxoqu8ASFSc8F6ZuNhNNdA0iY=
97,148,+C6qVbOlGWMB//iCHMZiCzWeZjs=,XXWxoqu8ASFSc8F6ZuNhNNdA0iY=
97,145,+C6qVbOlGWMB//iCHMZiCzWeZjs=,XXWxoqu8ASFSc8F6ZuNhNNdA0iY=
96,146,+C6qVbOlGWMB//iCHMZiCzWeZjs=,XXWxoqu8ASFSc8F6ZuNhNNdA0iY=
111,144,+C6qVbOlGWMB//iCHMZiCzWeZjs=,XXWxoqu8ASFSc8F6ZuNhNNdA0iY=
110,144,+C6qVbOlGWMB//iCHMZiCzWeZjs=,XXWxoqu8ASFSc8F6ZuNhNNdA0iY=
111,145,+C6qVbOlGWMB//iCHMZiCzWeZjs=,XXWxoqu8ASFSc8F6ZuNhNNdA0iY=
111,155,+C6qVbOlGWMB//iCHMZiCzWeZjs=,XXWxoqu8ASFSc8F6ZuNhNNdA0iY=
111,146,+C6qVbOlGWMB//iCHMZiCzWeZjs=,XXWxoqu8ASFSc8F6ZuNhNNdA0iY=
110,145,+C6qVbOlGWMB//iCHMZiCzWeZjs=,XXWxoqu8ASFSc8F6ZuNhNNdA0iY=
110,155,+C6qVbOlGWMB//iCHMZiCzWeZjs=,XXWxoqu8ASFSc8F6ZuNhNNdA0iY=
98,148,+C6qVbOlGWMB//iCHMZiCzWeZjs=,XXWxoqu8ASFSc8F6ZuNhNNdA0iY=
108,155,+C6qVbOlGWMB//iCHMZiCzWeZjs=,XXWxoqu8ASFSc8F6ZuNhNNdA0iY=
107,155,+C6qVbOlGWMB//iCHMZiCzWeZjs=,XXWxoqu8ASFSc8F6ZuNhNNdA0iY=
104,155,+C6qVbOlGWMB//iCHMZiCzWeZjs=,XXWxoqu8ASFSc8F6ZuNhNNdA0iY=
106,155,+C6qVbOlGWMB//iCHMZiCzWeZjs=,XXWxoqu8ASFSc8F6ZuNhNNdA0iY=
109,155,+C6qVbOlGWMB//iCHMZiCzWeZjs=,XXWxoqu8ASFSc8F6ZuNhNNdA0iY=
103,155,+C6qVbOlGWMB//iCHMZiCzWeZjs=,XXWxoqu8ASFSc8F6ZuNhNNdA0iY=
105,155,+C6qVbOlGWMB//iCHMZiCzWeZjs=,XXWxoqu8ASFSc8F6ZuNhNNdA0iY=
102,155,+C6qVbOlGWMB//iCHMZiCzWeZjs=,XXWxoqu8ASFSc8F6ZuNhNNdA0iY=
101,155,+C6qVbOlGWMB//iCHMZiCzWeZjs=,XXWxoqu8ASFSc8F6ZuNhNNdA0iY=
100,155,+C6qVbOlGWMB//iCHMZiCzWeZjs=,XXWxoqu8ASFSc8F6ZuNhNNdA0iY=
98,155,+C6qVbOlGWMB//iCHMZiCzWeZjs=,XXWxoqu8ASFSc8F6ZuNhNNdA0iY=
97,155,+C6qVbOlGWMB//iCHMZiCzWeZjs=,XXWxoqu8ASFSc8F6ZuNhNNdA0iY=
99,148,+C6qVbOlGWMB//iCHMZiCzWeZjs=,XXWxoqu8ASFSc8F6ZuNhNNdA0iY=
99,155,+C6qVbOlGWMB//iCHMZiCzWeZjs=,XXWxoqu8ASFSc8F6ZuNhNNdA0iY=
96,155,+C6qVbOlGWMB//iCHMZiCzWeZjs=,XXWxoqu8ASFSc8F6ZuNhNNdA0iY=
110,146,+C6qVbOlGWMB//iCHMZiCzWeZjs=,XXWxoqu8ASFSc8F6ZuNhNNdA0iY=
100,148,+C6qVbOlGWMB//iCHMZiCzWeZjs=,XXWxoqu8ASFSc8F6ZuNhNNdA0iY=
110,154,+C6qVbOlGWMB//iCHMZiCzWeZjs=,XXWxoqu8ASFSc8F6ZuNhNNdA0iY=
109,154,+C6qVbOlGWMB//iCHMZiCzWeZjs=,XXWxoqu8ASFSc8F6ZuNhNNdA0iY=
111,154,+C6qVbOlGWMB//iCHMZiCzWeZjs=,XXWxoqu8ASFSc8F6ZuNhNNdA0iY=
108,154,+C6qVbOlGWMB//iCHMZiCzWeZjs=,XXWxoqu8ASFSc8F6ZuNhNNdA0iY=
109,144,+C6qVbOlGWMB//iCHMZiCzWeZjs=,XXWxoqu8ASFSc8F6ZuNhNNdA0iY=
109,145,+C6qVbOlGWMB//iCHMZiCzWeZjs=,XXWxoqu8ASFSc8F6ZuNhNNdA0iY=
107,154,+C6qVbOlGWMB//iCHMZiCzWeZjs=,XXWxoqu8ASFSc8F6ZuNhNNdA0iY=
104,154,+C6qVbOlGWMB//iCHMZiCzWeZjs=,XXWxoqu8ASFSc8F6ZuNhNNdA0iY=
106,154,+C6qVbOlGWMB//iCHMZiCzWeZjs=,XXWxoqu8ASFSc8F6ZuNhNNdA0iY=
105,154,+C6qVbOlGWMB//iCHMZiCzWeZjs=,XXWxoqu8ASFSc8F6ZuNhNNdA0iY=
101,148,+C6qVbOlGWMB//iCHMZiCzWeZjs=,XXWxoqu8ASFSc8F6ZuNhNNdA0iY=
103,154,+C6qVbOlGWMB//iCHMZiCzWeZjs=,XXWxoqu8ASFSc8F6ZuNhNNdA0iY=
102,154,+C6qVbOlGWMB//iCHMZiCzWeZjs=,XXWxoqu8ASFSc8F6ZuNhNNdA0iY=
98,154,+C6qVbOlGWMB//iCHMZiCzWeZjs=,XXWxoqu8ASFSc8F6ZuNhNNdA0iY=
99,154,+C6qVbOlGWMB//iCHMZiCzWeZjs=,XXWxoqu8ASFSc8F6ZuNhNNdA0iY=
102,148,+C6qVbOlGWMB//iCHMZiCzWeZjs=,XXWxoqu8ASFSc8F6ZuNhNNdA0iY=
100,154,+C6qVbOlGWMB//iCHMZiCzWeZjs=,XXWxoqu8ASFSc8F6ZuNhNNdA0iY=
97,154,+C6qVbOlGWMB//iCHMZiCzWeZjs=,XXWxoqu8ASFSc8F6ZuNhNNdA0iY=
101,154,+C6qVbOlGWMB//iCHMZiCzWeZjs=,XXWxoqu8ASFSc8F6ZuNhNNdA0iY=
96,154,+C6qVbOlGWMB//iCHMZiCzWeZjs=,XXWxoqu8ASFSc8F6ZuNhNNdA0iY=
109,146,+C6qVbOlGWMB//iCHMZiCzWeZjs=,XXWxoqu8ASFSc8F6ZuNhNNdA0iY=
111,153,+C6qVbOlGWMB//iCHMZiCzWeZjs=,XXWxoqu8ASFSc8F6ZuNhNNdA0iY=
96,144,+C6qVbOlGWMB//iCHMZiCzWeZjs=,XXWxoqu8ASFSc8F6ZuNhNNdA0iY=
110,153,+C6qVbOlGWMB//iCHMZiCzWeZjs=,XXWxoqu8ASFSc8F6ZuNhNNdA0iY=
108,145,+C6qVbOlGWMB//iCHMZiCzWeZjs=,XXWxoqu8ASFSc8F6ZuNhNNdA0iY=
108,144,+C6qVbOlGWMB//iCHMZiCzWeZjs=,XXWxoqu8ASFSc8F6ZuNhNNdA0iY=
109,153,+C6qVbOlGWMB//iCHMZiCzWeZjs=,XXWxoqu8ASFSc8F6ZuNhNNdA0iY=
107,153,+C6qVbOlGWMB//iCHMZiCzWeZjs=,XXWxoqu8ASFSc8F6ZuNhNNdA0iY=
103,148,+C6qVbOlGWMB//iCHMZiCzWeZjs=,XXWxoqu8ASFSc8F6ZuNhNNdA0iY=
108,153,+C6qVbOlGWMB//iCHMZiCzWeZjs=,XXWxoqu8ASFSc8F6ZuNhNNdA0iY=
106,153,+C6qVbOlGWMB//iCHMZiCzWeZjs=,XXWxoqu8ASFSc8F6ZuNhNNdA0iY=
102,153,+C6qVbOlGWMB//iCHMZiCzWeZjs=,XXWxoqu8ASFSc8F6ZuNhNNdA0iY=
103,153,+C6qVbOlGWMB//iCHMZiCzWeZjs=,XXWxoqu8ASFSc8F6ZuNhNNdA0iY=
99,153,+C6qVbOlGWMB//iCHMZiCzWeZjs=,XXWxoqu8ASFSc8F6ZuNhNNdA0iY=
105,153,+C6qVbOlGWMB//iCHMZiCzWeZjs=,XXWxoqu8ASFSc8F6ZuNhNNdA0iY=
98,153,+C6qVbOlGWMB//iCHMZiCzWeZjs=,XXWxoqu8ASFSc8F6ZuNhNNdA0iY=
97,153,+C6qVbOlGWMB//iCHMZiCzWeZjs=,XXWxoqu8ASFSc8F6ZuNhNNdA0iY=
104,148,+C6qVbOlGWMB//iCHMZiCzWeZjs=,XXWxoqu8ASFSc8F6ZuNhNNdA0iY=
104,153,+C6qVbOlGWMB//iCHMZiCzWeZjs=,XXWxoqu8ASFSc8F6ZuNhNNdA0iY=
100,153,+C6qVbOlGWMB//iCHMZiCzWeZjs=,XXWxoqu8ASFSc8F6ZuNhNNdA0iY=
101,153,+C6qVbOlGWMB//iCHMZiCzWeZjs=,XXWxoqu8ASFSc8F6ZuNhNNdA0iY=
107,144,+C6qVbOlGWMB//iCHMZiCzWeZjs=,XXWxoqu8ASFSc8F6ZuNhNNdA0iY=
96,153,+C6qVbOlGWMB//iCHMZiCzWeZjs=,XXWxoqu8ASFSc8F6ZuNhNNdA0iY=
111,152,+C6qVbOlGWMB//iCHMZiCzWeZjs=,XXWxoqu8ASFSc8F6ZuNhNNdA0iY=
105,148,+C6qVbOlGWMB//iCHMZiCzWeZjs=,XXWxoqu8ASFSc8F6ZuNhNNdA0iY=
110,152,+C6qVbOlGWMB//iCHMZiCzWeZjs=,XXWxoqu8ASFSc8F6ZuNhNNdA0iY=
108,146,+C6qVbOlGWMB//iCHMZiCzWeZjs=,XXWxoqu8ASFSc8F6ZuNhNNdA0iY=
109,152,+C6qVbOlGWMB//iCHMZiCzWeZjs=,XXWxoqu8ASFSc8F6ZuNhNNdA0iY=
107,145,+C6qVbOlGWMB//iCHMZiCzWeZjs=,XXWxoqu8ASFSc8F6ZuNhNNdA0iY=
107,152,+C6qVbOlGWMB//iCHMZiCzWeZjs=,XXWxoqu8ASFSc8F6ZuNhNNdA0iY=
102,152,+C6qVbOlGWMB//iCHMZiCzWeZjs=,XXWxoqu8ASFSc8F6ZuNhNNdA0iY=
108,152,+C6qVbOlGWMB//iCHMZiCzWeZjs=,XXWxoqu8ASFSc8F6ZuNhNNdA0iY=
106,148,+C6qVbOlGWMB//iCHMZiCzWeZjs=,XXWxoqu8ASFSc8F6ZuNhNNdA0iY=
106,152,+C6qVbOlGWMB//iCHMZiCzWeZjs=,XXWxoqu8ASFSc8F6ZuNhNNdA0iY=
101,152,+C6qVbOlGWMB//iCHMZiCzWeZjs=,XXWxoqu8ASFSc8F6ZuNhNNdA0iY=
99,152,+C6qVbOlGWMB//iCHMZiCzWeZjs=,XXWxoqu8ASFSc8F6ZuNhNNdA0iY=
100,152,+C6qVbOlGWMB//iCHMZiCzWeZjs=,XXWxoqu8ASFSc8F6ZuNhNNdA0iY=
105,152,+C6qVbOlGWMB//iCHMZiCzWeZjs=,XXWxoqu8ASFSc8F6ZuNhNNdA0iY=
98,152,+C6qVbOlGWMB//iCHMZiCzWeZjs=,XXWxoqu8ASFSc8F6ZuNhNNdA0iY=
107,148,+C6qVbOlGWMB//iCHMZiCzWeZjs=,XXWxoqu8ASFSc8F6ZuNhNNdA0iY=
104,152,+C6qVbOlGWMB//iCHMZiCzWeZjs=,XXWxoqu8ASFSc8F6ZuNhNNdA0iY=
97,152,+C6qVbOlGWMB//iCHMZiCzWeZjs=,XXWxoqu8ASFSc8F6ZuNhNNdA0iY=
96,152,+C6qVbOlGWMB//iCHMZiCzWeZjs=,XXWxoqu8ASFSc8F6ZuNhNNdA0iY=
103,152,+C6qVbOlGWMB//iCHMZiCzWeZjs=,XXWxoqu8ASFSc8F6ZuNhNNdA0iY=
108,148,+C6qVbOlGWMB//iCHMZiCzWeZjs=,XXWxoqu8ASFSc8F6ZuNhNNdA0iY=
107,146,+C6qVbOlGWMB//iCHMZiCzWeZjs=,XXWxoqu8ASFSc8F6ZuNhNNdA0iY=
111,151,+C6qVbOlGWMB//iCHMZiCzWeZjs=,XXWxoqu8ASFSc8F6ZuNhNNdA0iY=
106,144,+C6qVbOlGWMB//iCHMZiCzWeZjs=,XXWxoqu8ASFSc8F6ZuNhNNdA0iY=
109,148,+C6qVbOlGWMB//iCHMZiCzWeZjs=,XXWxoqu8ASFSc8F6ZuNhNNdA0iY=
106,145,+C6qVbOlGWMB//iCHMZiCzWeZjs=,XXWxoqu8ASFSc8F6ZuNhNNdA0iY=
109,151,+C6qVbOlGWMB//iCHMZiCzWeZjs=,XXWxoqu8ASFSc8F6ZuNhNNdA0iY=
110,151,+C6qVbOlGWMB//iCHMZiCzWeZjs=,XXWxoqu8ASFSc8F6ZuNhNNdA0iY=
107,151,+C6qVbOlGWMB//iCHMZiCzWeZjs=,XXWxoqu8ASFSc8F6ZuNhNNdA0iY=
104,151,+C6qVbOlGWMB//iCHMZiCzWeZjs=,XXWxoqu8ASFSc8F6ZuNhNNdA0iY=
105,151,+C6qVbOlGWMB//iCHMZiCzWeZjs=,XXWxoqu8ASFSc8F6ZuNhNNdA0iY=
110,148,+C6qVbOlGWMB//iCHMZiCzWeZjs=,XXWxoqu8ASFSc8F6ZuNhNNdA0iY=
99,151,+C6qVbOlGWMB//iCHMZiCzWeZjs=,XXWxoqu8ASFSc8F6ZuNhNNdA0iY=
106,151,+C6qVbOlGWMB//iCHMZiCzWeZjs=,XXWxoqu8ASFSc8F6ZuNhNNdA0iY=
108,151,+C6qVbOlGWMB//iCHMZiCzWeZjs=,XXWxoqu8ASFSc8F6ZuNhNNdA0iY=
102,151,+C6qVbOlGWMB//iCHMZiCzWeZjs=,XXWxoqu8ASFSc8F6ZuNhNNdA0iY=
101,151,+C6qVbOlGWMB//iCHMZiCzWeZjs=,XXWxoqu8ASFSc8F6ZuNhNNdA0iY=
100,151,+C6qVbOlGWMB//iCHMZiCzWeZjs=,XXWxoqu8ASFSc8F6ZuNhNNdA0iY=
103,145,+C6qVbOlGWMB//iCHMZiCzWeZjs=,XXWxoqu8ASFSc8F6ZuNhNNdA0iY=
103,151,+C6qVbOlGWMB//iCHMZiCzWeZjs=,XXWxoqu8ASFSc8F6ZuNhNNdA0iY=
98,151,+C6qVbOlGWMB//iCHMZiCzWeZjs=,XXWxoqu8ASFSc8F6ZuNhNNdA0iY=
96,151,+C6qVbOlGWMB//iCHMZiCzWeZjs=,XXWxoqu8ASFSc8F6ZuNhNNdA0iY=
111,148,+C6qVbOlGWMB//iCHMZiCzWeZjs=,XXWxoqu8ASFSc8F6ZuNhNNdA0iY=
111,150,+C6qVbOlGWMB//iCHMZiCzWeZjs=,XXWxoqu8ASFSc8F6ZuNhNNdA0iY=
105,145,+C6qVbOlGWMB//iCHMZiCzWeZjs=,XXWxoqu8ASFSc8F6ZuNhNNdA0iY=
97,151,+C6qVbOlGWMB//iCHMZiCzWeZjs=,XXWxoqu8ASFSc8F6ZuNhNNdA0iY=
110,150,+C6qVbOlGWMB//iCHMZiCzWeZjs=,XXWxoqu8ASFSc8F6ZuNhNNdA0iY=
105,144,+C6qVbOlGWMB//iCHMZiCzWeZjs=,XXWxoqu8ASFSc8F6ZuNhNNdA0iY=
106,146,+C6qVbOlGWMB//iCHMZiCzWeZjs=,XXWxoqu8ASFSc8F6ZuNhNNdA0iY=
109,150,+C6qVbOlGWMB//iCHMZiCzWeZjs=,XXWxoqu8ASFSc8F6ZuNhNNdA0iY=
104,146,+C6qVbOlGWMB//iCHMZiCzWeZjs=,XXWxoqu8ASFSc8F6ZuNhNNdA0iY=
105,150,+C6qVbOlGWMB//iCHMZiCzWeZjs=,XXWxoqu8ASFSc8F6ZuNhNNdA0iY=
104,150,+C6qVbOlGWMB//iCHMZiCzWeZjs=,XXWxoqu8ASFSc8F6ZuNhNNdA0iY=
106,150,+C6qVbOlGWMB//iCHMZiCzWeZjs=,XXWxoqu8ASFSc8F6ZuNhNNdA0iY=
103,144,+C6qVbOlGWMB//iCHMZiCzWeZjs=,XXWxoqu8ASFSc8F6ZuNhNNdA0iY=
108,150,+C6qVbOlGWMB//iCHMZiCzWeZjs=,XXWxoqu8ASFSc8F6ZuNhNNdA0iY=
103,150,+C6qVbOlGWMB//iCHMZiCzWeZjs=,XXWxoqu8ASFSc8F6ZuNhNNdA0iY=
107,150,+C6qVbOlGWMB//iCHMZiCzWeZjs=,XXWxoqu8ASFSc8F6ZuNhNNdA0iY=
100,150,+C6qVbOlGWMB//iCHMZiCzWeZjs=,XXWxoqu8ASFSc8F6ZuNhNNdA0iY=
101,150,+C6qVbOlGWMB//iCHMZiCzWeZjs=,XXWxoqu8ASFSc8F6ZuNhNNdA0iY=
102,150,+C6qVbOlGWMB//iCHMZiCzWeZjs=,XXWxoqu8ASFSc8F6ZuNhNNdA0iY=
99,150,+C6qVbOlGWMB//iCHMZiCzWeZjs=,XXWxoqu8ASFSc8F6ZuNhNNdA0iY=
96,149,+C6qVbOlGWMB//iCHMZiCzWeZjs=,XXWxoqu8ASFSc8F6ZuNhNNdA0iY=
97,150,+C6qVbOlGWMB//iCHMZiCzWeZjs=,XXWxoqu8ASFSc8F6ZuNhNNdA0iY=
98,150,+C6qVbOlGWMB//iCHMZiCzWeZjs=,XXWxoqu8ASFSc8F6ZuNhNNdA0iY=
104,144,+C6qVbOlGWMB//iCHMZiCzWeZjs=,XXWxoqu8ASFSc8F6ZuNhNNdA0iY=
111,149,+C6qVbOlGWMB//iCHMZiCzWeZjs=,XXWxoqu8ASFSc8F6ZuNhNNdA0iY=
104,145,+C6qVbOlGWMB//iCHMZiCzWeZjs=,XXWxoqu8ASFSc8F6ZuNhNNdA0iY=
105,146,+C6qVbOlGWMB//iCHMZiCzWeZjs=,XXWxoqu8ASFSc8F6ZuNhNNdA0iY=
110,149,+C6qVbOlGWMB//iCHMZiCzWeZjs=,XXWxoqu8ASFSc8F6ZuNhNNdA0iY=
96,150,+C6qVbOlGWMB//iCHMZiCzWeZjs=,XXWxoqu8ASFSc8F6ZuNhNNdA0iY=
97,149,+C6qVbOlGWMB//iCHMZiCzWeZjs=,XXWxoqu8ASFSc8F6ZuNhNNdA0iY=
109,149,+C6qVbOlGWMB//iCHMZiCzWeZjs=,XXWxoqu8ASFSc8F6ZuNhNNdA0iY=
108,149,+C6qVbOlGWMB//iCHMZiCzWeZjs=,XXWxoqu8ASFSc8F6ZuNhNNdA0iY=
106,149,+C6qVbOlGWMB//iCHMZiCzWeZjs=,XXWxoqu8ASFSc8F6ZuNhNNdA0iY=
107,149,+C6qVbOlGWMB//iCHMZiCzWeZjs=,XXWxoqu8ASFSc8F6ZuNhNNdA0iY=
105,149,+C6qVbOlGWMB//iCHMZiCzWeZjs=,XXWxoqu8ASFSc8F6ZuNhNNdA0iY=
104,149,+C6qVbOlGWMB//iCHMZiCzWeZjs=,XXWxoqu8ASFSc8F6ZuNhNNdA0iY=
98,149,+C6qVbOlGWMB//iCHMZiCzWeZjs=,XXWxoqu8ASFSc8F6ZuNhNNdA0iY=
102,149,+C6qVbOlGWMB//iCHMZiCzWeZjs=,XXWxoqu8ASFSc8F6ZuNhNNdA0iY=
103,149,+C6qVbOlGWMB//iCHMZiCzWeZjs=,XXWxoqu8ASFSc8F6ZuNhNNdA0iY=
99,149,+C6qVbOlGWMB//iCHMZiCzWeZjs=,XXWxoqu8ASFSc8F6ZuNhNNdA0iY=
100,149,+C6qVbOlGWMB//iCHMZiCzWeZjs=,XXWxoqu8ASFSc8F6ZuNhNNdA0iY=
101,149,+C6qVbOlGWMB//iCHMZiCzWeZjs=,XXWxoqu8ASFSc8F6ZuNhNNdA0iY=
116,147,Dntp2v780QtU4OXWTd7G3bbyX/Y=,ub7dv+BXNDFGhu+rBIM/mMfPPN4=
116,145,Dntp2v780QtU4OXWTd7G3bbyX/Y=,ub7dv+BXNDFGhu+rBIM/mMfPPN4=
119,147,JqyWmhW1AdpAY13PH/FGtrcsiaI=,ub7dv+BXNDFGhu+rBIM/mMfPPN4=
117,145,OQbpOg6co/rlE52BwQouK1dYNxg=,ub7dv+BXNDFGhu+rBIM/mMfPPN4=
115,147,OQbpOg6co/rlE52BwQouK1dYNxg=,ub7dv+BXNDFGhu+rBIM/mMfPPN4=
118,147,oASFnUsdEPteyMab8vxlvdK1OVY=,ub7dv+BXNDFGhu+rBIM/mMfPPN4=
113,144,oASFnUsdEPteyMab8vxlvdK1OVY=,ub7dv+BXNDFGhu+rBIM/mMfPPN4=
116,146,oASFnUsdEPteyMab8vxlvdK1OVY=,ub7dv+BXNDFGhu+rBIM/mMfPPN4=
114,147,oASFnUsdEPteyMab8vxlvdK1OVY=,ub7dv+BXNDFGhu+rBIM/mMfPPN4=
118,146,1lc1FcGKxRjfIO0pErHwOhZClIk=,ub7dv+BXNDFGhu+rBIM/mMfPPN4=
120,147,1lc1FcGKxRjfIO0pErHwOhZClIk=,ub7dv+BXNDFGhu+rBIM/mMfPPN4=
127,159,1lc1FcGKxRjfIO0pErHwOhZClIk=,ub7dv+BXNDFGhu+rBIM/mMfPPN4=
117,144,1lc1FcGKxRjfIO0pErHwOhZClIk=,ub7dv+BXNDFGhu+rBIM/mMfPPN4=
125,159,1lc1FcGKxRjfIO0pErHwOhZClIk=,ub7dv+BXNDFGhu+rBIM/mMfPPN4=
121,147,1lc1FcGKxRjfIO0pErHwOhZClIk=,ub7dv+BXNDFGhu+rBIM/mMfPPN4=
122,159,1lc1FcGKxRjfIO0pErHwOhZClIk=,ub7dv+BXNDFGhu+rBIM/mMfPPN4=
123,159,1lc1FcGKxRjfIO0pErHwOhZClIk=,ub7dv+BXNDFGhu+rBIM/mMfPPN4=
121,159,1lc1FcGKxRjfIO0pErHwOhZClIk=,ub7dv+BXNDFGhu+rBIM/mMfPPN4=
117,146,1lc1FcGKxRjfIO0pErHwOhZClIk=,ub7dv+BXNDFGhu+rBIM/mMfPPN4=
122,147,1lc1FcGKxRjfIO0pErHwOhZClIk=,ub7dv+BXNDFGhu+rBIM/mMfPPN4=
118,159,1lc1FcGKxRjfIO0pErHwOhZClIk=,ub7dv+BXNDFGhu+rBIM/mMfPPN4=
119,159,1lc1FcGKxRjfIO0pErHwOhZClIk=,ub7dv+BXNDFGhu+rBIM/mMfPPN4=
117,159,1lc1FcGKxRjfIO0pErHwOhZClIk=,ub7dv+BXNDFGhu+rBIM/mMfPPN4=
120,159,1lc1FcGKxRjfIO0pErHwOhZClIk=,ub7dv+BXNDFGhu+rBIM/mMfPPN4=
115,159,1lc1FcGKxRjfIO0pErHwOhZClIk=,ub7dv+BXNDFGhu+rBIM/mMfPPN4=
116,159,1lc1FcGKxRjfIO0pErHwOhZClIk=,ub7dv+BXNDFGhu+rBIM/mMfPPN4=
124,159,1lc1FcGKxRjfIO0pErHwOhZClIk=,ub7dv+BXNDFGhu+rBIM/mMfPPN4=
115,144,1lc1FcGKxRjfIO0pErHwOhZClIk=,ub7dv+BXNDFGhu+rBIM/mMfPPN4=
117,147,1lc1FcGKxRjfIO0pErHwOhZClIk=,ub7dv+BXNDFGhu+rBIM/mMfPPN4=
114,159,1lc1FcGKxRjfIO0pErHwOhZClIk=,ub7dv+BXNDFGhu+rBIM/mMfPPN4=
112,159,1lc1FcGKxRjfIO0pErHwOhZClIk=,ub7dv+BXNDFGhu+rBIM/mMfPPN4=
113,147,1lc1FcGKxRjfIO0pErHwOhZClIk=,ub7dv+BXNDFGhu+rBIM/mMfPPN4=
115,146,1lc1FcGKxRjfIO0pErHwOhZClIk=,ub7dv+BXNDFGhu+rBIM/mMfPPN4=
116,144,1lc1FcGKxRjfIO0pErHwOhZClIk=,ub7dv+BXNDFGhu+rBIM/mMfPPN4=
124,158,1lc1FcGKxRjfIO0pErHwOhZClIk=,ub7dv+BXNDFGhu+rBIM/mMfPPN4=
113,159,1lc1FcGKxRjfIO0pErHwOhZClIk=,ub7dv+BXNDFGhu+rBIM/mMfPPN4=
123,158,1lc1FcGKxRjfIO0pErHwOhZClIk=,ub7dv+BXNDFGhu+rBIM/mMfPPN4=
126,159,1lc1FcGKxRjfIO0pErHwOhZClIk=,ub7dv+BXNDFGhu+rBIM/mMfPPN4=
122,158,1lc1FcGKxRjfIO0pErHwOhZClIk=,ub7dv+BXNDFGhu+rBIM/mMfPPN4=
120,158,1lc1FcGKxRjfIO0pErHwOhZClIk=,ub7dv+BXNDFGhu+rBIM/mMfPPN4=
121,158,1lc1FcGKxRjfIO0pErHwOhZClIk=,ub7dv+BXNDFGhu+rBIM/mMfPPN4=
119,158,1lc1FcGKxRjfIO0pErHwOhZClIk=,ub7dv+BXNDFGhu+rBIM/mMfPPN4=
118,158,1lc1FcGKxRjfIO0pErHwOhZClIk=,ub7dv+BXNDFGhu+rBIM/mMfPPN4=
117,158,1lc1FcGKxRjfIO0pErHwOhZClIk=,ub7dv+BXNDFGhu+rBIM/mMfPPN4=
126,158,1lc1FcGKxRjfIO0pErHwOhZClIk=,ub7dv+BXNDFGhu+rBIM/mMfPPN4=
115,158,1lc1FcGKxRjfIO0pErHwOhZClIk=,ub7dv+BXNDFGhu+rBIM/mMfPPN4=
116,158,1lc1FcGKxRjfIO0pErHwOhZClIk=,ub7dv+BXNDFGhu+rBIM/mMfPPN4=
114,158,1lc1FcGKxRjfIO0pErHwOhZClIk=,ub7dv+BXNDFGhu+rBIM/mMfPPN4=
113,158,1lc1FcGKxRjfIO0pErHwOhZClIk=,ub7dv+BXNDFGhu+rBIM/mMfPPN4=
112,158,1lc1FcGKxRjfIO0pErHwOhZClIk=,ub7dv+BXNDFGhu+rBIM/mMfPPN4=
115,145,1lc1FcGKxRjfIO0pErHwOhZClIk=,ub7dv+BXNDFGhu+rBIM/mMfPPN4=
114,146,1lc1FcGKxRjfIO0pErHwOhZClIk=,ub7dv+BXNDFGhu+rBIM/mMfPPN4=
125,157,1lc1FcGKxRjfIO0pErHwOhZClIk=,ub7dv+BXNDFGhu+rBIM/mMfPPN4=
127,157,1lc1FcGKxRjfIO0pErHwOhZClIk=,ub7dv+BXNDFGhu+rBIM/mMfPPN4=
124,157,1lc1FcGKxRjfIO0pErHwOhZClIk=,ub7dv+BXNDFGhu+rBIM/mMfPPN4=
123,157,1lc1FcGKxRjfIO0pErHwOhZClIk=,ub7dv+BXNDFGhu+rBIM/mMfPPN4=
121,157,1lc1FcGKxRjfIO0pErHwOhZClIk=,ub7dv+BXNDFGhu+rBIM/mMfPPN4=
122,157,1lc1FcGKxRjfIO0pErHwOhZClIk=,ub7dv+BXNDFGhu+rBIM/mMfPPN4=
118,157,1lc1FcGKxRjfIO0pErHwOhZClIk=,ub7dv+BXNDFGhu+rBIM/mMfPPN4=
119,157,1lc1FcGKxRjfIO0pErHwOhZClIk=,ub7dv+BXNDFGhu+rBIM/mMfPPN4=
120,157,1lc1FcGKxRjfIO0pErHwOhZClIk=,ub7dv+BXNDFGhu+rBIM/mMfPPN4=
117,157,1lc1FcGKxRjfIO0pErHwOhZClIk=,ub7dv+BXNDFGhu+rBIM/mMfPPN4=
116,157,1lc1FcGKxRjfIO0pErHwOhZClIk=,ub7dv+BXNDFGhu+rBIM/mMfPPN4=
113,157,1lc1FcGKxRjfIO0pErHwOhZClIk=,ub7dv+BXNDFGhu+rBIM/mMfPPN4=
115,157,1lc1FcGKxRjfIO0pErHwOhZClIk=,ub7dv+BXNDFGhu+rBIM/mMfPPN4=
114,157,1lc1FcGKxRjfIO0pErHwOhZClIk=,ub7dv+BXNDFGhu+rBIM/mMfPPN4=
112,157,1lc1FcGKxRjfIO0pErHwOhZClIk=,ub7dv+BXNDFGhu+rBIM/mMfPPN4=
113,146,1lc1FcGKxRjfIO0pErHwOhZClIk=,ub7dv+BXNDFGhu+rBIM/mMfPPN4=
127,156,1lc1FcGKxRjfIO0pErHwOhZClIk=,ub7dv+BXNDFGhu+rBIM/mMfPPN4=
124,156,1lc1FcGKxRjfIO0pErHwOhZClIk=,ub7dv+BXNDFGhu+rBIM/mMfPPN4=
121,156,1lc1FcGKxRjfIO0pErHwOhZClIk=,ub7dv+BXNDFGhu+rBIM/mMfPPN4=
122,156,1lc1FcGKxRjfIO0pErHwOhZClIk=,ub7dv+BXNDFGhu+rBIM/mMfPPN4=
123,156,1lc1FcGKxRjfIO0pErHwOhZClIk=,ub7dv+BXNDFGhu+rBIM/mMfPPN4=
120,156,1lc1FcGKxRjfIO0pErHwOhZClIk=,ub7dv+BXNDFGhu+rBIM/mMfPPN4=
125,156,1lc1FcGKxRjfIO0pErHwOhZClIk=,ub7dv+BXNDFGhu+rBIM/mMfPPN4=
119,156,1lc1FcGKxRjfIO0pErHwOhZClIk=,ub7dv+BXNDFGhu+rBIM/mMfPPN4=
123,147,1lc1FcGKxRjfIO0pErHwOhZClIk=,ub7dv+BXNDFGhu+rBIM/mMfPPN4=
126,157,1lc1FcGKxRjfIO0pErHwOhZClIk=,ub7dv+BXNDFGhu+rBIM/mMfPPN4=
115,156,1lc1FcGKxRjfIO0pErHwOhZClIk=,ub7dv+BXNDFGhu+rBIM/mMfPPN4=
125,158,1lc1FcGKxRjfIO0pErHwOhZClIk=,ub7dv+BXNDFGhu+rBIM/mMfPPN4=
114,156,1lc1FcGKxRjfIO0pErHwOhZClIk=,ub7dv+BXNDFGhu+rBIM/mMfPPN4=
112,156,1lc1FcGKxRjfIO0pErHwOhZClIk=,ub7dv+BXNDFGhu+rBIM/mMfPPN4=
127,158,1lc1FcGKxRjfIO0pErHwOhZClIk=,ub7dv+BXNDFGhu+rBIM/mMfPPN4=
114,145,1lc1FcGKxRjfIO0pErHwOhZClIk=,ub7dv+BXNDFGhu+rBIM/mMfPPN4=
112,145,1lc1FcGKxRjfIO0pErHwOhZClIk=,ub7dv+BXNDFGhu+rBIM/mMfPPN4=
112,147,1lc1FcGKxRjfIO0pErHwOhZClIk=,ub7dv+BXNDFGhu+rBIM/mMfPPN4=
113,145,1lc1FcGKxRjfIO0pErHwOhZClIk=,ub7dv+BXNDFGhu+rBIM/mMfPPN4=
116,156,1lc1FcGKxRjfIO0pErHwOhZClIk=,ub7dv+BXNDFGhu+rBIM/mMfPPN4=
127,146,1lc1FcGKxRjfIO0pErHwOhZClIk=,ub7dv+BXNDFGhu+rBIM/mMfPPN4=
112,146,1lc1FcGKxRjfIO0pErHwOhZClIk=,ub7dv+BXNDFGhu+rBIM/mMfPPN4=
127,144,1lc1FcGKxRjfIO0pErHwOhZClIk=,ub7dv+BXNDFGhu+rBIM/mMfPPN4=
126,144,1lc1FcGKxRjfIO0pErHwOhZClIk=,ub7dv+BXNDFGhu+rBIM/mMfPPN4=
114,144,1lc1FcGKxRjfIO0pErHwOhZClIk=,ub7dv+BXNDFGhu+rBIM/mMfPPN4=
118,156,1lc1FcGKxRjfIO0pErHwOhZClIk=,ub7dv+BXNDFGhu+rBIM/mMfPPN4=
126,145,1lc1FcGKxRjfIO0pErHwOhZClIk=,ub7dv+BXNDFGhu+rBIM/mMfPPN4=
125,155,1lc1FcGKxRjfIO0pErHwOhZClIk=,ub7dv+BXNDFGhu+rBIM/mMfPPN4=
127,155,1lc1FcGKxRjfIO0pErHwOhZClIk=,ub7dv+BXNDFGhu+rBIM/mMfPPN4=
127,145,1lc1FcGKxRjfIO0pErHwOhZClIk=,ub7dv+BXNDFGhu+rBIM/mMfPPN4=
123,155,1lc1FcGKxRjfIO0pErHwOhZClIk=,ub7dv+BXNDFGhu+rBIM/mMfPPN4=
121,155,1lc1FcGKxRjfIO0pErHwOhZClIk=,ub7dv+BXNDFGhu+rBIM/mMfPPN4=
122,155,1lc1FcGKxRjfIO0pErHwOhZClIk=,ub7dv+BXNDFGhu+rBIM/mMfPPN4=
126,156,1lc1FcGKxRjfIO0pErHwOhZClIk=,ub7dv+BXNDFGhu+rBIM/mMfPPN4=
117,156,1lc1FcGKxRjfIO0pErHwOhZClIk=,ub7dv+BXNDFGhu+rBIM/mMfPPN4=
119,155,1lc1FcGKxRjfIO0pErHwOhZClIk=,ub7dv+BXNDFGhu+rBIM/mMfPPN4=
116,155,1lc1FcGKxRjfIO0pErHwOhZClIk=,ub7dv+BXNDFGhu+rBIM/mMfPPN4=
118,155,1lc1FcGKxRjfIO0pErHwOhZClIk=,ub7dv+BXNDFGhu+rBIM/mMfPPN4=
117,155,1lc1FcGKxRjfIO0pErHwOhZClIk=,ub7dv+BXNDFGhu+rBIM/mMfPPN4=
115,155,1lc1FcGKxRjfIO0pErHwOhZClIk=,ub7dv+BXNDFGhu+rBIM/mMfPPN4=
114,155,1lc1FcGKxRjfIO0pErHwOhZClIk=,ub7dv+BXNDFGhu+rBIM/mMfPPN4=
113,155,1lc1FcGKxRjfIO0pErHwOhZClIk=,ub7dv+BXNDFGhu+rBIM/mMfPPN4=
112,155,1lc1FcGKxRjfIO0pErHwOhZClIk=,ub7dv+BXNDFGhu+rBIM/mMfPPN4=
126,146,1lc1FcGKxRjfIO0pErHwOhZClIk=,ub7dv+BXNDFGhu+rBIM/mMfPPN4=
125,154,1lc1FcGKxRjfIO0pErHwOhZClIk=,ub7dv+BXNDFGhu+rBIM/mMfPPN4=
120,155,1lc1FcGKxRjfIO0pErHwOhZClIk=,ub7dv+BXNDFGhu+rBIM/mMfPPN4=
124,154,1lc1FcGKxRjfIO0pErHwOhZClIk=,ub7dv+BXNDFGhu+rBIM/mMfPPN4=
126,154,1lc1FcGKxRjfIO0pErHwOhZClIk=,ub7dv+BXNDFGhu+rBIM/mMfPPN4=
113,156,1lc1FcGKxRjfIO0pErHwOhZClIk=,ub7dv+BXNDFGhu+rBIM/mMfPPN4=
123,154,1lc1FcGKxRjfIO0pErHwOhZClIk=,ub7dv+BXNDFGhu+rBIM/mMfPPN4=
122,154,1lc1FcGKxRjfIO0pErHwOhZClIk=,ub7dv+BXNDFGhu+rBIM/mMfPPN4=
121,154,1lc1FcGKxRjfIO0pErHwOhZClIk=,ub7dv+BXNDFGhu+rBIM/mMfPPN4=
119,154,1lc1FcGKxRjfIO0pErHwOhZClIk=,ub7dv+BXNDFGhu+rBIM/mMfPPN4=
120,154,1lc1FcGKxRjfIO0pErHwOhZClIk=,ub7dv+BXNDFGhu+rBIM/mMfPPN4=
125,144,1lc1FcGKxRjfIO0pErHwOhZClIk=,ub7dv+BXNDFGhu+rBIM/mMfPPN4=
118,154,1lc1FcGKxRjfIO0pErHwOhZClIk=,ub7dv+BXNDFGhu+rBIM/mMfPPN4=
115,154,1lc1FcGKxRjfIO0pErHwOhZClIk=,ub7dv+BXNDFGhu+rBIM/mMfPPN4=
113,154,1lc1FcGKxRjfIO0pErHwOhZClIk=,ub7dv+BXNDFGhu+rBIM/mMfPPN4=
116,154,1lc1FcGKxRjfIO0pErHwOhZClIk=,ub7dv+BXNDFGhu+rBIM/mMfPPN4=
125,146,1lc1FcGKxRjfIO0pErHwOhZClIk=,ub7dv+BXNDFGhu+rBIM/mMfPPN4=
124,155,1lc1FcGKxRjfIO0pErHwOhZClIk=,ub7dv+BXNDFGhu+rBIM/mMfPPN4=
126,155,1lc1FcGKxRjfIO0pErHwOhZClIk=,ub7dv+BXNDFGhu+rBIM/mMfPPN4=
112,154,1lc1FcGKxRjfIO0pErHwOhZClIk=,ub7dv+BXNDFGhu+rBIM/mMfPPN4=
126,153,1lc1FcGKxRjfIO0pErHwOhZClIk=,ub7dv+BXNDFGhu+rBIM/mMfPPN4=
117,154,1lc1FcGKxRjfIO0pErHwOhZClIk=,ub7dv+BXNDFGhu+rBIM/mMfPPN4=
125,145,1lc1FcGKxRjfIO0pErHwOhZClIk=,ub7dv+BXNDFGhu+rBIM/mMfPPN4=
125,153,1lc1FcGKxRjfIO0pErHwOhZClIk=,ub7dv+BXNDFGhu+rBIM/mMfPPN4=
120,153,1lc1FcGKxRjfIO0pErHwOhZClIk=,ub7dv+BXNDFGhu+rBIM/mMfPPN4=
124,153,1lc1FcGKxRjfIO0pErHwOhZClIk=,ub7dv+BXNDFGhu+rBIM/mMfPPN4=
124,144,1lc1FcGKxRjfIO0pErHwOhZClIk=,ub7dv+BXNDFGhu+rBIM/mMfPPN4=
123,153,1lc1FcGKxRjfIO0pErHwOhZClIk=,ub7dv+BXNDFGhu+rBIM/mMfPPN4=
119,153,1lc1FcGKxRjfIO0pErHwOhZClIk=,ub7dv+BXNDFGhu+rBIM/mMfPPN4=
121,153,1lc1FcGKxRjfIO0pErHwOhZClIk=,ub7dv+BXNDFGhu+rBIM/mMfPPN4=
118,153,1lc1FcGKxRjfIO0pErHwOhZClIk=,ub7dv+BXNDFGhu+rBIM/mMfPPN4=
117,153,1lc1FcGKxRjfIO0pErHwOhZClIk=,ub7dv+BXNDFGhu+rBIM/mMfPPN4=
116,153,1lc1FcGKxRjfIO0pErHwOhZClIk=,ub7dv+BXNDFGhu+rBIM/mMfPPN4=
115,153,1lc1FcGKxRjfIO0pErHwOhZClIk=,ub7dv+BXNDFGhu+rBIM/mMfPPN4=
114,153,1lc1FcGKxRjfIO0pErHwOhZClIk=,ub7dv+BXNDFGhu+rBIM/mMfPPN4=
113,153,1lc1FcGKxRjfIO0pErHwOhZClIk=,ub7dv+BXNDFGhu+rBIM/mMfPPN4=
122,153,1lc1FcGKxRjfIO0pErHwOhZClIk=,ub7dv+BXNDFGhu+rBIM/mMfPPN4=
124,147,1lc1FcGKxRjfIO0pErHwOhZClIk=,ub7dv+BXNDFGhu+rBIM/mMfPPN4=
127,154,1lc1FcGKxRjfIO0pErHwOhZClIk=,ub7dv+BXNDFGhu+rBIM/mMfPPN4=
112,153,1lc1FcGKxRjfIO0pErHwOhZClIk=,ub7dv+BXNDFGhu+rBIM/mMfPPN4=
114,154,1lc1FcGKxRjfIO0pErHwOhZClIk=,ub7dv+BXNDFGhu+rBIM/mMfPPN4=
124,152,1lc1FcGKxRjfIO0pErHwOhZClIk=,ub7dv+BXNDFGhu+rBIM/mMfPPN4=
124,146,1lc1FcGKxRjfIO0pErHwOhZClIk=,ub7dv+BXNDFGhu+rBIM/mMfPPN4=
123,145,1lc1FcGKxRjfIO0pErHwOhZClIk=,ub7dv+BXNDFGhu+rBIM/mMfPPN4=
126,152,1lc1FcGKxRjfIO0pErHwOhZClIk=,ub7dv+BXNDFGhu+rBIM/mMfPPN4=
127,153,1lc1FcGKxRjfIO0pErHwOhZClIk=,ub7dv+BXNDFGhu+rBIM/mMfPPN4=
125,152,1lc1FcGKxRjfIO0pErHwOhZClIk=,ub7dv+BXNDFGhu+rBIM/mMfPPN4=
123,144,1lc1FcGKxRjfIO0pErHwOhZClIk=,ub7dv+BXNDFGhu+rBIM/mMfPPN4=
124,145,1lc1FcGKxRjfIO0pErHwOhZClIk=,ub7dv+BXNDFGhu+rBIM/mMfPPN4=
125,147,1lc1FcGKxRjfIO0pErHwOhZClIk=,ub7dv+BXNDFGhu+rBIM/mMfPPN4=
127,152,1lc1FcGKxRjfIO0pErHwOhZClIk=,ub7dv+BXNDFGhu+rBIM/mMfPPN4=
123,152,1lc1FcGKxRjfIO0pErHwOhZClIk=,ub7dv+BXNDFGhu+rBIM/mMfPPN4=
121,152,1lc1FcGKxRjfIO0pErHwOhZClIk=,ub7dv+BXNDFGhu+rBIM/mMfPPN4=
120,152,1lc1FcGKxRjfIO0pErHwOhZClIk=,ub7dv+BXNDFGhu+rBIM/mMfPPN4=
119,152,1lc1FcGKxRjfIO0pErHwOhZClIk=,ub7dv+BXNDFGhu+rBIM/mMfPPN4=
122,152,1lc1FcGKxRjfIO0pErHwOhZClIk=,ub7dv+BXNDFGhu+rBIM/mMfPPN4=
118,152,1lc1FcGKxRjfIO0pErHwOhZClIk=,ub7dv+BXNDFGhu+rBIM/mMfPPN4=
126,147,1lc1FcGKxRjfIO0pErHwOhZClIk=,ub7dv+BXNDFGhu+rBIM/mMfPPN4=
114,152,1lc1FcGKxRjfIO0pErHwOhZClIk=,ub7dv+BXNDFGhu+rBIM/mMfPPN4=
116,152,1lc1FcGKxRjfIO0pErHwOhZClIk=,ub7dv+BXNDFGhu+rBIM/mMfPPN4=
127,147,1lc1FcGKxRjfIO0pErHwOhZClIk=,ub7dv+BXNDFGhu+rBIM/mMfPPN4=
113,152,1lc1FcGKxRjfIO0pErHwOhZClIk=,ub7dv+BXNDFGhu+rBIM/mMfPPN4=
115,152,1lc1FcGKxRjfIO0pErHwOhZClIk=,ub7dv+BXNDFGhu+rBIM/mMfPPN4=
117,152,1lc1FcGKxRjfIO0pErHwOhZClIk=,ub7dv+BXNDFGhu+rBIM/mMfPPN4=
112,152,1lc1FcGKxRjfIO0pErHwOhZClIk=,ub7dv+BXNDFGhu+rBIM/mMfPPN4=
122,144,1lc1FcGKxRjfIO0pErHwOhZClIk=,ub7dv+BXNDFGhu+rBIM/mMfPPN4=
118,145,1lc1FcGKxRjfIO0pErHwOhZClIk=,ub7dv+BXNDFGhu+rBIM/mMfPPN4=
123,146,1lc1FcGKxRjfIO0pErHwOhZClIk=,ub7dv+BXNDFGhu+rBIM/mMfPPN4=
127,151,1lc1FcGKxRjfIO0pErHwOhZClIk=,ub7dv+BXNDFGhu+rBIM/mMfPPN4=
126,151,1lc1FcGKxRjfIO0pErHwOhZClIk=,ub7dv+BXNDFGhu+rBIM/mMfPPN4=
122,145,1lc1FcGKxRjfIO0pErHwOhZClIk=,ub7dv+BXNDFGhu+rBIM/mMfPPN4=
119,146,1lc1FcGKxRjfIO0pErHwOhZClIk=,ub7dv+BXNDFGhu+rBIM/mMfPPN4=
122,151,1lc1FcGKxRjfIO0pErHwOhZClIk=,ub7dv+BXNDFGhu+rBIM/mMfPPN4=
121,151,1lc1FcGKxRjfIO0pErHwOhZClIk=,ub7dv+BXNDFGhu+rBIM/mMfPPN4=
124,151,1lc1FcGKxRjfIO0pErHwOhZClIk=,ub7dv+BXNDFGhu+rBIM/mMfPPN4=
120,151,1lc1FcGKxRjfIO0pErHwOhZClIk=,ub7dv+BXNDFGhu+rBIM/mMfPPN4=
123,151,1lc1FcGKxRjfIO0pErHwOhZClIk=,ub7dv+BXNDFGhu+rBIM/mMfPPN4=
125,151,1lc1FcGKxRjfIO0pErHwOhZClIk=,ub7dv+BXNDFGhu+rBIM/mMfPPN4=
112,148,1lc1FcGKxRjfIO0pErHwOhZClIk=,ub7dv+BXNDFGhu+rBIM/mMfPPN4=
118,151,1lc1FcGKxRjfIO0pErHwOhZClIk=,ub7dv+BXNDFGhu+rBIM/mMfPPN4=
117,151,1lc1FcGKxRjfIO0pErHwOhZClIk=,ub7dv+BXNDFGhu+rBIM/mMfPPN4=
115,151,1lc1FcGKxRjfIO0pErHwOhZClIk=,ub7dv+BXNDFGhu+rBIM/mMfPPN4=
119,151,1lc1FcGKxRjfIO0pErHwOhZClIk=,ub7dv+BXNDFGhu+rBIM/mMfPPN4=
116,151,1lc1FcGKxRjfIO0pErHwOhZClIk=,ub7dv+BXNDFGhu+rBIM/mMfPPN4=
114,151,1lc1FcGKxRjfIO0pErHwOhZClIk=,ub7dv+BXNDFGhu+rBIM/mMfPPN4=
118,144,1lc1FcGKxRjfIO0pErHwOhZClIk=,ub7dv+BXNDFGhu+rBIM/mMfPPN4=
113,151,1lc1FcGKxRjfIO0pErHwOhZClIk=,ub7dv+BXNDFGhu+rBIM/mMfPPN4=
112,151,1lc1FcGKxRjfIO0pErHwOhZClIk=,ub7dv+BXNDFGhu+rBIM/mMfPPN4=
127,150,1lc1FcGKxRjfIO0pErHwOhZClIk=,ub7dv+BXNDFGhu+rBIM/mMfPPN4=
121,144,1lc1FcGKxRjfIO0pErHwOhZClIk=,ub7dv+BXNDFGhu+rBIM/mMfPPN4=
121,145,1lc1FcGKxRjfIO0pErHwOhZClIk=,ub7dv+BXNDFGhu+rBIM/mMfPPN4=
122,146,1lc1FcGKxRjfIO0pErHwOhZClIk=,ub7dv+BXNDFGhu+rBIM/mMfPPN4=
113,148,1lc1FcGKxRjfIO0pErHwOhZClIk=,ub7dv+BXNDFGhu+rBIM/mMfPPN4=
126,150,1lc1FcGKxRjfIO0pErHwOhZClIk=,ub7dv+BXNDFGhu+rBIM/mMfPPN4=
122,150,1lc1FcGKxRjfIO0pErHwOhZClIk=,ub7dv+BXNDFGhu+rBIM/mMfPPN4=
121,150,1lc1FcGKxRjfIO0pErHwOhZClIk=,ub7dv+BXNDFGhu+rBIM/mMfPPN4=
120,150,1lc1FcGKxRjfIO0pErHwOhZClIk=,ub7dv+BXNDFGhu+rBIM/mMfPPN4=
114,148,1lc1FcGKxRjfIO0pErHwOhZClIk=,ub7dv+BXNDFGhu+rBIM/mMfPPN4=
124,150,1lc1FcGKxRjfIO0pErHwOhZClIk=,ub7dv+BXNDFGhu+rBIM/mMfPPN4=
125,150,1lc1FcGKxRjfIO0pErHwOhZClIk=,ub7dv+BXNDFGhu+rBIM/mMfPPN4=
123,150,1lc1FcGKxRjfIO0pErHwOhZClIk=,ub7dv+BXNDFGhu+rBIM/mMfPPN4=
119,150,1lc1FcGKxRjfIO0pErHwOhZClIk=,ub7dv+BXNDFGhu+rBIM/mMfPPN4=
118,150,1lc1FcGKxRjfIO0pErHwOhZClIk=,ub7dv+BXNDFGhu+rBIM/mMfPPN4=
116,150,1lc1FcGKxRjfIO0pErHwOhZClIk=,ub7dv+BXNDFGhu+rBIM/mMfPPN4=
115,148,1lc1FcGKxRjfIO0pErHwOhZClIk=,ub7dv+BXNDFGhu+rBIM/mMfPPN4=
117,150,1lc1FcGKxRjfIO0pErHwOhZClIk=,ub7dv+BXNDFGhu+rBIM/mMfPPN4=
114,150,1lc1FcGKxRjfIO0pErHwOhZClIk=,ub7dv+BXNDFGhu+rBIM/mMfPPN4=
115,150,1lc1FcGKxRjfIO0pErHwOhZClIk=,ub7dv+BXNDFGhu+rBIM/mMfPPN4=
112,150,1lc1FcGKxRjfIO0pErHwOhZClIk=,ub7dv+BXNDFGhu+rBIM/mMfPPN4=
113,150,1lc1FcGKxRjfIO0pErHwOhZClIk=,ub7dv+BXNDFGhu+rBIM/mMfPPN4=
116,148,1lc1FcGKxRjfIO0pErHwOhZClIk=,ub7dv+BXNDFGhu+rBIM/mMfPPN4=
120,144,1lc1FcGKxRjfIO0pErHwOhZClIk=,ub7dv+BXNDFGhu+rBIM/mMfPPN4=
121,146,1lc1FcGKxRjfIO0pErHwOhZClIk=,ub7dv+BXNDFGhu+rBIM/mMfPPN4=
120,145,1lc1FcGKxRjfIO0pErHwOhZClIk=,ub7dv+BXNDFGhu+rBIM/mMfPPN4=
127,149,1lc1FcGKxRjfIO0pErHwOhZClIk=,ub7dv+BXNDFGhu+rBIM/mMfPPN4=
124,149,1lc1FcGKxRjfIO0pErHwOhZClIk=,ub7dv+BXNDFGhu+rBIM/mMfPPN4=
126,149,1lc1FcGKxRjfIO0pErHwOhZClIk=,ub7dv+BXNDFGhu+rBIM/mMfPPN4=
123,149,1lc1FcGKxRjfIO0pErHwOhZClIk=,ub7dv+BXNDFGhu+rBIM/mMfPPN4=
120,149,1lc1FcGKxRjfIO0pErHwOhZClIk=,ub7dv+BXNDFGhu+rBIM/mMfPPN4=
121,149,1lc1FcGKxRjfIO0pErHwOhZClIk=,ub7dv+BXNDFGhu+rBIM/mMfPPN4=
122,149,1lc1FcGKxRjfIO0pErHwOhZClIk=,ub7dv+BXNDFGhu+rBIM/mMfPPN4=
125,149,1lc1FcGKxRjfIO0pErHwOhZClIk=,ub7dv+BXNDFGhu+rBIM/mMfPPN4=
116,149,1lc1FcGKxRjfIO0pErHwOhZClIk=,ub7dv+BXNDFGhu+rBIM/mMfPPN4=
118,149,1lc1FcGKxRjfIO0pErHwOhZClIk=,ub7dv+BXNDFGhu+rBIM/mMfPPN4=
117,149,1lc1FcGKxRjfIO0pErHwOhZClIk=,ub7dv+BXNDFGhu+rBIM/mMfPPN4=
114,149,1lc1FcGKxRjfIO0pErHwOhZClIk=,ub7dv+BXNDFGhu+rBIM/mMfPPN4=
113,149,1lc1FcGKxRjfIO0pErHwOhZClIk=,ub7dv+BXNDFGhu+rBIM/mMfPPN4=
119,145,1lc1FcGKxRjfIO0pErHwOhZClIk=,ub7dv+BXNDFGhu+rBIM/mMfPPN4=
125,148,1lc1FcGKxRjfIO0pErHwOhZClIk=,ub7dv+BXNDFGhu+rBIM/mMfPPN4=
127,148,1lc1FcGKxRjfIO0pErHwOhZClIk=,ub7dv+BXNDFGhu+rBIM/mMfPPN4=
124,148,1lc1FcGKxRjfIO0pErHwOhZClIk=,ub7dv+BXNDFGhu+rBIM/mMfPPN4=
115,149,1lc1FcGKxRjfIO0pErHwOhZClIk=,ub7dv+BXNDFGhu+rBIM/mMfPPN4=
126,148,1lc1FcGKxRjfIO0pErHwOhZClIk=,ub7dv+BXNDFGhu+rBIM/mMfPPN4=
123,148,1lc1FcGKxRjfIO0pErHwOhZClIk=,ub7dv+BXNDFGhu+rBIM/mMfPPN4=
122,148,1lc1FcGKxRjfIO0pErHwOhZClIk=,ub7dv+BXNDFGhu+rBIM/mMfPPN4=
112,149,1lc1FcGKxRjfIO0pErHwOhZClIk=,ub7dv+BXNDFGhu+rBIM/mMfPPN4=
117,148,1lc1FcGKxRjfIO0pErHwOhZClIk=,ub7dv+BXNDFGhu+rBIM/mMfPPN4=
119,149,1lc1FcGKxRjfIO0pErHwOhZClIk=,ub7dv+BXNDFGhu+rBIM/mMfPPN4=
121,148,1lc1FcGKxRjfIO0pErHwOhZClIk=,ub7dv+BXNDFGhu+rBIM/mMfPPN4=
119,148,1lc1FcGKxRjfIO0pErHwOhZClIk=,ub7dv+BXNDFGhu+rBIM/mMfPPN4=
120,148,1lc1FcGKxRjfIO0pErHwOhZClIk=,ub7dv+BXNDFGhu+rBIM/mMfPPN4=
118,148,1lc1FcGKxRjfIO0pErHwOhZClIk=,ub7dv+BXNDFGhu+rBIM/mMfPPN4=
119,144,1lc1FcGKxRjfIO0pErHwOhZClIk=,ub7dv+BXNDFGhu+rBIM/mMfPPN4=
112,144,1lc1FcGKxRjfIO0pErHwOhZClIk=,ub7dv+BXNDFGhu+rBIM/mMfPPN4=
120,146,1lc1FcGKxRjfIO0pErHwOhZClIk=,ub7dv+BXNDFGhu+rBIM/mMfPPN4=
116,130,V2KB2w5gsR2W5sFSnoRP+bm626k=,UkuNwGlddHuRuzACu9OtfoCmruw=
127,143,a7d4XYQxsZT1+dCFH4w1Jal9mJ4=,UkuNwGlddHuRuzACu9OtfoCmruw=
115,131,mw1vQlQAtHxuP/JTxBMUQmc+USA=,UkuNwGlddHuRuzACu9OtfoCmruw=
113,128,mw1vQlQAtHxuP/JTxBMUQmc+USA=,UkuNwGlddHuRuzACu9OtfoCmruw=
119,131,mw1vQlQAtHxuP/JTxBMUQmc+USA=,UkuNwGlddHuRuzACu9OtfoCmruw=
116,129,mw1vQlQAtHxuP/JTxBMUQmc+USA=,UkuNwGlddHuRuzACu9OtfoCmruw=
126,143,Do9EkM22UlA3OnOjvb6gQIUAOmA=,UkuNwGlddHuRuzACu9OtfoCmruw=
125,143,JOTQQ7xfbz5Bp53XXAnrQYPH5Vc=,UkuNwGlddHuRuzACu9OtfoCmruw=
123,143,JOTQQ7xfbz5Bp53XXAnrQYPH5Vc=,UkuNwGlddHuRuzACu9OtfoCmruw=
124,143,JOTQQ7xfbz5Bp53XXAnrQYPH5Vc=,UkuNwGlddHuRuzACu9OtfoCmruw=
121,143,JOTQQ7xfbz5Bp53XXAnrQYPH5Vc=,UkuNwGlddHuRuzACu9OtfoCmruw=
114,131,JOTQQ7xfbz5Bp53XXAnrQYPH5Vc=,UkuNwGlddHuRuzACu9OtfoCmruw=
119,143,YrhP6fI6Kz249zdlh7JnbAovioY=,UkuNwGlddHuRuzACu9OtfoCmruw=
120,143,YrhP6fI6Kz249zdlh7JnbAovioY=,UkuNwGlddHuRuzACu9OtfoCmruw=
118,143,YrhP6fI6Kz249zdlh7JnbAovioY=,UkuNwGlddHuRuzACu9OtfoCmruw=
120,131,YrhP6fI6Kz249zdlh7JnbAovioY=,UkuNwGlddHuRuzACu9OtfoCmruw=
122,143,S+b4+OiuddIJVuMP4BkRS/d8HF4=,UkuNwGlddHuRuzACu9OtfoCmruw=
116,143,S+b4+OiuddIJVuMP4BkRS/d8HF4=,UkuNwGlddHuRuzACu9OtfoCmruw=
117,143,S+b4+OiuddIJVuMP4BkRS/d8HF4=,UkuNwGlddHuRuzACu9OtfoCmruw=
117,129,S+b4+OiuddIJVuMP4BkRS/d8HF4=,UkuNwGlddHuRuzACu9OtfoCmruw=
115,143,m9qQdW+of6rdsYBjhfwN5JD3DZk=,UkuNwGlddHuRuzACu9OtfoCmruw=
117,128,m9qQdW+of6rdsYBjhfwN5JD3DZk=,UkuNwGlddHuRuzACu9OtfoCmruw=
121,131,m9qQdW+of6rdsYBjhfwN5JD3DZk=,UkuNwGlddHuRuzACu9OtfoCmruw=
112,143,m9qQdW+of6rdsYBjhfwN5JD3DZk=,UkuNwGlddHuRuzACu9OtfoCmruw=
114,143,m9qQdW+of6rdsYBjhfwN5JD3DZk=,UkuNwGlddHuRuzACu9OtfoCmruw=
117,130,m9qQdW+of6rdsYBjhfwN5JD3DZk=,UkuNwGlddHuRuzACu9OtfoCmruw=
116,131,m9qQdW+of6rdsYBjhfwN5JD3DZk=,UkuNwGlddHuRuzACu9OtfoCmruw=
116,128,m9qQdW+of6rdsYBjhfwN5JD3DZk=,UkuNwGlddHuRuzACu9OtfoCmruw=
113,131,m9qQdW+of6rdsYBjhfwN5JD3DZk=,UkuNwGlddHuRuzACu9OtfoCmruw=
126,142,m9qQdW+of6rdsYBjhfwN5JD3DZk=,UkuNwGlddHuRuzACu9OtfoCmruw=
115,130,m9qQdW+of6rdsYBjhfwN5JD3DZk=,UkuNwGlddHuRuzACu9OtfoCmruw=
122,131,m9qQdW+of6rdsYBjhfwN5JD3DZk=,UkuNwGlddHuRuzACu9OtfoCmruw=
118,131,m9qQdW+of6rdsYBjhfwN5JD3DZk=,UkuNwGlddHuRuzACu9OtfoCmruw=
118,130,m9qQdW+of6rdsYBjhfwN5JD3DZk=,UkuNwGlddHuRuzACu9OtfoCmruw=
122,142,m9qQdW+of6rdsYBjhfwN5JD3DZk=,UkuNwGlddHuRuzACu9OtfoCmruw=
123,131,m9qQdW+of6rdsYBjhfwN5JD3DZk=,UkuNwGlddHuRuzACu9OtfoCmruw=
121,142,m9qQdW+of6rdsYBjhfwN5JD3DZk=,UkuNwGlddHuRuzACu9OtfoCmruw=
123,142,m9qQdW+of6rdsYBjhfwN5JD3DZk=,UkuNwGlddHuRuzACu9OtfoCmruw=
115,128,m9qQdW+of6rdsYBjhfwN5JD3DZk=,UkuNwGlddHuRuzACu9OtfoCmruw=
113,143,m9qQdW+of6rdsYBjhfwN5JD3DZk=,UkuNwGlddHuRuzACu9OtfoCmruw=
124,131,m9qQdW+of6rdsYBjhfwN5JD3DZk=,UkuNwGlddHuRuzACu9OtfoCmruw=
118,142,m9qQdW+of6rdsYBjhfwN5JD3DZk=,UkuNwGlddHuRuzACu9OtfoCmruw=
117,131,m9qQdW+of6rdsYBjhfwN5JD3DZk=,UkuNwGlddHuRuzACu9OtfoCmruw=
117,142,m9qQdW+of6rdsYBjhfwN5JD3DZk=,UkuNwGlddHuRuzACu9OtfoCmruw=
116,142,m9qQdW+of6rdsYBjhfwN5JD3DZk=,UkuNwGlddHuRuzACu9OtfoCmruw=
120,142,m9qQdW+of6rdsYBjhfwN5JD3DZk=,UkuNwGlddHuRuzACu9OtfoCmruw=
119,142,m9qQdW+of6rdsYBjhfwN5JD3DZk=,UkuNwGlddHuRuzACu9OtfoCmruw=
125,131,m9qQdW+of6rdsYBjhfwN5JD3DZk=,UkuNwGlddHuRuzACu9OtfoCmruw=
124,142,m9qQdW+of6rdsYBjhfwN5JD3DZk=,UkuNwGlddHuRuzACu9OtfoCmruw=
125,142,m9qQdW+of6rdsYBjhfwN5JD3DZk=,UkuNwGlddHuRuzACu9OtfoCmruw=
127,142,m9qQdW+of6rdsYBjhfwN5JD3DZk=,UkuNwGlddHuRuzACu9OtfoCmruw=
113,142,m9qQdW+of6rdsYBjhfwN5JD3DZk=,UkuNwGlddHuRuzACu9OtfoCmruw=
115,129,m9qQdW+of6rdsYBjhfwN5JD3DZk=,UkuNwGlddHuRuzACu9OtfoCmruw=
114,130,m9qQdW+of6rdsYBjhfwN5JD3DZk=,UkuNwGlddHuRuzACu9OtfoCmruw=
112,142,m9qQdW+of6rdsYBjhfwN5JD3DZk=,UkuNwGlddHuRuzACu9OtfoCmruw=
127,141,m9qQdW+of6rdsYBjhfwN5JD3DZk=,UkuNwGlddHuRuzACu9OtfoCmruw=
114,142,m9qQdW+of6rdsYBjhfwN5JD3DZk=,UkuNwGlddHuRuzACu9OtfoCmruw=
115,142,m9qQdW+of6rdsYBjhfwN5JD3DZk=,UkuNwGlddHuRuzACu9OtfoCmruw=
126,131,m9qQdW+of6rdsYBjhfwN5JD3DZk=,UkuNwGlddHuRuzACu9OtfoCmruw=
127,131,m9qQdW+of6rdsYBjhfwN5JD3DZk=,UkuNwGlddHuRuzACu9OtfoCmruw=
112,132,m9qQdW+of6rdsYBjhfwN5JD3DZk=,UkuNwGlddHuRuzACu9OtfoCmruw=
119,130,m9qQdW+of6rdsYBjhfwN5JD3DZk=,UkuNwGlddHuRuzACu9OtfoCmruw=
113,132,m9qQdW+of6rdsYBjhfwN5JD3DZk=,UkuNwGlddHuRuzACu9OtfoCmruw=
118,129,m9qQdW+of6rdsYBjhfwN5JD3DZk=,UkuNwGlddHuRuzACu9OtfoCmruw=
115,132,m9qQdW+of6rdsYBjhfwN5JD3DZk=,UkuNwGlddHuRuzACu9OtfoCmruw=
116,132,m9qQdW+of6rdsYBjhfwN5JD3DZk=,UkuNwGlddHuRuzACu9OtfoCmruw=
114,132,m9qQdW+of6rdsYBjhfwN5JD3DZk=,UkuNwGlddHuRuzACu9OtfoCmruw=
118,128,m9qQdW+of6rdsYBjhfwN5JD3DZk=,UkuNwGlddHuRuzACu9OtfoCmruw=
117,132,m9qQdW+of6rdsYBjhfwN5JD3DZk=,UkuNwGlddHuRuzACu9OtfoCmruw=
112,128,m9qQdW+of6rdsYBjhfwN5JD3DZk=,UkuNwGlddHuRuzACu9OtfoCmruw=
120,132,m9qQdW+of6rdsYBjhfwN5JD3DZk=,UkuNwGlddHuRuzACu9OtfoCmruw=
119,132,m9qQdW+of6rdsYBjhfwN5JD3DZk=,UkuNwGlddHuRuzACu9OtfoCmruw=
122,132,m9qQdW+of6rdsYBjhfwN5JD3DZk=,UkuNwGlddHuRuzACu9OtfoCmruw=
118,132,m9qQdW+of6rdsYBjhfwN5JD3DZk=,UkuNwGlddHuRuzACu9OtfoCmruw=
124,132,m9qQdW+of6rdsYBjhfwN5JD3DZk=,UkuNwGlddHuRuzACu9OtfoCmruw=
123,132,m9qQdW+of6rdsYBjhfwN5JD3DZk=,UkuNwGlddHuRuzACu9OtfoCmruw=
125,132,m9qQdW+of6rdsYBjhfwN5JD3DZk=,UkuNwGlddHuRuzACu9OtfoCmruw=
121,132,m9qQdW+of6rdsYBjhfwN5JD3DZk=,UkuNwGlddHuRuzACu9OtfoCmruw=
119,129,m9qQdW+of6rdsYBjhfwN5JD3DZk=,UkuNwGlddHuRuzACu9OtfoCmruw=
127,132,m9qQdW+of6rdsYBjhfwN5JD3DZk=,UkuNwGlddHuRuzACu9OtfoCmruw=
115,133,m9qQdW+of6rdsYBjhfwN5JD3DZk=,UkuNwGlddHuRuzACu9OtfoCmruw=
118,133,m9qQdW+of6rdsYBjhfwN5JD3DZk=,UkuNwGlddHuRuzACu9OtfoCmruw=
116,133,m9qQdW+of6rdsYBjhfwN5JD3DZk=,UkuNwGlddHuRuzACu9OtfoCmruw=
119,128,m9qQdW+of6rdsYBjhfwN5JD3DZk=,UkuNwGlddHuRuzACu9OtfoCmruw=
120,133,m9qQdW+of6rdsYBjhfwN5JD3DZk=,UkuNwGlddHuRuzACu9OtfoCmruw=
119,133,m9qQdW+of6rdsYBjhfwN5JD3DZk=,UkuNwGlddHuRuzACu9OtfoCmruw=
123,133,m9qQdW+of6rdsYBjhfwN5JD3DZk=,UkuNwGlddHuRuzACu9OtfoCmruw=
113,133,m9qQdW+of6rdsYBjhfwN5JD3DZk=,UkuNwGlddHuRuzACu9OtfoCmruw=
124,133,m9qQdW+of6rdsYBjhfwN5JD3DZk=,UkuNwGlddHuRuzACu9OtfoCmruw=
125,133,m9qQdW+of6rdsYBjhfwN5JD3DZk=,UkuNwGlddHuRuzACu9OtfoCmruw=
122,133,m9qQdW+of6rdsYBjhfwN5JD3DZk=,UkuNwGlddHuRuzACu9OtfoCmruw=
121,133,m9qQdW+of6rdsYBjhfwN5JD3DZk=,UkuNwGlddHuRuzACu9OtfoCmruw=
126,132,m9qQdW+of6rdsYBjhfwN5JD3DZk=,UkuNwGlddHuRuzACu9OtfoCmruw=
120,130,m9qQdW+of6rdsYBjhfwN5JD3DZk=,UkuNwGlddHuRuzACu9OtfoCmruw=
112,133,m9qQdW+of6rdsYBjhfwN5JD3DZk=,UkuNwGlddHuRuzACu9OtfoCmruw=
114,133,m9qQdW+of6rdsYBjhfwN5JD3DZk=,UkuNwGlddHuRuzACu9OtfoCmruw=
117,133,m9qQdW+of6rdsYBjhfwN5JD3DZk=,UkuNwGlddHuRuzACu9OtfoCmruw=
117,134,m9qQdW+of6rdsYBjhfwN5JD3DZk=,UkuNwGlddHuRuzACu9OtfoCmruw=
120,128,m9qQdW+of6rdsYBjhfwN5JD3DZk=,UkuNwGlddHuRuzACu9OtfoCmruw=
116,134,m9qQdW+of6rdsYBjhfwN5JD3DZk=,UkuNwGlddHuRuzACu9OtfoCmruw=
121,130,m9qQdW+of6rdsYBjhfwN5JD3DZk=,UkuNwGlddHuRuzACu9OtfoCmruw=
118,134,m9qQdW+of6rdsYBjhfwN5JD3DZk=,UkuNwGlddHuRuzACu9OtfoCmruw=
119,134,m9qQdW+of6rdsYBjhfwN5JD3DZk=,UkuNwGlddHuRuzACu9OtfoCmruw=
115,134,m9qQdW+of6rdsYBjhfwN5JD3DZk=,UkuNwGlddHuRuzACu9OtfoCmruw=
127,133,m9qQdW+of6rdsYBjhfwN5JD3DZk=,UkuNwGlddHuRuzACu9OtfoCmruw=
124,134,m9qQdW+of6rdsYBjhfwN5JD3DZk=,UkuNwGlddHuRuzACu9OtfoCmruw=
120,134,m9qQdW+of6rdsYBjhfwN5JD3DZk=,UkuNwGlddHuRuzACu9OtfoCmruw=
121,134,m9qQdW+of6rdsYBjhfwN5JD3DZk=,UkuNwGlddHuRuzACu9OtfoCmruw=
123,134,m9qQdW+of6rdsYBjhfwN5JD3DZk=,UkuNwGlddHuRuzACu9OtfoCmruw=
125,134,m9qQdW+of6rdsYBjhfwN5JD3DZk=,UkuNwGlddHuRuzACu9OtfoCmruw=
120,129,m9qQdW+of6rdsYBjhfwN5JD3DZk=,UkuNwGlddHuRuzACu9OtfoCmruw=
121,128,m9qQdW+of6rdsYBjhfwN5JD3DZk=,UkuNwGlddHuRuzACu9OtfoCmruw=
122,130,m9qQdW+of6rdsYBjhfwN5JD3DZk=,UkuNwGlddHuRuzACu9OtfoCmruw=
121,129,m9qQdW+of6rdsYBjhfwN5JD3DZk=,UkuNwGlddHuRuzACu9OtfoCmruw=
112,135,m9qQdW+of6rdsYBjhfwN5JD3DZk=,UkuNwGlddHuRuzACu9OtfoCmruw=
126,133,m9qQdW+of6rdsYBjhfwN5JD3DZk=,UkuNwGlddHuRuzACu9OtfoCmruw=
115,135,m9qQdW+of6rdsYBjhfwN5JD3DZk=,UkuNwGlddHuRuzACu9OtfoCmruw=
113,134,m9qQdW+of6rdsYBjhfwN5JD3DZk=,UkuNwGlddHuRuzACu9OtfoCmruw=
112,134,m9qQdW+of6rdsYBjhfwN5JD3DZk=,UkuNwGlddHuRuzACu9OtfoCmruw=
127,134,m9qQdW+of6rdsYBjhfwN5JD3DZk=,UkuNwGlddHuRuzACu9OtfoCmruw=
117,135,m9qQdW+of6rdsYBjhfwN5JD3DZk=,UkuNwGlddHuRuzACu9OtfoCmruw=
118,135,m9qQdW+of6rdsYBjhfwN5JD3DZk=,UkuNwGlddHuRuzACu9OtfoCmruw=
113,135,m9qQdW+of6rdsYBjhfwN5JD3DZk=,UkuNwGlddHuRuzACu9OtfoCmruw=
114,135,m9qQdW+of6rdsYBjhfwN5JD3DZk=,UkuNwGlddHuRuzACu9OtfoCmruw=
120,135,m9qQdW+of6rdsYBjhfwN5JD3DZk=,UkuNwGlddHuRuzACu9OtfoCmruw=
116,135,m9qQdW+of6rdsYBjhfwN5JD3DZk=,UkuNwGlddHuRuzACu9OtfoCmruw=
122,134,m9qQdW+of6rdsYBjhfwN5JD3DZk=,UkuNwGlddHuRuzACu9OtfoCmruw=
123,135,m9qQdW+of6rdsYBjhfwN5JD3DZk=,UkuNwGlddHuRuzACu9OtfoCmruw=
121,135,m9qQdW+of6rdsYBjhfwN5JD3DZk=,UkuNwGlddHuRuzACu9OtfoCmruw=
126,135,m9qQdW+of6rdsYBjhfwN5JD3DZk=,UkuNwGlddHuRuzACu9OtfoCmruw=
122,135,m9qQdW+of6rdsYBjhfwN5JD3DZk=,UkuNwGlddHuRuzACu9OtfoCmruw=
126,134,m9qQdW+of6rdsYBjhfwN5JD3DZk=,UkuNwGlddHuRuzACu9OtfoCmruw=
124,135,m9qQdW+of6rdsYBjhfwN5JD3DZk=,UkuNwGlddHuRuzACu9OtfoCmruw=
125,135,m9qQdW+of6rdsYBjhfwN5JD3DZk=,UkuNwGlddHuRuzACu9OtfoCmruw=
114,134,m9qQdW+of6rdsYBjhfwN5JD3DZk=,UkuNwGlddHuRuzACu9OtfoCmruw=
112,136,m9qQdW+of6rdsYBjhfwN5JD3DZk=,UkuNwGlddHuRuzACu9OtfoCmruw=
127,135,m9qQdW+of6rdsYBjhfwN5JD3DZk=,UkuNwGlddHuRuzACu9OtfoCmruw=
119,135,m9qQdW+of6rdsYBjhfwN5JD3DZk=,UkuNwGlddHuRuzACu9OtfoCmruw=
123,130,m9qQdW+of6rdsYBjhfwN5JD3DZk=,UkuNwGlddHuRuzACu9OtfoCmruw=
122,128,m9qQdW+of6rdsYBjhfwN5JD3DZk=,UkuNwGlddHuRuzACu9OtfoCmruw=
115,136,m9qQdW+of6rdsYBjhfwN5JD3DZk=,UkuNwGlddHuRuzACu9OtfoCmruw=
122,129,m9qQdW+of6rdsYBjhfwN5JD3DZk=,UkuNwGlddHuRuzACu9OtfoCmruw=
114,136,m9qQdW+of6rdsYBjhfwN5JD3DZk=,UkuNwGlddHuRuzACu9OtfoCmruw=
113,136,m9qQdW+of6rdsYBjhfwN5JD3DZk=,UkuNwGlddHuRuzACu9OtfoCmruw=
116,136,m9qQdW+of6rdsYBjhfwN5JD3DZk=,UkuNwGlddHuRuzACu9OtfoCmruw=
117,136,m9qQdW+of6rdsYBjhfwN5JD3DZk=,UkuNwGlddHuRuzACu9OtfoCmruw=
119,136,m9qQdW+of6rdsYBjhfwN5JD3DZk=,UkuNwGlddHuRuzACu9OtfoCmruw=
123,136,m9qQdW+of6rdsYBjhfwN5JD3DZk=,UkuNwGlddHuRuzACu9OtfoCmruw=
122,136,m9qQdW+of6rdsYBjhfwN5JD3DZk=,UkuNwGlddHuRuzACu9OtfoCmruw=
118,136,m9qQdW+of6rdsYBjhfwN5JD3DZk=,UkuNwGlddHuRuzACu9OtfoCmruw=
121,136,m9qQdW+of6rdsYBjhfwN5JD3DZk=,UkuNwGlddHuRuzACu9OtfoCmruw=
120,136,m9qQdW+of6rdsYBjhfwN5JD3DZk=,UkuNwGlddHuRuzACu9OtfoCmruw=
124,136,m9qQdW+of6rdsYBjhfwN5JD3DZk=,UkuNwGlddHuRuzACu9OtfoCmruw=
123,129,m9qQdW+of6rdsYBjhfwN5JD3DZk=,UkuNwGlddHuRuzACu9OtfoCmruw=
123,128,m9qQdW+of6rdsYBjhfwN5JD3DZk=,UkuNwGlddHuRuzACu9OtfoCmruw=
126,136,m9qQdW+of6rdsYBjhfwN5JD3DZk=,UkuNwGlddHuRuzACu9OtfoCmruw=
112,137,m9qQdW+of6rdsYBjhfwN5JD3DZk=,UkuNwGlddHuRuzACu9OtfoCmruw=
125,136,m9qQdW+of6rdsYBjhfwN5JD3DZk=,UkuNwGlddHuRuzACu9OtfoCmruw=
127,136,m9qQdW+of6rdsYBjhfwN5JD3DZk=,UkuNwGlddHuRuzACu9OtfoCmruw=
124,130,m9qQdW+of6rdsYBjhfwN5JD3DZk=,UkuNwGlddHuRuzACu9OtfoCmruw=
115,137,m9qQdW+of6rdsYBjhfwN5JD3DZk=,UkuNwGlddHuRuzACu9OtfoCmruw=
114,137,m9qQdW+of6rdsYBjhfwN5JD3DZk=,UkuNwGlddHuRuzACu9OtfoCmruw=
116,137,m9qQdW+of6rdsYBjhfwN5JD3DZk=,UkuNwGlddHuRuzACu9OtfoCmruw=
117,137,m9qQdW+of6rdsYBjhfwN5JD3DZk=,UkuNwGlddHuRuzACu9OtfoCmruw=
118,137,m9qQdW+of6rdsYBjhfwN5JD3DZk=,UkuNwGlddHuRuzACu9OtfoCmruw=
120,137,m9qQdW+of6rdsYBjhfwN5JD3DZk=,UkuNwGlddHuRuzACu9OtfoCmruw=
121,137,m9qQdW+of6rdsYBjhfwN5JD3DZk=,UkuNwGlddHuRuzACu9OtfoCmruw=
122,137,m9qQdW+of6rdsYBjhfwN5JD3DZk=,UkuNwGlddHuRuzACu9OtfoCmruw=
113,137,m9qQdW+of6rdsYBjhfwN5JD3DZk=,UkuNwGlddHuRuzACu9OtfoCmruw=
123,137,m9qQdW+of6rdsYBjhfwN5JD3DZk=,UkuNwGlddHuRuzACu9OtfoCmruw=
124,137,m9qQdW+of6rdsYBjhfwN5JD3DZk=,UkuNwGlddHuRuzACu9OtfoCmruw=
119,137,m9qQdW+of6rdsYBjhfwN5JD3DZk=,UkuNwGlddHuRuzACu9OtfoCmruw=
126,137,m9qQdW+of6rdsYBjhfwN5JD3DZk=,UkuNwGlddHuRuzACu9OtfoCmruw=
125,137,m9qQdW+of6rdsYBjhfwN5JD3DZk=,UkuNwGlddHuRuzACu9OtfoCmruw=
127,137,m9qQdW+of6rdsYBjhfwN5JD3DZk=,UkuNwGlddHuRuzACu9OtfoCmruw=
124,129,m9qQdW+of6rdsYBjhfwN5JD3DZk=,UkuNwGlddHuRuzACu9OtfoCmruw=
124,128,m9qQdW+of6rdsYBjhfwN5JD3DZk=,UkuNwGlddHuRuzACu9OtfoCmruw=
125,130,m9qQdW+of6rdsYBjhfwN5JD3DZk=,UkuNwGlddHuRuzACu9OtfoCmruw=
115,138,m9qQdW+of6rdsYBjhfwN5JD3DZk=,UkuNwGlddHuRuzACu9OtfoCmruw=
114,138,m9qQdW+of6rdsYBjhfwN5JD3DZk=,UkuNwGlddHuRuzACu9OtfoCmruw=
112,138,m9qQdW+of6rdsYBjhfwN5JD3DZk=,UkuNwGlddHuRuzACu9OtfoCmruw=
113,138,m9qQdW+of6rdsYBjhfwN5JD3DZk=,UkuNwGlddHuRuzACu9OtfoCmruw=
116,138,m9qQdW+of6rdsYBjhfwN5JD3DZk=,UkuNwGlddHuRuzACu9OtfoCmruw=
120,138,m9qQdW+of6rdsYBjhfwN5JD3DZk=,UkuNwGlddHuRuzACu9OtfoCmruw=
118,138,m9qQdW+of6rdsYBjhfwN5JD3DZk=,UkuNwGlddHuRuzACu9OtfoCmruw=
119,138,m9qQdW+of6rdsYBjhfwN5JD3DZk=,UkuNwGlddHuRuzACu9OtfoCmruw=
123,138,m9qQdW+of6rdsYBjhfwN5JD3DZk=,UkuNwGlddHuRuzACu9OtfoCmruw=
121,138,m9qQdW+of6rdsYBjhfwN5JD3DZk=,UkuNwGlddHuRuzACu9OtfoCmruw=
117,138,m9qQdW+of6rdsYBjhfwN5JD3DZk=,UkuNwGlddHuRuzACu9OtfoCmruw=
122,138,m9qQdW+of6rdsYBjhfwN5JD3DZk=,UkuNwGlddHuRuzACu9OtfoCmruw=
126,138,m9qQdW+of6rdsYBjhfwN5JD3DZk=,UkuNwGlddHuRuzACu9OtfoCmruw=
125,138,m9qQdW+of6rdsYBjhfwN5JD3DZk=,UkuNwGlddHuRuzACu9OtfoCmruw=
124,138,m9qQdW+of6rdsYBjhfwN5JD3DZk=,UkuNwGlddHuRuzACu9OtfoCmruw=
125,129,m9qQdW+of6rdsYBjhfwN5JD3DZk=,UkuNwGlddHuRuzACu9OtfoCmruw=
127,138,m9qQdW+of6rdsYBjhfwN5JD3DZk=,UkuNwGlddHuRuzACu9OtfoCmruw=
126,130,m9qQdW+of6rdsYBjhfwN5JD3DZk=,UkuNwGlddHuRuzACu9OtfoCmruw=
114,139,m9qQdW+of6rdsYBjhfwN5JD3DZk=,UkuNwGlddHuRuzACu9OtfoCmruw=
125,128,m9qQdW+of6rdsYBjhfwN5JD3DZk=,UkuNwGlddHuRuzACu9OtfoCmruw=
113,139,m9qQdW+of6rdsYBjhfwN5JD3DZk=,UkuNwGlddHuRuzACu9OtfoCmruw=
112,139,m9qQdW+of6rdsYBjhfwN5JD3DZk=,UkuNwGlddHuRuzACu9OtfoCmruw=
115,139,m9qQdW+of6rdsYBjhfwN5JD3DZk=,UkuNwGlddHuRuzACu9OtfoCmruw=
116,139,m9qQdW+of6rdsYBjhfwN5JD3DZk=,UkuNwGlddHuRuzACu9OtfoCmruw=
120,139,m9qQdW+of6rdsYBjhfwN5JD3DZk=,UkuNwGlddHuRuzACu9OtfoCmruw=
119,139,m9qQdW+of6rdsYBjhfwN5JD3DZk=,UkuNwGlddHuRuzACu9OtfoCmruw=
117,139,m9qQdW+of6rdsYBjhfwN5JD3DZk=,UkuNwGlddHuRuzACu9OtfoCmruw=
122,139,m9qQdW+of6rdsYBjhfwN5JD3DZk=,UkuNwGlddHuRuzACu9OtfoCmruw=
124,139,m9qQdW+of6rdsYBjhfwN5JD3DZk=,UkuNwGlddHuRuzACu9OtfoCmruw=
121,139,m9qQdW+of6rdsYBjhfwN5JD3DZk=,UkuNwGlddHuRuzACu9OtfoCmruw=
118,139,m9qQdW+of6rdsYBjhfwN5JD3DZk=,UkuNwGlddHuRuzACu9OtfoCmruw=
123,139,m9qQdW+of6rdsYBjhfwN5JD3DZk=,UkuNwGlddHuRuzACu9OtfoCmruw=
125,139,m9qQdW+of6rdsYBjhfwN5JD3DZk=,UkuNwGlddHuRuzACu9OtfoCmruw=
127,139,m9qQdW+of6rdsYBjhfwN5JD3DZk=,UkuNwGlddHuRuzACu9OtfoCmruw=
126,139,m9qQdW+of6rdsYBjhfwN5JD3DZk=,UkuNwGlddHuRuzACu9OtfoCmruw=
112,130,m9qQdW+of6rdsYBjhfwN5JD3DZk=,UkuNwGlddHuRuzACu9OtfoCmruw=
126,129,m9qQdW+of6rdsYBjhfwN5JD3DZk=,UkuNwGlddHuRuzACu9OtfoCmruw=
127,129,m9qQdW+of6rdsYBjhfwN5JD3DZk=,UkuNwGlddHuRuzACu9OtfoCmruw=
126,128,m9qQdW+of6rdsYBjhfwN5JD3DZk=,UkuNwGlddHuRuzACu9OtfoCmruw=
127,130,m9qQdW+of6rdsYBjhfwN5JD3DZk=,UkuNwGlddHuRuzACu9OtfoCmruw=
114,128,m9qQdW+of6rdsYBjhfwN5JD3DZk=,UkuNwGlddHuRuzACu9OtfoCmruw=
112,129,m9qQdW+of6rdsYBjhfwN5JD3DZk=,UkuNwGlddHuRuzACu9OtfoCmruw=
112,131,m9qQdW+of6rdsYBjhfwN5JD3DZk=,UkuNwGlddHuRuzACu9OtfoCmruw=
127,128,m9qQdW+of6rdsYBjhfwN5JD3DZk=,UkuNwGlddHuRuzACu9OtfoCmruw=
113,129,m9qQdW+of6rdsYBjhfwN5JD3DZk=,UkuNwGlddHuRuzACu9OtfoCmruw=
112,140,m9qQdW+of6rdsYBjhfwN5JD3DZk=,UkuNwGlddHuRuzACu9OtfoCmruw=
114,140,m9qQdW+of6rdsYBjhfwN5JD3DZk=,UkuNwGlddHuRuzACu9OtfoCmruw=
113,140,m9qQdW+of6rdsYBjhfwN5JD3DZk=,UkuNwGlddHuRuzACu9OtfoCmruw=
118,140,m9qQdW+of6rdsYBjhfwN5JD3DZk=,UkuNwGlddHuRuzACu9OtfoCmruw=
116,140,m9qQdW+of6rdsYBjhfwN5JD3DZk=,UkuNwGlddHuRuzACu9OtfoCmruw=
115,140,m9qQdW+of6rdsYBjhfwN5JD3DZk=,UkuNwGlddHuRuzACu9OtfoCmruw=
119,140,m9qQdW+of6rdsYBjhfwN5JD3DZk=,UkuNwGlddHuRuzACu9OtfoCmruw=
120,140,m9qQdW+of6rdsYBjhfwN5JD3DZk=,UkuNwGlddHuRuzACu9OtfoCmruw=
121,140,m9qQdW+of6rdsYBjhfwN5JD3DZk=,UkuNwGlddHuRuzACu9OtfoCmruw=
124,140,m9qQdW+of6rdsYBjhfwN5JD3DZk=,UkuNwGlddHuRuzACu9OtfoCmruw=
122,140,m9qQdW+of6rdsYBjhfwN5JD3DZk=,UkuNwGlddHuRuzACu9OtfoCmruw=
117,140,m9qQdW+of6rdsYBjhfwN5JD3DZk=,UkuNwGlddHuRuzACu9OtfoCmruw=
125,140,m9qQdW+of6rdsYBjhfwN5JD3DZk=,UkuNwGlddHuRuzACu9OtfoCmruw=
123,140,m9qQdW+of6rdsYBjhfwN5JD3DZk=,UkuNwGlddHuRuzACu9OtfoCmruw=
127,140,m9qQdW+of6rdsYBjhfwN5JD3DZk=,UkuNwGlddHuRuzACu9OtfoCmruw=
113,130,m9qQdW+of6rdsYBjhfwN5JD3DZk=,UkuNwGlddHuRuzACu9OtfoCmruw=
112,141,m9qQdW+of6rdsYBjhfwN5JD3DZk=,UkuNwGlddHuRuzACu9OtfoCmruw=
126,140,m9qQdW+of6rdsYBjhfwN5JD3DZk=,UkuNwGlddHuRuzACu9OtfoCmruw=
114,129,m9qQdW+of6rdsYBjhfwN5JD3DZk=,UkuNwGlddHuRuzACu9OtfoCmruw=
114,141,m9qQdW+of6rdsYBjhfwN5JD3DZk=,UkuNwGlddHuRuzACu9OtfoCmruw=
113,141,m9qQdW+of6rdsYBjhfwN5JD3DZk=,UkuNwGlddHuRuzACu9OtfoCmruw=
118,141,m9qQdW+of6rdsYBjhfwN5JD3DZk=,UkuNwGlddHuRuzACu9OtfoCmruw=
119,141,m9qQdW+of6rdsYBjhfwN5JD3DZk=,UkuNwGlddHuRuzACu9OtfoCmruw=
117,141,m9qQdW+of6rdsYBjhfwN5JD3DZk=,UkuNwGlddHuRuzACu9OtfoCmruw=
115,141,m9qQdW+of6rdsYBjhfwN5JD3DZk=,UkuNwGlddHuRuzACu9OtfoCmruw=
121,141,m9qQdW+of6rdsYBjhfwN5JD3DZk=,UkuNwGlddHuRuzACu9OtfoCmruw=
120,141,m9qQdW+of6rdsYBjhfwN5JD3DZk=,UkuNwGlddHuRuzACu9OtfoCmruw=
116,141,m9qQdW+of6rdsYBjhfwN5JD3DZk=,UkuNwGlddHuRuzACu9OtfoCmruw=
122,141,m9qQdW+of6rdsYBjhfwN5JD3DZk=,UkuNwGlddHuRuzACu9OtfoCmruw=
124,141,m9qQdW+of6rdsYBjhfwN5JD3DZk=,UkuNwGlddHuRuzACu9OtfoCmruw=
123,141,m9qQdW+of6rdsYBjhfwN5JD3DZk=,UkuNwGlddHuRuzACu9OtfoCmruw=
125,141,m9qQdW+of6rdsYBjhfwN5JD3DZk=,UkuNwGlddHuRuzACu9OtfoCmruw=
126,141,m9qQdW+of6rdsYBjhfwN5JD3DZk=,UkuNwGlddHuRuzACu9OtfoCmruw=
