199,-156,ELT9VQysUdiEdhPQy0bxOGEII0o=,fYd78pdk16MkV1VUpCy9RBDvzBE=
200,-156,ELT9VQysUdiEdhPQy0bxOGEII0o=,fYd78pdk16MkV1VUpCy9RBDvzBE=
199,-157,ELT9VQysUdiEdhPQy0bxOGEII0o=,fYd78pdk16MkV1VUpCy9RBDvzBE=
198,-156,ELT9VQysUdiEdhPQy0bxOGEII0o=,fYd78pdk16MkV1VUpCy9RBDvzBE=
198,-157,ELT9VQysUdiEdhPQy0bxOGEII0o=,fYd78pdk16MkV1VUpCy9RBDvzBE=
199,-158,ELT9VQysUdiEdhPQy0bxOGEII0o=,fYd78pdk16MkV1VUpCy9RBDvzBE=
198,-158,ELT9VQysUdiEdhPQy0bxOGEII0o=,fYd78pdk16MkV1VUpCy9RBDvzBE=
197,-156,ELT9VQysUdiEdhPQy0bxOGEII0o=,fYd78pdk16MkV1VUpCy9RBDvzBE=
207,-145,ELT9VQysUdiEdhPQy0bxOGEII0o=,fYd78pdk16MkV1VUpCy9RBDvzBE=
206,-145,ELT9VQysUdiEdhPQy0bxOGEII0o=,fYd78pdk16MkV1VUpCy9RBDvzBE=
205,-145,ELT9VQysUdiEdhPQy0bxOGEII0o=,fYd78pdk16MkV1VUpCy9RBDvzBE=
204,-145,ELT9VQysUdiEdhPQy0bxOGEII0o=,fYd78pdk16MkV1VUpCy9RBDvzBE=
203,-145,ELT9VQysUdiEdhPQy0bxOGEII0o=,fYd78pdk16MkV1VUpCy9RBDvzBE=
202,-145,ELT9VQysUdiEdhPQy0bxOGEII0o=,fYd78pdk16MkV1VUpCy9RBDvzBE=
200,-145,ELT9VQysUdiEdhPQy0bxOGEII0o=,fYd78pdk16MkV1VUpCy9RBDvzBE=
199,-145,ELT9VQysUdiEdhPQy0bxOGEII0o=,fYd78pdk16MkV1VUpCy9RBDvzBE=
201,-145,ELT9VQysUdiEdhPQy0bxOGEII0o=,fYd78pdk16MkV1VUpCy9RBDvzBE=
197,-145,ELT9VQysUdiEdhPQy0bxOGEII0o=,fYd78pdk16MkV1VUpCy9RBDvzBE=
196,-145,ELT9VQysUdiEdhPQy0bxOGEII0o=,fYd78pdk16MkV1VUpCy9RBDvzBE=
198,-145,ELT9VQysUdiEdhPQy0bxOGEII0o=,fYd78pdk16MkV1VUpCy9RBDvzBE=
195,-145,ELT9VQysUdiEdhPQy0bxOGEII0o=,fYd78pdk16MkV1VUpCy9RBDvzBE=
194,-145,ELT9VQysUdiEdhPQy0bxOGEII0o=,fYd78pdk16MkV1VUpCy9RBDvzBE=
193,-145,ELT9VQysUdiEdhPQy0bxOGEII0o=,fYd78pdk16MkV1VUpCy9RBDvzBE=
207,-146,ELT9VQysUdiEdhPQy0bxOGEII0o=,fYd78pdk16MkV1VUpCy9RBDvzBE=
206,-146,ELT9VQysUdiEdhPQy0bxOGEII0o=,fYd78pdk16MkV1VUpCy9RBDvzBE=
197,-157,ELT9VQysUdiEdhPQy0bxOGEII0o=,fYd78pdk16MkV1VUpCy9RBDvzBE=
204,-146,ELT9VQysUdiEdhPQy0bxOGEII0o=,fYd78pdk16MkV1VUpCy9RBDvzBE=
205,-146,ELT9VQysUdiEdhPQy0bxOGEII0o=,fYd78pdk16MkV1VUpCy9RBDvzBE=
203,-146,ELT9VQysUdiEdhPQy0bxOGEII0o=,fYd78pdk16MkV1VUpCy9RBDvzBE=
202,-146,ELT9VQysUdiEdhPQy0bxOGEII0o=,fYd78pdk16MkV1VUpCy9RBDvzBE=
201,-146,ELT9VQysUdiEdhPQy0bxOGEII0o=,fYd78pdk16MkV1VUpCy9RBDvzBE=
200,-146,ELT9VQysUdiEdhPQy0bxOGEII0o=,fYd78pdk16MkV1VUpCy9RBDvzBE=
198,-146,ELT9VQysUdiEdhPQy0bxOGEII0o=,fYd78pdk16MkV1VUpCy9RBDvzBE=
199,-146,ELT9VQysUdiEdhPQy0bxOGEII0o=,fYd78pdk16MkV1VUpCy9RBDvzBE=
197,-146,ELT9VQysUdiEdhPQy0bxOGEII0o=,fYd78pdk16MkV1VUpCy9RBDvzBE=
196,-146,ELT9VQysUdiEdhPQy0bxOGEII0o=,fYd78pdk16MkV1VUpCy9RBDvzBE=
199,-159,ELT9VQysUdiEdhPQy0bxOGEII0o=,fYd78pdk16MkV1VUpCy9RBDvzBE=
195,-146,ELT9VQysUdiEdhPQy0bxOGEII0o=,fYd78pdk16MkV1VUpCy9RBDvzBE=
196,-157,ELT9VQysUdiEdhPQy0bxOGEII0o=,fYd78pdk16MkV1VUpCy9RBDvzBE=
194,-146,ELT9VQysUdiEdhPQy0bxOGEII0o=,fYd78pdk16MkV1VUpCy9RBDvzBE=
193,-146,ELT9VQysUdiEdhPQy0bxOGEII0o=,fYd78pdk16MkV1VUpCy9RBDvzBE=
197,-158,ELT9VQysUdiEdhPQy0bxOGEII0o=,fYd78pdk16MkV1VUpCy9RBDvzBE=
207,-147,ELT9VQysUdiEdhPQy0bxOGEII0o=,fYd78pdk16MkV1VUpCy9RBDvzBE=
206,-147,ELT9VQysUdiEdhPQy0bxOGEII0o=,fYd78pdk16MkV1VUpCy9RBDvzBE=
205,-147,ELT9VQysUdiEdhPQy0bxOGEII0o=,fYd78pdk16MkV1VUpCy9RBDvzBE=
198,-159,ELT9VQysUdiEdhPQy0bxOGEII0o=,fYd78pdk16MkV1VUpCy9RBDvzBE=
204,-147,ELT9VQysUdiEdhPQy0bxOGEII0o=,fYd78pdk16MkV1VUpCy9RBDvzBE=
196,-158,ELT9VQysUdiEdhPQy0bxOGEII0o=,fYd78pdk16MkV1VUpCy9RBDvzBE=
203,-147,ELT9VQysUdiEdhPQy0bxOGEII0o=,fYd78pdk16MkV1VUpCy9RBDvzBE=
202,-147,ELT9VQysUdiEdhPQy0bxOGEII0o=,fYd78pdk16MkV1VUpCy9RBDvzBE=
201,-147,ELT9VQysUdiEdhPQy0bxOGEII0o=,fYd78pdk16MkV1VUpCy9RBDvzBE=
200,-147,ELT9VQysUdiEdhPQy0bxOGEII0o=,fYd78pdk16MkV1VUpCy9RBDvzBE=
199,-147,ELT9VQysUdiEdhPQy0bxOGEII0o=,fYd78pdk16MkV1VUpCy9RBDvzBE=
197,-159,ELT9VQysUdiEdhPQy0bxOGEII0o=,fYd78pdk16MkV1VUpCy9RBDvzBE=
195,-158,ELT9VQysUdiEdhPQy0bxOGEII0o=,fYd78pdk16MkV1VUpCy9RBDvzBE=
196,-159,ELT9VQysUdiEdhPQy0bxOGEII0o=,fYd78pdk16MkV1VUpCy9RBDvzBE=
195,-157,ELT9VQysUdiEdhPQy0bxOGEII0o=,fYd78pdk16MkV1VUpCy9RBDvzBE=
198,-147,ELT9VQysUdiEdhPQy0bxOGEII0o=,fYd78pdk16MkV1VUpCy9RBDvzBE=
196,-147,ELT9VQysUdiEdhPQy0bxOGEII0o=,fYd78pdk16MkV1VUpCy9RBDvzBE=
197,-147,ELT9VQysUdiEdhPQy0bxOGEII0o=,fYd78pdk16MkV1VUpCy9RBDvzBE=
195,-147,ELT9VQysUdiEdhPQy0bxOGEII0o=,fYd78pdk16MkV1VUpCy9RBDvzBE=
193,-147,ELT9VQysUdiEdhPQy0bxOGEII0o=,fYd78pdk16MkV1VUpCy9RBDvzBE=
194,-147,ELT9VQysUdiEdhPQy0bxOGEII0o=,fYd78pdk16MkV1VUpCy9RBDvzBE=
194,-157,ELT9VQysUdiEdhPQy0bxOGEII0o=,fYd78pdk16MkV1VUpCy9RBDvzBE=
193,-157,ELT9VQysUdiEdhPQy0bxOGEII0o=,fYd78pdk16MkV1VUpCy9RBDvzBE=
194,-158,ELT9VQysUdiEdhPQy0bxOGEII0o=,fYd78pdk16MkV1VUpCy9RBDvzBE=
207,-148,ELT9VQysUdiEdhPQy0bxOGEII0o=,fYd78pdk16MkV1VUpCy9RBDvzBE=
205,-148,ELT9VQysUdiEdhPQy0bxOGEII0o=,fYd78pdk16MkV1VUpCy9RBDvzBE=
204,-148,ELT9VQysUdiEdhPQy0bxOGEII0o=,fYd78pdk16MkV1VUpCy9RBDvzBE=
206,-148,ELT9VQysUdiEdhPQy0bxOGEII0o=,fYd78pdk16MkV1VUpCy9RBDvzBE=
203,-148,ELT9VQysUdiEdhPQy0bxOGEII0o=,fYd78pdk16MkV1VUpCy9RBDvzBE=
202,-148,ELT9VQysUdiEdhPQy0bxOGEII0o=,fYd78pdk16MkV1VUpCy9RBDvzBE=
201,-148,ELT9VQysUdiEdhPQy0bxOGEII0o=,fYd78pdk16MkV1VUpCy9RBDvzBE=
200,-148,ELT9VQysUdiEdhPQy0bxOGEII0o=,fYd78pdk16MkV1VUpCy9RBDvzBE=
198,-148,ELT9VQysUdiEdhPQy0bxOGEII0o=,fYd78pdk16MkV1VUpCy9RBDvzBE=
199,-148,ELT9VQysUdiEdhPQy0bxOGEII0o=,fYd78pdk16MkV1VUpCy9RBDvzBE=
197,-148,ELT9VQysUdiEdhPQy0bxOGEII0o=,fYd78pdk16MkV1VUpCy9RBDvzBE=
196,-148,ELT9VQysUdiEdhPQy0bxOGEII0o=,fYd78pdk16MkV1VUpCy9RBDvzBE=
195,-148,ELT9VQysUdiEdhPQy0bxOGEII0o=,fYd78pdk16MkV1VUpCy9RBDvzBE=
194,-148,ELT9VQysUdiEdhPQy0bxOGEII0o=,fYd78pdk16MkV1VUpCy9RBDvzBE=
193,-148,ELT9VQysUdiEdhPQy0bxOGEII0o=,fYd78pdk16MkV1VUpCy9RBDvzBE=
207,-149,ELT9VQysUdiEdhPQy0bxOGEII0o=,fYd78pdk16MkV1VUpCy9RBDvzBE=
206,-149,ELT9VQysUdiEdhPQy0bxOGEII0o=,fYd78pdk16MkV1VUpCy9RBDvzBE=
205,-149,ELT9VQysUdiEdhPQy0bxOGEII0o=,fYd78pdk16MkV1VUpCy9RBDvzBE=
204,-149,ELT9VQysUdiEdhPQy0bxOGEII0o=,fYd78pdk16MkV1VUpCy9RBDvzBE=
203,-149,ELT9VQysUdiEdhPQy0bxOGEII0o=,fYd78pdk16MkV1VUpCy9RBDvzBE=
202,-149,ELT9VQysUdiEdhPQy0bxOGEII0o=,fYd78pdk16MkV1VUpCy9RBDvzBE=
201,-149,ELT9VQysUdiEdhPQy0bxOGEII0o=,fYd78pdk16MkV1VUpCy9RBDvzBE=
200,-149,ELT9VQysUdiEdhPQy0bxOGEII0o=,fYd78pdk16MkV1VUpCy9RBDvzBE=
199,-149,ELT9VQysUdiEdhPQy0bxOGEII0o=,fYd78pdk16MkV1VUpCy9RBDvzBE=
198,-149,ELT9VQysUdiEdhPQy0bxOGEII0o=,fYd78pdk16MkV1VUpCy9RBDvzBE=
197,-149,ELT9VQysUdiEdhPQy0bxOGEII0o=,fYd78pdk16MkV1VUpCy9RBDvzBE=
196,-149,ELT9VQysUdiEdhPQy0bxOGEII0o=,fYd78pdk16MkV1VUpCy9RBDvzBE=
195,-149,ELT9VQysUdiEdhPQy0bxOGEII0o=,fYd78pdk16MkV1VUpCy9RBDvzBE=
194,-149,ELT9VQysUdiEdhPQy0bxOGEII0o=,fYd78pdk16MkV1VUpCy9RBDvzBE=
195,-159,ELT9VQysUdiEdhPQy0bxOGEII0o=,fYd78pdk16MkV1VUpCy9RBDvzBE=
193,-149,ELT9VQysUdiEdhPQy0bxOGEII0o=,fYd78pdk16MkV1VUpCy9RBDvzBE=
207,-150,ELT9VQysUdiEdhPQy0bxOGEII0o=,fYd78pdk16MkV1VUpCy9RBDvzBE=
205,-150,ELT9VQysUdiEdhPQy0bxOGEII0o=,fYd78pdk16MkV1VUpCy9RBDvzBE=
206,-150,ELT9VQysUdiEdhPQy0bxOGEII0o=,fYd78pdk16MkV1VUpCy9RBDvzBE=
204,-150,ELT9VQysUdiEdhPQy0bxOGEII0o=,fYd78pdk16MkV1VUpCy9RBDvzBE=
203,-150,ELT9VQysUdiEdhPQy0bxOGEII0o=,fYd78pdk16MkV1VUpCy9RBDvzBE=
196,-156,ELT9VQysUdiEdhPQy0bxOGEII0o=,fYd78pdk16MkV1VUpCy9RBDvzBE=
202,-150,ELT9VQysUdiEdhPQy0bxOGEII0o=,fYd78pdk16MkV1VUpCy9RBDvzBE=
201,-150,ELT9VQysUdiEdhPQy0bxOGEII0o=,fYd78pdk16MkV1VUpCy9RBDvzBE=
200,-150,ELT9VQysUdiEdhPQy0bxOGEII0o=,fYd78pdk16MkV1VUpCy9RBDvzBE=
199,-150,ELT9VQysUdiEdhPQy0bxOGEII0o=,fYd78pdk16MkV1VUpCy9RBDvzBE=
198,-150,ELT9VQysUdiEdhPQy0bxOGEII0o=,fYd78pdk16MkV1VUpCy9RBDvzBE=
196,-150,ELT9VQysUdiEdhPQy0bxOGEII0o=,fYd78pdk16MkV1VUpCy9RBDvzBE=
197,-150,ELT9VQysUdiEdhPQy0bxOGEII0o=,fYd78pdk16MkV1VUpCy9RBDvzBE=
195,-150,ELT9VQysUdiEdhPQy0bxOGEII0o=,fYd78pdk16MkV1VUpCy9RBDvzBE=
195,-156,ELT9VQysUdiEdhPQy0bxOGEII0o=,fYd78pdk16MkV1VUpCy9RBDvzBE=
194,-150,ELT9VQysUdiEdhPQy0bxOGEII0o=,fYd78pdk16MkV1VUpCy9RBDvzBE=
193,-150,ELT9VQysUdiEdhPQy0bxOGEII0o=,fYd78pdk16MkV1VUpCy9RBDvzBE=
193,-158,ELT9VQysUdiEdhPQy0bxOGEII0o=,fYd78pdk16MkV1VUpCy9RBDvzBE=
194,-159,ELT9VQysUdiEdhPQy0bxOGEII0o=,fYd78pdk16MkV1VUpCy9RBDvzBE=
193,-159,ELT9VQysUdiEdhPQy0bxOGEII0o=,fYd78pdk16MkV1VUpCy9RBDvzBE=
207,-151,ELT9VQysUdiEdhPQy0bxOGEII0o=,fYd78pdk16MkV1VUpCy9RBDvzBE=
206,-151,ELT9VQysUdiEdhPQy0bxOGEII0o=,fYd78pdk16MkV1VUpCy9RBDvzBE=
204,-151,ELT9VQysUdiEdhPQy0bxOGEII0o=,fYd78pdk16MkV1VUpCy9RBDvzBE=
203,-151,ELT9VQysUdiEdhPQy0bxOGEII0o=,fYd78pdk16MkV1VUpCy9RBDvzBE=
205,-151,ELT9VQysUdiEdhPQy0bxOGEII0o=,fYd78pdk16MkV1VUpCy9RBDvzBE=
207,-158,ELT9VQysUdiEdhPQy0bxOGEII0o=,fYd78pdk16MkV1VUpCy9RBDvzBE=
201,-151,ELT9VQysUdiEdhPQy0bxOGEII0o=,fYd78pdk16MkV1VUpCy9RBDvzBE=
202,-151,ELT9VQysUdiEdhPQy0bxOGEII0o=,fYd78pdk16MkV1VUpCy9RBDvzBE=
207,-159,ELT9VQysUdiEdhPQy0bxOGEII0o=,fYd78pdk16MkV1VUpCy9RBDvzBE=
200,-151,ELT9VQysUdiEdhPQy0bxOGEII0o=,fYd78pdk16MkV1VUpCy9RBDvzBE=
199,-151,ELT9VQysUdiEdhPQy0bxOGEII0o=,fYd78pdk16MkV1VUpCy9RBDvzBE=
197,-151,ELT9VQysUdiEdhPQy0bxOGEII0o=,fYd78pdk16MkV1VUpCy9RBDvzBE=
198,-151,ELT9VQysUdiEdhPQy0bxOGEII0o=,fYd78pdk16MkV1VUpCy9RBDvzBE=
196,-151,ELT9VQysUdiEdhPQy0bxOGEII0o=,fYd78pdk16MkV1VUpCy9RBDvzBE=
206,-159,ELT9VQysUdiEdhPQy0bxOGEII0o=,fYd78pdk16MkV1VUpCy9RBDvzBE=
206,-158,ELT9VQysUdiEdhPQy0bxOGEII0o=,fYd78pdk16MkV1VUpCy9RBDvzBE=
195,-151,ELT9VQysUdiEdhPQy0bxOGEII0o=,fYd78pdk16MkV1VUpCy9RBDvzBE=
194,-151,ELT9VQysUdiEdhPQy0bxOGEII0o=,fYd78pdk16MkV1VUpCy9RBDvzBE=
193,-151,ELT9VQysUdiEdhPQy0bxOGEII0o=,fYd78pdk16MkV1VUpCy9RBDvzBE=
205,-159,ELT9VQysUdiEdhPQy0bxOGEII0o=,fYd78pdk16MkV1VUpCy9RBDvzBE=
207,-152,ELT9VQysUdiEdhPQy0bxOGEII0o=,fYd78pdk16MkV1VUpCy9RBDvzBE=
206,-152,ELT9VQysUdiEdhPQy0bxOGEII0o=,fYd78pdk16MkV1VUpCy9RBDvzBE=
204,-152,ELT9VQysUdiEdhPQy0bxOGEII0o=,fYd78pdk16MkV1VUpCy9RBDvzBE=
205,-152,ELT9VQysUdiEdhPQy0bxOGEII0o=,fYd78pdk16MkV1VUpCy9RBDvzBE=
203,-152,ELT9VQysUdiEdhPQy0bxOGEII0o=,fYd78pdk16MkV1VUpCy9RBDvzBE=
202,-152,ELT9VQysUdiEdhPQy0bxOGEII0o=,fYd78pdk16MkV1VUpCy9RBDvzBE=
201,-152,ELT9VQysUdiEdhPQy0bxOGEII0o=,fYd78pdk16MkV1VUpCy9RBDvzBE=
200,-152,ELT9VQysUdiEdhPQy0bxOGEII0o=,fYd78pdk16MkV1VUpCy9RBDvzBE=
199,-152,ELT9VQysUdiEdhPQy0bxOGEII0o=,fYd78pdk16MkV1VUpCy9RBDvzBE=
198,-152,ELT9VQysUdiEdhPQy0bxOGEII0o=,fYd78pdk16MkV1VUpCy9RBDvzBE=
197,-152,ELT9VQysUdiEdhPQy0bxOGEII0o=,fYd78pdk16MkV1VUpCy9RBDvzBE=
196,-152,ELT9VQysUdiEdhPQy0bxOGEII0o=,fYd78pdk16MkV1VUpCy9RBDvzBE=
204,-159,ELT9VQysUdiEdhPQy0bxOGEII0o=,fYd78pdk16MkV1VUpCy9RBDvzBE=
195,-152,ELT9VQysUdiEdhPQy0bxOGEII0o=,fYd78pdk16MkV1VUpCy9RBDvzBE=
194,-152,ELT9VQysUdiEdhPQy0bxOGEII0o=,fYd78pdk16MkV1VUpCy9RBDvzBE=
205,-158,ELT9VQysUdiEdhPQy0bxOGEII0o=,fYd78pdk16MkV1VUpCy9RBDvzBE=
207,-153,ELT9VQysUdiEdhPQy0bxOGEII0o=,fYd78pdk16MkV1VUpCy9RBDvzBE=
193,-152,ELT9VQysUdiEdhPQy0bxOGEII0o=,fYd78pdk16MkV1VUpCy9RBDvzBE=
204,-158,ELT9VQysUdiEdhPQy0bxOGEII0o=,fYd78pdk16MkV1VUpCy9RBDvzBE=
206,-153,ELT9VQysUdiEdhPQy0bxOGEII0o=,fYd78pdk16MkV1VUpCy9RBDvzBE=
203,-158,ELT9VQysUdiEdhPQy0bxOGEII0o=,fYd78pdk16MkV1VUpCy9RBDvzBE=
205,-153,ELT9VQysUdiEdhPQy0bxOGEII0o=,fYd78pdk16MkV1VUpCy9RBDvzBE=
204,-153,ELT9VQysUdiEdhPQy0bxOGEII0o=,fYd78pdk16MkV1VUpCy9RBDvzBE=
200,-160,ELT9VQysUdiEdhPQy0bxOGEII0o=,fYd78pdk16MkV1VUpCy9RBDvzBE=
201,-160,ELT9VQysUdiEdhPQy0bxOGEII0o=,fYd78pdk16MkV1VUpCy9RBDvzBE=
202,-160,ELT9VQysUdiEdhPQy0bxOGEII0o=,fYd78pdk16MkV1VUpCy9RBDvzBE=
203,-160,ELT9VQysUdiEdhPQy0bxOGEII0o=,fYd78pdk16MkV1VUpCy9RBDvzBE=
204,-160,ELT9VQysUdiEdhPQy0bxOGEII0o=,fYd78pdk16MkV1VUpCy9RBDvzBE=
196,-160,ELT9VQysUdiEdhPQy0bxOGEII0o=,fYd78pdk16MkV1VUpCy9RBDvzBE=
194,-160,ELT9VQysUdiEdhPQy0bxOGEII0o=,fYd78pdk16MkV1VUpCy9RBDvzBE=
205,-160,ELT9VQysUdiEdhPQy0bxOGEII0o=,fYd78pdk16MkV1VUpCy9RBDvzBE=
206,-160,ELT9VQysUdiEdhPQy0bxOGEII0o=,fYd78pdk16MkV1VUpCy9RBDvzBE=
198,-160,ELT9VQysUdiEdhPQy0bxOGEII0o=,fYd78pdk16MkV1VUpCy9RBDvzBE=
193,-160,ELT9VQysUdiEdhPQy0bxOGEII0o=,fYd78pdk16MkV1VUpCy9RBDvzBE=
195,-160,ELT9VQysUdiEdhPQy0bxOGEII0o=,fYd78pdk16MkV1VUpCy9RBDvzBE=
197,-160,ELT9VQysUdiEdhPQy0bxOGEII0o=,fYd78pdk16MkV1VUpCy9RBDvzBE=
199,-160,ELT9VQysUdiEdhPQy0bxOGEII0o=,fYd78pdk16MkV1VUpCy9RBDvzBE=
203,-153,ELT9VQysUdiEdhPQy0bxOGEII0o=,fYd78pdk16MkV1VUpCy9RBDvzBE=
202,-153,ELT9VQysUdiEdhPQy0bxOGEII0o=,fYd78pdk16MkV1VUpCy9RBDvzBE=
207,-160,ELT9VQysUdiEdhPQy0bxOGEII0o=,fYd78pdk16MkV1VUpCy9RBDvzBE=
201,-153,ELT9VQysUdiEdhPQy0bxOGEII0o=,fYd78pdk16MkV1VUpCy9RBDvzBE=
202,-158,ELT9VQysUdiEdhPQy0bxOGEII0o=,fYd78pdk16MkV1VUpCy9RBDvzBE=
200,-153,ELT9VQysUdiEdhPQy0bxOGEII0o=,fYd78pdk16MkV1VUpCy9RBDvzBE=
199,-153,ELT9VQysUdiEdhPQy0bxOGEII0o=,fYd78pdk16MkV1VUpCy9RBDvzBE=
198,-153,ELT9VQysUdiEdhPQy0bxOGEII0o=,fYd78pdk16MkV1VUpCy9RBDvzBE=
196,-153,ELT9VQysUdiEdhPQy0bxOGEII0o=,fYd78pdk16MkV1VUpCy9RBDvzBE=
197,-153,ELT9VQysUdiEdhPQy0bxOGEII0o=,fYd78pdk16MkV1VUpCy9RBDvzBE=
195,-153,ELT9VQysUdiEdhPQy0bxOGEII0o=,fYd78pdk16MkV1VUpCy9RBDvzBE=
194,-153,ELT9VQysUdiEdhPQy0bxOGEII0o=,fYd78pdk16MkV1VUpCy9RBDvzBE=
193,-153,ELT9VQysUdiEdhPQy0bxOGEII0o=,fYd78pdk16MkV1VUpCy9RBDvzBE=
194,-156,ELT9VQysUdiEdhPQy0bxOGEII0o=,fYd78pdk16MkV1VUpCy9RBDvzBE=
207,-154,ELT9VQysUdiEdhPQy0bxOGEII0o=,fYd78pdk16MkV1VUpCy9RBDvzBE=
206,-154,ELT9VQysUdiEdhPQy0bxOGEII0o=,fYd78pdk16MkV1VUpCy9RBDvzBE=
193,-156,ELT9VQysUdiEdhPQy0bxOGEII0o=,fYd78pdk16MkV1VUpCy9RBDvzBE=
207,-157,ELT9VQysUdiEdhPQy0bxOGEII0o=,fYd78pdk16MkV1VUpCy9RBDvzBE=
205,-154,ELT9VQysUdiEdhPQy0bxOGEII0o=,fYd78pdk16MkV1VUpCy9RBDvzBE=
204,-154,ELT9VQysUdiEdhPQy0bxOGEII0o=,fYd78pdk16MkV1VUpCy9RBDvzBE=
203,-154,ELT9VQysUdiEdhPQy0bxOGEII0o=,fYd78pdk16MkV1VUpCy9RBDvzBE=
202,-154,ELT9VQysUdiEdhPQy0bxOGEII0o=,fYd78pdk16MkV1VUpCy9RBDvzBE=
201,-154,ELT9VQysUdiEdhPQy0bxOGEII0o=,fYd78pdk16MkV1VUpCy9RBDvzBE=
200,-154,ELT9VQysUdiEdhPQy0bxOGEII0o=,fYd78pdk16MkV1VUpCy9RBDvzBE=
206,-157,ELT9VQysUdiEdhPQy0bxOGEII0o=,fYd78pdk16MkV1VUpCy9RBDvzBE=
205,-157,ELT9VQysUdiEdhPQy0bxOGEII0o=,fYd78pdk16MkV1VUpCy9RBDvzBE=
203,-157,ELT9VQysUdiEdhPQy0bxOGEII0o=,fYd78pdk16MkV1VUpCy9RBDvzBE=
204,-157,ELT9VQysUdiEdhPQy0bxOGEII0o=,fYd78pdk16MkV1VUpCy9RBDvzBE=
199,-154,ELT9VQysUdiEdhPQy0bxOGEII0o=,fYd78pdk16MkV1VUpCy9RBDvzBE=
198,-154,ELT9VQysUdiEdhPQy0bxOGEII0o=,fYd78pdk16MkV1VUpCy9RBDvzBE=
203,-159,ELT9VQysUdiEdhPQy0bxOGEII0o=,fYd78pdk16MkV1VUpCy9RBDvzBE=
197,-154,ELT9VQysUdiEdhPQy0bxOGEII0o=,fYd78pdk16MkV1VUpCy9RBDvzBE=
196,-154,ELT9VQysUdiEdhPQy0bxOGEII0o=,fYd78pdk16MkV1VUpCy9RBDvzBE=
195,-154,ELT9VQysUdiEdhPQy0bxOGEII0o=,fYd78pdk16MkV1VUpCy9RBDvzBE=
193,-154,ELT9VQysUdiEdhPQy0bxOGEII0o=,fYd78pdk16MkV1VUpCy9RBDvzBE=
207,-155,ELT9VQysUdiEdhPQy0bxOGEII0o=,fYd78pdk16MkV1VUpCy9RBDvzBE=
194,-154,ELT9VQysUdiEdhPQy0bxOGEII0o=,fYd78pdk16MkV1VUpCy9RBDvzBE=
201,-158,ELT9VQysUdiEdhPQy0bxOGEII0o=,fYd78pdk16MkV1VUpCy9RBDvzBE=
202,-159,ELT9VQysUdiEdhPQy0bxOGEII0o=,fYd78pdk16MkV1VUpCy9RBDvzBE=
206,-155,ELT9VQysUdiEdhPQy0bxOGEII0o=,fYd78pdk16MkV1VUpCy9RBDvzBE=
205,-155,ELT9VQysUdiEdhPQy0bxOGEII0o=,fYd78pdk16MkV1VUpCy9RBDvzBE=
204,-155,ELT9VQysUdiEdhPQy0bxOGEII0o=,fYd78pdk16MkV1VUpCy9RBDvzBE=
203,-155,ELT9VQysUdiEdhPQy0bxOGEII0o=,fYd78pdk16MkV1VUpCy9RBDvzBE=
201,-159,ELT9VQysUdiEdhPQy0bxOGEII0o=,fYd78pdk16MkV1VUpCy9RBDvzBE=
202,-155,ELT9VQysUdiEdhPQy0bxOGEII0o=,fYd78pdk16MkV1VUpCy9RBDvzBE=
201,-155,ELT9VQysUdiEdhPQy0bxOGEII0o=,fYd78pdk16MkV1VUpCy9RBDvzBE=
200,-155,ELT9VQysUdiEdhPQy0bxOGEII0o=,fYd78pdk16MkV1VUpCy9RBDvzBE=
198,-155,ELT9VQysUdiEdhPQy0bxOGEII0o=,fYd78pdk16MkV1VUpCy9RBDvzBE=
199,-155,ELT9VQysUdiEdhPQy0bxOGEII0o=,fYd78pdk16MkV1VUpCy9RBDvzBE=
197,-155,ELT9VQysUdiEdhPQy0bxOGEII0o=,fYd78pdk16MkV1VUpCy9RBDvzBE=
196,-155,ELT9VQysUdiEdhPQy0bxOGEII0o=,fYd78pdk16MkV1VUpCy9RBDvzBE=
195,-155,ELT9VQysUdiEdhPQy0bxOGEII0o=,fYd78pdk16MkV1VUpCy9RBDvzBE=
194,-155,ELT9VQysUdiEdhPQy0bxOGEII0o=,fYd78pdk16MkV1VUpCy9RBDvzBE=
200,-158,ELT9VQysUdiEdhPQy0bxOGEII0o=,fYd78pdk16MkV1VUpCy9RBDvzBE=
193,-155,ELT9VQysUdiEdhPQy0bxOGEII0o=,fYd78pdk16MkV1VUpCy9RBDvzBE=
202,-157,ELT9VQysUdiEdhPQy0bxOGEII0o=,fYd78pdk16MkV1VUpCy9RBDvzBE=
201,-157,ELT9VQysUdiEdhPQy0bxOGEII0o=,fYd78pdk16MkV1VUpCy9RBDvzBE=
207,-156,ELT9VQysUdiEdhPQy0bxOGEII0o=,fYd78pdk16MkV1VUpCy9RBDvzBE=
206,-156,ELT9VQysUdiEdhPQy0bxOGEII0o=,fYd78pdk16MkV1VUpCy9RBDvzBE=
205,-156,ELT9VQysUdiEdhPQy0bxOGEII0o=,fYd78pdk16MkV1VUpCy9RBDvzBE=
204,-156,ELT9VQysUdiEdhPQy0bxOGEII0o=,fYd78pdk16MkV1VUpCy9RBDvzBE=
203,-156,ELT9VQysUdiEdhPQy0bxOGEII0o=,fYd78pdk16MkV1VUpCy9RBDvzBE=
200,-157,ELT9VQysUdiEdhPQy0bxOGEII0o=,fYd78pdk16MkV1VUpCy9RBDvzBE=
200,-159,ELT9VQysUdiEdhPQy0bxOGEII0o=,fYd78pdk16MkV1VUpCy9RBDvzBE=
202,-156,ELT9VQysUdiEdhPQy0bxOGEII0o=,fYd78pdk16MkV1VUpCy9RBDvzBE=
201,-156,ELT9VQysUdiEdhPQy0bxOGEII0o=,fYd78pdk16MkV1VUpCy9RBDvzBE=
192,-155,ELT9VQysUdiEdhPQy0bxOGEII0o=,fYd78pdk16MkV1VUpCy9RBDvzBE=
192,-154,ELT9VQysUdiEdhPQy0bxOGEII0o=,fYd78pdk16MkV1VUpCy9RBDvzBE=
192,-156,ELT9VQysUdiEdhPQy0bxOGEII0o=,fYd78pdk16MkV1VUpCy9RBDvzBE=
192,-153,ELT9VQysUdiEdhPQy0bxOGEII0o=,fYd78pdk16MkV1VUpCy9RBDvzBE=
192,-152,ELT9VQysUdiEdhPQy0bxOGEII0o=,fYd78pdk16MkV1VUpCy9RBDvzBE=
192,-160,ELT9VQysUdiEdhPQy0bxOGEII0o=,fYd78pdk16MkV1VUpCy9RBDvzBE=
192,-151,ELT9VQysUdiEdhPQy0bxOGEII0o=,fYd78pdk16MkV1VUpCy9RBDvzBE=
192,-159,ELT9VQysUdiEdhPQy0bxOGEII0o=,fYd78pdk16MkV1VUpCy9RBDvzBE=
192,-150,ELT9VQysUdiEdhPQy0bxOGEII0o=,fYd78pdk16MkV1VUpCy9RBDvzBE=
192,-158,ELT9VQysUdiEdhPQy0bxOGEII0o=,fYd78pdk16MkV1VUpCy9RBDvzBE=
192,-149,ELT9VQysUdiEdhPQy0bxOGEII0o=,fYd78pdk16MkV1VUpCy9RBDvzBE=
192,-148,ELT9VQysUdiEdhPQy0bxOGEII0o=,fYd78pdk16MkV1VUpCy9RBDvzBE=
192,-157,ELT9VQysUdiEdhPQy0bxOGEII0o=,fYd78pdk16MkV1VUpCy9RBDvzBE=
192,-147,ELT9VQysUdiEdhPQy0bxOGEII0o=,fYd78pdk16MkV1VUpCy9RBDvzBE=
192,-146,ELT9VQysUdiEdhPQy0bxOGEII0o=,fYd78pdk16MkV1VUpCy9RBDvzBE=
192,-145,ELT9VQysUdiEdhPQy0bxOGEII0o=,fYd78pdk16MkV1VUpCy9RBDvzBE=
