17,-14,BHcI2LA29RWplMHLAGKD7PGPr6k=,1Q62eJggPe6ZJUuoIIrr9Hsj7IE=
18,-14,BHcI2LA29RWplMHLAGKD7PGPr6k=,6GGethxS61qrUiZWr9ekYKWQ3XM=
18,-15,BHcI2LA29RWplMHLAGKD7PGPr6k=,jo2e0+I4XbX6D0QJifDPT40Bgik=
17,-15,BHcI2LA29RWplMHLAGKD7PGPr6k=,ABWJDdJXe77xj93nuUBopYvptyo=
18,-13,DYuSxYKgjhtqJOSVRp8Httg80Y4=,6GGethxS61qrUiZWr9ekYKWQ3XM=
17,-13,DYuSxYKgjhtqJOSVRp8Httg80Y4=,1Q62eJggPe6ZJUuoIIrr9Hsj7IE=
17,-12,DYuSxYKgjhtqJOSVRp8Httg80Y4=,QUmAhe+C3H33Ro0w7pv3qXaWuXI=
18,-12,DYuSxYKgjhtqJOSVRp8Httg80Y4=,bTtJi/g1OeiWOrRho+EPkKoJ8x4=
18,-10,DYuSxYKgjhtqJOSVRp8Httg80Y4=,TqfWjC7XrUy3QDbWaqa6z0k3wS4=
17,-11,DYuSxYKgjhtqJOSVRp8Httg80Y4=,QUmAhe+C3H33Ro0w7pv3qXaWuXI=
18,-11,DYuSxYKgjhtqJOSVRp8Httg80Y4=,bTtJi/g1OeiWOrRho+EPkKoJ8x4=
17,-10,DYuSxYKgjhtqJOSVRp8Httg80Y4=,vHBipKfeLrFD+WFmEnysDbwSWqg=
17,-9,uu3tZW0/lpjj12vCKr4VTQwc20g=,vHBipKfeLrFD+WFmEnysDbwSWqg=
18,-8,uu3tZW0/lpjj12vCKr4VTQwc20g=,/lL+fTGGbQ62oLhvb7omTjzJQlE=
18,-9,uu3tZW0/lpjj12vCKr4VTQwc20g=,TqfWjC7XrUy3QDbWaqa6z0k3wS4=
17,-8,uu3tZW0/lpjj12vCKr4VTQwc20g=,5gn7XcvgzTNw/in+pIgYNFojL3s=
18,-7,EfE2CQkvSOeMydE06vjuH05TgT0=,/lL+fTGGbQ62oLhvb7omTjzJQlE=
17,-7,dqQ3igHTW22i+vktP3Vej4110gw=,5gn7XcvgzTNw/in+pIgYNFojL3s=
18,-6,dqQ3igHTW22i+vktP3Vej4110gw=,lbF313Ay8yws/SnHPSBAJ7RwhrM=
17,-6,dqQ3igHTW22i+vktP3Vej4110gw=,yKEJaGE1Re6Js9sAIoUfg5DGnBs=
19,-3,dqQ3igHTW22i+vktP3Vej4110gw=,Lbi/I4dqcQ35KGOTYBPETxdiFz0=
19,-2,dqQ3igHTW22i+vktP3Vej4110gw=,APcAv54D9CKTd7rpkJ7rGUHLklc=
17,-4,dqQ3igHTW22i+vktP3Vej4110gw=,oiq9KiARxmqa5eTk59EqyX2NNoA=
18,-5,XwvDENZkdoEgD6W3UuiUDAXeTHs=,lbF313Ay8yws/SnHPSBAJ7RwhrM=
18,-4,XwvDENZkdoEgD6W3UuiUDAXeTHs=,Lbi/I4dqcQ35KGOTYBPETxdiFz0=
17,-5,XwvDENZkdoEgD6W3UuiUDAXeTHs=,yKEJaGE1Re6Js9sAIoUfg5DGnBs=
16,-4,hwt5fRxif0lrdJk3kPC3wjD/nBg=,oiq9KiARxmqa5eTk59EqyX2NNoA=
16,-3,hwt5fRxif0lrdJk3kPC3wjD/nBg=,oiq9KiARxmqa5eTk59EqyX2NNoA=
16,-5,hwt5fRxif0lrdJk3kPC3wjD/nBg=,yKEJaGE1Re6Js9sAIoUfg5DGnBs=
16,-2,hwt5fRxif0lrdJk3kPC3wjD/nBg=,woj+d3VAaP6kcXmGQ563ygsJGaA=
18,-3,hwt5fRxif0lrdJk3kPC3wjD/nBg=,Lbi/I4dqcQ35KGOTYBPETxdiFz0=
17,-3,hwt5fRxif0lrdJk3kPC3wjD/nBg=,oiq9KiARxmqa5eTk59EqyX2NNoA=
18,-1,hwt5fRxif0lrdJk3kPC3wjD/nBg=,APcAv54D9CKTd7rpkJ7rGUHLklc=
17,-1,hwt5fRxif0lrdJk3kPC3wjD/nBg=,woj+d3VAaP6kcXmGQ563ygsJGaA=
18,-2,hwt5fRxif0lrdJk3kPC3wjD/nBg=,APcAv54D9CKTd7rpkJ7rGUHLklc=
17,-2,hwt5fRxif0lrdJk3kPC3wjD/nBg=,woj+d3VAaP6kcXmGQ563ygsJGaA=
16,-7,hwt5fRxif0lrdJk3kPC3wjD/nBg=,5gn7XcvgzTNw/in+pIgYNFojL3s=
16,-6,hwt5fRxif0lrdJk3kPC3wjD/nBg=,yKEJaGE1Re6Js9sAIoUfg5DGnBs=
16,-9,hwt5fRxif0lrdJk3kPC3wjD/nBg=,vHBipKfeLrFD+WFmEnysDbwSWqg=
16,-8,hwt5fRxif0lrdJk3kPC3wjD/nBg=,5gn7XcvgzTNw/in+pIgYNFojL3s=
16,-11,A0t3tHWPRRjnx0U8HXfUfpWqiPk=,QUmAhe+C3H33Ro0w7pv3qXaWuXI=
16,-10,A0t3tHWPRRjnx0U8HXfUfpWqiPk=,vHBipKfeLrFD+WFmEnysDbwSWqg=
16,-13,A0t3tHWPRRjnx0U8HXfUfpWqiPk=,1Q62eJggPe6ZJUuoIIrr9Hsj7IE=
19,-6,A0t3tHWPRRjnx0U8HXfUfpWqiPk=,lbF313Ay8yws/SnHPSBAJ7RwhrM=
19,-7,A0t3tHWPRRjnx0U8HXfUfpWqiPk=,/lL+fTGGbQ62oLhvb7omTjzJQlE=
19,-4,A0t3tHWPRRjnx0U8HXfUfpWqiPk=,Lbi/I4dqcQ35KGOTYBPETxdiFz0=
16,-12,cPPFq0j8vpl0Xo4uPoo0VjVjCgk=,QUmAhe+C3H33Ro0w7pv3qXaWuXI=
16,-15,cPPFq0j8vpl0Xo4uPoo0VjVjCgk=,ABWJDdJXe77xj93nuUBopYvptyo=
16,-14,cPPFq0j8vpl0Xo4uPoo0VjVjCgk=,1Q62eJggPe6ZJUuoIIrr9Hsj7IE=
19,-1,cPPFq0j8vpl0Xo4uPoo0VjVjCgk=,APcAv54D9CKTd7rpkJ7rGUHLklc=
19,-5,cPPFq0j8vpl0Xo4uPoo0VjVjCgk=,lbF313Ay8yws/SnHPSBAJ7RwhrM=
19,-15,cPPFq0j8vpl0Xo4uPoo0VjVjCgk=,jo2e0+I4XbX6D0QJifDPT40Bgik=
16,-1,cPPFq0j8vpl0Xo4uPoo0VjVjCgk=,woj+d3VAaP6kcXmGQ563ygsJGaA=
19,-11,cPPFq0j8vpl0Xo4uPoo0VjVjCgk=,bTtJi/g1OeiWOrRho+EPkKoJ8x4=
19,-10,cPPFq0j8vpl0Xo4uPoo0VjVjCgk=,TqfWjC7XrUy3QDbWaqa6z0k3wS4=
19,-8,cPPFq0j8vpl0Xo4uPoo0VjVjCgk=,/lL+fTGGbQ62oLhvb7omTjzJQlE=
19,-12,cPPFq0j8vpl0Xo4uPoo0VjVjCgk=,bTtJi/g1OeiWOrRho+EPkKoJ8x4=
19,-9,cPPFq0j8vpl0Xo4uPoo0VjVjCgk=,TqfWjC7XrUy3QDbWaqa6z0k3wS4=
19,-14,cPPFq0j8vpl0Xo4uPoo0VjVjCgk=,6GGethxS61qrUiZWr9ekYKWQ3XM=
19,-13,cPPFq0j8vpl0Xo4uPoo0VjVjCgk=,6GGethxS61qrUiZWr9ekYKWQ3XM=
19,-16,cPPFq0j8vpl0Xo4uPoo0VjVjCgk=,jo2e0+I4XbX6D0QJifDPT40Bgik=
16,-16,cPPFq0j8vpl0Xo4uPoo0VjVjCgk=,ABWJDdJXe77xj93nuUBopYvptyo=
17,-16,cPPFq0j8vpl0Xo4uPoo0VjVjCgk=,ABWJDdJXe77xj93nuUBopYvptyo=
18,-16,cPPFq0j8vpl0Xo4uPoo0VjVjCgk=,jo2e0+I4XbX6D0QJifDPT40Bgik=
17,-21,QXJSdb16tDNO5ftswWAQAxOS7jw=,wBfYSmAkafS3Khb/pquN/s65MZ4=
18,-21,QXJSdb16tDNO5ftswWAQAxOS7jw=,cCWJpQHU2aH2NN5Bb4mWg0DUTfA=
17,-20,QXJSdb16tDNO5ftswWAQAxOS7jw=,zfwBl4pp6vJu71Iy72XQRgUJVXU=
18,-20,QXJSdb16tDNO5ftswWAQAxOS7jw=,I+pg4D2NzQrjejUnd4yPe+8YrqU=
17,-19,QXJSdb16tDNO5ftswWAQAxOS7jw=,zfwBl4pp6vJu71Iy72XQRgUJVXU=
17,-18,QXJSdb16tDNO5ftswWAQAxOS7jw=,SV8T4SaS6yTW17cfSv72ksD5vxk=
18,-19,QXJSdb16tDNO5ftswWAQAxOS7jw=,I+pg4D2NzQrjejUnd4yPe+8YrqU=
18,-18,QXJSdb16tDNO5ftswWAQAxOS7jw=,sGpxkGkpE1rRjI8hJLRRvYb9Qio=
16,-21,61IWZ/os2ViExWWkpDg77R0Hk1Q=,wBfYSmAkafS3Khb/pquN/s65MZ4=
18,-22,61IWZ/os2ViExWWkpDg77R0Hk1Q=,cCWJpQHU2aH2NN5Bb4mWg0DUTfA=
17,-22,61IWZ/os2ViExWWkpDg77R0Hk1Q=,wBfYSmAkafS3Khb/pquN/s65MZ4=
19,-22,61IWZ/os2ViExWWkpDg77R0Hk1Q=,cCWJpQHU2aH2NN5Bb4mWg0DUTfA=
16,-22,61IWZ/os2ViExWWkpDg77R0Hk1Q=,wBfYSmAkafS3Khb/pquN/s65MZ4=
19,-21,61IWZ/os2ViExWWkpDg77R0Hk1Q=,cCWJpQHU2aH2NN5Bb4mWg0DUTfA=
19,-20,61IWZ/os2ViExWWkpDg77R0Hk1Q=,I+pg4D2NzQrjejUnd4yPe+8YrqU=
19,-19,61IWZ/os2ViExWWkpDg77R0Hk1Q=,I+pg4D2NzQrjejUnd4yPe+8YrqU=
16,-20,61IWZ/os2ViExWWkpDg77R0Hk1Q=,zfwBl4pp6vJu71Iy72XQRgUJVXU=
19,-18,61IWZ/os2ViExWWkpDg77R0Hk1Q=,sGpxkGkpE1rRjI8hJLRRvYb9Qio=
19,-17,61IWZ/os2ViExWWkpDg77R0Hk1Q=,sGpxkGkpE1rRjI8hJLRRvYb9Qio=
16,-19,61IWZ/os2ViExWWkpDg77R0Hk1Q=,zfwBl4pp6vJu71Iy72XQRgUJVXU=
18,-17,61IWZ/os2ViExWWkpDg77R0Hk1Q=,sGpxkGkpE1rRjI8hJLRRvYb9Qio=
16,-18,61IWZ/os2ViExWWkpDg77R0Hk1Q=,SV8T4SaS6yTW17cfSv72ksD5vxk=
17,-17,61IWZ/os2ViExWWkpDg77R0Hk1Q=,SV8T4SaS6yTW17cfSv72ksD5vxk=
16,-17,61IWZ/os2ViExWWkpDg77R0Hk1Q=,SV8T4SaS6yTW17cfSv72ksD5vxk=
7,-18,XNfvzzXYBK/O/D319BR2QUaF2Qk=,wa02wCp7TDdFWQlD0EXubt7z76A=
8,-18,XNfvzzXYBK/O/D319BR2QUaF2Qk=,CbfCOHWlyylbScCYop2a1dv10aM=
7,-19,XNfvzzXYBK/O/D319BR2QUaF2Qk=,PLiJ+D901erbiH7YaLix84bmF+E=
8,-19,XNfvzzXYBK/O/D319BR2QUaF2Qk=,3MmXN173MNB1FJ+zi7NR0Rf54xQ=
8,-21,XNfvzzXYBK/O/D319BR2QUaF2Qk=,Xn51tpS2O91MNUD8H6VLtwg3pVA=
7,-21,XNfvzzXYBK/O/D319BR2QUaF2Qk=,0AMZf8gEs/RrLgj+We02ZZ0k7CY=
7,-20,eNWSSJXGSY7z+EgzhmMskNUWqM0=,PLiJ+D901erbiH7YaLix84bmF+E=
8,-20,eNWSSJXGSY7z+EgzhmMskNUWqM0=,3MmXN173MNB1FJ+zi7NR0Rf54xQ=
10,-21,rE0Kz5Ybx47/qMlmwhARzGx/2og=,TsmqPe6Hi3fCoBVkjQCRuT5b9WU=
9,-21,rE0Kz5Ybx47/qMlmwhARzGx/2og=,Xn51tpS2O91MNUD8H6VLtwg3pVA=
10,-20,rE0Kz5Ybx47/qMlmwhARzGx/2og=,OYgkiYgUGa6HkyJB2Wk2pV1ZXnI=
9,-20,rE0Kz5Ybx47/qMlmwhARzGx/2og=,3MmXN173MNB1FJ+zi7NR0Rf54xQ=
11,-21,rE0Kz5Ybx47/qMlmwhARzGx/2og=,TsmqPe6Hi3fCoBVkjQCRuT5b9WU=
11,-20,rE0Kz5Ybx47/qMlmwhARzGx/2og=,OYgkiYgUGa6HkyJB2Wk2pV1ZXnI=
12,-21,rE0Kz5Ybx47/qMlmwhARzGx/2og=,Cm7++1rhWYCfqrL43liWwkXFi1Y=
12,-20,rE0Kz5Ybx47/qMlmwhARzGx/2og=,GaZg/UuX59zywglXYV97nQEb4Ew=
12,-19,bk4CtVLhHmq8Ep4q65dm8PxY/H4=,GaZg/UuX59zywglXYV97nQEb4Ew=
11,-19,bk4CtVLhHmq8Ep4q65dm8PxY/H4=,OYgkiYgUGa6HkyJB2Wk2pV1ZXnI=
9,-19,bk4CtVLhHmq8Ep4q65dm8PxY/H4=,3MmXN173MNB1FJ+zi7NR0Rf54xQ=
9,-18,bk4CtVLhHmq8Ep4q65dm8PxY/H4=,CbfCOHWlyylbScCYop2a1dv10aM=
10,-18,bk4CtVLhHmq8Ep4q65dm8PxY/H4=,zsbpCjtDmhcdublGfLMP7Z2yYks=
12,-18,bk4CtVLhHmq8Ep4q65dm8PxY/H4=,cv1yMPEky20D7nENin+Y1cTlBsE=
11,-18,bk4CtVLhHmq8Ep4q65dm8PxY/H4=,zsbpCjtDmhcdublGfLMP7Z2yYks=
10,-19,bk4CtVLhHmq8Ep4q65dm8PxY/H4=,OYgkiYgUGa6HkyJB2Wk2pV1ZXnI=
14,-21,x2OtcRyQslw/E84FG9MBesTCDfI=,0X3KxmLvz3eu0JHt/yfvNTbeyis=
13,-21,x2OtcRyQslw/E84FG9MBesTCDfI=,Cm7++1rhWYCfqrL43liWwkXFi1Y=
13,-20,x2OtcRyQslw/E84FG9MBesTCDfI=,GaZg/UuX59zywglXYV97nQEb4Ew=
14,-20,x2OtcRyQslw/E84FG9MBesTCDfI=,09NAx5vaXbUn0nYshxAdM0imTIM=
13,-19,x2OtcRyQslw/E84FG9MBesTCDfI=,GaZg/UuX59zywglXYV97nQEb4Ew=
14,-19,x2OtcRyQslw/E84FG9MBesTCDfI=,09NAx5vaXbUn0nYshxAdM0imTIM=
13,-18,1zUvasn/ARrEdXJaHV3Rtphx93c=,cv1yMPEky20D7nENin+Y1cTlBsE=
14,-18,1zUvasn/ARrEdXJaHV3Rtphx93c=,Cxw0lSNf0eHfqrV89qJ5FTsoyyM=
11,-17,1zUvasn/ARrEdXJaHV3Rtphx93c=,zsbpCjtDmhcdublGfLMP7Z2yYks=
12,-17,1zUvasn/ARrEdXJaHV3Rtphx93c=,cv1yMPEky20D7nENin+Y1cTlBsE=
14,-17,1zUvasn/ARrEdXJaHV3Rtphx93c=,Cxw0lSNf0eHfqrV89qJ5FTsoyyM=
13,-17,1zUvasn/ARrEdXJaHV3Rtphx93c=,cv1yMPEky20D7nENin+Y1cTlBsE=
15,-19,1zUvasn/ARrEdXJaHV3Rtphx93c=,09NAx5vaXbUn0nYshxAdM0imTIM=
15,-18,1zUvasn/ARrEdXJaHV3Rtphx93c=,Cxw0lSNf0eHfqrV89qJ5FTsoyyM=
15,-17,1zUvasn/ARrEdXJaHV3Rtphx93c=,Cxw0lSNf0eHfqrV89qJ5FTsoyyM=
2,-21,ZSVXqJnOQ5VeXpNv37vYRvuo768=,hmWstd1a/XTmlpsOpnmixlMcvoE=
1,-21,ZSVXqJnOQ5VeXpNv37vYRvuo768=,rtdQRMPrUnOLurni5ILW6BrK4X0=
1,-20,ZSVXqJnOQ5VeXpNv37vYRvuo768=,zP31WAf2U+opkzjCjK8+reWQax0=
2,-20,ZSVXqJnOQ5VeXpNv37vYRvuo768=,5A8EEBR195zPr5IUX6fBUe7Mcys=
1,-18,aDOey3kzdr0lIzkTP9VM2w48nQo=,T+AbiRhhEq8yGk5PoKhqDQCczHg=
1,-19,aDOey3kzdr0lIzkTP9VM2w48nQo=,zP31WAf2U+opkzjCjK8+reWQax0=
2,-19,aDOey3kzdr0lIzkTP9VM2w48nQo=,5A8EEBR195zPr5IUX6fBUe7Mcys=
2,-18,aDOey3kzdr0lIzkTP9VM2w48nQo=,ivC3mm60WvgW0gUaUnP4US0pc4M=
6,-21,gZ4mDGhrFQ+9GxdfRvdafvmuYzE=,0AMZf8gEs/RrLgj+We02ZZ0k7CY=
3,-21,gZ4mDGhrFQ+9GxdfRvdafvmuYzE=,hmWstd1a/XTmlpsOpnmixlMcvoE=
5,-21,gZ4mDGhrFQ+9GxdfRvdafvmuYzE=,ouI+FjZIUA7TSetxqQivIl1N/qc=
4,-21,gZ4mDGhrFQ+9GxdfRvdafvmuYzE=,ouI+FjZIUA7TSetxqQivIl1N/qc=
3,-20,gZ4mDGhrFQ+9GxdfRvdafvmuYzE=,5A8EEBR195zPr5IUX6fBUe7Mcys=
4,-20,gZ4mDGhrFQ+9GxdfRvdafvmuYzE=,JMaBFjVWO9lH8hcBBkICu3g/XmY=
5,-20,gZ4mDGhrFQ+9GxdfRvdafvmuYzE=,JMaBFjVWO9lH8hcBBkICu3g/XmY=
6,-20,gZ4mDGhrFQ+9GxdfRvdafvmuYzE=,PLiJ+D901erbiH7YaLix84bmF+E=
5,-17,+wJ1NNyqAd2T7FnelrQUGV96j10=,Tf08vXrBsy28s6+mAoe9XfwRYLc=
3,-19,+wJ1NNyqAd2T7FnelrQUGV96j10=,5A8EEBR195zPr5IUX6fBUe7Mcys=
6,-18,+wJ1NNyqAd2T7FnelrQUGV96j10=,wa02wCp7TDdFWQlD0EXubt7z76A=
5,-18,+wJ1NNyqAd2T7FnelrQUGV96j10=,Tf08vXrBsy28s6+mAoe9XfwRYLc=
3,-18,+wJ1NNyqAd2T7FnelrQUGV96j10=,ivC3mm60WvgW0gUaUnP4US0pc4M=
4,-19,+wJ1NNyqAd2T7FnelrQUGV96j10=,JMaBFjVWO9lH8hcBBkICu3g/XmY=
6,-19,+wJ1NNyqAd2T7FnelrQUGV96j10=,PLiJ+D901erbiH7YaLix84bmF+E=
6,-17,+wJ1NNyqAd2T7FnelrQUGV96j10=,wa02wCp7TDdFWQlD0EXubt7z76A=
4,-18,+wJ1NNyqAd2T7FnelrQUGV96j10=,Tf08vXrBsy28s6+mAoe9XfwRYLc=
5,-19,+wJ1NNyqAd2T7FnelrQUGV96j10=,JMaBFjVWO9lH8hcBBkICu3g/XmY=
4,-17,+wJ1NNyqAd2T7FnelrQUGV96j10=,Tf08vXrBsy28s6+mAoe9XfwRYLc=
3,-17,+wJ1NNyqAd2T7FnelrQUGV96j10=,ivC3mm60WvgW0gUaUnP4US0pc4M=
7,-17,+wJ1NNyqAd2T7FnelrQUGV96j10=,wa02wCp7TDdFWQlD0EXubt7z76A=
0,-22,Ah1yMSgeX3q3NMThYPmVPJjkkaQ=,rtdQRMPrUnOLurni5ILW6BrK4X0=
8,-17,Ah1yMSgeX3q3NMThYPmVPJjkkaQ=,CbfCOHWlyylbScCYop2a1dv10aM=
2,-22,Ah1yMSgeX3q3NMThYPmVPJjkkaQ=,hmWstd1a/XTmlpsOpnmixlMcvoE=
4,-22,Ah1yMSgeX3q3NMThYPmVPJjkkaQ=,ouI+FjZIUA7TSetxqQivIl1N/qc=
3,-22,Ah1yMSgeX3q3NMThYPmVPJjkkaQ=,hmWstd1a/XTmlpsOpnmixlMcvoE=
1,-22,Ah1yMSgeX3q3NMThYPmVPJjkkaQ=,rtdQRMPrUnOLurni5ILW6BrK4X0=
12,-22,Ah1yMSgeX3q3NMThYPmVPJjkkaQ=,Cm7++1rhWYCfqrL43liWwkXFi1Y=
11,-22,Ah1yMSgeX3q3NMThYPmVPJjkkaQ=,TsmqPe6Hi3fCoBVkjQCRuT5b9WU=
14,-22,Ah1yMSgeX3q3NMThYPmVPJjkkaQ=,0X3KxmLvz3eu0JHt/yfvNTbeyis=
9,-17,Ah1yMSgeX3q3NMThYPmVPJjkkaQ=,CbfCOHWlyylbScCYop2a1dv10aM=
13,-22,Ah1yMSgeX3q3NMThYPmVPJjkkaQ=,Cm7++1rhWYCfqrL43liWwkXFi1Y=
10,-17,Ah1yMSgeX3q3NMThYPmVPJjkkaQ=,zsbpCjtDmhcdublGfLMP7Z2yYks=
1,-17,Ah1yMSgeX3q3NMThYPmVPJjkkaQ=,T+AbiRhhEq8yGk5PoKhqDQCczHg=
15,-22,Ah1yMSgeX3q3NMThYPmVPJjkkaQ=,0X3KxmLvz3eu0JHt/yfvNTbeyis=
9,-22,Ah1yMSgeX3q3NMThYPmVPJjkkaQ=,Xn51tpS2O91MNUD8H6VLtwg3pVA=
10,-22,Ah1yMSgeX3q3NMThYPmVPJjkkaQ=,TsmqPe6Hi3fCoBVkjQCRuT5b9WU=
5,-22,Ah1yMSgeX3q3NMThYPmVPJjkkaQ=,ouI+FjZIUA7TSetxqQivIl1N/qc=
6,-22,Ah1yMSgeX3q3NMThYPmVPJjkkaQ=,0AMZf8gEs/RrLgj+We02ZZ0k7CY=
8,-22,Ah1yMSgeX3q3NMThYPmVPJjkkaQ=,Xn51tpS2O91MNUD8H6VLtwg3pVA=
7,-22,Ah1yMSgeX3q3NMThYPmVPJjkkaQ=,0AMZf8gEs/RrLgj+We02ZZ0k7CY=
2,-17,Ah1yMSgeX3q3NMThYPmVPJjkkaQ=,ivC3mm60WvgW0gUaUnP4US0pc4M=
15,-21,Ah1yMSgeX3q3NMThYPmVPJjkkaQ=,0X3KxmLvz3eu0JHt/yfvNTbeyis=
15,-20,Ah1yMSgeX3q3NMThYPmVPJjkkaQ=,09NAx5vaXbUn0nYshxAdM0imTIM=
0,-21,Ah1yMSgeX3q3NMThYPmVPJjkkaQ=,rtdQRMPrUnOLurni5ILW6BrK4X0=
0,-17,Ah1yMSgeX3q3NMThYPmVPJjkkaQ=,T+AbiRhhEq8yGk5PoKhqDQCczHg=
0,-18,Ah1yMSgeX3q3NMThYPmVPJjkkaQ=,T+AbiRhhEq8yGk5PoKhqDQCczHg=
0,-19,Ah1yMSgeX3q3NMThYPmVPJjkkaQ=,zP31WAf2U+opkzjCjK8+reWQax0=
0,-20,Ah1yMSgeX3q3NMThYPmVPJjkkaQ=,zP31WAf2U+opkzjCjK8+reWQax0=
1,-7,qZ1fwCGlXj1i/ufs7cHmigVPMJo=,9b3L3ylG82HDiJ1sOWydsXRYYI8=
2,-7,qZ1fwCGlXj1i/ufs7cHmigVPMJo=,F7sAcu+/di5Yqd6c5H2+5SZTAR4=
1,-6,qZ1fwCGlXj1i/ufs7cHmigVPMJo=,OaZD7HoZGHhkOd8WEnRIsQw/jpY=
2,-6,qZ1fwCGlXj1i/ufs7cHmigVPMJo=,3suFoOyfPaZJyRII1mpn+YCiIQY=
1,-8,DoH76wgWnaQDSNospuwnsbIQveM=,9b3L3ylG82HDiJ1sOWydsXRYYI8=
1,-9,DoH76wgWnaQDSNospuwnsbIQveM=,jFBMzUKMnGM2n70iZh4oeX0VwRo=
2,-9,DoH76wgWnaQDSNospuwnsbIQveM=,NKfn9JxvxzAdYlLfs9bb6pTmDgM=
2,-8,DoH76wgWnaQDSNospuwnsbIQveM=,F7sAcu+/di5Yqd6c5H2+5SZTAR4=
1,-10,DoH76wgWnaQDSNospuwnsbIQveM=,jFBMzUKMnGM2n70iZh4oeX0VwRo=
1,-11,DoH76wgWnaQDSNospuwnsbIQveM=,zT/JxGTjAM0AinI5C7oC/VspO6M=
2,-10,DoH76wgWnaQDSNospuwnsbIQveM=,NKfn9JxvxzAdYlLfs9bb6pTmDgM=
2,-11,DoH76wgWnaQDSNospuwnsbIQveM=,xqShWAHdvkcsssHobmKDv/sRUrI=
1,-12,wV5I/Dj/gR1uIl6oyRKM7bAdY6o=,zT/JxGTjAM0AinI5C7oC/VspO6M=
1,-13,r6kwIKHXKUcXo4E01gZdaTjgsdU=,08qfBaN0vvmKmOy0umdFV9c3QDU=
2,-13,r6kwIKHXKUcXo4E01gZdaTjgsdU=,Y8/jX3UFKNH3kJoU7BRR1lN/1YM=
2,-12,r6kwIKHXKUcXo4E01gZdaTjgsdU=,xqShWAHdvkcsssHobmKDv/sRUrI=
3,-12,r6kwIKHXKUcXo4E01gZdaTjgsdU=,xqShWAHdvkcsssHobmKDv/sRUrI=
4,-12,r6kwIKHXKUcXo4E01gZdaTjgsdU=,2z6OeY49YzrCH4ldAYkxEoAcln0=
3,-13,r6kwIKHXKUcXo4E01gZdaTjgsdU=,Y8/jX3UFKNH3kJoU7BRR1lN/1YM=
4,-13,r6kwIKHXKUcXo4E01gZdaTjgsdU=,FyjbS6GHQBUDDX4EPeKBfwvoVMc=
3,-10,jWai//yi3kWHYSq7x1s53LgPue0=,NKfn9JxvxzAdYlLfs9bb6pTmDgM=
4,-10,jWai//yi3kWHYSq7x1s53LgPue0=,p9+s2AO8HZKB7EjUASxjn2pt44A=
4,-11,jWai//yi3kWHYSq7x1s53LgPue0=,2z6OeY49YzrCH4ldAYkxEoAcln0=
5,-12,jWai//yi3kWHYSq7x1s53LgPue0=,2z6OeY49YzrCH4ldAYkxEoAcln0=
6,-13,jWai//yi3kWHYSq7x1s53LgPue0=,joXp9X4vs/LMJdXczNlr25Xbn9A=
3,-11,jWai//yi3kWHYSq7x1s53LgPue0=,xqShWAHdvkcsssHobmKDv/sRUrI=
6,-12,jWai//yi3kWHYSq7x1s53LgPue0=,HqkEy52dR5VbkxuqOngh5jsZMb0=
5,-13,jWai//yi3kWHYSq7x1s53LgPue0=,FyjbS6GHQBUDDX4EPeKBfwvoVMc=
5,-10,jWai//yi3kWHYSq7x1s53LgPue0=,p9+s2AO8HZKB7EjUASxjn2pt44A=
5,-11,jWai//yi3kWHYSq7x1s53LgPue0=,2z6OeY49YzrCH4ldAYkxEoAcln0=
6,-10,jWai//yi3kWHYSq7x1s53LgPue0=,wcQLryQJdhpTp7654ESAKqWLP8Y=
6,-11,jWai//yi3kWHYSq7x1s53LgPue0=,HqkEy52dR5VbkxuqOngh5jsZMb0=
7,-10,y617gaO012mtJ2VSUU/Cez2FhTM=,wcQLryQJdhpTp7654ESAKqWLP8Y=
8,-10,y617gaO012mtJ2VSUU/Cez2FhTM=,Avsd0dpuRiayMNil17vR1oEsPJQ=
10,-11,y617gaO012mtJ2VSUU/Cez2FhTM=,4R87FmQjUUszBBhGmlEnVcPoDWU=
7,-11,y617gaO012mtJ2VSUU/Cez2FhTM=,HqkEy52dR5VbkxuqOngh5jsZMb0=
9,-10,y617gaO012mtJ2VSUU/Cez2FhTM=,Avsd0dpuRiayMNil17vR1oEsPJQ=
8,-11,y617gaO012mtJ2VSUU/Cez2FhTM=,QidFNhni4hiExnIo7zaiPoQOWbo=
9,-11,y617gaO012mtJ2VSUU/Cez2FhTM=,QidFNhni4hiExnIo7zaiPoQOWbo=
10,-10,y617gaO012mtJ2VSUU/Cez2FhTM=,XhtvLlApxjZGFYLe4RcumogkyRw=
9,-8,qSrd+7MMwSIFEIrHOWVDxOBr4fI=,KEE92OM47NzBAZ0HrLf+ujKvzm8=
10,-8,qSrd+7MMwSIFEIrHOWVDxOBr4fI=,y3cHur9/ZCYSolqSuFj/PwfVFYw=
9,-9,qSrd+7MMwSIFEIrHOWVDxOBr4fI=,Avsd0dpuRiayMNil17vR1oEsPJQ=
10,-9,qSrd+7MMwSIFEIrHOWVDxOBr4fI=,XhtvLlApxjZGFYLe4RcumogkyRw=
9,-7,kor1pwYuIKFV83xIP49Ws4tCbFo=,KEE92OM47NzBAZ0HrLf+ujKvzm8=
9,-6,kor1pwYuIKFV83xIP49Ws4tCbFo=,zJcVc8WW53jFzZ8lpmJA0Txk5hA=
11,-6,kor1pwYuIKFV83xIP49Ws4tCbFo=,e4Y14mELuaXNEGgVTHjwwACt0p0=
12,-6,kor1pwYuIKFV83xIP49Ws4tCbFo=,mfE6p3GPMS51H1Sd+F1Wcwx/onk=
11,-7,kor1pwYuIKFV83xIP49Ws4tCbFo=,y3cHur9/ZCYSolqSuFj/PwfVFYw=
10,-6,kor1pwYuIKFV83xIP49Ws4tCbFo=,e4Y14mELuaXNEGgVTHjwwACt0p0=
10,-7,kor1pwYuIKFV83xIP49Ws4tCbFo=,y3cHur9/ZCYSolqSuFj/PwfVFYw=
11,-9,kor1pwYuIKFV83xIP49Ws4tCbFo=,XhtvLlApxjZGFYLe4RcumogkyRw=
11,-8,kor1pwYuIKFV83xIP49Ws4tCbFo=,y3cHur9/ZCYSolqSuFj/PwfVFYw=
12,-7,kor1pwYuIKFV83xIP49Ws4tCbFo=,rJ+0giSdMAvfUByfsuiBLF0K2S8=
12,-9,kor1pwYuIKFV83xIP49Ws4tCbFo=,8+vnwOyntsfthkJJOOdCQ79qAwM=
12,-8,kor1pwYuIKFV83xIP49Ws4tCbFo=,rJ+0giSdMAvfUByfsuiBLF0K2S8=
3,-9,iXoOBo87Z8bj0PrCrhhCtbx1GtA=,NKfn9JxvxzAdYlLfs9bb6pTmDgM=
4,-9,iXoOBo87Z8bj0PrCrhhCtbx1GtA=,p9+s2AO8HZKB7EjUASxjn2pt44A=
4,-8,iXoOBo87Z8bj0PrCrhhCtbx1GtA=,za12XabgaruHpVIyuRIt3jK5Zlo=
3,-8,iXoOBo87Z8bj0PrCrhhCtbx1GtA=,F7sAcu+/di5Yqd6c5H2+5SZTAR4=
4,-7,Kx88yXl6jPj5gxoyR59ipKJawiQ=,za12XabgaruHpVIyuRIt3jK5Zlo=
3,-7,Kx88yXl6jPj5gxoyR59ipKJawiQ=,F7sAcu+/di5Yqd6c5H2+5SZTAR4=
4,-6,Kx88yXl6jPj5gxoyR59ipKJawiQ=,lrMzB8aDiCYwVg/Bq4fMxWIA2oE=
3,-6,Kx88yXl6jPj5gxoyR59ipKJawiQ=,3suFoOyfPaZJyRII1mpn+YCiIQY=
5,-8,Kx88yXl6jPj5gxoyR59ipKJawiQ=,za12XabgaruHpVIyuRIt3jK5Zlo=
5,-9,Kx88yXl6jPj5gxoyR59ipKJawiQ=,p9+s2AO8HZKB7EjUASxjn2pt44A=
5,-7,Kx88yXl6jPj5gxoyR59ipKJawiQ=,za12XabgaruHpVIyuRIt3jK5Zlo=
8,-9,Kx88yXl6jPj5gxoyR59ipKJawiQ=,Avsd0dpuRiayMNil17vR1oEsPJQ=
7,-9,Kx88yXl6jPj5gxoyR59ipKJawiQ=,wcQLryQJdhpTp7654ESAKqWLP8Y=
6,-8,Kx88yXl6jPj5gxoyR59ipKJawiQ=,pg1QW29SdGO7bf0EbJbBrBaBQqQ=
5,-6,Kx88yXl6jPj5gxoyR59ipKJawiQ=,lrMzB8aDiCYwVg/Bq4fMxWIA2oE=
6,-9,Kx88yXl6jPj5gxoyR59ipKJawiQ=,wcQLryQJdhpTp7654ESAKqWLP8Y=
8,-7,Kx88yXl6jPj5gxoyR59ipKJawiQ=,KEE92OM47NzBAZ0HrLf+ujKvzm8=
8,-8,Kx88yXl6jPj5gxoyR59ipKJawiQ=,KEE92OM47NzBAZ0HrLf+ujKvzm8=
8,-6,Kx88yXl6jPj5gxoyR59ipKJawiQ=,zJcVc8WW53jFzZ8lpmJA0Txk5hA=
7,-8,Kx88yXl6jPj5gxoyR59ipKJawiQ=,pg1QW29SdGO7bf0EbJbBrBaBQqQ=
7,-7,Kx88yXl6jPj5gxoyR59ipKJawiQ=,pg1QW29SdGO7bf0EbJbBrBaBQqQ=
6,-7,Kx88yXl6jPj5gxoyR59ipKJawiQ=,pg1QW29SdGO7bf0EbJbBrBaBQqQ=
7,-6,Kx88yXl6jPj5gxoyR59ipKJawiQ=,QaiV7jakenI4Vf8L96FUSbEx0uo=
6,-6,Kx88yXl6jPj5gxoyR59ipKJawiQ=,QaiV7jakenI4Vf8L96FUSbEx0uo=
4,-5,j1yeEkyT7B4R3k3xaEcQtgDgtwc=,lrMzB8aDiCYwVg/Bq4fMxWIA2oE=
4,-4,j1yeEkyT7B4R3k3xaEcQtgDgtwc=,el/gLroO4RMOjdigN8HUS0W5SmM=
3,-4,j1yeEkyT7B4R3k3xaEcQtgDgtwc=,9ab/hJCBn6zV7jzy/VPy+16r7/I=
3,-5,j1yeEkyT7B4R3k3xaEcQtgDgtwc=,3suFoOyfPaZJyRII1mpn+YCiIQY=
4,-2,j1yeEkyT7B4R3k3xaEcQtgDgtwc=,IbZOfDNhzUSz7DH/KhyXGzIpAS0=
4,-3,j1yeEkyT7B4R3k3xaEcQtgDgtwc=,el/gLroO4RMOjdigN8HUS0W5SmM=
3,-2,j1yeEkyT7B4R3k3xaEcQtgDgtwc=,zcFBxOGSlXhie4KTdw3Vw6GFUCg=
3,-3,j1yeEkyT7B4R3k3xaEcQtgDgtwc=,9ab/hJCBn6zV7jzy/VPy+16r7/I=
5,-5,j1yeEkyT7B4R3k3xaEcQtgDgtwc=,lrMzB8aDiCYwVg/Bq4fMxWIA2oE=
5,-4,j1yeEkyT7B4R3k3xaEcQtgDgtwc=,el/gLroO4RMOjdigN8HUS0W5SmM=
6,-5,j1yeEkyT7B4R3k3xaEcQtgDgtwc=,QaiV7jakenI4Vf8L96FUSbEx0uo=
6,-4,j1yeEkyT7B4R3k3xaEcQtgDgtwc=,lp+3r4nM0qtZAvSxIscrnrUsXpM=
8,-4,o7oJBXV35RD2Bu+85HipOHG9QI4=,CvmWiuhjTizByQB7xBlXCnmxXpw=
8,-3,o7oJBXV35RD2Bu+85HipOHG9QI4=,CvmWiuhjTizByQB7xBlXCnmxXpw=
6,-3,o7oJBXV35RD2Bu+85HipOHG9QI4=,lp+3r4nM0qtZAvSxIscrnrUsXpM=
7,-5,o7oJBXV35RD2Bu+85HipOHG9QI4=,QaiV7jakenI4Vf8L96FUSbEx0uo=
7,-3,o7oJBXV35RD2Bu+85HipOHG9QI4=,lp+3r4nM0qtZAvSxIscrnrUsXpM=
7,-2,o7oJBXV35RD2Bu+85HipOHG9QI4=,ICDN9rKO+ibOn08mWBmGc6QwqAs=
5,-3,FhJ72pMBFL0husk3XqkffaQtwao=,el/gLroO4RMOjdigN8HUS0W5SmM=
8,-5,FhJ72pMBFL0husk3XqkffaQtwao=,zJcVc8WW53jFzZ8lpmJA0Txk5hA=
7,-4,FhJ72pMBFL0husk3XqkffaQtwao=,lp+3r4nM0qtZAvSxIscrnrUsXpM=
8,-2,FhJ72pMBFL0husk3XqkffaQtwao=,yiaZ7e8JSioH+N20sWdEcfKhRCU=
6,-2,FhJ72pMBFL0husk3XqkffaQtwao=,ICDN9rKO+ibOn08mWBmGc6QwqAs=
5,-2,FhJ72pMBFL0husk3XqkffaQtwao=,IbZOfDNhzUSz7DH/KhyXGzIpAS0=
9,-4,FhJ72pMBFL0husk3XqkffaQtwao=,CvmWiuhjTizByQB7xBlXCnmxXpw=
10,-4,FhJ72pMBFL0husk3XqkffaQtwao=,UgNmubxPlxyYcU6nZlptiuZRiAo=
9,-5,FhJ72pMBFL0husk3XqkffaQtwao=,zJcVc8WW53jFzZ8lpmJA0Txk5hA=
10,-5,FhJ72pMBFL0husk3XqkffaQtwao=,e4Y14mELuaXNEGgVTHjwwACt0p0=
9,-3,IG008b5gbRMZdc5MyX6Jd7AbYBo=,CvmWiuhjTizByQB7xBlXCnmxXpw=
9,-2,IG008b5gbRMZdc5MyX6Jd7AbYBo=,yiaZ7e8JSioH+N20sWdEcfKhRCU=
10,-3,IG008b5gbRMZdc5MyX6Jd7AbYBo=,UgNmubxPlxyYcU6nZlptiuZRiAo=
10,-2,IG008b5gbRMZdc5MyX6Jd7AbYBo=,nJcWoOLjGk90AEzkEe1jOF5nKiM=
12,-4,uOM/UKfvYKk7Vc7O3bWhhEeYOj4=,CLvW3yPJfJL5uEpwuugZ8sKINH4=
11,-4,uOM/UKfvYKk7Vc7O3bWhhEeYOj4=,UgNmubxPlxyYcU6nZlptiuZRiAo=
12,-2,uOM/UKfvYKk7Vc7O3bWhhEeYOj4=,hqaPPW5nom7T59Y+jRfAbjMmBc8=
11,-5,uOM/UKfvYKk7Vc7O3bWhhEeYOj4=,e4Y14mELuaXNEGgVTHjwwACt0p0=
12,-3,uOM/UKfvYKk7Vc7O3bWhhEeYOj4=,CLvW3yPJfJL5uEpwuugZ8sKINH4=
12,-5,uOM/UKfvYKk7Vc7O3bWhhEeYOj4=,mfE6p3GPMS51H1Sd+F1Wcwx/onk=
11,-3,uOM/UKfvYKk7Vc7O3bWhhEeYOj4=,UgNmubxPlxyYcU6nZlptiuZRiAo=
11,-2,uOM/UKfvYKk7Vc7O3bWhhEeYOj4=,nJcWoOLjGk90AEzkEe1jOF5nKiM=
14,-2,6eTkng8eakbcjf3YPqr4g8MdPbc=,xVcags6qjydNVG8Nhja749YUckE=
13,-2,6eTkng8eakbcjf3YPqr4g8MdPbc=,hqaPPW5nom7T59Y+jRfAbjMmBc8=
14,-3,6eTkng8eakbcjf3YPqr4g8MdPbc=,JHKWRGFh40MQner5Yh8TT8UlamU=
13,-3,6eTkng8eakbcjf3YPqr4g8MdPbc=,CLvW3yPJfJL5uEpwuugZ8sKINH4=
14,-5,EHXj7uIgXOXwKigQNjVHOqt7yjs=,/KcCZbMZZjElpqCyy92w8BYarIQ=
13,-5,EHXj7uIgXOXwKigQNjVHOqt7yjs=,mfE6p3GPMS51H1Sd+F1Wcwx/onk=
14,-4,EHXj7uIgXOXwKigQNjVHOqt7yjs=,JHKWRGFh40MQner5Yh8TT8UlamU=
13,-4,EHXj7uIgXOXwKigQNjVHOqt7yjs=,CLvW3yPJfJL5uEpwuugZ8sKINH4=
13,-6,EHXj7uIgXOXwKigQNjVHOqt7yjs=,mfE6p3GPMS51H1Sd+F1Wcwx/onk=
14,-6,EHXj7uIgXOXwKigQNjVHOqt7yjs=,/KcCZbMZZjElpqCyy92w8BYarIQ=
14,-7,EHXj7uIgXOXwKigQNjVHOqt7yjs=,JZXApmeOArLk+0DY08s6GYmO8Fw=
13,-7,EHXj7uIgXOXwKigQNjVHOqt7yjs=,rJ+0giSdMAvfUByfsuiBLF0K2S8=
14,-8,EHXj7uIgXOXwKigQNjVHOqt7yjs=,JZXApmeOArLk+0DY08s6GYmO8Fw=
13,-8,EHXj7uIgXOXwKigQNjVHOqt7yjs=,rJ+0giSdMAvfUByfsuiBLF0K2S8=
13,-9,EHXj7uIgXOXwKigQNjVHOqt7yjs=,8+vnwOyntsfthkJJOOdCQ79qAwM=
14,-9,EHXj7uIgXOXwKigQNjVHOqt7yjs=,4Q764bqfZEpCE25Y9mT6y1j7GCY=
12,-11,BxMt4yJ5vtXCs0esSID08HNZ4EY=,sMOcdZ+lw4CwvRgSN3Z0Qh+26yQ=
11,-10,BxMt4yJ5vtXCs0esSID08HNZ4EY=,XhtvLlApxjZGFYLe4RcumogkyRw=
11,-11,BxMt4yJ5vtXCs0esSID08HNZ4EY=,4R87FmQjUUszBBhGmlEnVcPoDWU=
14,-10,BxMt4yJ5vtXCs0esSID08HNZ4EY=,4Q764bqfZEpCE25Y9mT6y1j7GCY=
14,-11,BxMt4yJ5vtXCs0esSID08HNZ4EY=,Ps/t+PwA5N8B4EO/fk/1Nd5DG1M=
13,-10,BxMt4yJ5vtXCs0esSID08HNZ4EY=,8+vnwOyntsfthkJJOOdCQ79qAwM=
12,-10,BxMt4yJ5vtXCs0esSID08HNZ4EY=,8+vnwOyntsfthkJJOOdCQ79qAwM=
13,-11,BxMt4yJ5vtXCs0esSID08HNZ4EY=,sMOcdZ+lw4CwvRgSN3Z0Qh+26yQ=
14,-13,IPId41CA2YJyccF+/+O2UdUkoy8=,00ZlKZK//i6kxZ71wXoOoBIKLoM=
13,-12,IPId41CA2YJyccF+/+O2UdUkoy8=,sMOcdZ+lw4CwvRgSN3Z0Qh+26yQ=
13,-13,IPId41CA2YJyccF+/+O2UdUkoy8=,DD6avF8IvyyuXN+PlJOn/EgmJ40=
14,-12,IPId41CA2YJyccF+/+O2UdUkoy8=,Ps/t+PwA5N8B4EO/fk/1Nd5DG1M=
13,-14,cBN60fTHzMghfL03/7JS+9ajVIM=,DD6avF8IvyyuXN+PlJOn/EgmJ40=
14,-15,cBN60fTHzMghfL03/7JS+9ajVIM=,9USX4PKhJKfYPm2aq6Z0GR1bqTU=
14,-14,cBN60fTHzMghfL03/7JS+9ajVIM=,00ZlKZK//i6kxZ71wXoOoBIKLoM=
13,-15,cBN60fTHzMghfL03/7JS+9ajVIM=,GkYh5t7qX0i6LjkzdTctoMLAUqc=
12,-14,cBN60fTHzMghfL03/7JS+9ajVIM=,DD6avF8IvyyuXN+PlJOn/EgmJ40=
11,-15,qnbgmQU8hU6GIucBJyLOvGX6488=,KoiB4peErOQowbtSxz9Ipp1sg1o=
12,-15,qnbgmQU8hU6GIucBJyLOvGX6488=,GkYh5t7qX0i6LjkzdTctoMLAUqc=
12,-13,qnbgmQU8hU6GIucBJyLOvGX6488=,DD6avF8IvyyuXN+PlJOn/EgmJ40=
11,-14,qnbgmQU8hU6GIucBJyLOvGX6488=,4vQgmBone0qjpWg/PtVqexl3PNc=
11,-13,qnbgmQU8hU6GIucBJyLOvGX6488=,4vQgmBone0qjpWg/PtVqexl3PNc=
11,-12,qnbgmQU8hU6GIucBJyLOvGX6488=,4R87FmQjUUszBBhGmlEnVcPoDWU=
12,-12,qnbgmQU8hU6GIucBJyLOvGX6488=,sMOcdZ+lw4CwvRgSN3Z0Qh+26yQ=
10,-13,HSCcoTLBWMdpOndInbcvDjwshQg=,4vQgmBone0qjpWg/PtVqexl3PNc=
9,-12,HSCcoTLBWMdpOndInbcvDjwshQg=,QidFNhni4hiExnIo7zaiPoQOWbo=
8,-12,kzhzWgDMYhfCqK8wwz7r16AHhFQ=,QidFNhni4hiExnIo7zaiPoQOWbo=
8,-13,kzhzWgDMYhfCqK8wwz7r16AHhFQ=,7pDA/GVhLXmMu6FKLG94zI/JUnQ=
9,-13,kzhzWgDMYhfCqK8wwz7r16AHhFQ=,7pDA/GVhLXmMu6FKLG94zI/JUnQ=
7,-13,kzhzWgDMYhfCqK8wwz7r16AHhFQ=,joXp9X4vs/LMJdXczNlr25Xbn9A=
10,-12,kzhzWgDMYhfCqK8wwz7r16AHhFQ=,4R87FmQjUUszBBhGmlEnVcPoDWU=
7,-12,kzhzWgDMYhfCqK8wwz7r16AHhFQ=,HqkEy52dR5VbkxuqOngh5jsZMb0=
9,-14,kzhzWgDMYhfCqK8wwz7r16AHhFQ=,7pDA/GVhLXmMu6FKLG94zI/JUnQ=
10,-14,kzhzWgDMYhfCqK8wwz7r16AHhFQ=,4vQgmBone0qjpWg/PtVqexl3PNc=
10,-15,kzhzWgDMYhfCqK8wwz7r16AHhFQ=,KoiB4peErOQowbtSxz9Ipp1sg1o=
9,-15,kzhzWgDMYhfCqK8wwz7r16AHhFQ=,pg+sULZ2B0m2QT9sJqKh47nDEOQ=
5,-15,kzhzWgDMYhfCqK8wwz7r16AHhFQ=,h53iA7b6+2LglcZSeLynVr7rvKs=
7,-14,XHI7So/I2UQx2uKyvDUuZO92aLU=,joXp9X4vs/LMJdXczNlr25Xbn9A=
6,-15,XHI7So/I2UQx2uKyvDUuZO92aLU=,dC0Y5f5cLWqve1IImgegLqTOL3k=
6,-14,XHI7So/I2UQx2uKyvDUuZO92aLU=,joXp9X4vs/LMJdXczNlr25Xbn9A=
7,-15,XHI7So/I2UQx2uKyvDUuZO92aLU=,dC0Y5f5cLWqve1IImgegLqTOL3k=
8,-14,XHI7So/I2UQx2uKyvDUuZO92aLU=,7pDA/GVhLXmMu6FKLG94zI/JUnQ=
8,-15,XHI7So/I2UQx2uKyvDUuZO92aLU=,pg+sULZ2B0m2QT9sJqKh47nDEOQ=
5,-14,XHI7So/I2UQx2uKyvDUuZO92aLU=,FyjbS6GHQBUDDX4EPeKBfwvoVMc=
4,-14,bGdd8Yz5boNumu1Qi3TzvQTyQ0E=,FyjbS6GHQBUDDX4EPeKBfwvoVMc=
4,-15,bGdd8Yz5boNumu1Qi3TzvQTyQ0E=,h53iA7b6+2LglcZSeLynVr7rvKs=
4,-16,bGdd8Yz5boNumu1Qi3TzvQTyQ0E=,h53iA7b6+2LglcZSeLynVr7rvKs=
3,-14,bGdd8Yz5boNumu1Qi3TzvQTyQ0E=,Y8/jX3UFKNH3kJoU7BRR1lN/1YM=
3,-16,bGdd8Yz5boNumu1Qi3TzvQTyQ0E=,DmVemhnXzYo5zWYDCGUWsQmNnD8=
3,-15,bGdd8Yz5boNumu1Qi3TzvQTyQ0E=,DmVemhnXzYo5zWYDCGUWsQmNnD8=
1,-14,bGdd8Yz5boNumu1Qi3TzvQTyQ0E=,08qfBaN0vvmKmOy0umdFV9c3QDU=
2,-14,bGdd8Yz5boNumu1Qi3TzvQTyQ0E=,Y8/jX3UFKNH3kJoU7BRR1lN/1YM=
1,-15,bGdd8Yz5boNumu1Qi3TzvQTyQ0E=,ZGq+rtmbjGcSVWF2yeWWavrTiow=
2,-15,bGdd8Yz5boNumu1Qi3TzvQTyQ0E=,DmVemhnXzYo5zWYDCGUWsQmNnD8=
1,-16,bGdd8Yz5boNumu1Qi3TzvQTyQ0E=,ZGq+rtmbjGcSVWF2yeWWavrTiow=
2,-16,BMMpkl2nTAD4+FLJvztwmTNNdW0=,DmVemhnXzYo5zWYDCGUWsQmNnD8=
0,-14,BMMpkl2nTAD4+FLJvztwmTNNdW0=,08qfBaN0vvmKmOy0umdFV9c3QDU=
0,-15,BMMpkl2nTAD4+FLJvztwmTNNdW0=,ZGq+rtmbjGcSVWF2yeWWavrTiow=
0,-12,BMMpkl2nTAD4+FLJvztwmTNNdW0=,zT/JxGTjAM0AinI5C7oC/VspO6M=
0,-13,BMMpkl2nTAD4+FLJvztwmTNNdW0=,08qfBaN0vvmKmOy0umdFV9c3QDU=
0,-10,BMMpkl2nTAD4+FLJvztwmTNNdW0=,jFBMzUKMnGM2n70iZh4oeX0VwRo=
0,-11,BMMpkl2nTAD4+FLJvztwmTNNdW0=,zT/JxGTjAM0AinI5C7oC/VspO6M=
0,-8,cKSRoIEBGE7pptukbeB7vyHQEAQ=,9b3L3ylG82HDiJ1sOWydsXRYYI8=
0,-9,cKSRoIEBGE7pptukbeB7vyHQEAQ=,jFBMzUKMnGM2n70iZh4oeX0VwRo=
0,-7,cKSRoIEBGE7pptukbeB7vyHQEAQ=,9b3L3ylG82HDiJ1sOWydsXRYYI8=
0,-6,cKSRoIEBGE7pptukbeB7vyHQEAQ=,OaZD7HoZGHhkOd8WEnRIsQw/jpY=
3,-1,wfqxyOsG5YzrwliYK//W1/4ehYg=,zcFBxOGSlXhie4KTdw3Vw6GFUCg=
4,-1,wfqxyOsG5YzrwliYK//W1/4ehYg=,IbZOfDNhzUSz7DH/KhyXGzIpAS0=
9,-1,wfqxyOsG5YzrwliYK//W1/4ehYg=,yiaZ7e8JSioH+N20sWdEcfKhRCU=
10,-1,uLk6HlWarWqfBCZA9mxTOWh03ms=,nJcWoOLjGk90AEzkEe1jOF5nKiM=
2,-4,uLk6HlWarWqfBCZA9mxTOWh03ms=,9ab/hJCBn6zV7jzy/VPy+16r7/I=
0,-5,uLk6HlWarWqfBCZA9mxTOWh03ms=,OaZD7HoZGHhkOd8WEnRIsQw/jpY=
1,-5,uLk6HlWarWqfBCZA9mxTOWh03ms=,OaZD7HoZGHhkOd8WEnRIsQw/jpY=
2,-5,uLk6HlWarWqfBCZA9mxTOWh03ms=,3suFoOyfPaZJyRII1mpn+YCiIQY=
2,-1,uLk6HlWarWqfBCZA9mxTOWh03ms=,zcFBxOGSlXhie4KTdw3Vw6GFUCg=
2,-3,uLk6HlWarWqfBCZA9mxTOWh03ms=,9ab/hJCBn6zV7jzy/VPy+16r7/I=
0,-4,uLk6HlWarWqfBCZA9mxTOWh03ms=,ihSwBn1PiPofT493uIqvcb7Mrz8=
1,-4,uLk6HlWarWqfBCZA9mxTOWh03ms=,ihSwBn1PiPofT493uIqvcb7Mrz8=
0,-3,6M4QgaOG7f736nm4A54rA/QojWQ=,ihSwBn1PiPofT493uIqvcb7Mrz8=
1,-3,6M4QgaOG7f736nm4A54rA/QojWQ=,ihSwBn1PiPofT493uIqvcb7Mrz8=
1,-2,6M4QgaOG7f736nm4A54rA/QojWQ=,2WKZKpGqfYn0n06Z+vv0rPdNMxc=
0,-2,6M4QgaOG7f736nm4A54rA/QojWQ=,2WKZKpGqfYn0n06Z+vv0rPdNMxc=
1,-1,6M4QgaOG7f736nm4A54rA/QojWQ=,2WKZKpGqfYn0n06Z+vv0rPdNMxc=
2,-2,6M4QgaOG7f736nm4A54rA/QojWQ=,zcFBxOGSlXhie4KTdw3Vw6GFUCg=
8,-1,6M4QgaOG7f736nm4A54rA/QojWQ=,yiaZ7e8JSioH+N20sWdEcfKhRCU=
0,-1,6M4QgaOG7f736nm4A54rA/QojWQ=,2WKZKpGqfYn0n06Z+vv0rPdNMxc=
5,-1,6M4QgaOG7f736nm4A54rA/QojWQ=,IbZOfDNhzUSz7DH/KhyXGzIpAS0=
7,-1,6M4QgaOG7f736nm4A54rA/QojWQ=,ICDN9rKO+ibOn08mWBmGc6QwqAs=
6,-1,6M4QgaOG7f736nm4A54rA/QojWQ=,ICDN9rKO+ibOn08mWBmGc6QwqAs=
15,-13,6M4QgaOG7f736nm4A54rA/QojWQ=,00ZlKZK//i6kxZ71wXoOoBIKLoM=
15,-12,6M4QgaOG7f736nm4A54rA/QojWQ=,Ps/t+PwA5N8B4EO/fk/1Nd5DG1M=
15,-15,6M4QgaOG7f736nm4A54rA/QojWQ=,9USX4PKhJKfYPm2aq6Z0GR1bqTU=
15,-14,6M4QgaOG7f736nm4A54rA/QojWQ=,00ZlKZK//i6kxZ71wXoOoBIKLoM=
15,-10,6M4QgaOG7f736nm4A54rA/QojWQ=,4Q764bqfZEpCE25Y9mT6y1j7GCY=
15,-11,6M4QgaOG7f736nm4A54rA/QojWQ=,Ps/t+PwA5N8B4EO/fk/1Nd5DG1M=
15,-9,mh8Sl5Y6298DhJlCWQjcvmN/vS8=,4Q764bqfZEpCE25Y9mT6y1j7GCY=
15,-8,mh8Sl5Y6298DhJlCWQjcvmN/vS8=,JZXApmeOArLk+0DY08s6GYmO8Fw=
15,-4,mh8Sl5Y6298DhJlCWQjcvmN/vS8=,JHKWRGFh40MQner5Yh8TT8UlamU=
15,-1,mh8Sl5Y6298DhJlCWQjcvmN/vS8=,xVcags6qjydNVG8Nhja749YUckE=
15,-3,LSuu1528Agaorj1TyFxv2qehSFI=,JHKWRGFh40MQner5Yh8TT8UlamU=
15,-2,LSuu1528Agaorj1TyFxv2qehSFI=,xVcags6qjydNVG8Nhja749YUckE=
15,-7,LSuu1528Agaorj1TyFxv2qehSFI=,JZXApmeOArLk+0DY08s6GYmO8Fw=
15,-6,LSuu1528Agaorj1TyFxv2qehSFI=,/KcCZbMZZjElpqCyy92w8BYarIQ=
15,-5,LSuu1528Agaorj1TyFxv2qehSFI=,/KcCZbMZZjElpqCyy92w8BYarIQ=
5,-16,vZTfrbr5MbYBGZGuMRPV6U3Bqmo=,h53iA7b6+2LglcZSeLynVr7rvKs=
9,-16,vZTfrbr5MbYBGZGuMRPV6U3Bqmo=,pg+sULZ2B0m2QT9sJqKh47nDEOQ=
6,-16,vZTfrbr5MbYBGZGuMRPV6U3Bqmo=,dC0Y5f5cLWqve1IImgegLqTOL3k=
14,-1,vZTfrbr5MbYBGZGuMRPV6U3Bqmo=,xVcags6qjydNVG8Nhja749YUckE=
8,-16,vZTfrbr5MbYBGZGuMRPV6U3Bqmo=,pg+sULZ2B0m2QT9sJqKh47nDEOQ=
13,-1,vZTfrbr5MbYBGZGuMRPV6U3Bqmo=,hqaPPW5nom7T59Y+jRfAbjMmBc8=
11,-16,vZTfrbr5MbYBGZGuMRPV6U3Bqmo=,KoiB4peErOQowbtSxz9Ipp1sg1o=
7,-16,vZTfrbr5MbYBGZGuMRPV6U3Bqmo=,dC0Y5f5cLWqve1IImgegLqTOL3k=
12,-16,vZTfrbr5MbYBGZGuMRPV6U3Bqmo=,GkYh5t7qX0i6LjkzdTctoMLAUqc=
11,-1,vZTfrbr5MbYBGZGuMRPV6U3Bqmo=,nJcWoOLjGk90AEzkEe1jOF5nKiM=
12,-1,vZTfrbr5MbYBGZGuMRPV6U3Bqmo=,hqaPPW5nom7T59Y+jRfAbjMmBc8=
10,-16,vZTfrbr5MbYBGZGuMRPV6U3Bqmo=,KoiB4peErOQowbtSxz9Ipp1sg1o=
0,-16,vZTfrbr5MbYBGZGuMRPV6U3Bqmo=,ZGq+rtmbjGcSVWF2yeWWavrTiow=
15,-16,vZTfrbr5MbYBGZGuMRPV6U3Bqmo=,9USX4PKhJKfYPm2aq6Z0GR1bqTU=
14,-16,vZTfrbr5MbYBGZGuMRPV6U3Bqmo=,9USX4PKhJKfYPm2aq6Z0GR1bqTU=
13,-16,vZTfrbr5MbYBGZGuMRPV6U3Bqmo=,GkYh5t7qX0i6LjkzdTctoMLAUqc=
