-50,175,ouO0Me+zBw4wSiFa+k7x1AH6MhM=,DNbsOW3wWhqI1iaTCEZZzHqObKE=
-49,175,ouO0Me+zBw4wSiFa+k7x1AH6MhM=,DNbsOW3wWhqI1iaTCEZZzHqObKE=
-62,163,Jy2zf1JWQJvwNdoYW4TTB65q17Y=,DNbsOW3wWhqI1iaTCEZZzHqObKE=
-63,160,VhFObg8UsZGRCbBml2gHzVo2VbA=,DNbsOW3wWhqI1iaTCEZZzHqObKE=
-57,163,9Pg7iExNGO2GSDLBCFvIJ/H2P6g=,DNbsOW3wWhqI1iaTCEZZzHqObKE=
-60,161,9Pg7iExNGO2GSDLBCFvIJ/H2P6g=,DNbsOW3wWhqI1iaTCEZZzHqObKE=
-59,161,9Pg7iExNGO2GSDLBCFvIJ/H2P6g=,DNbsOW3wWhqI1iaTCEZZzHqObKE=
-60,162,9Pg7iExNGO2GSDLBCFvIJ/H2P6g=,DNbsOW3wWhqI1iaTCEZZzHqObKE=
-51,175,9Pg7iExNGO2GSDLBCFvIJ/H2P6g=,DNbsOW3wWhqI1iaTCEZZzHqObKE=
-54,175,9Pg7iExNGO2GSDLBCFvIJ/H2P6g=,DNbsOW3wWhqI1iaTCEZZzHqObKE=
-55,175,9Pg7iExNGO2GSDLBCFvIJ/H2P6g=,DNbsOW3wWhqI1iaTCEZZzHqObKE=
-56,175,9Pg7iExNGO2GSDLBCFvIJ/H2P6g=,DNbsOW3wWhqI1iaTCEZZzHqObKE=
-61,163,9Pg7iExNGO2GSDLBCFvIJ/H2P6g=,DNbsOW3wWhqI1iaTCEZZzHqObKE=
-58,175,9Pg7iExNGO2GSDLBCFvIJ/H2P6g=,DNbsOW3wWhqI1iaTCEZZzHqObKE=
-57,175,9Pg7iExNGO2GSDLBCFvIJ/H2P6g=,DNbsOW3wWhqI1iaTCEZZzHqObKE=
-58,163,9Pg7iExNGO2GSDLBCFvIJ/H2P6g=,DNbsOW3wWhqI1iaTCEZZzHqObKE=
-59,175,9Pg7iExNGO2GSDLBCFvIJ/H2P6g=,DNbsOW3wWhqI1iaTCEZZzHqObKE=
-53,175,9Pg7iExNGO2GSDLBCFvIJ/H2P6g=,DNbsOW3wWhqI1iaTCEZZzHqObKE=
-60,163,9Pg7iExNGO2GSDLBCFvIJ/H2P6g=,DNbsOW3wWhqI1iaTCEZZzHqObKE=
-56,163,9Pg7iExNGO2GSDLBCFvIJ/H2P6g=,DNbsOW3wWhqI1iaTCEZZzHqObKE=
-60,175,9Pg7iExNGO2GSDLBCFvIJ/H2P6g=,DNbsOW3wWhqI1iaTCEZZzHqObKE=
-61,175,9Pg7iExNGO2GSDLBCFvIJ/H2P6g=,DNbsOW3wWhqI1iaTCEZZzHqObKE=
-62,175,9Pg7iExNGO2GSDLBCFvIJ/H2P6g=,DNbsOW3wWhqI1iaTCEZZzHqObKE=
-58,162,9Pg7iExNGO2GSDLBCFvIJ/H2P6g=,DNbsOW3wWhqI1iaTCEZZzHqObKE=
-60,160,9Pg7iExNGO2GSDLBCFvIJ/H2P6g=,DNbsOW3wWhqI1iaTCEZZzHqObKE=
-63,175,9Pg7iExNGO2GSDLBCFvIJ/H2P6g=,DNbsOW3wWhqI1iaTCEZZzHqObKE=
-63,163,9Pg7iExNGO2GSDLBCFvIJ/H2P6g=,DNbsOW3wWhqI1iaTCEZZzHqObKE=
-59,162,9Pg7iExNGO2GSDLBCFvIJ/H2P6g=,DNbsOW3wWhqI1iaTCEZZzHqObKE=
-49,174,9Pg7iExNGO2GSDLBCFvIJ/H2P6g=,DNbsOW3wWhqI1iaTCEZZzHqObKE=
-53,174,9Pg7iExNGO2GSDLBCFvIJ/H2P6g=,DNbsOW3wWhqI1iaTCEZZzHqObKE=
-54,174,9Pg7iExNGO2GSDLBCFvIJ/H2P6g=,DNbsOW3wWhqI1iaTCEZZzHqObKE=
-52,174,9Pg7iExNGO2GSDLBCFvIJ/H2P6g=,DNbsOW3wWhqI1iaTCEZZzHqObKE=
-61,162,9Pg7iExNGO2GSDLBCFvIJ/H2P6g=,DNbsOW3wWhqI1iaTCEZZzHqObKE=
-55,174,9Pg7iExNGO2GSDLBCFvIJ/H2P6g=,DNbsOW3wWhqI1iaTCEZZzHqObKE=
-56,174,9Pg7iExNGO2GSDLBCFvIJ/H2P6g=,DNbsOW3wWhqI1iaTCEZZzHqObKE=
-61,160,9Pg7iExNGO2GSDLBCFvIJ/H2P6g=,DNbsOW3wWhqI1iaTCEZZzHqObKE=
-57,174,9Pg7iExNGO2GSDLBCFvIJ/H2P6g=,DNbsOW3wWhqI1iaTCEZZzHqObKE=
-59,160,9Pg7iExNGO2GSDLBCFvIJ/H2P6g=,DNbsOW3wWhqI1iaTCEZZzHqObKE=
-59,174,9Pg7iExNGO2GSDLBCFvIJ/H2P6g=,DNbsOW3wWhqI1iaTCEZZzHqObKE=
-58,174,9Pg7iExNGO2GSDLBCFvIJ/H2P6g=,DNbsOW3wWhqI1iaTCEZZzHqObKE=
-64,175,9Pg7iExNGO2GSDLBCFvIJ/H2P6g=,DNbsOW3wWhqI1iaTCEZZzHqObKE=
-60,174,9Pg7iExNGO2GSDLBCFvIJ/H2P6g=,DNbsOW3wWhqI1iaTCEZZzHqObKE=
-61,174,9Pg7iExNGO2GSDLBCFvIJ/H2P6g=,DNbsOW3wWhqI1iaTCEZZzHqObKE=
-59,163,9Pg7iExNGO2GSDLBCFvIJ/H2P6g=,DNbsOW3wWhqI1iaTCEZZzHqObKE=
-61,161,9Pg7iExNGO2GSDLBCFvIJ/H2P6g=,DNbsOW3wWhqI1iaTCEZZzHqObKE=
-50,173,9Pg7iExNGO2GSDLBCFvIJ/H2P6g=,DNbsOW3wWhqI1iaTCEZZzHqObKE=
-62,174,9Pg7iExNGO2GSDLBCFvIJ/H2P6g=,DNbsOW3wWhqI1iaTCEZZzHqObKE=
-62,162,9Pg7iExNGO2GSDLBCFvIJ/H2P6g=,DNbsOW3wWhqI1iaTCEZZzHqObKE=
-49,173,9Pg7iExNGO2GSDLBCFvIJ/H2P6g=,DNbsOW3wWhqI1iaTCEZZzHqObKE=
-63,174,9Pg7iExNGO2GSDLBCFvIJ/H2P6g=,DNbsOW3wWhqI1iaTCEZZzHqObKE=
-51,173,9Pg7iExNGO2GSDLBCFvIJ/H2P6g=,DNbsOW3wWhqI1iaTCEZZzHqObKE=
-52,173,9Pg7iExNGO2GSDLBCFvIJ/H2P6g=,DNbsOW3wWhqI1iaTCEZZzHqObKE=
-54,173,9Pg7iExNGO2GSDLBCFvIJ/H2P6g=,DNbsOW3wWhqI1iaTCEZZzHqObKE=
-53,173,9Pg7iExNGO2GSDLBCFvIJ/H2P6g=,DNbsOW3wWhqI1iaTCEZZzHqObKE=
-55,173,9Pg7iExNGO2GSDLBCFvIJ/H2P6g=,DNbsOW3wWhqI1iaTCEZZzHqObKE=
-56,173,9Pg7iExNGO2GSDLBCFvIJ/H2P6g=,DNbsOW3wWhqI1iaTCEZZzHqObKE=
-64,174,9Pg7iExNGO2GSDLBCFvIJ/H2P6g=,DNbsOW3wWhqI1iaTCEZZzHqObKE=
-55,163,9Pg7iExNGO2GSDLBCFvIJ/H2P6g=,DNbsOW3wWhqI1iaTCEZZzHqObKE=
-54,163,9Pg7iExNGO2GSDLBCFvIJ/H2P6g=,DNbsOW3wWhqI1iaTCEZZzHqObKE=
-57,173,9Pg7iExNGO2GSDLBCFvIJ/H2P6g=,DNbsOW3wWhqI1iaTCEZZzHqObKE=
-60,173,9Pg7iExNGO2GSDLBCFvIJ/H2P6g=,DNbsOW3wWhqI1iaTCEZZzHqObKE=
-50,174,9Pg7iExNGO2GSDLBCFvIJ/H2P6g=,DNbsOW3wWhqI1iaTCEZZzHqObKE=
-63,173,9Pg7iExNGO2GSDLBCFvIJ/H2P6g=,DNbsOW3wWhqI1iaTCEZZzHqObKE=
-53,163,9Pg7iExNGO2GSDLBCFvIJ/H2P6g=,DNbsOW3wWhqI1iaTCEZZzHqObKE=
-61,173,9Pg7iExNGO2GSDLBCFvIJ/H2P6g=,DNbsOW3wWhqI1iaTCEZZzHqObKE=
-62,173,9Pg7iExNGO2GSDLBCFvIJ/H2P6g=,DNbsOW3wWhqI1iaTCEZZzHqObKE=
-49,172,9Pg7iExNGO2GSDLBCFvIJ/H2P6g=,DNbsOW3wWhqI1iaTCEZZzHqObKE=
-63,162,9Pg7iExNGO2GSDLBCFvIJ/H2P6g=,DNbsOW3wWhqI1iaTCEZZzHqObKE=
-52,163,9Pg7iExNGO2GSDLBCFvIJ/H2P6g=,DNbsOW3wWhqI1iaTCEZZzHqObKE=
-52,172,9Pg7iExNGO2GSDLBCFvIJ/H2P6g=,DNbsOW3wWhqI1iaTCEZZzHqObKE=
-62,161,9Pg7iExNGO2GSDLBCFvIJ/H2P6g=,DNbsOW3wWhqI1iaTCEZZzHqObKE=
-54,172,9Pg7iExNGO2GSDLBCFvIJ/H2P6g=,DNbsOW3wWhqI1iaTCEZZzHqObKE=
-64,173,9Pg7iExNGO2GSDLBCFvIJ/H2P6g=,DNbsOW3wWhqI1iaTCEZZzHqObKE=
-51,163,9Pg7iExNGO2GSDLBCFvIJ/H2P6g=,DNbsOW3wWhqI1iaTCEZZzHqObKE=
-55,172,9Pg7iExNGO2GSDLBCFvIJ/H2P6g=,DNbsOW3wWhqI1iaTCEZZzHqObKE=
-51,174,9Pg7iExNGO2GSDLBCFvIJ/H2P6g=,DNbsOW3wWhqI1iaTCEZZzHqObKE=
-56,172,9Pg7iExNGO2GSDLBCFvIJ/H2P6g=,DNbsOW3wWhqI1iaTCEZZzHqObKE=
-52,175,9Pg7iExNGO2GSDLBCFvIJ/H2P6g=,DNbsOW3wWhqI1iaTCEZZzHqObKE=
-50,163,9Pg7iExNGO2GSDLBCFvIJ/H2P6g=,DNbsOW3wWhqI1iaTCEZZzHqObKE=
-53,172,9Pg7iExNGO2GSDLBCFvIJ/H2P6g=,DNbsOW3wWhqI1iaTCEZZzHqObKE=
-51,172,9Pg7iExNGO2GSDLBCFvIJ/H2P6g=,DNbsOW3wWhqI1iaTCEZZzHqObKE=
-50,172,9Pg7iExNGO2GSDLBCFvIJ/H2P6g=,DNbsOW3wWhqI1iaTCEZZzHqObKE=
-61,172,9Pg7iExNGO2GSDLBCFvIJ/H2P6g=,DNbsOW3wWhqI1iaTCEZZzHqObKE=
-59,173,9Pg7iExNGO2GSDLBCFvIJ/H2P6g=,DNbsOW3wWhqI1iaTCEZZzHqObKE=
-63,161,9Pg7iExNGO2GSDLBCFvIJ/H2P6g=,DNbsOW3wWhqI1iaTCEZZzHqObKE=
-63,172,9Pg7iExNGO2GSDLBCFvIJ/H2P6g=,DNbsOW3wWhqI1iaTCEZZzHqObKE=
-64,161,9Pg7iExNGO2GSDLBCFvIJ/H2P6g=,DNbsOW3wWhqI1iaTCEZZzHqObKE=
-64,172,9Pg7iExNGO2GSDLBCFvIJ/H2P6g=,DNbsOW3wWhqI1iaTCEZZzHqObKE=
-49,160,9Pg7iExNGO2GSDLBCFvIJ/H2P6g=,DNbsOW3wWhqI1iaTCEZZzHqObKE=
-62,160,9Pg7iExNGO2GSDLBCFvIJ/H2P6g=,DNbsOW3wWhqI1iaTCEZZzHqObKE=
-49,162,9Pg7iExNGO2GSDLBCFvIJ/H2P6g=,DNbsOW3wWhqI1iaTCEZZzHqObKE=
-64,163,9Pg7iExNGO2GSDLBCFvIJ/H2P6g=,DNbsOW3wWhqI1iaTCEZZzHqObKE=
-50,160,9Pg7iExNGO2GSDLBCFvIJ/H2P6g=,DNbsOW3wWhqI1iaTCEZZzHqObKE=
-59,172,9Pg7iExNGO2GSDLBCFvIJ/H2P6g=,DNbsOW3wWhqI1iaTCEZZzHqObKE=
-64,162,9Pg7iExNGO2GSDLBCFvIJ/H2P6g=,DNbsOW3wWhqI1iaTCEZZzHqObKE=
-58,173,9Pg7iExNGO2GSDLBCFvIJ/H2P6g=,DNbsOW3wWhqI1iaTCEZZzHqObKE=
-49,161,9Pg7iExNGO2GSDLBCFvIJ/H2P6g=,DNbsOW3wWhqI1iaTCEZZzHqObKE=
-49,171,9Pg7iExNGO2GSDLBCFvIJ/H2P6g=,DNbsOW3wWhqI1iaTCEZZzHqObKE=
-50,161,9Pg7iExNGO2GSDLBCFvIJ/H2P6g=,DNbsOW3wWhqI1iaTCEZZzHqObKE=
-52,171,9Pg7iExNGO2GSDLBCFvIJ/H2P6g=,DNbsOW3wWhqI1iaTCEZZzHqObKE=
-50,171,9Pg7iExNGO2GSDLBCFvIJ/H2P6g=,DNbsOW3wWhqI1iaTCEZZzHqObKE=
-55,171,9Pg7iExNGO2GSDLBCFvIJ/H2P6g=,DNbsOW3wWhqI1iaTCEZZzHqObKE=
-53,171,9Pg7iExNGO2GSDLBCFvIJ/H2P6g=,DNbsOW3wWhqI1iaTCEZZzHqObKE=
-54,171,9Pg7iExNGO2GSDLBCFvIJ/H2P6g=,DNbsOW3wWhqI1iaTCEZZzHqObKE=
-56,171,9Pg7iExNGO2GSDLBCFvIJ/H2P6g=,DNbsOW3wWhqI1iaTCEZZzHqObKE=
-51,171,9Pg7iExNGO2GSDLBCFvIJ/H2P6g=,DNbsOW3wWhqI1iaTCEZZzHqObKE=
-61,171,9Pg7iExNGO2GSDLBCFvIJ/H2P6g=,DNbsOW3wWhqI1iaTCEZZzHqObKE=
-58,171,9Pg7iExNGO2GSDLBCFvIJ/H2P6g=,DNbsOW3wWhqI1iaTCEZZzHqObKE=
-57,171,9Pg7iExNGO2GSDLBCFvIJ/H2P6g=,DNbsOW3wWhqI1iaTCEZZzHqObKE=
-59,171,9Pg7iExNGO2GSDLBCFvIJ/H2P6g=,DNbsOW3wWhqI1iaTCEZZzHqObKE=
-60,171,9Pg7iExNGO2GSDLBCFvIJ/H2P6g=,DNbsOW3wWhqI1iaTCEZZzHqObKE=
-51,160,9Pg7iExNGO2GSDLBCFvIJ/H2P6g=,DNbsOW3wWhqI1iaTCEZZzHqObKE=
-58,172,9Pg7iExNGO2GSDLBCFvIJ/H2P6g=,DNbsOW3wWhqI1iaTCEZZzHqObKE=
-50,162,9Pg7iExNGO2GSDLBCFvIJ/H2P6g=,DNbsOW3wWhqI1iaTCEZZzHqObKE=
-62,171,9Pg7iExNGO2GSDLBCFvIJ/H2P6g=,DNbsOW3wWhqI1iaTCEZZzHqObKE=
-51,161,9Pg7iExNGO2GSDLBCFvIJ/H2P6g=,DNbsOW3wWhqI1iaTCEZZzHqObKE=
-49,170,9Pg7iExNGO2GSDLBCFvIJ/H2P6g=,DNbsOW3wWhqI1iaTCEZZzHqObKE=
-50,170,9Pg7iExNGO2GSDLBCFvIJ/H2P6g=,DNbsOW3wWhqI1iaTCEZZzHqObKE=
-52,170,9Pg7iExNGO2GSDLBCFvIJ/H2P6g=,DNbsOW3wWhqI1iaTCEZZzHqObKE=
-53,170,9Pg7iExNGO2GSDLBCFvIJ/H2P6g=,DNbsOW3wWhqI1iaTCEZZzHqObKE=
-55,170,9Pg7iExNGO2GSDLBCFvIJ/H2P6g=,DNbsOW3wWhqI1iaTCEZZzHqObKE=
-54,170,9Pg7iExNGO2GSDLBCFvIJ/H2P6g=,DNbsOW3wWhqI1iaTCEZZzHqObKE=
-57,172,9Pg7iExNGO2GSDLBCFvIJ/H2P6g=,DNbsOW3wWhqI1iaTCEZZzHqObKE=
-64,171,9Pg7iExNGO2GSDLBCFvIJ/H2P6g=,DNbsOW3wWhqI1iaTCEZZzHqObKE=
-60,172,9Pg7iExNGO2GSDLBCFvIJ/H2P6g=,DNbsOW3wWhqI1iaTCEZZzHqObKE=
-49,163,9Pg7iExNGO2GSDLBCFvIJ/H2P6g=,DNbsOW3wWhqI1iaTCEZZzHqObKE=
-63,171,9Pg7iExNGO2GSDLBCFvIJ/H2P6g=,DNbsOW3wWhqI1iaTCEZZzHqObKE=
-51,170,9Pg7iExNGO2GSDLBCFvIJ/H2P6g=,DNbsOW3wWhqI1iaTCEZZzHqObKE=
-62,172,9Pg7iExNGO2GSDLBCFvIJ/H2P6g=,DNbsOW3wWhqI1iaTCEZZzHqObKE=
-56,170,9Pg7iExNGO2GSDLBCFvIJ/H2P6g=,DNbsOW3wWhqI1iaTCEZZzHqObKE=
-58,161,9Pg7iExNGO2GSDLBCFvIJ/H2P6g=,DNbsOW3wWhqI1iaTCEZZzHqObKE=
-58,170,9Pg7iExNGO2GSDLBCFvIJ/H2P6g=,DNbsOW3wWhqI1iaTCEZZzHqObKE=
-57,170,9Pg7iExNGO2GSDLBCFvIJ/H2P6g=,DNbsOW3wWhqI1iaTCEZZzHqObKE=
-59,170,9Pg7iExNGO2GSDLBCFvIJ/H2P6g=,DNbsOW3wWhqI1iaTCEZZzHqObKE=
-58,160,9Pg7iExNGO2GSDLBCFvIJ/H2P6g=,DNbsOW3wWhqI1iaTCEZZzHqObKE=
-52,160,9Pg7iExNGO2GSDLBCFvIJ/H2P6g=,DNbsOW3wWhqI1iaTCEZZzHqObKE=
-61,170,9Pg7iExNGO2GSDLBCFvIJ/H2P6g=,DNbsOW3wWhqI1iaTCEZZzHqObKE=
-60,170,9Pg7iExNGO2GSDLBCFvIJ/H2P6g=,DNbsOW3wWhqI1iaTCEZZzHqObKE=
-62,170,9Pg7iExNGO2GSDLBCFvIJ/H2P6g=,DNbsOW3wWhqI1iaTCEZZzHqObKE=
-51,162,9Pg7iExNGO2GSDLBCFvIJ/H2P6g=,DNbsOW3wWhqI1iaTCEZZzHqObKE=
-63,170,9Pg7iExNGO2GSDLBCFvIJ/H2P6g=,DNbsOW3wWhqI1iaTCEZZzHqObKE=
-52,161,9Pg7iExNGO2GSDLBCFvIJ/H2P6g=,DNbsOW3wWhqI1iaTCEZZzHqObKE=
-57,162,9Pg7iExNGO2GSDLBCFvIJ/H2P6g=,DNbsOW3wWhqI1iaTCEZZzHqObKE=
-49,169,9Pg7iExNGO2GSDLBCFvIJ/H2P6g=,DNbsOW3wWhqI1iaTCEZZzHqObKE=
-64,170,9Pg7iExNGO2GSDLBCFvIJ/H2P6g=,DNbsOW3wWhqI1iaTCEZZzHqObKE=
-50,169,9Pg7iExNGO2GSDLBCFvIJ/H2P6g=,DNbsOW3wWhqI1iaTCEZZzHqObKE=
-53,169,9Pg7iExNGO2GSDLBCFvIJ/H2P6g=,DNbsOW3wWhqI1iaTCEZZzHqObKE=
-51,169,9Pg7iExNGO2GSDLBCFvIJ/H2P6g=,DNbsOW3wWhqI1iaTCEZZzHqObKE=
-52,169,9Pg7iExNGO2GSDLBCFvIJ/H2P6g=,DNbsOW3wWhqI1iaTCEZZzHqObKE=
-54,169,9Pg7iExNGO2GSDLBCFvIJ/H2P6g=,DNbsOW3wWhqI1iaTCEZZzHqObKE=
-55,169,9Pg7iExNGO2GSDLBCFvIJ/H2P6g=,DNbsOW3wWhqI1iaTCEZZzHqObKE=
-64,164,9Pg7iExNGO2GSDLBCFvIJ/H2P6g=,DNbsOW3wWhqI1iaTCEZZzHqObKE=
-58,169,9Pg7iExNGO2GSDLBCFvIJ/H2P6g=,DNbsOW3wWhqI1iaTCEZZzHqObKE=
-56,169,9Pg7iExNGO2GSDLBCFvIJ/H2P6g=,DNbsOW3wWhqI1iaTCEZZzHqObKE=
-57,169,9Pg7iExNGO2GSDLBCFvIJ/H2P6g=,DNbsOW3wWhqI1iaTCEZZzHqObKE=
-59,169,9Pg7iExNGO2GSDLBCFvIJ/H2P6g=,DNbsOW3wWhqI1iaTCEZZzHqObKE=
-63,164,9Pg7iExNGO2GSDLBCFvIJ/H2P6g=,DNbsOW3wWhqI1iaTCEZZzHqObKE=
-60,169,9Pg7iExNGO2GSDLBCFvIJ/H2P6g=,DNbsOW3wWhqI1iaTCEZZzHqObKE=
-61,169,9Pg7iExNGO2GSDLBCFvIJ/H2P6g=,DNbsOW3wWhqI1iaTCEZZzHqObKE=
-53,160,9Pg7iExNGO2GSDLBCFvIJ/H2P6g=,DNbsOW3wWhqI1iaTCEZZzHqObKE=
-49,168,9Pg7iExNGO2GSDLBCFvIJ/H2P6g=,DNbsOW3wWhqI1iaTCEZZzHqObKE=
-52,162,9Pg7iExNGO2GSDLBCFvIJ/H2P6g=,DNbsOW3wWhqI1iaTCEZZzHqObKE=
-62,164,9Pg7iExNGO2GSDLBCFvIJ/H2P6g=,DNbsOW3wWhqI1iaTCEZZzHqObKE=
-62,169,9Pg7iExNGO2GSDLBCFvIJ/H2P6g=,DNbsOW3wWhqI1iaTCEZZzHqObKE=
-64,169,9Pg7iExNGO2GSDLBCFvIJ/H2P6g=,DNbsOW3wWhqI1iaTCEZZzHqObKE=
-63,169,9Pg7iExNGO2GSDLBCFvIJ/H2P6g=,DNbsOW3wWhqI1iaTCEZZzHqObKE=
-51,168,9Pg7iExNGO2GSDLBCFvIJ/H2P6g=,DNbsOW3wWhqI1iaTCEZZzHqObKE=
-50,168,9Pg7iExNGO2GSDLBCFvIJ/H2P6g=,DNbsOW3wWhqI1iaTCEZZzHqObKE=
-53,161,9Pg7iExNGO2GSDLBCFvIJ/H2P6g=,DNbsOW3wWhqI1iaTCEZZzHqObKE=
-54,168,9Pg7iExNGO2GSDLBCFvIJ/H2P6g=,DNbsOW3wWhqI1iaTCEZZzHqObKE=
-56,168,9Pg7iExNGO2GSDLBCFvIJ/H2P6g=,DNbsOW3wWhqI1iaTCEZZzHqObKE=
-55,168,9Pg7iExNGO2GSDLBCFvIJ/H2P6g=,DNbsOW3wWhqI1iaTCEZZzHqObKE=
-61,164,9Pg7iExNGO2GSDLBCFvIJ/H2P6g=,DNbsOW3wWhqI1iaTCEZZzHqObKE=
-52,168,9Pg7iExNGO2GSDLBCFvIJ/H2P6g=,DNbsOW3wWhqI1iaTCEZZzHqObKE=
-57,168,9Pg7iExNGO2GSDLBCFvIJ/H2P6g=,DNbsOW3wWhqI1iaTCEZZzHqObKE=
-53,168,9Pg7iExNGO2GSDLBCFvIJ/H2P6g=,DNbsOW3wWhqI1iaTCEZZzHqObKE=
-58,168,9Pg7iExNGO2GSDLBCFvIJ/H2P6g=,DNbsOW3wWhqI1iaTCEZZzHqObKE=
-60,164,9Pg7iExNGO2GSDLBCFvIJ/H2P6g=,DNbsOW3wWhqI1iaTCEZZzHqObKE=
-59,168,9Pg7iExNGO2GSDLBCFvIJ/H2P6g=,DNbsOW3wWhqI1iaTCEZZzHqObKE=
-60,168,9Pg7iExNGO2GSDLBCFvIJ/H2P6g=,DNbsOW3wWhqI1iaTCEZZzHqObKE=
-61,168,9Pg7iExNGO2GSDLBCFvIJ/H2P6g=,DNbsOW3wWhqI1iaTCEZZzHqObKE=
-54,160,9Pg7iExNGO2GSDLBCFvIJ/H2P6g=,DNbsOW3wWhqI1iaTCEZZzHqObKE=
-49,167,9Pg7iExNGO2GSDLBCFvIJ/H2P6g=,DNbsOW3wWhqI1iaTCEZZzHqObKE=
-53,162,9Pg7iExNGO2GSDLBCFvIJ/H2P6g=,DNbsOW3wWhqI1iaTCEZZzHqObKE=
-50,167,9Pg7iExNGO2GSDLBCFvIJ/H2P6g=,DNbsOW3wWhqI1iaTCEZZzHqObKE=
-62,168,9Pg7iExNGO2GSDLBCFvIJ/H2P6g=,DNbsOW3wWhqI1iaTCEZZzHqObKE=
-54,161,9Pg7iExNGO2GSDLBCFvIJ/H2P6g=,DNbsOW3wWhqI1iaTCEZZzHqObKE=
-51,167,9Pg7iExNGO2GSDLBCFvIJ/H2P6g=,DNbsOW3wWhqI1iaTCEZZzHqObKE=
-59,164,9Pg7iExNGO2GSDLBCFvIJ/H2P6g=,DNbsOW3wWhqI1iaTCEZZzHqObKE=
-63,168,9Pg7iExNGO2GSDLBCFvIJ/H2P6g=,DNbsOW3wWhqI1iaTCEZZzHqObKE=
-53,167,9Pg7iExNGO2GSDLBCFvIJ/H2P6g=,DNbsOW3wWhqI1iaTCEZZzHqObKE=
-64,168,9Pg7iExNGO2GSDLBCFvIJ/H2P6g=,DNbsOW3wWhqI1iaTCEZZzHqObKE=
-52,167,9Pg7iExNGO2GSDLBCFvIJ/H2P6g=,DNbsOW3wWhqI1iaTCEZZzHqObKE=
-55,167,9Pg7iExNGO2GSDLBCFvIJ/H2P6g=,DNbsOW3wWhqI1iaTCEZZzHqObKE=
-56,167,9Pg7iExNGO2GSDLBCFvIJ/H2P6g=,DNbsOW3wWhqI1iaTCEZZzHqObKE=
-58,164,9Pg7iExNGO2GSDLBCFvIJ/H2P6g=,DNbsOW3wWhqI1iaTCEZZzHqObKE=
-57,167,9Pg7iExNGO2GSDLBCFvIJ/H2P6g=,DNbsOW3wWhqI1iaTCEZZzHqObKE=
-58,167,9Pg7iExNGO2GSDLBCFvIJ/H2P6g=,DNbsOW3wWhqI1iaTCEZZzHqObKE=
-54,162,9Pg7iExNGO2GSDLBCFvIJ/H2P6g=,DNbsOW3wWhqI1iaTCEZZzHqObKE=
-61,167,9Pg7iExNGO2GSDLBCFvIJ/H2P6g=,DNbsOW3wWhqI1iaTCEZZzHqObKE=
-62,167,9Pg7iExNGO2GSDLBCFvIJ/H2P6g=,DNbsOW3wWhqI1iaTCEZZzHqObKE=
-63,167,9Pg7iExNGO2GSDLBCFvIJ/H2P6g=,DNbsOW3wWhqI1iaTCEZZzHqObKE=
-50,166,9Pg7iExNGO2GSDLBCFvIJ/H2P6g=,DNbsOW3wWhqI1iaTCEZZzHqObKE=
-49,166,9Pg7iExNGO2GSDLBCFvIJ/H2P6g=,DNbsOW3wWhqI1iaTCEZZzHqObKE=
-52,166,9Pg7iExNGO2GSDLBCFvIJ/H2P6g=,DNbsOW3wWhqI1iaTCEZZzHqObKE=
-64,167,9Pg7iExNGO2GSDLBCFvIJ/H2P6g=,DNbsOW3wWhqI1iaTCEZZzHqObKE=
-53,166,9Pg7iExNGO2GSDLBCFvIJ/H2P6g=,DNbsOW3wWhqI1iaTCEZZzHqObKE=
-51,166,9Pg7iExNGO2GSDLBCFvIJ/H2P6g=,DNbsOW3wWhqI1iaTCEZZzHqObKE=
-55,166,9Pg7iExNGO2GSDLBCFvIJ/H2P6g=,DNbsOW3wWhqI1iaTCEZZzHqObKE=
-55,161,9Pg7iExNGO2GSDLBCFvIJ/H2P6g=,DNbsOW3wWhqI1iaTCEZZzHqObKE=
-54,166,9Pg7iExNGO2GSDLBCFvIJ/H2P6g=,DNbsOW3wWhqI1iaTCEZZzHqObKE=
-56,166,9Pg7iExNGO2GSDLBCFvIJ/H2P6g=,DNbsOW3wWhqI1iaTCEZZzHqObKE=
-64,160,9Pg7iExNGO2GSDLBCFvIJ/H2P6g=,DNbsOW3wWhqI1iaTCEZZzHqObKE=
-55,160,9Pg7iExNGO2GSDLBCFvIJ/H2P6g=,DNbsOW3wWhqI1iaTCEZZzHqObKE=
-58,166,9Pg7iExNGO2GSDLBCFvIJ/H2P6g=,DNbsOW3wWhqI1iaTCEZZzHqObKE=
-57,166,9Pg7iExNGO2GSDLBCFvIJ/H2P6g=,DNbsOW3wWhqI1iaTCEZZzHqObKE=
-61,166,9Pg7iExNGO2GSDLBCFvIJ/H2P6g=,DNbsOW3wWhqI1iaTCEZZzHqObKE=
-56,160,9Pg7iExNGO2GSDLBCFvIJ/H2P6g=,DNbsOW3wWhqI1iaTCEZZzHqObKE=
-63,166,9Pg7iExNGO2GSDLBCFvIJ/H2P6g=,DNbsOW3wWhqI1iaTCEZZzHqObKE=
-62,166,9Pg7iExNGO2GSDLBCFvIJ/H2P6g=,DNbsOW3wWhqI1iaTCEZZzHqObKE=
-57,164,9Pg7iExNGO2GSDLBCFvIJ/H2P6g=,DNbsOW3wWhqI1iaTCEZZzHqObKE=
-55,162,9Pg7iExNGO2GSDLBCFvIJ/H2P6g=,DNbsOW3wWhqI1iaTCEZZzHqObKE=
-56,161,9Pg7iExNGO2GSDLBCFvIJ/H2P6g=,DNbsOW3wWhqI1iaTCEZZzHqObKE=
-49,165,9Pg7iExNGO2GSDLBCFvIJ/H2P6g=,DNbsOW3wWhqI1iaTCEZZzHqObKE=
-56,164,9Pg7iExNGO2GSDLBCFvIJ/H2P6g=,DNbsOW3wWhqI1iaTCEZZzHqObKE=
-51,165,9Pg7iExNGO2GSDLBCFvIJ/H2P6g=,DNbsOW3wWhqI1iaTCEZZzHqObKE=
-54,167,9Pg7iExNGO2GSDLBCFvIJ/H2P6g=,DNbsOW3wWhqI1iaTCEZZzHqObKE=
-55,164,9Pg7iExNGO2GSDLBCFvIJ/H2P6g=,DNbsOW3wWhqI1iaTCEZZzHqObKE=
-54,165,9Pg7iExNGO2GSDLBCFvIJ/H2P6g=,DNbsOW3wWhqI1iaTCEZZzHqObKE=
-64,166,9Pg7iExNGO2GSDLBCFvIJ/H2P6g=,DNbsOW3wWhqI1iaTCEZZzHqObKE=
-52,165,9Pg7iExNGO2GSDLBCFvIJ/H2P6g=,DNbsOW3wWhqI1iaTCEZZzHqObKE=
-56,165,9Pg7iExNGO2GSDLBCFvIJ/H2P6g=,DNbsOW3wWhqI1iaTCEZZzHqObKE=
-55,165,9Pg7iExNGO2GSDLBCFvIJ/H2P6g=,DNbsOW3wWhqI1iaTCEZZzHqObKE=
-50,165,9Pg7iExNGO2GSDLBCFvIJ/H2P6g=,DNbsOW3wWhqI1iaTCEZZzHqObKE=
-54,164,9Pg7iExNGO2GSDLBCFvIJ/H2P6g=,DNbsOW3wWhqI1iaTCEZZzHqObKE=
-59,165,9Pg7iExNGO2GSDLBCFvIJ/H2P6g=,DNbsOW3wWhqI1iaTCEZZzHqObKE=
-53,164,9Pg7iExNGO2GSDLBCFvIJ/H2P6g=,DNbsOW3wWhqI1iaTCEZZzHqObKE=
-57,165,9Pg7iExNGO2GSDLBCFvIJ/H2P6g=,DNbsOW3wWhqI1iaTCEZZzHqObKE=
-62,165,9Pg7iExNGO2GSDLBCFvIJ/H2P6g=,DNbsOW3wWhqI1iaTCEZZzHqObKE=
-60,165,9Pg7iExNGO2GSDLBCFvIJ/H2P6g=,DNbsOW3wWhqI1iaTCEZZzHqObKE=
-60,166,9Pg7iExNGO2GSDLBCFvIJ/H2P6g=,DNbsOW3wWhqI1iaTCEZZzHqObKE=
-58,165,9Pg7iExNGO2GSDLBCFvIJ/H2P6g=,DNbsOW3wWhqI1iaTCEZZzHqObKE=
-59,166,9Pg7iExNGO2GSDLBCFvIJ/H2P6g=,DNbsOW3wWhqI1iaTCEZZzHqObKE=
-61,165,9Pg7iExNGO2GSDLBCFvIJ/H2P6g=,DNbsOW3wWhqI1iaTCEZZzHqObKE=
-56,162,9Pg7iExNGO2GSDLBCFvIJ/H2P6g=,DNbsOW3wWhqI1iaTCEZZzHqObKE=
-52,164,9Pg7iExNGO2GSDLBCFvIJ/H2P6g=,DNbsOW3wWhqI1iaTCEZZzHqObKE=
-53,165,9Pg7iExNGO2GSDLBCFvIJ/H2P6g=,DNbsOW3wWhqI1iaTCEZZzHqObKE=
-59,167,9Pg7iExNGO2GSDLBCFvIJ/H2P6g=,DNbsOW3wWhqI1iaTCEZZzHqObKE=
-63,165,9Pg7iExNGO2GSDLBCFvIJ/H2P6g=,DNbsOW3wWhqI1iaTCEZZzHqObKE=
-64,165,9Pg7iExNGO2GSDLBCFvIJ/H2P6g=,DNbsOW3wWhqI1iaTCEZZzHqObKE=
-60,167,9Pg7iExNGO2GSDLBCFvIJ/H2P6g=,DNbsOW3wWhqI1iaTCEZZzHqObKE=
-57,160,9Pg7iExNGO2GSDLBCFvIJ/H2P6g=,DNbsOW3wWhqI1iaTCEZZzHqObKE=
-50,164,9Pg7iExNGO2GSDLBCFvIJ/H2P6g=,DNbsOW3wWhqI1iaTCEZZzHqObKE=
-51,164,9Pg7iExNGO2GSDLBCFvIJ/H2P6g=,DNbsOW3wWhqI1iaTCEZZzHqObKE=
-57,161,9Pg7iExNGO2GSDLBCFvIJ/H2P6g=,DNbsOW3wWhqI1iaTCEZZzHqObKE=
-49,164,9Pg7iExNGO2GSDLBCFvIJ/H2P6g=,DNbsOW3wWhqI1iaTCEZZzHqObKE=
-60,177,nitYoTMhJTCQXVta4S86bt4s1vg=,7Jfks4PZAdWVWMQF0tO9dbULHG8=
-61,179,M5GfkC/ogpRKZsVeOhJdSg42bQQ=,7Jfks4PZAdWVWMQF0tO9dbULHG8=
-49,191,M5GfkC/ogpRKZsVeOhJdSg42bQQ=,7Jfks4PZAdWVWMQF0tO9dbULHG8=
-62,179,M5GfkC/ogpRKZsVeOhJdSg42bQQ=,7Jfks4PZAdWVWMQF0tO9dbULHG8=
-50,191,M5GfkC/ogpRKZsVeOhJdSg42bQQ=,7Jfks4PZAdWVWMQF0tO9dbULHG8=
-58,178,SysWyBbltyhGZMxG7cWzmyD2N6w=,7Jfks4PZAdWVWMQF0tO9dbULHG8=
-51,191,SysWyBbltyhGZMxG7cWzmyD2N6w=,7Jfks4PZAdWVWMQF0tO9dbULHG8=
-52,191,SysWyBbltyhGZMxG7cWzmyD2N6w=,7Jfks4PZAdWVWMQF0tO9dbULHG8=
-53,191,SysWyBbltyhGZMxG7cWzmyD2N6w=,7Jfks4PZAdWVWMQF0tO9dbULHG8=
-54,191,BQQHUC9lu0lBWDVLD4N0FSoPqao=,7Jfks4PZAdWVWMQF0tO9dbULHG8=
-55,191,BQQHUC9lu0lBWDVLD4N0FSoPqao=,7Jfks4PZAdWVWMQF0tO9dbULHG8=
-56,191,BQQHUC9lu0lBWDVLD4N0FSoPqao=,7Jfks4PZAdWVWMQF0tO9dbULHG8=
-58,191,BQQHUC9lu0lBWDVLD4N0FSoPqao=,7Jfks4PZAdWVWMQF0tO9dbULHG8=
-57,191,BQQHUC9lu0lBWDVLD4N0FSoPqao=,7Jfks4PZAdWVWMQF0tO9dbULHG8=
-63,176,BQQHUC9lu0lBWDVLD4N0FSoPqao=,7Jfks4PZAdWVWMQF0tO9dbULHG8=
-59,191,BQQHUC9lu0lBWDVLD4N0FSoPqao=,7Jfks4PZAdWVWMQF0tO9dbULHG8=
-60,191,BQQHUC9lu0lBWDVLD4N0FSoPqao=,7Jfks4PZAdWVWMQF0tO9dbULHG8=
-61,191,BQQHUC9lu0lBWDVLD4N0FSoPqao=,7Jfks4PZAdWVWMQF0tO9dbULHG8=
-62,191,BQQHUC9lu0lBWDVLD4N0FSoPqao=,7Jfks4PZAdWVWMQF0tO9dbULHG8=
-59,177,BQQHUC9lu0lBWDVLD4N0FSoPqao=,7Jfks4PZAdWVWMQF0tO9dbULHG8=
-60,179,BQQHUC9lu0lBWDVLD4N0FSoPqao=,7Jfks4PZAdWVWMQF0tO9dbULHG8=
-64,191,BQQHUC9lu0lBWDVLD4N0FSoPqao=,7Jfks4PZAdWVWMQF0tO9dbULHG8=
-63,191,BQQHUC9lu0lBWDVLD4N0FSoPqao=,7Jfks4PZAdWVWMQF0tO9dbULHG8=
-49,190,BQQHUC9lu0lBWDVLD4N0FSoPqao=,7Jfks4PZAdWVWMQF0tO9dbULHG8=
-51,190,BQQHUC9lu0lBWDVLD4N0FSoPqao=,7Jfks4PZAdWVWMQF0tO9dbULHG8=
-58,179,BQQHUC9lu0lBWDVLD4N0FSoPqao=,7Jfks4PZAdWVWMQF0tO9dbULHG8=
-50,190,BQQHUC9lu0lBWDVLD4N0FSoPqao=,7Jfks4PZAdWVWMQF0tO9dbULHG8=
-60,178,BQQHUC9lu0lBWDVLD4N0FSoPqao=,7Jfks4PZAdWVWMQF0tO9dbULHG8=
-53,190,BQQHUC9lu0lBWDVLD4N0FSoPqao=,7Jfks4PZAdWVWMQF0tO9dbULHG8=
-52,190,BQQHUC9lu0lBWDVLD4N0FSoPqao=,7Jfks4PZAdWVWMQF0tO9dbULHG8=
-54,190,BQQHUC9lu0lBWDVLD4N0FSoPqao=,7Jfks4PZAdWVWMQF0tO9dbULHG8=
-55,190,BQQHUC9lu0lBWDVLD4N0FSoPqao=,7Jfks4PZAdWVWMQF0tO9dbULHG8=
-57,190,BQQHUC9lu0lBWDVLD4N0FSoPqao=,7Jfks4PZAdWVWMQF0tO9dbULHG8=
-56,190,BQQHUC9lu0lBWDVLD4N0FSoPqao=,7Jfks4PZAdWVWMQF0tO9dbULHG8=
-58,190,BQQHUC9lu0lBWDVLD4N0FSoPqao=,7Jfks4PZAdWVWMQF0tO9dbULHG8=
-59,190,BQQHUC9lu0lBWDVLD4N0FSoPqao=,7Jfks4PZAdWVWMQF0tO9dbULHG8=
-60,190,BQQHUC9lu0lBWDVLD4N0FSoPqao=,7Jfks4PZAdWVWMQF0tO9dbULHG8=
-61,190,BQQHUC9lu0lBWDVLD4N0FSoPqao=,7Jfks4PZAdWVWMQF0tO9dbULHG8=
-59,176,BQQHUC9lu0lBWDVLD4N0FSoPqao=,7Jfks4PZAdWVWMQF0tO9dbULHG8=
-57,179,BQQHUC9lu0lBWDVLD4N0FSoPqao=,7Jfks4PZAdWVWMQF0tO9dbULHG8=
-62,190,BQQHUC9lu0lBWDVLD4N0FSoPqao=,7Jfks4PZAdWVWMQF0tO9dbULHG8=
-63,179,BQQHUC9lu0lBWDVLD4N0FSoPqao=,7Jfks4PZAdWVWMQF0tO9dbULHG8=
-49,189,BQQHUC9lu0lBWDVLD4N0FSoPqao=,7Jfks4PZAdWVWMQF0tO9dbULHG8=
-61,178,BQQHUC9lu0lBWDVLD4N0FSoPqao=,7Jfks4PZAdWVWMQF0tO9dbULHG8=
-59,179,BQQHUC9lu0lBWDVLD4N0FSoPqao=,7Jfks4PZAdWVWMQF0tO9dbULHG8=
-50,189,BQQHUC9lu0lBWDVLD4N0FSoPqao=,7Jfks4PZAdWVWMQF0tO9dbULHG8=
-51,189,BQQHUC9lu0lBWDVLD4N0FSoPqao=,7Jfks4PZAdWVWMQF0tO9dbULHG8=
-52,189,BQQHUC9lu0lBWDVLD4N0FSoPqao=,7Jfks4PZAdWVWMQF0tO9dbULHG8=
-53,189,BQQHUC9lu0lBWDVLD4N0FSoPqao=,7Jfks4PZAdWVWMQF0tO9dbULHG8=
-54,189,BQQHUC9lu0lBWDVLD4N0FSoPqao=,7Jfks4PZAdWVWMQF0tO9dbULHG8=
-55,189,BQQHUC9lu0lBWDVLD4N0FSoPqao=,7Jfks4PZAdWVWMQF0tO9dbULHG8=
-56,189,BQQHUC9lu0lBWDVLD4N0FSoPqao=,7Jfks4PZAdWVWMQF0tO9dbULHG8=
-57,189,BQQHUC9lu0lBWDVLD4N0FSoPqao=,7Jfks4PZAdWVWMQF0tO9dbULHG8=
-58,189,BQQHUC9lu0lBWDVLD4N0FSoPqao=,7Jfks4PZAdWVWMQF0tO9dbULHG8=
-59,189,BQQHUC9lu0lBWDVLD4N0FSoPqao=,7Jfks4PZAdWVWMQF0tO9dbULHG8=
-64,190,BQQHUC9lu0lBWDVLD4N0FSoPqao=,7Jfks4PZAdWVWMQF0tO9dbULHG8=
-60,189,BQQHUC9lu0lBWDVLD4N0FSoPqao=,7Jfks4PZAdWVWMQF0tO9dbULHG8=
-59,178,BQQHUC9lu0lBWDVLD4N0FSoPqao=,7Jfks4PZAdWVWMQF0tO9dbULHG8=
-63,189,BQQHUC9lu0lBWDVLD4N0FSoPqao=,7Jfks4PZAdWVWMQF0tO9dbULHG8=
-63,190,BQQHUC9lu0lBWDVLD4N0FSoPqao=,7Jfks4PZAdWVWMQF0tO9dbULHG8=
-49,188,BQQHUC9lu0lBWDVLD4N0FSoPqao=,7Jfks4PZAdWVWMQF0tO9dbULHG8=
-62,189,BQQHUC9lu0lBWDVLD4N0FSoPqao=,7Jfks4PZAdWVWMQF0tO9dbULHG8=
-56,179,BQQHUC9lu0lBWDVLD4N0FSoPqao=,7Jfks4PZAdWVWMQF0tO9dbULHG8=
-61,177,BQQHUC9lu0lBWDVLD4N0FSoPqao=,7Jfks4PZAdWVWMQF0tO9dbULHG8=
-50,188,BQQHUC9lu0lBWDVLD4N0FSoPqao=,7Jfks4PZAdWVWMQF0tO9dbULHG8=
-52,188,BQQHUC9lu0lBWDVLD4N0FSoPqao=,7Jfks4PZAdWVWMQF0tO9dbULHG8=
-51,188,BQQHUC9lu0lBWDVLD4N0FSoPqao=,7Jfks4PZAdWVWMQF0tO9dbULHG8=
-53,188,BQQHUC9lu0lBWDVLD4N0FSoPqao=,7Jfks4PZAdWVWMQF0tO9dbULHG8=
-54,188,BQQHUC9lu0lBWDVLD4N0FSoPqao=,7Jfks4PZAdWVWMQF0tO9dbULHG8=
-55,188,BQQHUC9lu0lBWDVLD4N0FSoPqao=,7Jfks4PZAdWVWMQF0tO9dbULHG8=
-56,188,BQQHUC9lu0lBWDVLD4N0FSoPqao=,7Jfks4PZAdWVWMQF0tO9dbULHG8=
-57,188,BQQHUC9lu0lBWDVLD4N0FSoPqao=,7Jfks4PZAdWVWMQF0tO9dbULHG8=
-58,188,BQQHUC9lu0lBWDVLD4N0FSoPqao=,7Jfks4PZAdWVWMQF0tO9dbULHG8=
-59,188,BQQHUC9lu0lBWDVLD4N0FSoPqao=,7Jfks4PZAdWVWMQF0tO9dbULHG8=
-60,188,BQQHUC9lu0lBWDVLD4N0FSoPqao=,7Jfks4PZAdWVWMQF0tO9dbULHG8=
-61,188,BQQHUC9lu0lBWDVLD4N0FSoPqao=,7Jfks4PZAdWVWMQF0tO9dbULHG8=
-62,188,BQQHUC9lu0lBWDVLD4N0FSoPqao=,7Jfks4PZAdWVWMQF0tO9dbULHG8=
-61,189,BQQHUC9lu0lBWDVLD4N0FSoPqao=,7Jfks4PZAdWVWMQF0tO9dbULHG8=
-62,178,BQQHUC9lu0lBWDVLD4N0FSoPqao=,7Jfks4PZAdWVWMQF0tO9dbULHG8=
-60,176,BQQHUC9lu0lBWDVLD4N0FSoPqao=,7Jfks4PZAdWVWMQF0tO9dbULHG8=
-62,177,BQQHUC9lu0lBWDVLD4N0FSoPqao=,7Jfks4PZAdWVWMQF0tO9dbULHG8=
-55,179,BQQHUC9lu0lBWDVLD4N0FSoPqao=,7Jfks4PZAdWVWMQF0tO9dbULHG8=
-61,176,BQQHUC9lu0lBWDVLD4N0FSoPqao=,7Jfks4PZAdWVWMQF0tO9dbULHG8=
-64,188,BQQHUC9lu0lBWDVLD4N0FSoPqao=,7Jfks4PZAdWVWMQF0tO9dbULHG8=
-64,189,BQQHUC9lu0lBWDVLD4N0FSoPqao=,7Jfks4PZAdWVWMQF0tO9dbULHG8=
-64,177,BQQHUC9lu0lBWDVLD4N0FSoPqao=,7Jfks4PZAdWVWMQF0tO9dbULHG8=
-63,177,BQQHUC9lu0lBWDVLD4N0FSoPqao=,7Jfks4PZAdWVWMQF0tO9dbULHG8=
-49,176,BQQHUC9lu0lBWDVLD4N0FSoPqao=,7Jfks4PZAdWVWMQF0tO9dbULHG8=
-49,178,BQQHUC9lu0lBWDVLD4N0FSoPqao=,7Jfks4PZAdWVWMQF0tO9dbULHG8=
-49,187,BQQHUC9lu0lBWDVLD4N0FSoPqao=,7Jfks4PZAdWVWMQF0tO9dbULHG8=
-50,187,BQQHUC9lu0lBWDVLD4N0FSoPqao=,7Jfks4PZAdWVWMQF0tO9dbULHG8=
-51,187,BQQHUC9lu0lBWDVLD4N0FSoPqao=,7Jfks4PZAdWVWMQF0tO9dbULHG8=
-52,187,BQQHUC9lu0lBWDVLD4N0FSoPqao=,7Jfks4PZAdWVWMQF0tO9dbULHG8=
-53,187,BQQHUC9lu0lBWDVLD4N0FSoPqao=,7Jfks4PZAdWVWMQF0tO9dbULHG8=
-54,187,BQQHUC9lu0lBWDVLD4N0FSoPqao=,7Jfks4PZAdWVWMQF0tO9dbULHG8=
-50,176,BQQHUC9lu0lBWDVLD4N0FSoPqao=,7Jfks4PZAdWVWMQF0tO9dbULHG8=
-57,187,BQQHUC9lu0lBWDVLD4N0FSoPqao=,7Jfks4PZAdWVWMQF0tO9dbULHG8=
-54,179,BQQHUC9lu0lBWDVLD4N0FSoPqao=,7Jfks4PZAdWVWMQF0tO9dbULHG8=
-56,187,BQQHUC9lu0lBWDVLD4N0FSoPqao=,7Jfks4PZAdWVWMQF0tO9dbULHG8=
-62,176,BQQHUC9lu0lBWDVLD4N0FSoPqao=,7Jfks4PZAdWVWMQF0tO9dbULHG8=
-60,187,BQQHUC9lu0lBWDVLD4N0FSoPqao=,7Jfks4PZAdWVWMQF0tO9dbULHG8=
-61,187,BQQHUC9lu0lBWDVLD4N0FSoPqao=,7Jfks4PZAdWVWMQF0tO9dbULHG8=
-59,187,BQQHUC9lu0lBWDVLD4N0FSoPqao=,7Jfks4PZAdWVWMQF0tO9dbULHG8=
-50,177,BQQHUC9lu0lBWDVLD4N0FSoPqao=,7Jfks4PZAdWVWMQF0tO9dbULHG8=
-63,178,BQQHUC9lu0lBWDVLD4N0FSoPqao=,7Jfks4PZAdWVWMQF0tO9dbULHG8=
-62,187,BQQHUC9lu0lBWDVLD4N0FSoPqao=,7Jfks4PZAdWVWMQF0tO9dbULHG8=
-64,178,BQQHUC9lu0lBWDVLD4N0FSoPqao=,7Jfks4PZAdWVWMQF0tO9dbULHG8=
-64,187,BQQHUC9lu0lBWDVLD4N0FSoPqao=,7Jfks4PZAdWVWMQF0tO9dbULHG8=
-53,179,BQQHUC9lu0lBWDVLD4N0FSoPqao=,7Jfks4PZAdWVWMQF0tO9dbULHG8=
-63,187,BQQHUC9lu0lBWDVLD4N0FSoPqao=,7Jfks4PZAdWVWMQF0tO9dbULHG8=
-51,176,BQQHUC9lu0lBWDVLD4N0FSoPqao=,7Jfks4PZAdWVWMQF0tO9dbULHG8=
-50,178,BQQHUC9lu0lBWDVLD4N0FSoPqao=,7Jfks4PZAdWVWMQF0tO9dbULHG8=
-58,187,BQQHUC9lu0lBWDVLD4N0FSoPqao=,7Jfks4PZAdWVWMQF0tO9dbULHG8=
-51,177,BQQHUC9lu0lBWDVLD4N0FSoPqao=,7Jfks4PZAdWVWMQF0tO9dbULHG8=
-49,186,BQQHUC9lu0lBWDVLD4N0FSoPqao=,7Jfks4PZAdWVWMQF0tO9dbULHG8=
-50,186,BQQHUC9lu0lBWDVLD4N0FSoPqao=,7Jfks4PZAdWVWMQF0tO9dbULHG8=
-52,179,BQQHUC9lu0lBWDVLD4N0FSoPqao=,7Jfks4PZAdWVWMQF0tO9dbULHG8=
-51,186,BQQHUC9lu0lBWDVLD4N0FSoPqao=,7Jfks4PZAdWVWMQF0tO9dbULHG8=
-52,186,BQQHUC9lu0lBWDVLD4N0FSoPqao=,7Jfks4PZAdWVWMQF0tO9dbULHG8=
-54,186,BQQHUC9lu0lBWDVLD4N0FSoPqao=,7Jfks4PZAdWVWMQF0tO9dbULHG8=
-55,186,BQQHUC9lu0lBWDVLD4N0FSoPqao=,7Jfks4PZAdWVWMQF0tO9dbULHG8=
-51,179,BQQHUC9lu0lBWDVLD4N0FSoPqao=,7Jfks4PZAdWVWMQF0tO9dbULHG8=
-56,186,BQQHUC9lu0lBWDVLD4N0FSoPqao=,7Jfks4PZAdWVWMQF0tO9dbULHG8=
-57,186,BQQHUC9lu0lBWDVLD4N0FSoPqao=,7Jfks4PZAdWVWMQF0tO9dbULHG8=
-58,186,BQQHUC9lu0lBWDVLD4N0FSoPqao=,7Jfks4PZAdWVWMQF0tO9dbULHG8=
-50,179,BQQHUC9lu0lBWDVLD4N0FSoPqao=,7Jfks4PZAdWVWMQF0tO9dbULHG8=
-63,186,BQQHUC9lu0lBWDVLD4N0FSoPqao=,7Jfks4PZAdWVWMQF0tO9dbULHG8=
-49,177,BQQHUC9lu0lBWDVLD4N0FSoPqao=,7Jfks4PZAdWVWMQF0tO9dbULHG8=
-58,177,BQQHUC9lu0lBWDVLD4N0FSoPqao=,7Jfks4PZAdWVWMQF0tO9dbULHG8=
-59,186,BQQHUC9lu0lBWDVLD4N0FSoPqao=,7Jfks4PZAdWVWMQF0tO9dbULHG8=
-63,188,BQQHUC9lu0lBWDVLD4N0FSoPqao=,7Jfks4PZAdWVWMQF0tO9dbULHG8=
-51,178,BQQHUC9lu0lBWDVLD4N0FSoPqao=,7Jfks4PZAdWVWMQF0tO9dbULHG8=
-64,179,BQQHUC9lu0lBWDVLD4N0FSoPqao=,7Jfks4PZAdWVWMQF0tO9dbULHG8=
-52,177,BQQHUC9lu0lBWDVLD4N0FSoPqao=,7Jfks4PZAdWVWMQF0tO9dbULHG8=
-55,187,BQQHUC9lu0lBWDVLD4N0FSoPqao=,7Jfks4PZAdWVWMQF0tO9dbULHG8=
-53,186,BQQHUC9lu0lBWDVLD4N0FSoPqao=,7Jfks4PZAdWVWMQF0tO9dbULHG8=
-50,185,BQQHUC9lu0lBWDVLD4N0FSoPqao=,7Jfks4PZAdWVWMQF0tO9dbULHG8=
-51,185,BQQHUC9lu0lBWDVLD4N0FSoPqao=,7Jfks4PZAdWVWMQF0tO9dbULHG8=
-53,185,BQQHUC9lu0lBWDVLD4N0FSoPqao=,7Jfks4PZAdWVWMQF0tO9dbULHG8=
-64,186,BQQHUC9lu0lBWDVLD4N0FSoPqao=,7Jfks4PZAdWVWMQF0tO9dbULHG8=
-52,176,BQQHUC9lu0lBWDVLD4N0FSoPqao=,7Jfks4PZAdWVWMQF0tO9dbULHG8=
-54,185,BQQHUC9lu0lBWDVLD4N0FSoPqao=,7Jfks4PZAdWVWMQF0tO9dbULHG8=
-60,186,BQQHUC9lu0lBWDVLD4N0FSoPqao=,7Jfks4PZAdWVWMQF0tO9dbULHG8=
-49,179,BQQHUC9lu0lBWDVLD4N0FSoPqao=,7Jfks4PZAdWVWMQF0tO9dbULHG8=
-52,185,BQQHUC9lu0lBWDVLD4N0FSoPqao=,7Jfks4PZAdWVWMQF0tO9dbULHG8=
-49,185,BQQHUC9lu0lBWDVLD4N0FSoPqao=,7Jfks4PZAdWVWMQF0tO9dbULHG8=
-56,185,BQQHUC9lu0lBWDVLD4N0FSoPqao=,7Jfks4PZAdWVWMQF0tO9dbULHG8=
-61,186,BQQHUC9lu0lBWDVLD4N0FSoPqao=,7Jfks4PZAdWVWMQF0tO9dbULHG8=
-62,186,BQQHUC9lu0lBWDVLD4N0FSoPqao=,7Jfks4PZAdWVWMQF0tO9dbULHG8=
-58,176,BQQHUC9lu0lBWDVLD4N0FSoPqao=,7Jfks4PZAdWVWMQF0tO9dbULHG8=
-58,185,BQQHUC9lu0lBWDVLD4N0FSoPqao=,7Jfks4PZAdWVWMQF0tO9dbULHG8=
-55,185,BQQHUC9lu0lBWDVLD4N0FSoPqao=,7Jfks4PZAdWVWMQF0tO9dbULHG8=
-57,185,BQQHUC9lu0lBWDVLD4N0FSoPqao=,7Jfks4PZAdWVWMQF0tO9dbULHG8=
-59,185,BQQHUC9lu0lBWDVLD4N0FSoPqao=,7Jfks4PZAdWVWMQF0tO9dbULHG8=
-57,178,BQQHUC9lu0lBWDVLD4N0FSoPqao=,7Jfks4PZAdWVWMQF0tO9dbULHG8=
-60,185,BQQHUC9lu0lBWDVLD4N0FSoPqao=,7Jfks4PZAdWVWMQF0tO9dbULHG8=
-64,185,BQQHUC9lu0lBWDVLD4N0FSoPqao=,7Jfks4PZAdWVWMQF0tO9dbULHG8=
-63,185,BQQHUC9lu0lBWDVLD4N0FSoPqao=,7Jfks4PZAdWVWMQF0tO9dbULHG8=
-61,185,BQQHUC9lu0lBWDVLD4N0FSoPqao=,7Jfks4PZAdWVWMQF0tO9dbULHG8=
-53,176,BQQHUC9lu0lBWDVLD4N0FSoPqao=,7Jfks4PZAdWVWMQF0tO9dbULHG8=
-52,178,BQQHUC9lu0lBWDVLD4N0FSoPqao=,7Jfks4PZAdWVWMQF0tO9dbULHG8=
-49,184,BQQHUC9lu0lBWDVLD4N0FSoPqao=,7Jfks4PZAdWVWMQF0tO9dbULHG8=
-53,177,BQQHUC9lu0lBWDVLD4N0FSoPqao=,7Jfks4PZAdWVWMQF0tO9dbULHG8=
-62,185,BQQHUC9lu0lBWDVLD4N0FSoPqao=,7Jfks4PZAdWVWMQF0tO9dbULHG8=
-50,184,BQQHUC9lu0lBWDVLD4N0FSoPqao=,7Jfks4PZAdWVWMQF0tO9dbULHG8=
-51,184,BQQHUC9lu0lBWDVLD4N0FSoPqao=,7Jfks4PZAdWVWMQF0tO9dbULHG8=
-64,180,BQQHUC9lu0lBWDVLD4N0FSoPqao=,7Jfks4PZAdWVWMQF0tO9dbULHG8=
-52,184,BQQHUC9lu0lBWDVLD4N0FSoPqao=,7Jfks4PZAdWVWMQF0tO9dbULHG8=
-53,184,BQQHUC9lu0lBWDVLD4N0FSoPqao=,7Jfks4PZAdWVWMQF0tO9dbULHG8=
-54,184,BQQHUC9lu0lBWDVLD4N0FSoPqao=,7Jfks4PZAdWVWMQF0tO9dbULHG8=
-56,184,BQQHUC9lu0lBWDVLD4N0FSoPqao=,7Jfks4PZAdWVWMQF0tO9dbULHG8=
-57,184,BQQHUC9lu0lBWDVLD4N0FSoPqao=,7Jfks4PZAdWVWMQF0tO9dbULHG8=
-55,184,BQQHUC9lu0lBWDVLD4N0FSoPqao=,7Jfks4PZAdWVWMQF0tO9dbULHG8=
-58,184,BQQHUC9lu0lBWDVLD4N0FSoPqao=,7Jfks4PZAdWVWMQF0tO9dbULHG8=
-63,180,BQQHUC9lu0lBWDVLD4N0FSoPqao=,7Jfks4PZAdWVWMQF0tO9dbULHG8=
-59,184,BQQHUC9lu0lBWDVLD4N0FSoPqao=,7Jfks4PZAdWVWMQF0tO9dbULHG8=
-54,176,BQQHUC9lu0lBWDVLD4N0FSoPqao=,7Jfks4PZAdWVWMQF0tO9dbULHG8=
-60,184,BQQHUC9lu0lBWDVLD4N0FSoPqao=,7Jfks4PZAdWVWMQF0tO9dbULHG8=
-64,184,BQQHUC9lu0lBWDVLD4N0FSoPqao=,7Jfks4PZAdWVWMQF0tO9dbULHG8=
-62,180,BQQHUC9lu0lBWDVLD4N0FSoPqao=,7Jfks4PZAdWVWMQF0tO9dbULHG8=
-61,184,BQQHUC9lu0lBWDVLD4N0FSoPqao=,7Jfks4PZAdWVWMQF0tO9dbULHG8=
-62,184,BQQHUC9lu0lBWDVLD4N0FSoPqao=,7Jfks4PZAdWVWMQF0tO9dbULHG8=
-53,178,BQQHUC9lu0lBWDVLD4N0FSoPqao=,7Jfks4PZAdWVWMQF0tO9dbULHG8=
-63,184,BQQHUC9lu0lBWDVLD4N0FSoPqao=,7Jfks4PZAdWVWMQF0tO9dbULHG8=
-54,177,BQQHUC9lu0lBWDVLD4N0FSoPqao=,7Jfks4PZAdWVWMQF0tO9dbULHG8=
-49,183,BQQHUC9lu0lBWDVLD4N0FSoPqao=,7Jfks4PZAdWVWMQF0tO9dbULHG8=
-50,183,BQQHUC9lu0lBWDVLD4N0FSoPqao=,7Jfks4PZAdWVWMQF0tO9dbULHG8=
-52,183,BQQHUC9lu0lBWDVLD4N0FSoPqao=,7Jfks4PZAdWVWMQF0tO9dbULHG8=
-51,183,BQQHUC9lu0lBWDVLD4N0FSoPqao=,7Jfks4PZAdWVWMQF0tO9dbULHG8=
-53,183,BQQHUC9lu0lBWDVLD4N0FSoPqao=,7Jfks4PZAdWVWMQF0tO9dbULHG8=
-61,180,BQQHUC9lu0lBWDVLD4N0FSoPqao=,7Jfks4PZAdWVWMQF0tO9dbULHG8=
-54,183,BQQHUC9lu0lBWDVLD4N0FSoPqao=,7Jfks4PZAdWVWMQF0tO9dbULHG8=
-56,183,BQQHUC9lu0lBWDVLD4N0FSoPqao=,7Jfks4PZAdWVWMQF0tO9dbULHG8=
-57,183,BQQHUC9lu0lBWDVLD4N0FSoPqao=,7Jfks4PZAdWVWMQF0tO9dbULHG8=
-55,183,BQQHUC9lu0lBWDVLD4N0FSoPqao=,7Jfks4PZAdWVWMQF0tO9dbULHG8=
-58,183,BQQHUC9lu0lBWDVLD4N0FSoPqao=,7Jfks4PZAdWVWMQF0tO9dbULHG8=
-59,183,BQQHUC9lu0lBWDVLD4N0FSoPqao=,7Jfks4PZAdWVWMQF0tO9dbULHG8=
-60,183,BQQHUC9lu0lBWDVLD4N0FSoPqao=,7Jfks4PZAdWVWMQF0tO9dbULHG8=
-60,180,BQQHUC9lu0lBWDVLD4N0FSoPqao=,7Jfks4PZAdWVWMQF0tO9dbULHG8=
-55,176,BQQHUC9lu0lBWDVLD4N0FSoPqao=,7Jfks4PZAdWVWMQF0tO9dbULHG8=
-62,183,BQQHUC9lu0lBWDVLD4N0FSoPqao=,7Jfks4PZAdWVWMQF0tO9dbULHG8=
-61,183,BQQHUC9lu0lBWDVLD4N0FSoPqao=,7Jfks4PZAdWVWMQF0tO9dbULHG8=
-54,178,BQQHUC9lu0lBWDVLD4N0FSoPqao=,7Jfks4PZAdWVWMQF0tO9dbULHG8=
-64,183,BQQHUC9lu0lBWDVLD4N0FSoPqao=,7Jfks4PZAdWVWMQF0tO9dbULHG8=
-63,183,BQQHUC9lu0lBWDVLD4N0FSoPqao=,7Jfks4PZAdWVWMQF0tO9dbULHG8=
-59,180,BQQHUC9lu0lBWDVLD4N0FSoPqao=,7Jfks4PZAdWVWMQF0tO9dbULHG8=
-55,177,BQQHUC9lu0lBWDVLD4N0FSoPqao=,7Jfks4PZAdWVWMQF0tO9dbULHG8=
-49,182,BQQHUC9lu0lBWDVLD4N0FSoPqao=,7Jfks4PZAdWVWMQF0tO9dbULHG8=
-50,182,BQQHUC9lu0lBWDVLD4N0FSoPqao=,7Jfks4PZAdWVWMQF0tO9dbULHG8=
-51,182,BQQHUC9lu0lBWDVLD4N0FSoPqao=,7Jfks4PZAdWVWMQF0tO9dbULHG8=
-52,182,BQQHUC9lu0lBWDVLD4N0FSoPqao=,7Jfks4PZAdWVWMQF0tO9dbULHG8=
-53,182,BQQHUC9lu0lBWDVLD4N0FSoPqao=,7Jfks4PZAdWVWMQF0tO9dbULHG8=
-54,182,BQQHUC9lu0lBWDVLD4N0FSoPqao=,7Jfks4PZAdWVWMQF0tO9dbULHG8=
-56,182,BQQHUC9lu0lBWDVLD4N0FSoPqao=,7Jfks4PZAdWVWMQF0tO9dbULHG8=
-55,182,BQQHUC9lu0lBWDVLD4N0FSoPqao=,7Jfks4PZAdWVWMQF0tO9dbULHG8=
-57,182,BQQHUC9lu0lBWDVLD4N0FSoPqao=,7Jfks4PZAdWVWMQF0tO9dbULHG8=
-58,182,BQQHUC9lu0lBWDVLD4N0FSoPqao=,7Jfks4PZAdWVWMQF0tO9dbULHG8=
-59,182,BQQHUC9lu0lBWDVLD4N0FSoPqao=,7Jfks4PZAdWVWMQF0tO9dbULHG8=
-61,182,BQQHUC9lu0lBWDVLD4N0FSoPqao=,7Jfks4PZAdWVWMQF0tO9dbULHG8=
-58,180,BQQHUC9lu0lBWDVLD4N0FSoPqao=,7Jfks4PZAdWVWMQF0tO9dbULHG8=
-60,182,BQQHUC9lu0lBWDVLD4N0FSoPqao=,7Jfks4PZAdWVWMQF0tO9dbULHG8=
-62,182,BQQHUC9lu0lBWDVLD4N0FSoPqao=,7Jfks4PZAdWVWMQF0tO9dbULHG8=
-63,182,BQQHUC9lu0lBWDVLD4N0FSoPqao=,7Jfks4PZAdWVWMQF0tO9dbULHG8=
-55,178,BQQHUC9lu0lBWDVLD4N0FSoPqao=,7Jfks4PZAdWVWMQF0tO9dbULHG8=
-56,176,BQQHUC9lu0lBWDVLD4N0FSoPqao=,7Jfks4PZAdWVWMQF0tO9dbULHG8=
-56,177,BQQHUC9lu0lBWDVLD4N0FSoPqao=,7Jfks4PZAdWVWMQF0tO9dbULHG8=
-64,182,BQQHUC9lu0lBWDVLD4N0FSoPqao=,7Jfks4PZAdWVWMQF0tO9dbULHG8=
-49,181,BQQHUC9lu0lBWDVLD4N0FSoPqao=,7Jfks4PZAdWVWMQF0tO9dbULHG8=
-50,181,BQQHUC9lu0lBWDVLD4N0FSoPqao=,7Jfks4PZAdWVWMQF0tO9dbULHG8=
-51,181,BQQHUC9lu0lBWDVLD4N0FSoPqao=,7Jfks4PZAdWVWMQF0tO9dbULHG8=
-64,176,BQQHUC9lu0lBWDVLD4N0FSoPqao=,7Jfks4PZAdWVWMQF0tO9dbULHG8=
-52,181,BQQHUC9lu0lBWDVLD4N0FSoPqao=,7Jfks4PZAdWVWMQF0tO9dbULHG8=
-53,181,BQQHUC9lu0lBWDVLD4N0FSoPqao=,7Jfks4PZAdWVWMQF0tO9dbULHG8=
-55,181,BQQHUC9lu0lBWDVLD4N0FSoPqao=,7Jfks4PZAdWVWMQF0tO9dbULHG8=
-54,181,BQQHUC9lu0lBWDVLD4N0FSoPqao=,7Jfks4PZAdWVWMQF0tO9dbULHG8=
-57,181,BQQHUC9lu0lBWDVLD4N0FSoPqao=,7Jfks4PZAdWVWMQF0tO9dbULHG8=
-57,180,BQQHUC9lu0lBWDVLD4N0FSoPqao=,7Jfks4PZAdWVWMQF0tO9dbULHG8=
-56,181,BQQHUC9lu0lBWDVLD4N0FSoPqao=,7Jfks4PZAdWVWMQF0tO9dbULHG8=
-58,181,BQQHUC9lu0lBWDVLD4N0FSoPqao=,7Jfks4PZAdWVWMQF0tO9dbULHG8=
-59,181,BQQHUC9lu0lBWDVLD4N0FSoPqao=,7Jfks4PZAdWVWMQF0tO9dbULHG8=
-61,181,BQQHUC9lu0lBWDVLD4N0FSoPqao=,7Jfks4PZAdWVWMQF0tO9dbULHG8=
-60,181,BQQHUC9lu0lBWDVLD4N0FSoPqao=,7Jfks4PZAdWVWMQF0tO9dbULHG8=
-62,181,BQQHUC9lu0lBWDVLD4N0FSoPqao=,7Jfks4PZAdWVWMQF0tO9dbULHG8=
-56,180,BQQHUC9lu0lBWDVLD4N0FSoPqao=,7Jfks4PZAdWVWMQF0tO9dbULHG8=
-63,181,BQQHUC9lu0lBWDVLD4N0FSoPqao=,7Jfks4PZAdWVWMQF0tO9dbULHG8=
-56,178,BQQHUC9lu0lBWDVLD4N0FSoPqao=,7Jfks4PZAdWVWMQF0tO9dbULHG8=
-49,180,BQQHUC9lu0lBWDVLD4N0FSoPqao=,7Jfks4PZAdWVWMQF0tO9dbULHG8=
-57,176,BQQHUC9lu0lBWDVLD4N0FSoPqao=,7Jfks4PZAdWVWMQF0tO9dbULHG8=
-55,180,BQQHUC9lu0lBWDVLD4N0FSoPqao=,7Jfks4PZAdWVWMQF0tO9dbULHG8=
-50,180,BQQHUC9lu0lBWDVLD4N0FSoPqao=,7Jfks4PZAdWVWMQF0tO9dbULHG8=
-57,177,BQQHUC9lu0lBWDVLD4N0FSoPqao=,7Jfks4PZAdWVWMQF0tO9dbULHG8=
-52,180,BQQHUC9lu0lBWDVLD4N0FSoPqao=,7Jfks4PZAdWVWMQF0tO9dbULHG8=
-51,180,BQQHUC9lu0lBWDVLD4N0FSoPqao=,7Jfks4PZAdWVWMQF0tO9dbULHG8=
-53,180,BQQHUC9lu0lBWDVLD4N0FSoPqao=,7Jfks4PZAdWVWMQF0tO9dbULHG8=
-64,181,BQQHUC9lu0lBWDVLD4N0FSoPqao=,7Jfks4PZAdWVWMQF0tO9dbULHG8=
-54,180,BQQHUC9lu0lBWDVLD4N0FSoPqao=,7Jfks4PZAdWVWMQF0tO9dbULHG8=
-33,191,GU16l0BxeKyf3SCGIDgrajUCXHM=,AVoiLOb57mwm/uKpYvLv2mSqzNA=
-34,191,GU16l0BxeKyf3SCGIDgrajUCXHM=,AVoiLOb57mwm/uKpYvLv2mSqzNA=
-35,191,4AjKa+2LDLi9R1P5I0aD+OAbtNg=,AVoiLOb57mwm/uKpYvLv2mSqzNA=
-36,191,4AjKa+2LDLi9R1P5I0aD+OAbtNg=,AVoiLOb57mwm/uKpYvLv2mSqzNA=
-45,179,Snh60UQ4U1Oqho0frBmTqgHMvsI=,AVoiLOb57mwm/uKpYvLv2mSqzNA=
-42,179,Snh60UQ4U1Oqho0frBmTqgHMvsI=,AVoiLOb57mwm/uKpYvLv2mSqzNA=
-43,176,Snh60UQ4U1Oqho0frBmTqgHMvsI=,AVoiLOb57mwm/uKpYvLv2mSqzNA=
-47,176,Snh60UQ4U1Oqho0frBmTqgHMvsI=,AVoiLOb57mwm/uKpYvLv2mSqzNA=
-37,191,Snh60UQ4U1Oqho0frBmTqgHMvsI=,AVoiLOb57mwm/uKpYvLv2mSqzNA=
-38,191,Snh60UQ4U1Oqho0frBmTqgHMvsI=,AVoiLOb57mwm/uKpYvLv2mSqzNA=
-44,178,Snh60UQ4U1Oqho0frBmTqgHMvsI=,AVoiLOb57mwm/uKpYvLv2mSqzNA=
-39,191,Snh60UQ4U1Oqho0frBmTqgHMvsI=,AVoiLOb57mwm/uKpYvLv2mSqzNA=
-40,191,Snh60UQ4U1Oqho0frBmTqgHMvsI=,AVoiLOb57mwm/uKpYvLv2mSqzNA=
-46,179,Snh60UQ4U1Oqho0frBmTqgHMvsI=,AVoiLOb57mwm/uKpYvLv2mSqzNA=
-41,191,Snh60UQ4U1Oqho0frBmTqgHMvsI=,AVoiLOb57mwm/uKpYvLv2mSqzNA=
-42,191,Snh60UQ4U1Oqho0frBmTqgHMvsI=,AVoiLOb57mwm/uKpYvLv2mSqzNA=
-41,179,Snh60UQ4U1Oqho0frBmTqgHMvsI=,AVoiLOb57mwm/uKpYvLv2mSqzNA=
-44,177,Snh60UQ4U1Oqho0frBmTqgHMvsI=,AVoiLOb57mwm/uKpYvLv2mSqzNA=
-43,191,Snh60UQ4U1Oqho0frBmTqgHMvsI=,AVoiLOb57mwm/uKpYvLv2mSqzNA=
-44,191,Snh60UQ4U1Oqho0frBmTqgHMvsI=,AVoiLOb57mwm/uKpYvLv2mSqzNA=
-43,178,Snh60UQ4U1Oqho0frBmTqgHMvsI=,AVoiLOb57mwm/uKpYvLv2mSqzNA=
-45,191,Snh60UQ4U1Oqho0frBmTqgHMvsI=,AVoiLOb57mwm/uKpYvLv2mSqzNA=
-46,191,Snh60UQ4U1Oqho0frBmTqgHMvsI=,AVoiLOb57mwm/uKpYvLv2mSqzNA=
-47,191,Snh60UQ4U1Oqho0frBmTqgHMvsI=,AVoiLOb57mwm/uKpYvLv2mSqzNA=
-42,178,Snh60UQ4U1Oqho0frBmTqgHMvsI=,AVoiLOb57mwm/uKpYvLv2mSqzNA=
-48,191,Snh60UQ4U1Oqho0frBmTqgHMvsI=,AVoiLOb57mwm/uKpYvLv2mSqzNA=
-45,176,Snh60UQ4U1Oqho0frBmTqgHMvsI=,AVoiLOb57mwm/uKpYvLv2mSqzNA=
-44,179,Snh60UQ4U1Oqho0frBmTqgHMvsI=,AVoiLOb57mwm/uKpYvLv2mSqzNA=
-34,190,Snh60UQ4U1Oqho0frBmTqgHMvsI=,AVoiLOb57mwm/uKpYvLv2mSqzNA=
-35,190,Snh60UQ4U1Oqho0frBmTqgHMvsI=,AVoiLOb57mwm/uKpYvLv2mSqzNA=
-33,190,Snh60UQ4U1Oqho0frBmTqgHMvsI=,AVoiLOb57mwm/uKpYvLv2mSqzNA=
-36,190,Snh60UQ4U1Oqho0frBmTqgHMvsI=,AVoiLOb57mwm/uKpYvLv2mSqzNA=
-38,190,Snh60UQ4U1Oqho0frBmTqgHMvsI=,AVoiLOb57mwm/uKpYvLv2mSqzNA=
-37,190,Snh60UQ4U1Oqho0frBmTqgHMvsI=,AVoiLOb57mwm/uKpYvLv2mSqzNA=
-39,190,Snh60UQ4U1Oqho0frBmTqgHMvsI=,AVoiLOb57mwm/uKpYvLv2mSqzNA=
-40,190,Snh60UQ4U1Oqho0frBmTqgHMvsI=,AVoiLOb57mwm/uKpYvLv2mSqzNA=
-41,190,Snh60UQ4U1Oqho0frBmTqgHMvsI=,AVoiLOb57mwm/uKpYvLv2mSqzNA=
-42,190,Snh60UQ4U1Oqho0frBmTqgHMvsI=,AVoiLOb57mwm/uKpYvLv2mSqzNA=
-43,190,Snh60UQ4U1Oqho0frBmTqgHMvsI=,AVoiLOb57mwm/uKpYvLv2mSqzNA=
-44,190,Snh60UQ4U1Oqho0frBmTqgHMvsI=,AVoiLOb57mwm/uKpYvLv2mSqzNA=
-45,190,Snh60UQ4U1Oqho0frBmTqgHMvsI=,AVoiLOb57mwm/uKpYvLv2mSqzNA=
-46,190,Snh60UQ4U1Oqho0frBmTqgHMvsI=,AVoiLOb57mwm/uKpYvLv2mSqzNA=
-47,190,Snh60UQ4U1Oqho0frBmTqgHMvsI=,AVoiLOb57mwm/uKpYvLv2mSqzNA=
-43,179,Snh60UQ4U1Oqho0frBmTqgHMvsI=,AVoiLOb57mwm/uKpYvLv2mSqzNA=
-48,190,Snh60UQ4U1Oqho0frBmTqgHMvsI=,AVoiLOb57mwm/uKpYvLv2mSqzNA=
-33,189,Snh60UQ4U1Oqho0frBmTqgHMvsI=,AVoiLOb57mwm/uKpYvLv2mSqzNA=
-34,189,Snh60UQ4U1Oqho0frBmTqgHMvsI=,AVoiLOb57mwm/uKpYvLv2mSqzNA=
-35,189,Snh60UQ4U1Oqho0frBmTqgHMvsI=,AVoiLOb57mwm/uKpYvLv2mSqzNA=
-36,189,Snh60UQ4U1Oqho0frBmTqgHMvsI=,AVoiLOb57mwm/uKpYvLv2mSqzNA=
-37,189,Snh60UQ4U1Oqho0frBmTqgHMvsI=,AVoiLOb57mwm/uKpYvLv2mSqzNA=
-38,189,Snh60UQ4U1Oqho0frBmTqgHMvsI=,AVoiLOb57mwm/uKpYvLv2mSqzNA=
-39,189,Snh60UQ4U1Oqho0frBmTqgHMvsI=,AVoiLOb57mwm/uKpYvLv2mSqzNA=
-40,189,Snh60UQ4U1Oqho0frBmTqgHMvsI=,AVoiLOb57mwm/uKpYvLv2mSqzNA=
-41,189,Snh60UQ4U1Oqho0frBmTqgHMvsI=,AVoiLOb57mwm/uKpYvLv2mSqzNA=
-42,189,Snh60UQ4U1Oqho0frBmTqgHMvsI=,AVoiLOb57mwm/uKpYvLv2mSqzNA=
-43,189,Snh60UQ4U1Oqho0frBmTqgHMvsI=,AVoiLOb57mwm/uKpYvLv2mSqzNA=
-44,189,Snh60UQ4U1Oqho0frBmTqgHMvsI=,AVoiLOb57mwm/uKpYvLv2mSqzNA=
-45,189,Snh60UQ4U1Oqho0frBmTqgHMvsI=,AVoiLOb57mwm/uKpYvLv2mSqzNA=
-46,189,Snh60UQ4U1Oqho0frBmTqgHMvsI=,AVoiLOb57mwm/uKpYvLv2mSqzNA=
-47,189,Snh60UQ4U1Oqho0frBmTqgHMvsI=,AVoiLOb57mwm/uKpYvLv2mSqzNA=
-44,176,Snh60UQ4U1Oqho0frBmTqgHMvsI=,AVoiLOb57mwm/uKpYvLv2mSqzNA=
-48,189,Snh60UQ4U1Oqho0frBmTqgHMvsI=,AVoiLOb57mwm/uKpYvLv2mSqzNA=
-33,188,Snh60UQ4U1Oqho0frBmTqgHMvsI=,AVoiLOb57mwm/uKpYvLv2mSqzNA=
-34,188,Snh60UQ4U1Oqho0frBmTqgHMvsI=,AVoiLOb57mwm/uKpYvLv2mSqzNA=
-35,188,Snh60UQ4U1Oqho0frBmTqgHMvsI=,AVoiLOb57mwm/uKpYvLv2mSqzNA=
-36,188,Snh60UQ4U1Oqho0frBmTqgHMvsI=,AVoiLOb57mwm/uKpYvLv2mSqzNA=
-37,188,Snh60UQ4U1Oqho0frBmTqgHMvsI=,AVoiLOb57mwm/uKpYvLv2mSqzNA=
-38,188,Snh60UQ4U1Oqho0frBmTqgHMvsI=,AVoiLOb57mwm/uKpYvLv2mSqzNA=
-39,188,Snh60UQ4U1Oqho0frBmTqgHMvsI=,AVoiLOb57mwm/uKpYvLv2mSqzNA=
-40,188,Snh60UQ4U1Oqho0frBmTqgHMvsI=,AVoiLOb57mwm/uKpYvLv2mSqzNA=
-41,188,Snh60UQ4U1Oqho0frBmTqgHMvsI=,AVoiLOb57mwm/uKpYvLv2mSqzNA=
-42,188,Snh60UQ4U1Oqho0frBmTqgHMvsI=,AVoiLOb57mwm/uKpYvLv2mSqzNA=
-43,188,Snh60UQ4U1Oqho0frBmTqgHMvsI=,AVoiLOb57mwm/uKpYvLv2mSqzNA=
-44,188,Snh60UQ4U1Oqho0frBmTqgHMvsI=,AVoiLOb57mwm/uKpYvLv2mSqzNA=
-45,188,Snh60UQ4U1Oqho0frBmTqgHMvsI=,AVoiLOb57mwm/uKpYvLv2mSqzNA=
-46,188,Snh60UQ4U1Oqho0frBmTqgHMvsI=,AVoiLOb57mwm/uKpYvLv2mSqzNA=
-47,188,Snh60UQ4U1Oqho0frBmTqgHMvsI=,AVoiLOb57mwm/uKpYvLv2mSqzNA=
-48,188,Snh60UQ4U1Oqho0frBmTqgHMvsI=,AVoiLOb57mwm/uKpYvLv2mSqzNA=
-43,177,Snh60UQ4U1Oqho0frBmTqgHMvsI=,AVoiLOb57mwm/uKpYvLv2mSqzNA=
-46,178,Snh60UQ4U1Oqho0frBmTqgHMvsI=,AVoiLOb57mwm/uKpYvLv2mSqzNA=
-46,177,Snh60UQ4U1Oqho0frBmTqgHMvsI=,AVoiLOb57mwm/uKpYvLv2mSqzNA=
-47,178,Snh60UQ4U1Oqho0frBmTqgHMvsI=,AVoiLOb57mwm/uKpYvLv2mSqzNA=
-45,177,Snh60UQ4U1Oqho0frBmTqgHMvsI=,AVoiLOb57mwm/uKpYvLv2mSqzNA=
-48,177,Snh60UQ4U1Oqho0frBmTqgHMvsI=,AVoiLOb57mwm/uKpYvLv2mSqzNA=
-48,179,Snh60UQ4U1Oqho0frBmTqgHMvsI=,AVoiLOb57mwm/uKpYvLv2mSqzNA=
-47,177,Snh60UQ4U1Oqho0frBmTqgHMvsI=,AVoiLOb57mwm/uKpYvLv2mSqzNA=
-46,176,Snh60UQ4U1Oqho0frBmTqgHMvsI=,AVoiLOb57mwm/uKpYvLv2mSqzNA=
-48,178,Snh60UQ4U1Oqho0frBmTqgHMvsI=,AVoiLOb57mwm/uKpYvLv2mSqzNA=
-33,187,Snh60UQ4U1Oqho0frBmTqgHMvsI=,AVoiLOb57mwm/uKpYvLv2mSqzNA=
-40,179,Snh60UQ4U1Oqho0frBmTqgHMvsI=,AVoiLOb57mwm/uKpYvLv2mSqzNA=
-33,176,Snh60UQ4U1Oqho0frBmTqgHMvsI=,AVoiLOb57mwm/uKpYvLv2mSqzNA=
-33,177,Snh60UQ4U1Oqho0frBmTqgHMvsI=,AVoiLOb57mwm/uKpYvLv2mSqzNA=
-34,187,Snh60UQ4U1Oqho0frBmTqgHMvsI=,AVoiLOb57mwm/uKpYvLv2mSqzNA=
-36,187,Snh60UQ4U1Oqho0frBmTqgHMvsI=,AVoiLOb57mwm/uKpYvLv2mSqzNA=
-37,187,Snh60UQ4U1Oqho0frBmTqgHMvsI=,AVoiLOb57mwm/uKpYvLv2mSqzNA=
-39,187,Snh60UQ4U1Oqho0frBmTqgHMvsI=,AVoiLOb57mwm/uKpYvLv2mSqzNA=
-40,187,Snh60UQ4U1Oqho0frBmTqgHMvsI=,AVoiLOb57mwm/uKpYvLv2mSqzNA=
-41,187,Snh60UQ4U1Oqho0frBmTqgHMvsI=,AVoiLOb57mwm/uKpYvLv2mSqzNA=
-42,187,Snh60UQ4U1Oqho0frBmTqgHMvsI=,AVoiLOb57mwm/uKpYvLv2mSqzNA=
-34,176,Snh60UQ4U1Oqho0frBmTqgHMvsI=,AVoiLOb57mwm/uKpYvLv2mSqzNA=
-44,187,Snh60UQ4U1Oqho0frBmTqgHMvsI=,AVoiLOb57mwm/uKpYvLv2mSqzNA=
-45,187,Snh60UQ4U1Oqho0frBmTqgHMvsI=,AVoiLOb57mwm/uKpYvLv2mSqzNA=
-46,187,Snh60UQ4U1Oqho0frBmTqgHMvsI=,AVoiLOb57mwm/uKpYvLv2mSqzNA=
-47,187,Snh60UQ4U1Oqho0frBmTqgHMvsI=,AVoiLOb57mwm/uKpYvLv2mSqzNA=
-43,187,Snh60UQ4U1Oqho0frBmTqgHMvsI=,AVoiLOb57mwm/uKpYvLv2mSqzNA=
-48,187,Snh60UQ4U1Oqho0frBmTqgHMvsI=,AVoiLOb57mwm/uKpYvLv2mSqzNA=
-38,187,Snh60UQ4U1Oqho0frBmTqgHMvsI=,AVoiLOb57mwm/uKpYvLv2mSqzNA=
-34,177,Snh60UQ4U1Oqho0frBmTqgHMvsI=,AVoiLOb57mwm/uKpYvLv2mSqzNA=
-33,178,Snh60UQ4U1Oqho0frBmTqgHMvsI=,AVoiLOb57mwm/uKpYvLv2mSqzNA=
-35,187,Snh60UQ4U1Oqho0frBmTqgHMvsI=,AVoiLOb57mwm/uKpYvLv2mSqzNA=
-39,179,Snh60UQ4U1Oqho0frBmTqgHMvsI=,AVoiLOb57mwm/uKpYvLv2mSqzNA=
-34,186,Snh60UQ4U1Oqho0frBmTqgHMvsI=,AVoiLOb57mwm/uKpYvLv2mSqzNA=
-35,176,Snh60UQ4U1Oqho0frBmTqgHMvsI=,AVoiLOb57mwm/uKpYvLv2mSqzNA=
-35,186,Snh60UQ4U1Oqho0frBmTqgHMvsI=,AVoiLOb57mwm/uKpYvLv2mSqzNA=
-35,177,Snh60UQ4U1Oqho0frBmTqgHMvsI=,AVoiLOb57mwm/uKpYvLv2mSqzNA=
-33,186,Snh60UQ4U1Oqho0frBmTqgHMvsI=,AVoiLOb57mwm/uKpYvLv2mSqzNA=
-34,178,Snh60UQ4U1Oqho0frBmTqgHMvsI=,AVoiLOb57mwm/uKpYvLv2mSqzNA=
-41,186,Snh60UQ4U1Oqho0frBmTqgHMvsI=,AVoiLOb57mwm/uKpYvLv2mSqzNA=
-38,179,Snh60UQ4U1Oqho0frBmTqgHMvsI=,AVoiLOb57mwm/uKpYvLv2mSqzNA=
-42,186,Snh60UQ4U1Oqho0frBmTqgHMvsI=,AVoiLOb57mwm/uKpYvLv2mSqzNA=
-36,186,Snh60UQ4U1Oqho0frBmTqgHMvsI=,AVoiLOb57mwm/uKpYvLv2mSqzNA=
-43,186,Snh60UQ4U1Oqho0frBmTqgHMvsI=,AVoiLOb57mwm/uKpYvLv2mSqzNA=
-37,186,Snh60UQ4U1Oqho0frBmTqgHMvsI=,AVoiLOb57mwm/uKpYvLv2mSqzNA=
-45,178,Snh60UQ4U1Oqho0frBmTqgHMvsI=,AVoiLOb57mwm/uKpYvLv2mSqzNA=
-45,186,Snh60UQ4U1Oqho0frBmTqgHMvsI=,AVoiLOb57mwm/uKpYvLv2mSqzNA=
-47,179,Snh60UQ4U1Oqho0frBmTqgHMvsI=,AVoiLOb57mwm/uKpYvLv2mSqzNA=
-38,186,Snh60UQ4U1Oqho0frBmTqgHMvsI=,AVoiLOb57mwm/uKpYvLv2mSqzNA=
-46,186,Snh60UQ4U1Oqho0frBmTqgHMvsI=,AVoiLOb57mwm/uKpYvLv2mSqzNA=
-47,186,Snh60UQ4U1Oqho0frBmTqgHMvsI=,AVoiLOb57mwm/uKpYvLv2mSqzNA=
-48,186,Snh60UQ4U1Oqho0frBmTqgHMvsI=,AVoiLOb57mwm/uKpYvLv2mSqzNA=
-37,179,Snh60UQ4U1Oqho0frBmTqgHMvsI=,AVoiLOb57mwm/uKpYvLv2mSqzNA=
-36,176,Snh60UQ4U1Oqho0frBmTqgHMvsI=,AVoiLOb57mwm/uKpYvLv2mSqzNA=
-35,178,Snh60UQ4U1Oqho0frBmTqgHMvsI=,AVoiLOb57mwm/uKpYvLv2mSqzNA=
-35,185,Snh60UQ4U1Oqho0frBmTqgHMvsI=,AVoiLOb57mwm/uKpYvLv2mSqzNA=
-33,185,Snh60UQ4U1Oqho0frBmTqgHMvsI=,AVoiLOb57mwm/uKpYvLv2mSqzNA=
-34,185,Snh60UQ4U1Oqho0frBmTqgHMvsI=,AVoiLOb57mwm/uKpYvLv2mSqzNA=
-36,177,Snh60UQ4U1Oqho0frBmTqgHMvsI=,AVoiLOb57mwm/uKpYvLv2mSqzNA=
-44,186,Snh60UQ4U1Oqho0frBmTqgHMvsI=,AVoiLOb57mwm/uKpYvLv2mSqzNA=
-41,185,Snh60UQ4U1Oqho0frBmTqgHMvsI=,AVoiLOb57mwm/uKpYvLv2mSqzNA=
-43,185,Snh60UQ4U1Oqho0frBmTqgHMvsI=,AVoiLOb57mwm/uKpYvLv2mSqzNA=
-42,185,Snh60UQ4U1Oqho0frBmTqgHMvsI=,AVoiLOb57mwm/uKpYvLv2mSqzNA=
-44,185,Snh60UQ4U1Oqho0frBmTqgHMvsI=,AVoiLOb57mwm/uKpYvLv2mSqzNA=
-46,185,Snh60UQ4U1Oqho0frBmTqgHMvsI=,AVoiLOb57mwm/uKpYvLv2mSqzNA=
-45,185,Snh60UQ4U1Oqho0frBmTqgHMvsI=,AVoiLOb57mwm/uKpYvLv2mSqzNA=
-36,185,Snh60UQ4U1Oqho0frBmTqgHMvsI=,AVoiLOb57mwm/uKpYvLv2mSqzNA=
-37,185,Snh60UQ4U1Oqho0frBmTqgHMvsI=,AVoiLOb57mwm/uKpYvLv2mSqzNA=
-36,179,Snh60UQ4U1Oqho0frBmTqgHMvsI=,AVoiLOb57mwm/uKpYvLv2mSqzNA=
-47,185,Snh60UQ4U1Oqho0frBmTqgHMvsI=,AVoiLOb57mwm/uKpYvLv2mSqzNA=
-40,185,Snh60UQ4U1Oqho0frBmTqgHMvsI=,AVoiLOb57mwm/uKpYvLv2mSqzNA=
-39,185,Snh60UQ4U1Oqho0frBmTqgHMvsI=,AVoiLOb57mwm/uKpYvLv2mSqzNA=
-48,185,Snh60UQ4U1Oqho0frBmTqgHMvsI=,AVoiLOb57mwm/uKpYvLv2mSqzNA=
-38,185,Snh60UQ4U1Oqho0frBmTqgHMvsI=,AVoiLOb57mwm/uKpYvLv2mSqzNA=
-40,186,Snh60UQ4U1Oqho0frBmTqgHMvsI=,AVoiLOb57mwm/uKpYvLv2mSqzNA=
-37,176,Snh60UQ4U1Oqho0frBmTqgHMvsI=,AVoiLOb57mwm/uKpYvLv2mSqzNA=
-37,177,Snh60UQ4U1Oqho0frBmTqgHMvsI=,AVoiLOb57mwm/uKpYvLv2mSqzNA=
-36,178,Snh60UQ4U1Oqho0frBmTqgHMvsI=,AVoiLOb57mwm/uKpYvLv2mSqzNA=
-35,184,Snh60UQ4U1Oqho0frBmTqgHMvsI=,AVoiLOb57mwm/uKpYvLv2mSqzNA=
-36,184,Snh60UQ4U1Oqho0frBmTqgHMvsI=,AVoiLOb57mwm/uKpYvLv2mSqzNA=
-33,184,Snh60UQ4U1Oqho0frBmTqgHMvsI=,AVoiLOb57mwm/uKpYvLv2mSqzNA=
-34,184,Snh60UQ4U1Oqho0frBmTqgHMvsI=,AVoiLOb57mwm/uKpYvLv2mSqzNA=
-37,184,Snh60UQ4U1Oqho0frBmTqgHMvsI=,AVoiLOb57mwm/uKpYvLv2mSqzNA=
-41,184,Snh60UQ4U1Oqho0frBmTqgHMvsI=,AVoiLOb57mwm/uKpYvLv2mSqzNA=
-44,184,Snh60UQ4U1Oqho0frBmTqgHMvsI=,AVoiLOb57mwm/uKpYvLv2mSqzNA=
-42,184,Snh60UQ4U1Oqho0frBmTqgHMvsI=,AVoiLOb57mwm/uKpYvLv2mSqzNA=
-43,184,Snh60UQ4U1Oqho0frBmTqgHMvsI=,AVoiLOb57mwm/uKpYvLv2mSqzNA=
-45,184,Snh60UQ4U1Oqho0frBmTqgHMvsI=,AVoiLOb57mwm/uKpYvLv2mSqzNA=
-46,184,Snh60UQ4U1Oqho0frBmTqgHMvsI=,AVoiLOb57mwm/uKpYvLv2mSqzNA=
-47,184,Snh60UQ4U1Oqho0frBmTqgHMvsI=,AVoiLOb57mwm/uKpYvLv2mSqzNA=
-38,184,Snh60UQ4U1Oqho0frBmTqgHMvsI=,AVoiLOb57mwm/uKpYvLv2mSqzNA=
-48,184,Snh60UQ4U1Oqho0frBmTqgHMvsI=,AVoiLOb57mwm/uKpYvLv2mSqzNA=
-39,184,Snh60UQ4U1Oqho0frBmTqgHMvsI=,AVoiLOb57mwm/uKpYvLv2mSqzNA=
-40,184,Snh60UQ4U1Oqho0frBmTqgHMvsI=,AVoiLOb57mwm/uKpYvLv2mSqzNA=
-39,186,Snh60UQ4U1Oqho0frBmTqgHMvsI=,AVoiLOb57mwm/uKpYvLv2mSqzNA=
-38,176,Snh60UQ4U1Oqho0frBmTqgHMvsI=,AVoiLOb57mwm/uKpYvLv2mSqzNA=
-38,177,Snh60UQ4U1Oqho0frBmTqgHMvsI=,AVoiLOb57mwm/uKpYvLv2mSqzNA=
-33,183,Snh60UQ4U1Oqho0frBmTqgHMvsI=,AVoiLOb57mwm/uKpYvLv2mSqzNA=
-35,183,Snh60UQ4U1Oqho0frBmTqgHMvsI=,AVoiLOb57mwm/uKpYvLv2mSqzNA=
-37,178,Snh60UQ4U1Oqho0frBmTqgHMvsI=,AVoiLOb57mwm/uKpYvLv2mSqzNA=
-34,183,Snh60UQ4U1Oqho0frBmTqgHMvsI=,AVoiLOb57mwm/uKpYvLv2mSqzNA=
-36,183,Snh60UQ4U1Oqho0frBmTqgHMvsI=,AVoiLOb57mwm/uKpYvLv2mSqzNA=
-42,183,Snh60UQ4U1Oqho0frBmTqgHMvsI=,AVoiLOb57mwm/uKpYvLv2mSqzNA=
-41,183,Snh60UQ4U1Oqho0frBmTqgHMvsI=,AVoiLOb57mwm/uKpYvLv2mSqzNA=
-37,183,Snh60UQ4U1Oqho0frBmTqgHMvsI=,AVoiLOb57mwm/uKpYvLv2mSqzNA=
-43,183,Snh60UQ4U1Oqho0frBmTqgHMvsI=,AVoiLOb57mwm/uKpYvLv2mSqzNA=
-44,183,Snh60UQ4U1Oqho0frBmTqgHMvsI=,AVoiLOb57mwm/uKpYvLv2mSqzNA=
-45,183,Snh60UQ4U1Oqho0frBmTqgHMvsI=,AVoiLOb57mwm/uKpYvLv2mSqzNA=
-46,183,Snh60UQ4U1Oqho0frBmTqgHMvsI=,AVoiLOb57mwm/uKpYvLv2mSqzNA=
-47,183,Snh60UQ4U1Oqho0frBmTqgHMvsI=,AVoiLOb57mwm/uKpYvLv2mSqzNA=
-48,183,Snh60UQ4U1Oqho0frBmTqgHMvsI=,AVoiLOb57mwm/uKpYvLv2mSqzNA=
-38,183,Snh60UQ4U1Oqho0frBmTqgHMvsI=,AVoiLOb57mwm/uKpYvLv2mSqzNA=
-40,183,Snh60UQ4U1Oqho0frBmTqgHMvsI=,AVoiLOb57mwm/uKpYvLv2mSqzNA=
-39,183,Snh60UQ4U1Oqho0frBmTqgHMvsI=,AVoiLOb57mwm/uKpYvLv2mSqzNA=
-38,178,Snh60UQ4U1Oqho0frBmTqgHMvsI=,AVoiLOb57mwm/uKpYvLv2mSqzNA=
-39,177,Snh60UQ4U1Oqho0frBmTqgHMvsI=,AVoiLOb57mwm/uKpYvLv2mSqzNA=
-39,176,Snh60UQ4U1Oqho0frBmTqgHMvsI=,AVoiLOb57mwm/uKpYvLv2mSqzNA=
-33,182,Snh60UQ4U1Oqho0frBmTqgHMvsI=,AVoiLOb57mwm/uKpYvLv2mSqzNA=
-36,182,Snh60UQ4U1Oqho0frBmTqgHMvsI=,AVoiLOb57mwm/uKpYvLv2mSqzNA=
-41,182,Snh60UQ4U1Oqho0frBmTqgHMvsI=,AVoiLOb57mwm/uKpYvLv2mSqzNA=
-37,182,Snh60UQ4U1Oqho0frBmTqgHMvsI=,AVoiLOb57mwm/uKpYvLv2mSqzNA=
-35,182,Snh60UQ4U1Oqho0frBmTqgHMvsI=,AVoiLOb57mwm/uKpYvLv2mSqzNA=
-42,182,Snh60UQ4U1Oqho0frBmTqgHMvsI=,AVoiLOb57mwm/uKpYvLv2mSqzNA=
-43,182,Snh60UQ4U1Oqho0frBmTqgHMvsI=,AVoiLOb57mwm/uKpYvLv2mSqzNA=
-44,182,Snh60UQ4U1Oqho0frBmTqgHMvsI=,AVoiLOb57mwm/uKpYvLv2mSqzNA=
-46,182,Snh60UQ4U1Oqho0frBmTqgHMvsI=,AVoiLOb57mwm/uKpYvLv2mSqzNA=
-45,182,Snh60UQ4U1Oqho0frBmTqgHMvsI=,AVoiLOb57mwm/uKpYvLv2mSqzNA=
-47,182,Snh60UQ4U1Oqho0frBmTqgHMvsI=,AVoiLOb57mwm/uKpYvLv2mSqzNA=
-39,182,Snh60UQ4U1Oqho0frBmTqgHMvsI=,AVoiLOb57mwm/uKpYvLv2mSqzNA=
-38,182,Snh60UQ4U1Oqho0frBmTqgHMvsI=,AVoiLOb57mwm/uKpYvLv2mSqzNA=
-40,182,Snh60UQ4U1Oqho0frBmTqgHMvsI=,AVoiLOb57mwm/uKpYvLv2mSqzNA=
-36,181,Snh60UQ4U1Oqho0frBmTqgHMvsI=,AVoiLOb57mwm/uKpYvLv2mSqzNA=
-34,182,Snh60UQ4U1Oqho0frBmTqgHMvsI=,AVoiLOb57mwm/uKpYvLv2mSqzNA=
-33,181,Snh60UQ4U1Oqho0frBmTqgHMvsI=,AVoiLOb57mwm/uKpYvLv2mSqzNA=
-35,179,Snh60UQ4U1Oqho0frBmTqgHMvsI=,AVoiLOb57mwm/uKpYvLv2mSqzNA=
-42,181,Snh60UQ4U1Oqho0frBmTqgHMvsI=,AVoiLOb57mwm/uKpYvLv2mSqzNA=
-40,176,Snh60UQ4U1Oqho0frBmTqgHMvsI=,AVoiLOb57mwm/uKpYvLv2mSqzNA=
-41,181,Snh60UQ4U1Oqho0frBmTqgHMvsI=,AVoiLOb57mwm/uKpYvLv2mSqzNA=
-43,181,Snh60UQ4U1Oqho0frBmTqgHMvsI=,AVoiLOb57mwm/uKpYvLv2mSqzNA=
-39,178,Snh60UQ4U1Oqho0frBmTqgHMvsI=,AVoiLOb57mwm/uKpYvLv2mSqzNA=
-46,181,Snh60UQ4U1Oqho0frBmTqgHMvsI=,AVoiLOb57mwm/uKpYvLv2mSqzNA=
-45,181,Snh60UQ4U1Oqho0frBmTqgHMvsI=,AVoiLOb57mwm/uKpYvLv2mSqzNA=
-44,181,Snh60UQ4U1Oqho0frBmTqgHMvsI=,AVoiLOb57mwm/uKpYvLv2mSqzNA=
-47,181,Snh60UQ4U1Oqho0frBmTqgHMvsI=,AVoiLOb57mwm/uKpYvLv2mSqzNA=
-41,176,Snh60UQ4U1Oqho0frBmTqgHMvsI=,AVoiLOb57mwm/uKpYvLv2mSqzNA=
-48,181,Snh60UQ4U1Oqho0frBmTqgHMvsI=,AVoiLOb57mwm/uKpYvLv2mSqzNA=
-40,181,Snh60UQ4U1Oqho0frBmTqgHMvsI=,AVoiLOb57mwm/uKpYvLv2mSqzNA=
-41,177,Snh60UQ4U1Oqho0frBmTqgHMvsI=,AVoiLOb57mwm/uKpYvLv2mSqzNA=
-34,179,Snh60UQ4U1Oqho0frBmTqgHMvsI=,AVoiLOb57mwm/uKpYvLv2mSqzNA=
-40,178,Snh60UQ4U1Oqho0frBmTqgHMvsI=,AVoiLOb57mwm/uKpYvLv2mSqzNA=
-34,180,Snh60UQ4U1Oqho0frBmTqgHMvsI=,AVoiLOb57mwm/uKpYvLv2mSqzNA=
-33,180,Snh60UQ4U1Oqho0frBmTqgHMvsI=,AVoiLOb57mwm/uKpYvLv2mSqzNA=
-35,180,Snh60UQ4U1Oqho0frBmTqgHMvsI=,AVoiLOb57mwm/uKpYvLv2mSqzNA=
-36,180,Snh60UQ4U1Oqho0frBmTqgHMvsI=,AVoiLOb57mwm/uKpYvLv2mSqzNA=
-33,179,Snh60UQ4U1Oqho0frBmTqgHMvsI=,AVoiLOb57mwm/uKpYvLv2mSqzNA=
-41,180,Snh60UQ4U1Oqho0frBmTqgHMvsI=,AVoiLOb57mwm/uKpYvLv2mSqzNA=
-42,177,Snh60UQ4U1Oqho0frBmTqgHMvsI=,AVoiLOb57mwm/uKpYvLv2mSqzNA=
-41,178,Snh60UQ4U1Oqho0frBmTqgHMvsI=,AVoiLOb57mwm/uKpYvLv2mSqzNA=
-48,176,Snh60UQ4U1Oqho0frBmTqgHMvsI=,AVoiLOb57mwm/uKpYvLv2mSqzNA=
-38,180,Snh60UQ4U1Oqho0frBmTqgHMvsI=,AVoiLOb57mwm/uKpYvLv2mSqzNA=
-39,180,Snh60UQ4U1Oqho0frBmTqgHMvsI=,AVoiLOb57mwm/uKpYvLv2mSqzNA=
-37,180,Snh60UQ4U1Oqho0frBmTqgHMvsI=,AVoiLOb57mwm/uKpYvLv2mSqzNA=
-43,180,Snh60UQ4U1Oqho0frBmTqgHMvsI=,AVoiLOb57mwm/uKpYvLv2mSqzNA=
-48,180,Snh60UQ4U1Oqho0frBmTqgHMvsI=,AVoiLOb57mwm/uKpYvLv2mSqzNA=
-44,180,Snh60UQ4U1Oqho0frBmTqgHMvsI=,AVoiLOb57mwm/uKpYvLv2mSqzNA=
-42,180,Snh60UQ4U1Oqho0frBmTqgHMvsI=,AVoiLOb57mwm/uKpYvLv2mSqzNA=
-35,181,Snh60UQ4U1Oqho0frBmTqgHMvsI=,AVoiLOb57mwm/uKpYvLv2mSqzNA=
-40,177,Snh60UQ4U1Oqho0frBmTqgHMvsI=,AVoiLOb57mwm/uKpYvLv2mSqzNA=
-48,182,Snh60UQ4U1Oqho0frBmTqgHMvsI=,AVoiLOb57mwm/uKpYvLv2mSqzNA=
-34,181,Snh60UQ4U1Oqho0frBmTqgHMvsI=,AVoiLOb57mwm/uKpYvLv2mSqzNA=
-45,180,Snh60UQ4U1Oqho0frBmTqgHMvsI=,AVoiLOb57mwm/uKpYvLv2mSqzNA=
-42,176,Snh60UQ4U1Oqho0frBmTqgHMvsI=,AVoiLOb57mwm/uKpYvLv2mSqzNA=
-46,180,Snh60UQ4U1Oqho0frBmTqgHMvsI=,AVoiLOb57mwm/uKpYvLv2mSqzNA=
-40,180,Snh60UQ4U1Oqho0frBmTqgHMvsI=,AVoiLOb57mwm/uKpYvLv2mSqzNA=
-47,180,Snh60UQ4U1Oqho0frBmTqgHMvsI=,AVoiLOb57mwm/uKpYvLv2mSqzNA=
-39,181,Snh60UQ4U1Oqho0frBmTqgHMvsI=,AVoiLOb57mwm/uKpYvLv2mSqzNA=
-37,181,Snh60UQ4U1Oqho0frBmTqgHMvsI=,AVoiLOb57mwm/uKpYvLv2mSqzNA=
-38,181,Snh60UQ4U1Oqho0frBmTqgHMvsI=,AVoiLOb57mwm/uKpYvLv2mSqzNA=
-44,161,O/j7ehx2EHM7IVfTYNN1Be6oRcw=,3PZWfH03mFumirI+gWfWnIjLAbI=
-45,163,Cxs2xG5f6rLCTxoPkcc9kHvaL7Q=,3PZWfH03mFumirI+gWfWnIjLAbI=
-43,161,Cxs2xG5f6rLCTxoPkcc9kHvaL7Q=,3PZWfH03mFumirI+gWfWnIjLAbI=
-47,160,w9q85Q4DEe8Bv3vQQLPPccrpO74=,3PZWfH03mFumirI+gWfWnIjLAbI=
-43,163,w9q85Q4DEe8Bv3vQQLPPccrpO74=,3PZWfH03mFumirI+gWfWnIjLAbI=
-46,163,w9q85Q4DEe8Bv3vQQLPPccrpO74=,3PZWfH03mFumirI+gWfWnIjLAbI=
-44,162,w9q85Q4DEe8Bv3vQQLPPccrpO74=,3PZWfH03mFumirI+gWfWnIjLAbI=
-44,163,w9q85Q4DEe8Bv3vQQLPPccrpO74=,3PZWfH03mFumirI+gWfWnIjLAbI=
-42,175,w9q85Q4DEe8Bv3vQQLPPccrpO74=,3PZWfH03mFumirI+gWfWnIjLAbI=
-41,175,w9q85Q4DEe8Bv3vQQLPPccrpO74=,3PZWfH03mFumirI+gWfWnIjLAbI=
-36,175,w9q85Q4DEe8Bv3vQQLPPccrpO74=,3PZWfH03mFumirI+gWfWnIjLAbI=
-43,175,w9q85Q4DEe8Bv3vQQLPPccrpO74=,3PZWfH03mFumirI+gWfWnIjLAbI=
-45,175,w9q85Q4DEe8Bv3vQQLPPccrpO74=,3PZWfH03mFumirI+gWfWnIjLAbI=
-46,175,w9q85Q4DEe8Bv3vQQLPPccrpO74=,3PZWfH03mFumirI+gWfWnIjLAbI=
-41,163,w9q85Q4DEe8Bv3vQQLPPccrpO74=,3PZWfH03mFumirI+gWfWnIjLAbI=
-48,175,w9q85Q4DEe8Bv3vQQLPPccrpO74=,3PZWfH03mFumirI+gWfWnIjLAbI=
-39,175,w9q85Q4DEe8Bv3vQQLPPccrpO74=,3PZWfH03mFumirI+gWfWnIjLAbI=
-47,175,w9q85Q4DEe8Bv3vQQLPPccrpO74=,3PZWfH03mFumirI+gWfWnIjLAbI=
-45,162,w9q85Q4DEe8Bv3vQQLPPccrpO74=,3PZWfH03mFumirI+gWfWnIjLAbI=
-44,160,w9q85Q4DEe8Bv3vQQLPPccrpO74=,3PZWfH03mFumirI+gWfWnIjLAbI=
-43,160,w9q85Q4DEe8Bv3vQQLPPccrpO74=,3PZWfH03mFumirI+gWfWnIjLAbI=
-40,163,w9q85Q4DEe8Bv3vQQLPPccrpO74=,3PZWfH03mFumirI+gWfWnIjLAbI=
-38,175,w9q85Q4DEe8Bv3vQQLPPccrpO74=,3PZWfH03mFumirI+gWfWnIjLAbI=
-35,175,w9q85Q4DEe8Bv3vQQLPPccrpO74=,3PZWfH03mFumirI+gWfWnIjLAbI=
-39,163,w9q85Q4DEe8Bv3vQQLPPccrpO74=,3PZWfH03mFumirI+gWfWnIjLAbI=
-47,163,w9q85Q4DEe8Bv3vQQLPPccrpO74=,3PZWfH03mFumirI+gWfWnIjLAbI=
-34,174,w9q85Q4DEe8Bv3vQQLPPccrpO74=,3PZWfH03mFumirI+gWfWnIjLAbI=
-33,174,w9q85Q4DEe8Bv3vQQLPPccrpO74=,3PZWfH03mFumirI+gWfWnIjLAbI=
-35,174,w9q85Q4DEe8Bv3vQQLPPccrpO74=,3PZWfH03mFumirI+gWfWnIjLAbI=
-36,174,w9q85Q4DEe8Bv3vQQLPPccrpO74=,3PZWfH03mFumirI+gWfWnIjLAbI=
-37,174,w9q85Q4DEe8Bv3vQQLPPccrpO74=,3PZWfH03mFumirI+gWfWnIjLAbI=
-41,174,w9q85Q4DEe8Bv3vQQLPPccrpO74=,3PZWfH03mFumirI+gWfWnIjLAbI=
-38,174,w9q85Q4DEe8Bv3vQQLPPccrpO74=,3PZWfH03mFumirI+gWfWnIjLAbI=
-42,174,w9q85Q4DEe8Bv3vQQLPPccrpO74=,3PZWfH03mFumirI+gWfWnIjLAbI=
-43,174,w9q85Q4DEe8Bv3vQQLPPccrpO74=,3PZWfH03mFumirI+gWfWnIjLAbI=
-45,174,w9q85Q4DEe8Bv3vQQLPPccrpO74=,3PZWfH03mFumirI+gWfWnIjLAbI=
-38,163,w9q85Q4DEe8Bv3vQQLPPccrpO74=,3PZWfH03mFumirI+gWfWnIjLAbI=
-46,174,w9q85Q4DEe8Bv3vQQLPPccrpO74=,3PZWfH03mFumirI+gWfWnIjLAbI=
-44,174,w9q85Q4DEe8Bv3vQQLPPccrpO74=,3PZWfH03mFumirI+gWfWnIjLAbI=
-45,161,w9q85Q4DEe8Bv3vQQLPPccrpO74=,3PZWfH03mFumirI+gWfWnIjLAbI=
-47,174,w9q85Q4DEe8Bv3vQQLPPccrpO74=,3PZWfH03mFumirI+gWfWnIjLAbI=
-46,162,w9q85Q4DEe8Bv3vQQLPPccrpO74=,3PZWfH03mFumirI+gWfWnIjLAbI=
-37,163,w9q85Q4DEe8Bv3vQQLPPccrpO74=,3PZWfH03mFumirI+gWfWnIjLAbI=
-48,174,w9q85Q4DEe8Bv3vQQLPPccrpO74=,3PZWfH03mFumirI+gWfWnIjLAbI=
-40,174,w9q85Q4DEe8Bv3vQQLPPccrpO74=,3PZWfH03mFumirI+gWfWnIjLAbI=
-37,175,w9q85Q4DEe8Bv3vQQLPPccrpO74=,3PZWfH03mFumirI+gWfWnIjLAbI=
-39,174,w9q85Q4DEe8Bv3vQQLPPccrpO74=,3PZWfH03mFumirI+gWfWnIjLAbI=
-36,163,w9q85Q4DEe8Bv3vQQLPPccrpO74=,3PZWfH03mFumirI+gWfWnIjLAbI=
-42,162,w9q85Q4DEe8Bv3vQQLPPccrpO74=,3PZWfH03mFumirI+gWfWnIjLAbI=
-34,173,w9q85Q4DEe8Bv3vQQLPPccrpO74=,3PZWfH03mFumirI+gWfWnIjLAbI=
-33,173,w9q85Q4DEe8Bv3vQQLPPccrpO74=,3PZWfH03mFumirI+gWfWnIjLAbI=
-35,173,w9q85Q4DEe8Bv3vQQLPPccrpO74=,3PZWfH03mFumirI+gWfWnIjLAbI=
-42,163,w9q85Q4DEe8Bv3vQQLPPccrpO74=,3PZWfH03mFumirI+gWfWnIjLAbI=
-41,173,w9q85Q4DEe8Bv3vQQLPPccrpO74=,3PZWfH03mFumirI+gWfWnIjLAbI=
-37,173,w9q85Q4DEe8Bv3vQQLPPccrpO74=,3PZWfH03mFumirI+gWfWnIjLAbI=
-36,173,w9q85Q4DEe8Bv3vQQLPPccrpO74=,3PZWfH03mFumirI+gWfWnIjLAbI=
-35,163,w9q85Q4DEe8Bv3vQQLPPccrpO74=,3PZWfH03mFumirI+gWfWnIjLAbI=
-42,173,w9q85Q4DEe8Bv3vQQLPPccrpO74=,3PZWfH03mFumirI+gWfWnIjLAbI=
-38,173,w9q85Q4DEe8Bv3vQQLPPccrpO74=,3PZWfH03mFumirI+gWfWnIjLAbI=
-45,173,w9q85Q4DEe8Bv3vQQLPPccrpO74=,3PZWfH03mFumirI+gWfWnIjLAbI=
-43,173,w9q85Q4DEe8Bv3vQQLPPccrpO74=,3PZWfH03mFumirI+gWfWnIjLAbI=
-44,173,w9q85Q4DEe8Bv3vQQLPPccrpO74=,3PZWfH03mFumirI+gWfWnIjLAbI=
-46,173,w9q85Q4DEe8Bv3vQQLPPccrpO74=,3PZWfH03mFumirI+gWfWnIjLAbI=
-47,173,w9q85Q4DEe8Bv3vQQLPPccrpO74=,3PZWfH03mFumirI+gWfWnIjLAbI=
-43,162,w9q85Q4DEe8Bv3vQQLPPccrpO74=,3PZWfH03mFumirI+gWfWnIjLAbI=
-46,161,w9q85Q4DEe8Bv3vQQLPPccrpO74=,3PZWfH03mFumirI+gWfWnIjLAbI=
-34,163,w9q85Q4DEe8Bv3vQQLPPccrpO74=,3PZWfH03mFumirI+gWfWnIjLAbI=
-40,173,w9q85Q4DEe8Bv3vQQLPPccrpO74=,3PZWfH03mFumirI+gWfWnIjLAbI=
-39,173,w9q85Q4DEe8Bv3vQQLPPccrpO74=,3PZWfH03mFumirI+gWfWnIjLAbI=
-48,173,w9q85Q4DEe8Bv3vQQLPPccrpO74=,3PZWfH03mFumirI+gWfWnIjLAbI=
-47,162,w9q85Q4DEe8Bv3vQQLPPccrpO74=,3PZWfH03mFumirI+gWfWnIjLAbI=
-33,163,w9q85Q4DEe8Bv3vQQLPPccrpO74=,3PZWfH03mFumirI+gWfWnIjLAbI=
-33,172,w9q85Q4DEe8Bv3vQQLPPccrpO74=,3PZWfH03mFumirI+gWfWnIjLAbI=
-35,172,w9q85Q4DEe8Bv3vQQLPPccrpO74=,3PZWfH03mFumirI+gWfWnIjLAbI=
-34,172,w9q85Q4DEe8Bv3vQQLPPccrpO74=,3PZWfH03mFumirI+gWfWnIjLAbI=
-37,172,w9q85Q4DEe8Bv3vQQLPPccrpO74=,3PZWfH03mFumirI+gWfWnIjLAbI=
-42,161,w9q85Q4DEe8Bv3vQQLPPccrpO74=,3PZWfH03mFumirI+gWfWnIjLAbI=
-36,172,w9q85Q4DEe8Bv3vQQLPPccrpO74=,3PZWfH03mFumirI+gWfWnIjLAbI=
-41,172,w9q85Q4DEe8Bv3vQQLPPccrpO74=,3PZWfH03mFumirI+gWfWnIjLAbI=
-42,172,w9q85Q4DEe8Bv3vQQLPPccrpO74=,3PZWfH03mFumirI+gWfWnIjLAbI=
-39,172,w9q85Q4DEe8Bv3vQQLPPccrpO74=,3PZWfH03mFumirI+gWfWnIjLAbI=
-38,172,w9q85Q4DEe8Bv3vQQLPPccrpO74=,3PZWfH03mFumirI+gWfWnIjLAbI=
-43,172,w9q85Q4DEe8Bv3vQQLPPccrpO74=,3PZWfH03mFumirI+gWfWnIjLAbI=
-45,172,w9q85Q4DEe8Bv3vQQLPPccrpO74=,3PZWfH03mFumirI+gWfWnIjLAbI=
-46,172,w9q85Q4DEe8Bv3vQQLPPccrpO74=,3PZWfH03mFumirI+gWfWnIjLAbI=
-44,172,w9q85Q4DEe8Bv3vQQLPPccrpO74=,3PZWfH03mFumirI+gWfWnIjLAbI=
-47,172,w9q85Q4DEe8Bv3vQQLPPccrpO74=,3PZWfH03mFumirI+gWfWnIjLAbI=
-48,164,w9q85Q4DEe8Bv3vQQLPPccrpO74=,3PZWfH03mFumirI+gWfWnIjLAbI=
-48,172,w9q85Q4DEe8Bv3vQQLPPccrpO74=,3PZWfH03mFumirI+gWfWnIjLAbI=
-48,161,w9q85Q4DEe8Bv3vQQLPPccrpO74=,3PZWfH03mFumirI+gWfWnIjLAbI=
-47,161,w9q85Q4DEe8Bv3vQQLPPccrpO74=,3PZWfH03mFumirI+gWfWnIjLAbI=
-40,172,w9q85Q4DEe8Bv3vQQLPPccrpO74=,3PZWfH03mFumirI+gWfWnIjLAbI=
-46,160,w9q85Q4DEe8Bv3vQQLPPccrpO74=,3PZWfH03mFumirI+gWfWnIjLAbI=
-33,160,w9q85Q4DEe8Bv3vQQLPPccrpO74=,3PZWfH03mFumirI+gWfWnIjLAbI=
-42,160,w9q85Q4DEe8Bv3vQQLPPccrpO74=,3PZWfH03mFumirI+gWfWnIjLAbI=
-48,163,w9q85Q4DEe8Bv3vQQLPPccrpO74=,3PZWfH03mFumirI+gWfWnIjLAbI=
-33,162,w9q85Q4DEe8Bv3vQQLPPccrpO74=,3PZWfH03mFumirI+gWfWnIjLAbI=
-41,162,w9q85Q4DEe8Bv3vQQLPPccrpO74=,3PZWfH03mFumirI+gWfWnIjLAbI=
-48,162,w9q85Q4DEe8Bv3vQQLPPccrpO74=,3PZWfH03mFumirI+gWfWnIjLAbI=
-34,160,w9q85Q4DEe8Bv3vQQLPPccrpO74=,3PZWfH03mFumirI+gWfWnIjLAbI=
-33,161,w9q85Q4DEe8Bv3vQQLPPccrpO74=,3PZWfH03mFumirI+gWfWnIjLAbI=
-47,164,w9q85Q4DEe8Bv3vQQLPPccrpO74=,3PZWfH03mFumirI+gWfWnIjLAbI=
-34,161,w9q85Q4DEe8Bv3vQQLPPccrpO74=,3PZWfH03mFumirI+gWfWnIjLAbI=
-33,171,w9q85Q4DEe8Bv3vQQLPPccrpO74=,3PZWfH03mFumirI+gWfWnIjLAbI=
-34,171,w9q85Q4DEe8Bv3vQQLPPccrpO74=,3PZWfH03mFumirI+gWfWnIjLAbI=
-46,164,w9q85Q4DEe8Bv3vQQLPPccrpO74=,3PZWfH03mFumirI+gWfWnIjLAbI=
-35,171,w9q85Q4DEe8Bv3vQQLPPccrpO74=,3PZWfH03mFumirI+gWfWnIjLAbI=
-36,171,w9q85Q4DEe8Bv3vQQLPPccrpO74=,3PZWfH03mFumirI+gWfWnIjLAbI=
-37,171,w9q85Q4DEe8Bv3vQQLPPccrpO74=,3PZWfH03mFumirI+gWfWnIjLAbI=
-41,171,w9q85Q4DEe8Bv3vQQLPPccrpO74=,3PZWfH03mFumirI+gWfWnIjLAbI=
-42,171,w9q85Q4DEe8Bv3vQQLPPccrpO74=,3PZWfH03mFumirI+gWfWnIjLAbI=
-43,171,w9q85Q4DEe8Bv3vQQLPPccrpO74=,3PZWfH03mFumirI+gWfWnIjLAbI=
-45,164,w9q85Q4DEe8Bv3vQQLPPccrpO74=,3PZWfH03mFumirI+gWfWnIjLAbI=
-38,171,w9q85Q4DEe8Bv3vQQLPPccrpO74=,3PZWfH03mFumirI+gWfWnIjLAbI=
-45,171,w9q85Q4DEe8Bv3vQQLPPccrpO74=,3PZWfH03mFumirI+gWfWnIjLAbI=
-46,171,w9q85Q4DEe8Bv3vQQLPPccrpO74=,3PZWfH03mFumirI+gWfWnIjLAbI=
-44,171,w9q85Q4DEe8Bv3vQQLPPccrpO74=,3PZWfH03mFumirI+gWfWnIjLAbI=
-44,164,w9q85Q4DEe8Bv3vQQLPPccrpO74=,3PZWfH03mFumirI+gWfWnIjLAbI=
-39,171,w9q85Q4DEe8Bv3vQQLPPccrpO74=,3PZWfH03mFumirI+gWfWnIjLAbI=
-48,171,w9q85Q4DEe8Bv3vQQLPPccrpO74=,3PZWfH03mFumirI+gWfWnIjLAbI=
-47,171,w9q85Q4DEe8Bv3vQQLPPccrpO74=,3PZWfH03mFumirI+gWfWnIjLAbI=
-35,160,w9q85Q4DEe8Bv3vQQLPPccrpO74=,3PZWfH03mFumirI+gWfWnIjLAbI=
-34,162,w9q85Q4DEe8Bv3vQQLPPccrpO74=,3PZWfH03mFumirI+gWfWnIjLAbI=
-40,171,w9q85Q4DEe8Bv3vQQLPPccrpO74=,3PZWfH03mFumirI+gWfWnIjLAbI=
-35,161,w9q85Q4DEe8Bv3vQQLPPccrpO74=,3PZWfH03mFumirI+gWfWnIjLAbI=
-45,160,w9q85Q4DEe8Bv3vQQLPPccrpO74=,3PZWfH03mFumirI+gWfWnIjLAbI=
-33,170,w9q85Q4DEe8Bv3vQQLPPccrpO74=,3PZWfH03mFumirI+gWfWnIjLAbI=
-34,175,w9q85Q4DEe8Bv3vQQLPPccrpO74=,3PZWfH03mFumirI+gWfWnIjLAbI=
-34,170,w9q85Q4DEe8Bv3vQQLPPccrpO74=,3PZWfH03mFumirI+gWfWnIjLAbI=
-35,170,w9q85Q4DEe8Bv3vQQLPPccrpO74=,3PZWfH03mFumirI+gWfWnIjLAbI=
-41,170,w9q85Q4DEe8Bv3vQQLPPccrpO74=,3PZWfH03mFumirI+gWfWnIjLAbI=
-38,170,w9q85Q4DEe8Bv3vQQLPPccrpO74=,3PZWfH03mFumirI+gWfWnIjLAbI=
-42,170,w9q85Q4DEe8Bv3vQQLPPccrpO74=,3PZWfH03mFumirI+gWfWnIjLAbI=
-45,170,w9q85Q4DEe8Bv3vQQLPPccrpO74=,3PZWfH03mFumirI+gWfWnIjLAbI=
-39,170,w9q85Q4DEe8Bv3vQQLPPccrpO74=,3PZWfH03mFumirI+gWfWnIjLAbI=
-43,170,w9q85Q4DEe8Bv3vQQLPPccrpO74=,3PZWfH03mFumirI+gWfWnIjLAbI=
-46,170,w9q85Q4DEe8Bv3vQQLPPccrpO74=,3PZWfH03mFumirI+gWfWnIjLAbI=
-40,170,w9q85Q4DEe8Bv3vQQLPPccrpO74=,3PZWfH03mFumirI+gWfWnIjLAbI=
-37,170,w9q85Q4DEe8Bv3vQQLPPccrpO74=,3PZWfH03mFumirI+gWfWnIjLAbI=
-47,170,w9q85Q4DEe8Bv3vQQLPPccrpO74=,3PZWfH03mFumirI+gWfWnIjLAbI=
-48,170,w9q85Q4DEe8Bv3vQQLPPccrpO74=,3PZWfH03mFumirI+gWfWnIjLAbI=
-35,162,w9q85Q4DEe8Bv3vQQLPPccrpO74=,3PZWfH03mFumirI+gWfWnIjLAbI=
-36,161,w9q85Q4DEe8Bv3vQQLPPccrpO74=,3PZWfH03mFumirI+gWfWnIjLAbI=
-36,160,w9q85Q4DEe8Bv3vQQLPPccrpO74=,3PZWfH03mFumirI+gWfWnIjLAbI=
-36,170,w9q85Q4DEe8Bv3vQQLPPccrpO74=,3PZWfH03mFumirI+gWfWnIjLAbI=
-44,175,w9q85Q4DEe8Bv3vQQLPPccrpO74=,3PZWfH03mFumirI+gWfWnIjLAbI=
-33,175,w9q85Q4DEe8Bv3vQQLPPccrpO74=,3PZWfH03mFumirI+gWfWnIjLAbI=
-41,169,w9q85Q4DEe8Bv3vQQLPPccrpO74=,3PZWfH03mFumirI+gWfWnIjLAbI=
-42,169,w9q85Q4DEe8Bv3vQQLPPccrpO74=,3PZWfH03mFumirI+gWfWnIjLAbI=
-35,169,w9q85Q4DEe8Bv3vQQLPPccrpO74=,3PZWfH03mFumirI+gWfWnIjLAbI=
-43,169,w9q85Q4DEe8Bv3vQQLPPccrpO74=,3PZWfH03mFumirI+gWfWnIjLAbI=
-40,175,w9q85Q4DEe8Bv3vQQLPPccrpO74=,3PZWfH03mFumirI+gWfWnIjLAbI=
-44,169,w9q85Q4DEe8Bv3vQQLPPccrpO74=,3PZWfH03mFumirI+gWfWnIjLAbI=
-45,169,w9q85Q4DEe8Bv3vQQLPPccrpO74=,3PZWfH03mFumirI+gWfWnIjLAbI=
-36,169,w9q85Q4DEe8Bv3vQQLPPccrpO74=,3PZWfH03mFumirI+gWfWnIjLAbI=
-38,169,w9q85Q4DEe8Bv3vQQLPPccrpO74=,3PZWfH03mFumirI+gWfWnIjLAbI=
-47,169,w9q85Q4DEe8Bv3vQQLPPccrpO74=,3PZWfH03mFumirI+gWfWnIjLAbI=
-46,169,w9q85Q4DEe8Bv3vQQLPPccrpO74=,3PZWfH03mFumirI+gWfWnIjLAbI=
-48,169,w9q85Q4DEe8Bv3vQQLPPccrpO74=,3PZWfH03mFumirI+gWfWnIjLAbI=
-39,169,w9q85Q4DEe8Bv3vQQLPPccrpO74=,3PZWfH03mFumirI+gWfWnIjLAbI=
-36,162,w9q85Q4DEe8Bv3vQQLPPccrpO74=,3PZWfH03mFumirI+gWfWnIjLAbI=
-37,160,w9q85Q4DEe8Bv3vQQLPPccrpO74=,3PZWfH03mFumirI+gWfWnIjLAbI=
-37,161,w9q85Q4DEe8Bv3vQQLPPccrpO74=,3PZWfH03mFumirI+gWfWnIjLAbI=
-33,168,w9q85Q4DEe8Bv3vQQLPPccrpO74=,3PZWfH03mFumirI+gWfWnIjLAbI=
-34,168,w9q85Q4DEe8Bv3vQQLPPccrpO74=,3PZWfH03mFumirI+gWfWnIjLAbI=
-35,168,w9q85Q4DEe8Bv3vQQLPPccrpO74=,3PZWfH03mFumirI+gWfWnIjLAbI=
-41,168,w9q85Q4DEe8Bv3vQQLPPccrpO74=,3PZWfH03mFumirI+gWfWnIjLAbI=
-36,168,w9q85Q4DEe8Bv3vQQLPPccrpO74=,3PZWfH03mFumirI+gWfWnIjLAbI=
-37,168,w9q85Q4DEe8Bv3vQQLPPccrpO74=,3PZWfH03mFumirI+gWfWnIjLAbI=
-45,168,w9q85Q4DEe8Bv3vQQLPPccrpO74=,3PZWfH03mFumirI+gWfWnIjLAbI=
-38,168,w9q85Q4DEe8Bv3vQQLPPccrpO74=,3PZWfH03mFumirI+gWfWnIjLAbI=
-39,168,w9q85Q4DEe8Bv3vQQLPPccrpO74=,3PZWfH03mFumirI+gWfWnIjLAbI=
-47,168,w9q85Q4DEe8Bv3vQQLPPccrpO74=,3PZWfH03mFumirI+gWfWnIjLAbI=
-46,168,w9q85Q4DEe8Bv3vQQLPPccrpO74=,3PZWfH03mFumirI+gWfWnIjLAbI=
-37,169,w9q85Q4DEe8Bv3vQQLPPccrpO74=,3PZWfH03mFumirI+gWfWnIjLAbI=
-43,168,w9q85Q4DEe8Bv3vQQLPPccrpO74=,3PZWfH03mFumirI+gWfWnIjLAbI=
-40,169,w9q85Q4DEe8Bv3vQQLPPccrpO74=,3PZWfH03mFumirI+gWfWnIjLAbI=
-40,168,w9q85Q4DEe8Bv3vQQLPPccrpO74=,3PZWfH03mFumirI+gWfWnIjLAbI=
-48,168,w9q85Q4DEe8Bv3vQQLPPccrpO74=,3PZWfH03mFumirI+gWfWnIjLAbI=
-37,162,w9q85Q4DEe8Bv3vQQLPPccrpO74=,3PZWfH03mFumirI+gWfWnIjLAbI=
-38,160,w9q85Q4DEe8Bv3vQQLPPccrpO74=,3PZWfH03mFumirI+gWfWnIjLAbI=
-33,167,w9q85Q4DEe8Bv3vQQLPPccrpO74=,3PZWfH03mFumirI+gWfWnIjLAbI=
-34,167,w9q85Q4DEe8Bv3vQQLPPccrpO74=,3PZWfH03mFumirI+gWfWnIjLAbI=
-38,161,w9q85Q4DEe8Bv3vQQLPPccrpO74=,3PZWfH03mFumirI+gWfWnIjLAbI=
-43,164,w9q85Q4DEe8Bv3vQQLPPccrpO74=,3PZWfH03mFumirI+gWfWnIjLAbI=
-42,168,w9q85Q4DEe8Bv3vQQLPPccrpO74=,3PZWfH03mFumirI+gWfWnIjLAbI=
-35,167,w9q85Q4DEe8Bv3vQQLPPccrpO74=,3PZWfH03mFumirI+gWfWnIjLAbI=
-41,167,w9q85Q4DEe8Bv3vQQLPPccrpO74=,3PZWfH03mFumirI+gWfWnIjLAbI=
-37,167,w9q85Q4DEe8Bv3vQQLPPccrpO74=,3PZWfH03mFumirI+gWfWnIjLAbI=
-36,167,w9q85Q4DEe8Bv3vQQLPPccrpO74=,3PZWfH03mFumirI+gWfWnIjLAbI=
-42,167,w9q85Q4DEe8Bv3vQQLPPccrpO74=,3PZWfH03mFumirI+gWfWnIjLAbI=
-45,167,w9q85Q4DEe8Bv3vQQLPPccrpO74=,3PZWfH03mFumirI+gWfWnIjLAbI=
-34,169,w9q85Q4DEe8Bv3vQQLPPccrpO74=,3PZWfH03mFumirI+gWfWnIjLAbI=
-40,167,w9q85Q4DEe8Bv3vQQLPPccrpO74=,3PZWfH03mFumirI+gWfWnIjLAbI=
-39,167,w9q85Q4DEe8Bv3vQQLPPccrpO74=,3PZWfH03mFumirI+gWfWnIjLAbI=
-33,169,w9q85Q4DEe8Bv3vQQLPPccrpO74=,3PZWfH03mFumirI+gWfWnIjLAbI=
-44,168,w9q85Q4DEe8Bv3vQQLPPccrpO74=,3PZWfH03mFumirI+gWfWnIjLAbI=
-44,167,w9q85Q4DEe8Bv3vQQLPPccrpO74=,3PZWfH03mFumirI+gWfWnIjLAbI=
-38,167,w9q85Q4DEe8Bv3vQQLPPccrpO74=,3PZWfH03mFumirI+gWfWnIjLAbI=
-43,167,w9q85Q4DEe8Bv3vQQLPPccrpO74=,3PZWfH03mFumirI+gWfWnIjLAbI=
-46,167,w9q85Q4DEe8Bv3vQQLPPccrpO74=,3PZWfH03mFumirI+gWfWnIjLAbI=
-47,167,w9q85Q4DEe8Bv3vQQLPPccrpO74=,3PZWfH03mFumirI+gWfWnIjLAbI=
-48,167,w9q85Q4DEe8Bv3vQQLPPccrpO74=,3PZWfH03mFumirI+gWfWnIjLAbI=
-42,164,w9q85Q4DEe8Bv3vQQLPPccrpO74=,3PZWfH03mFumirI+gWfWnIjLAbI=
-33,166,w9q85Q4DEe8Bv3vQQLPPccrpO74=,3PZWfH03mFumirI+gWfWnIjLAbI=
-38,162,w9q85Q4DEe8Bv3vQQLPPccrpO74=,3PZWfH03mFumirI+gWfWnIjLAbI=
-39,161,w9q85Q4DEe8Bv3vQQLPPccrpO74=,3PZWfH03mFumirI+gWfWnIjLAbI=
-39,160,w9q85Q4DEe8Bv3vQQLPPccrpO74=,3PZWfH03mFumirI+gWfWnIjLAbI=
-34,166,w9q85Q4DEe8Bv3vQQLPPccrpO74=,3PZWfH03mFumirI+gWfWnIjLAbI=
-48,160,w9q85Q4DEe8Bv3vQQLPPccrpO74=,3PZWfH03mFumirI+gWfWnIjLAbI=
-41,164,w9q85Q4DEe8Bv3vQQLPPccrpO74=,3PZWfH03mFumirI+gWfWnIjLAbI=
-36,166,w9q85Q4DEe8Bv3vQQLPPccrpO74=,3PZWfH03mFumirI+gWfWnIjLAbI=
-35,166,w9q85Q4DEe8Bv3vQQLPPccrpO74=,3PZWfH03mFumirI+gWfWnIjLAbI=
-44,170,w9q85Q4DEe8Bv3vQQLPPccrpO74=,3PZWfH03mFumirI+gWfWnIjLAbI=
-38,166,w9q85Q4DEe8Bv3vQQLPPccrpO74=,3PZWfH03mFumirI+gWfWnIjLAbI=
-37,166,w9q85Q4DEe8Bv3vQQLPPccrpO74=,3PZWfH03mFumirI+gWfWnIjLAbI=
-39,166,w9q85Q4DEe8Bv3vQQLPPccrpO74=,3PZWfH03mFumirI+gWfWnIjLAbI=
-42,166,w9q85Q4DEe8Bv3vQQLPPccrpO74=,3PZWfH03mFumirI+gWfWnIjLAbI=
-45,166,w9q85Q4DEe8Bv3vQQLPPccrpO74=,3PZWfH03mFumirI+gWfWnIjLAbI=
-41,166,w9q85Q4DEe8Bv3vQQLPPccrpO74=,3PZWfH03mFumirI+gWfWnIjLAbI=
-44,166,w9q85Q4DEe8Bv3vQQLPPccrpO74=,3PZWfH03mFumirI+gWfWnIjLAbI=
-47,166,w9q85Q4DEe8Bv3vQQLPPccrpO74=,3PZWfH03mFumirI+gWfWnIjLAbI=
-40,166,w9q85Q4DEe8Bv3vQQLPPccrpO74=,3PZWfH03mFumirI+gWfWnIjLAbI=
-40,164,w9q85Q4DEe8Bv3vQQLPPccrpO74=,3PZWfH03mFumirI+gWfWnIjLAbI=
-48,166,w9q85Q4DEe8Bv3vQQLPPccrpO74=,3PZWfH03mFumirI+gWfWnIjLAbI=
-43,166,w9q85Q4DEe8Bv3vQQLPPccrpO74=,3PZWfH03mFumirI+gWfWnIjLAbI=
-40,160,w9q85Q4DEe8Bv3vQQLPPccrpO74=,3PZWfH03mFumirI+gWfWnIjLAbI=
-46,166,w9q85Q4DEe8Bv3vQQLPPccrpO74=,3PZWfH03mFumirI+gWfWnIjLAbI=
-33,165,w9q85Q4DEe8Bv3vQQLPPccrpO74=,3PZWfH03mFumirI+gWfWnIjLAbI=
-39,164,w9q85Q4DEe8Bv3vQQLPPccrpO74=,3PZWfH03mFumirI+gWfWnIjLAbI=
-40,161,w9q85Q4DEe8Bv3vQQLPPccrpO74=,3PZWfH03mFumirI+gWfWnIjLAbI=
-39,162,w9q85Q4DEe8Bv3vQQLPPccrpO74=,3PZWfH03mFumirI+gWfWnIjLAbI=
-35,165,w9q85Q4DEe8Bv3vQQLPPccrpO74=,3PZWfH03mFumirI+gWfWnIjLAbI=
-34,165,w9q85Q4DEe8Bv3vQQLPPccrpO74=,3PZWfH03mFumirI+gWfWnIjLAbI=
-36,165,w9q85Q4DEe8Bv3vQQLPPccrpO74=,3PZWfH03mFumirI+gWfWnIjLAbI=
-37,165,w9q85Q4DEe8Bv3vQQLPPccrpO74=,3PZWfH03mFumirI+gWfWnIjLAbI=
-38,164,w9q85Q4DEe8Bv3vQQLPPccrpO74=,3PZWfH03mFumirI+gWfWnIjLAbI=
-41,165,w9q85Q4DEe8Bv3vQQLPPccrpO74=,3PZWfH03mFumirI+gWfWnIjLAbI=
-40,165,w9q85Q4DEe8Bv3vQQLPPccrpO74=,3PZWfH03mFumirI+gWfWnIjLAbI=
-39,165,w9q85Q4DEe8Bv3vQQLPPccrpO74=,3PZWfH03mFumirI+gWfWnIjLAbI=
-38,165,w9q85Q4DEe8Bv3vQQLPPccrpO74=,3PZWfH03mFumirI+gWfWnIjLAbI=
-42,165,w9q85Q4DEe8Bv3vQQLPPccrpO74=,3PZWfH03mFumirI+gWfWnIjLAbI=
-45,165,w9q85Q4DEe8Bv3vQQLPPccrpO74=,3PZWfH03mFumirI+gWfWnIjLAbI=
-48,165,w9q85Q4DEe8Bv3vQQLPPccrpO74=,3PZWfH03mFumirI+gWfWnIjLAbI=
-44,165,w9q85Q4DEe8Bv3vQQLPPccrpO74=,3PZWfH03mFumirI+gWfWnIjLAbI=
-41,160,w9q85Q4DEe8Bv3vQQLPPccrpO74=,3PZWfH03mFumirI+gWfWnIjLAbI=
-37,164,w9q85Q4DEe8Bv3vQQLPPccrpO74=,3PZWfH03mFumirI+gWfWnIjLAbI=
-47,165,w9q85Q4DEe8Bv3vQQLPPccrpO74=,3PZWfH03mFumirI+gWfWnIjLAbI=
-46,165,w9q85Q4DEe8Bv3vQQLPPccrpO74=,3PZWfH03mFumirI+gWfWnIjLAbI=
-43,165,w9q85Q4DEe8Bv3vQQLPPccrpO74=,3PZWfH03mFumirI+gWfWnIjLAbI=
-41,161,w9q85Q4DEe8Bv3vQQLPPccrpO74=,3PZWfH03mFumirI+gWfWnIjLAbI=
-33,164,w9q85Q4DEe8Bv3vQQLPPccrpO74=,3PZWfH03mFumirI+gWfWnIjLAbI=
-36,164,w9q85Q4DEe8Bv3vQQLPPccrpO74=,3PZWfH03mFumirI+gWfWnIjLAbI=
-40,162,w9q85Q4DEe8Bv3vQQLPPccrpO74=,3PZWfH03mFumirI+gWfWnIjLAbI=
-34,164,w9q85Q4DEe8Bv3vQQLPPccrpO74=,3PZWfH03mFumirI+gWfWnIjLAbI=
-35,164,w9q85Q4DEe8Bv3vQQLPPccrpO74=,3PZWfH03mFumirI+gWfWnIjLAbI=
