83,-13,yO7jOFZp17wsjMnEFvWA96NjYE0=,NOe3rcCgDjE8FJvg5Ml6b2M68tA=
84,-15,1mdGQPpuSI151juoHvo2iyFECLc=,NOe3rcCgDjE8FJvg5Ml6b2M68tA=
81,-16,BYnYIyGVAcJlqT0i/iBeLyAMOKU=,NOe3rcCgDjE8FJvg5Ml6b2M68tA=
82,-13,BYnYIyGVAcJlqT0i/iBeLyAMOKU=,NOe3rcCgDjE8FJvg5Ml6b2M68tA=
85,-15,BYnYIyGVAcJlqT0i/iBeLyAMOKU=,NOe3rcCgDjE8FJvg5Ml6b2M68tA=
87,-13,wVHisMBU1bc3PTTJloz7TISTfMg=,NOe3rcCgDjE8FJvg5Ml6b2M68tA=
86,-13,wVHisMBU1bc3PTTJloz7TISTfMg=,NOe3rcCgDjE8FJvg5Ml6b2M68tA=
84,-13,N/7RtZPr5GNYYPttNOIxozM0P5o=,NOe3rcCgDjE8FJvg5Ml6b2M68tA=
86,-14,N/7RtZPr5GNYYPttNOIxozM0P5o=,NOe3rcCgDjE8FJvg5Ml6b2M68tA=
85,-16,N/7RtZPr5GNYYPttNOIxozM0P5o=,NOe3rcCgDjE8FJvg5Ml6b2M68tA=
88,-13,Vd98WvAn4m4Vp54jEC/ucgtBjUk=,NOe3rcCgDjE8FJvg5Ml6b2M68tA=
95,-1,viX//gZFtBo1/xIGOF2C752ss3k=,NOe3rcCgDjE8FJvg5Ml6b2M68tA=
84,-14,viX//gZFtBo1/xIGOF2C752ss3k=,NOe3rcCgDjE8FJvg5Ml6b2M68tA=
85,-14,viX//gZFtBo1/xIGOF2C752ss3k=,NOe3rcCgDjE8FJvg5Ml6b2M68tA=
83,-16,viX//gZFtBo1/xIGOF2C752ss3k=,NOe3rcCgDjE8FJvg5Ml6b2M68tA=
85,-13,viX//gZFtBo1/xIGOF2C752ss3k=,NOe3rcCgDjE8FJvg5Ml6b2M68tA=
93,-1,viX//gZFtBo1/xIGOF2C752ss3k=,NOe3rcCgDjE8FJvg5Ml6b2M68tA=
94,-1,viX//gZFtBo1/xIGOF2C752ss3k=,NOe3rcCgDjE8FJvg5Ml6b2M68tA=
87,-1,viX//gZFtBo1/xIGOF2C752ss3k=,NOe3rcCgDjE8FJvg5Ml6b2M68tA=
91,-1,viX//gZFtBo1/xIGOF2C752ss3k=,NOe3rcCgDjE8FJvg5Ml6b2M68tA=
86,-1,viX//gZFtBo1/xIGOF2C752ss3k=,NOe3rcCgDjE8FJvg5Ml6b2M68tA=
88,-1,viX//gZFtBo1/xIGOF2C752ss3k=,NOe3rcCgDjE8FJvg5Ml6b2M68tA=
84,-1,viX//gZFtBo1/xIGOF2C752ss3k=,NOe3rcCgDjE8FJvg5Ml6b2M68tA=
83,-1,viX//gZFtBo1/xIGOF2C752ss3k=,NOe3rcCgDjE8FJvg5Ml6b2M68tA=
85,-1,viX//gZFtBo1/xIGOF2C752ss3k=,NOe3rcCgDjE8FJvg5Ml6b2M68tA=
84,-16,viX//gZFtBo1/xIGOF2C752ss3k=,NOe3rcCgDjE8FJvg5Ml6b2M68tA=
89,-1,viX//gZFtBo1/xIGOF2C752ss3k=,NOe3rcCgDjE8FJvg5Ml6b2M68tA=
81,-13,viX//gZFtBo1/xIGOF2C752ss3k=,NOe3rcCgDjE8FJvg5Ml6b2M68tA=
82,-1,viX//gZFtBo1/xIGOF2C752ss3k=,NOe3rcCgDjE8FJvg5Ml6b2M68tA=
81,-1,viX//gZFtBo1/xIGOF2C752ss3k=,NOe3rcCgDjE8FJvg5Ml6b2M68tA=
80,-1,viX//gZFtBo1/xIGOF2C752ss3k=,NOe3rcCgDjE8FJvg5Ml6b2M68tA=
93,-2,viX//gZFtBo1/xIGOF2C752ss3k=,NOe3rcCgDjE8FJvg5Ml6b2M68tA=
95,-2,viX//gZFtBo1/xIGOF2C752ss3k=,NOe3rcCgDjE8FJvg5Ml6b2M68tA=
92,-2,viX//gZFtBo1/xIGOF2C752ss3k=,NOe3rcCgDjE8FJvg5Ml6b2M68tA=
94,-2,viX//gZFtBo1/xIGOF2C752ss3k=,NOe3rcCgDjE8FJvg5Ml6b2M68tA=
91,-2,viX//gZFtBo1/xIGOF2C752ss3k=,NOe3rcCgDjE8FJvg5Ml6b2M68tA=
92,-1,viX//gZFtBo1/xIGOF2C752ss3k=,NOe3rcCgDjE8FJvg5Ml6b2M68tA=
90,-2,viX//gZFtBo1/xIGOF2C752ss3k=,NOe3rcCgDjE8FJvg5Ml6b2M68tA=
86,-2,viX//gZFtBo1/xIGOF2C752ss3k=,NOe3rcCgDjE8FJvg5Ml6b2M68tA=
89,-13,viX//gZFtBo1/xIGOF2C752ss3k=,NOe3rcCgDjE8FJvg5Ml6b2M68tA=
83,-14,viX//gZFtBo1/xIGOF2C752ss3k=,NOe3rcCgDjE8FJvg5Ml6b2M68tA=
83,-15,viX//gZFtBo1/xIGOF2C752ss3k=,NOe3rcCgDjE8FJvg5Ml6b2M68tA=
82,-14,viX//gZFtBo1/xIGOF2C752ss3k=,NOe3rcCgDjE8FJvg5Ml6b2M68tA=
84,-2,viX//gZFtBo1/xIGOF2C752ss3k=,NOe3rcCgDjE8FJvg5Ml6b2M68tA=
80,-2,viX//gZFtBo1/xIGOF2C752ss3k=,NOe3rcCgDjE8FJvg5Ml6b2M68tA=
87,-2,viX//gZFtBo1/xIGOF2C752ss3k=,NOe3rcCgDjE8FJvg5Ml6b2M68tA=
83,-2,viX//gZFtBo1/xIGOF2C752ss3k=,NOe3rcCgDjE8FJvg5Ml6b2M68tA=
81,-2,viX//gZFtBo1/xIGOF2C752ss3k=,NOe3rcCgDjE8FJvg5Ml6b2M68tA=
91,-3,viX//gZFtBo1/xIGOF2C752ss3k=,NOe3rcCgDjE8FJvg5Ml6b2M68tA=
92,-3,viX//gZFtBo1/xIGOF2C752ss3k=,NOe3rcCgDjE8FJvg5Ml6b2M68tA=
93,-3,viX//gZFtBo1/xIGOF2C752ss3k=,NOe3rcCgDjE8FJvg5Ml6b2M68tA=
94,-3,viX//gZFtBo1/xIGOF2C752ss3k=,NOe3rcCgDjE8FJvg5Ml6b2M68tA=
90,-3,viX//gZFtBo1/xIGOF2C752ss3k=,NOe3rcCgDjE8FJvg5Ml6b2M68tA=
82,-2,viX//gZFtBo1/xIGOF2C752ss3k=,NOe3rcCgDjE8FJvg5Ml6b2M68tA=
85,-2,viX//gZFtBo1/xIGOF2C752ss3k=,NOe3rcCgDjE8FJvg5Ml6b2M68tA=
87,-3,viX//gZFtBo1/xIGOF2C752ss3k=,NOe3rcCgDjE8FJvg5Ml6b2M68tA=
86,-3,viX//gZFtBo1/xIGOF2C752ss3k=,NOe3rcCgDjE8FJvg5Ml6b2M68tA=
85,-3,viX//gZFtBo1/xIGOF2C752ss3k=,NOe3rcCgDjE8FJvg5Ml6b2M68tA=
88,-3,viX//gZFtBo1/xIGOF2C752ss3k=,NOe3rcCgDjE8FJvg5Ml6b2M68tA=
90,-1,viX//gZFtBo1/xIGOF2C752ss3k=,NOe3rcCgDjE8FJvg5Ml6b2M68tA=
84,-3,viX//gZFtBo1/xIGOF2C752ss3k=,NOe3rcCgDjE8FJvg5Ml6b2M68tA=
83,-3,viX//gZFtBo1/xIGOF2C752ss3k=,NOe3rcCgDjE8FJvg5Ml6b2M68tA=
81,-3,viX//gZFtBo1/xIGOF2C752ss3k=,NOe3rcCgDjE8FJvg5Ml6b2M68tA=
82,-15,viX//gZFtBo1/xIGOF2C752ss3k=,NOe3rcCgDjE8FJvg5Ml6b2M68tA=
89,-2,viX//gZFtBo1/xIGOF2C752ss3k=,NOe3rcCgDjE8FJvg5Ml6b2M68tA=
80,-3,viX//gZFtBo1/xIGOF2C752ss3k=,NOe3rcCgDjE8FJvg5Ml6b2M68tA=
81,-14,viX//gZFtBo1/xIGOF2C752ss3k=,NOe3rcCgDjE8FJvg5Ml6b2M68tA=
88,-2,viX//gZFtBo1/xIGOF2C752ss3k=,NOe3rcCgDjE8FJvg5Ml6b2M68tA=
93,-4,viX//gZFtBo1/xIGOF2C752ss3k=,NOe3rcCgDjE8FJvg5Ml6b2M68tA=
91,-4,viX//gZFtBo1/xIGOF2C752ss3k=,NOe3rcCgDjE8FJvg5Ml6b2M68tA=
92,-4,viX//gZFtBo1/xIGOF2C752ss3k=,NOe3rcCgDjE8FJvg5Ml6b2M68tA=
94,-4,viX//gZFtBo1/xIGOF2C752ss3k=,NOe3rcCgDjE8FJvg5Ml6b2M68tA=
89,-3,viX//gZFtBo1/xIGOF2C752ss3k=,NOe3rcCgDjE8FJvg5Ml6b2M68tA=
90,-4,viX//gZFtBo1/xIGOF2C752ss3k=,NOe3rcCgDjE8FJvg5Ml6b2M68tA=
95,-4,viX//gZFtBo1/xIGOF2C752ss3k=,NOe3rcCgDjE8FJvg5Ml6b2M68tA=
87,-4,viX//gZFtBo1/xIGOF2C752ss3k=,NOe3rcCgDjE8FJvg5Ml6b2M68tA=
88,-4,viX//gZFtBo1/xIGOF2C752ss3k=,NOe3rcCgDjE8FJvg5Ml6b2M68tA=
85,-4,viX//gZFtBo1/xIGOF2C752ss3k=,NOe3rcCgDjE8FJvg5Ml6b2M68tA=
84,-4,viX//gZFtBo1/xIGOF2C752ss3k=,NOe3rcCgDjE8FJvg5Ml6b2M68tA=
82,-3,viX//gZFtBo1/xIGOF2C752ss3k=,NOe3rcCgDjE8FJvg5Ml6b2M68tA=
86,-4,viX//gZFtBo1/xIGOF2C752ss3k=,NOe3rcCgDjE8FJvg5Ml6b2M68tA=
89,-4,viX//gZFtBo1/xIGOF2C752ss3k=,NOe3rcCgDjE8FJvg5Ml6b2M68tA=
95,-3,viX//gZFtBo1/xIGOF2C752ss3k=,NOe3rcCgDjE8FJvg5Ml6b2M68tA=
83,-4,viX//gZFtBo1/xIGOF2C752ss3k=,NOe3rcCgDjE8FJvg5Ml6b2M68tA=
82,-4,viX//gZFtBo1/xIGOF2C752ss3k=,NOe3rcCgDjE8FJvg5Ml6b2M68tA=
90,-13,viX//gZFtBo1/xIGOF2C752ss3k=,NOe3rcCgDjE8FJvg5Ml6b2M68tA=
80,-15,viX//gZFtBo1/xIGOF2C752ss3k=,NOe3rcCgDjE8FJvg5Ml6b2M68tA=
82,-16,viX//gZFtBo1/xIGOF2C752ss3k=,NOe3rcCgDjE8FJvg5Ml6b2M68tA=
81,-15,viX//gZFtBo1/xIGOF2C752ss3k=,NOe3rcCgDjE8FJvg5Ml6b2M68tA=
80,-13,viX//gZFtBo1/xIGOF2C752ss3k=,NOe3rcCgDjE8FJvg5Ml6b2M68tA=
80,-4,viX//gZFtBo1/xIGOF2C752ss3k=,NOe3rcCgDjE8FJvg5Ml6b2M68tA=
81,-4,viX//gZFtBo1/xIGOF2C752ss3k=,NOe3rcCgDjE8FJvg5Ml6b2M68tA=
80,-14,viX//gZFtBo1/xIGOF2C752ss3k=,NOe3rcCgDjE8FJvg5Ml6b2M68tA=
95,-16,viX//gZFtBo1/xIGOF2C752ss3k=,NOe3rcCgDjE8FJvg5Ml6b2M68tA=
95,-5,viX//gZFtBo1/xIGOF2C752ss3k=,NOe3rcCgDjE8FJvg5Ml6b2M68tA=
94,-16,viX//gZFtBo1/xIGOF2C752ss3k=,NOe3rcCgDjE8FJvg5Ml6b2M68tA=
95,-15,viX//gZFtBo1/xIGOF2C752ss3k=,NOe3rcCgDjE8FJvg5Ml6b2M68tA=
94,-15,viX//gZFtBo1/xIGOF2C752ss3k=,NOe3rcCgDjE8FJvg5Ml6b2M68tA=
93,-5,viX//gZFtBo1/xIGOF2C752ss3k=,NOe3rcCgDjE8FJvg5Ml6b2M68tA=
92,-5,viX//gZFtBo1/xIGOF2C752ss3k=,NOe3rcCgDjE8FJvg5Ml6b2M68tA=
91,-5,viX//gZFtBo1/xIGOF2C752ss3k=,NOe3rcCgDjE8FJvg5Ml6b2M68tA=
91,-13,viX//gZFtBo1/xIGOF2C752ss3k=,NOe3rcCgDjE8FJvg5Ml6b2M68tA=
86,-5,viX//gZFtBo1/xIGOF2C752ss3k=,NOe3rcCgDjE8FJvg5Ml6b2M68tA=
85,-5,viX//gZFtBo1/xIGOF2C752ss3k=,NOe3rcCgDjE8FJvg5Ml6b2M68tA=
89,-5,viX//gZFtBo1/xIGOF2C752ss3k=,NOe3rcCgDjE8FJvg5Ml6b2M68tA=
88,-5,viX//gZFtBo1/xIGOF2C752ss3k=,NOe3rcCgDjE8FJvg5Ml6b2M68tA=
83,-5,viX//gZFtBo1/xIGOF2C752ss3k=,NOe3rcCgDjE8FJvg5Ml6b2M68tA=
84,-5,viX//gZFtBo1/xIGOF2C752ss3k=,NOe3rcCgDjE8FJvg5Ml6b2M68tA=
90,-5,viX//gZFtBo1/xIGOF2C752ss3k=,NOe3rcCgDjE8FJvg5Ml6b2M68tA=
82,-5,viX//gZFtBo1/xIGOF2C752ss3k=,NOe3rcCgDjE8FJvg5Ml6b2M68tA=
95,-14,viX//gZFtBo1/xIGOF2C752ss3k=,NOe3rcCgDjE8FJvg5Ml6b2M68tA=
95,-6,viX//gZFtBo1/xIGOF2C752ss3k=,NOe3rcCgDjE8FJvg5Ml6b2M68tA=
92,-6,viX//gZFtBo1/xIGOF2C752ss3k=,NOe3rcCgDjE8FJvg5Ml6b2M68tA=
92,-13,viX//gZFtBo1/xIGOF2C752ss3k=,NOe3rcCgDjE8FJvg5Ml6b2M68tA=
93,-6,viX//gZFtBo1/xIGOF2C752ss3k=,NOe3rcCgDjE8FJvg5Ml6b2M68tA=
94,-5,viX//gZFtBo1/xIGOF2C752ss3k=,NOe3rcCgDjE8FJvg5Ml6b2M68tA=
94,-6,viX//gZFtBo1/xIGOF2C752ss3k=,NOe3rcCgDjE8FJvg5Ml6b2M68tA=
90,-6,viX//gZFtBo1/xIGOF2C752ss3k=,NOe3rcCgDjE8FJvg5Ml6b2M68tA=
87,-5,viX//gZFtBo1/xIGOF2C752ss3k=,NOe3rcCgDjE8FJvg5Ml6b2M68tA=
88,-6,viX//gZFtBo1/xIGOF2C752ss3k=,NOe3rcCgDjE8FJvg5Ml6b2M68tA=
86,-6,viX//gZFtBo1/xIGOF2C752ss3k=,NOe3rcCgDjE8FJvg5Ml6b2M68tA=
91,-6,viX//gZFtBo1/xIGOF2C752ss3k=,NOe3rcCgDjE8FJvg5Ml6b2M68tA=
87,-6,viX//gZFtBo1/xIGOF2C752ss3k=,NOe3rcCgDjE8FJvg5Ml6b2M68tA=
93,-13,viX//gZFtBo1/xIGOF2C752ss3k=,NOe3rcCgDjE8FJvg5Ml6b2M68tA=
83,-6,viX//gZFtBo1/xIGOF2C752ss3k=,NOe3rcCgDjE8FJvg5Ml6b2M68tA=
82,-6,viX//gZFtBo1/xIGOF2C752ss3k=,NOe3rcCgDjE8FJvg5Ml6b2M68tA=
84,-6,viX//gZFtBo1/xIGOF2C752ss3k=,NOe3rcCgDjE8FJvg5Ml6b2M68tA=
85,-6,viX//gZFtBo1/xIGOF2C752ss3k=,NOe3rcCgDjE8FJvg5Ml6b2M68tA=
81,-5,viX//gZFtBo1/xIGOF2C752ss3k=,NOe3rcCgDjE8FJvg5Ml6b2M68tA=
81,-6,viX//gZFtBo1/xIGOF2C752ss3k=,NOe3rcCgDjE8FJvg5Ml6b2M68tA=
93,-15,viX//gZFtBo1/xIGOF2C752ss3k=,NOe3rcCgDjE8FJvg5Ml6b2M68tA=
80,-5,viX//gZFtBo1/xIGOF2C752ss3k=,NOe3rcCgDjE8FJvg5Ml6b2M68tA=
94,-13,viX//gZFtBo1/xIGOF2C752ss3k=,NOe3rcCgDjE8FJvg5Ml6b2M68tA=
92,-16,viX//gZFtBo1/xIGOF2C752ss3k=,NOe3rcCgDjE8FJvg5Ml6b2M68tA=
95,-7,viX//gZFtBo1/xIGOF2C752ss3k=,NOe3rcCgDjE8FJvg5Ml6b2M68tA=
94,-14,viX//gZFtBo1/xIGOF2C752ss3k=,NOe3rcCgDjE8FJvg5Ml6b2M68tA=
89,-6,viX//gZFtBo1/xIGOF2C752ss3k=,NOe3rcCgDjE8FJvg5Ml6b2M68tA=
80,-6,viX//gZFtBo1/xIGOF2C752ss3k=,NOe3rcCgDjE8FJvg5Ml6b2M68tA=
94,-7,viX//gZFtBo1/xIGOF2C752ss3k=,NOe3rcCgDjE8FJvg5Ml6b2M68tA=
93,-16,viX//gZFtBo1/xIGOF2C752ss3k=,NOe3rcCgDjE8FJvg5Ml6b2M68tA=
92,-15,viX//gZFtBo1/xIGOF2C752ss3k=,NOe3rcCgDjE8FJvg5Ml6b2M68tA=
93,-7,viX//gZFtBo1/xIGOF2C752ss3k=,NOe3rcCgDjE8FJvg5Ml6b2M68tA=
92,-7,viX//gZFtBo1/xIGOF2C752ss3k=,NOe3rcCgDjE8FJvg5Ml6b2M68tA=
93,-14,viX//gZFtBo1/xIGOF2C752ss3k=,NOe3rcCgDjE8FJvg5Ml6b2M68tA=
86,-16,viX//gZFtBo1/xIGOF2C752ss3k=,NOe3rcCgDjE8FJvg5Ml6b2M68tA=
86,-15,viX//gZFtBo1/xIGOF2C752ss3k=,NOe3rcCgDjE8FJvg5Ml6b2M68tA=
80,-12,viX//gZFtBo1/xIGOF2C752ss3k=,NOe3rcCgDjE8FJvg5Ml6b2M68tA=
81,-12,viX//gZFtBo1/xIGOF2C752ss3k=,NOe3rcCgDjE8FJvg5Ml6b2M68tA=
83,-12,viX//gZFtBo1/xIGOF2C752ss3k=,NOe3rcCgDjE8FJvg5Ml6b2M68tA=
95,-13,viX//gZFtBo1/xIGOF2C752ss3k=,NOe3rcCgDjE8FJvg5Ml6b2M68tA=
82,-12,viX//gZFtBo1/xIGOF2C752ss3k=,NOe3rcCgDjE8FJvg5Ml6b2M68tA=
87,-14,viX//gZFtBo1/xIGOF2C752ss3k=,NOe3rcCgDjE8FJvg5Ml6b2M68tA=
84,-12,viX//gZFtBo1/xIGOF2C752ss3k=,NOe3rcCgDjE8FJvg5Ml6b2M68tA=
85,-12,viX//gZFtBo1/xIGOF2C752ss3k=,NOe3rcCgDjE8FJvg5Ml6b2M68tA=
80,-16,viX//gZFtBo1/xIGOF2C752ss3k=,NOe3rcCgDjE8FJvg5Ml6b2M68tA=
86,-12,viX//gZFtBo1/xIGOF2C752ss3k=,NOe3rcCgDjE8FJvg5Ml6b2M68tA=
87,-12,viX//gZFtBo1/xIGOF2C752ss3k=,NOe3rcCgDjE8FJvg5Ml6b2M68tA=
88,-12,viX//gZFtBo1/xIGOF2C752ss3k=,NOe3rcCgDjE8FJvg5Ml6b2M68tA=
89,-12,viX//gZFtBo1/xIGOF2C752ss3k=,NOe3rcCgDjE8FJvg5Ml6b2M68tA=
91,-12,viX//gZFtBo1/xIGOF2C752ss3k=,NOe3rcCgDjE8FJvg5Ml6b2M68tA=
92,-12,viX//gZFtBo1/xIGOF2C752ss3k=,NOe3rcCgDjE8FJvg5Ml6b2M68tA=
90,-12,viX//gZFtBo1/xIGOF2C752ss3k=,NOe3rcCgDjE8FJvg5Ml6b2M68tA=
93,-12,viX//gZFtBo1/xIGOF2C752ss3k=,NOe3rcCgDjE8FJvg5Ml6b2M68tA=
80,-11,viX//gZFtBo1/xIGOF2C752ss3k=,NOe3rcCgDjE8FJvg5Ml6b2M68tA=
87,-16,viX//gZFtBo1/xIGOF2C752ss3k=,NOe3rcCgDjE8FJvg5Ml6b2M68tA=
88,-14,viX//gZFtBo1/xIGOF2C752ss3k=,NOe3rcCgDjE8FJvg5Ml6b2M68tA=
94,-12,viX//gZFtBo1/xIGOF2C752ss3k=,NOe3rcCgDjE8FJvg5Ml6b2M68tA=
95,-12,viX//gZFtBo1/xIGOF2C752ss3k=,NOe3rcCgDjE8FJvg5Ml6b2M68tA=
81,-11,viX//gZFtBo1/xIGOF2C752ss3k=,NOe3rcCgDjE8FJvg5Ml6b2M68tA=
83,-11,viX//gZFtBo1/xIGOF2C752ss3k=,NOe3rcCgDjE8FJvg5Ml6b2M68tA=
87,-15,viX//gZFtBo1/xIGOF2C752ss3k=,NOe3rcCgDjE8FJvg5Ml6b2M68tA=
82,-11,viX//gZFtBo1/xIGOF2C752ss3k=,NOe3rcCgDjE8FJvg5Ml6b2M68tA=
85,-11,viX//gZFtBo1/xIGOF2C752ss3k=,NOe3rcCgDjE8FJvg5Ml6b2M68tA=
84,-11,viX//gZFtBo1/xIGOF2C752ss3k=,NOe3rcCgDjE8FJvg5Ml6b2M68tA=
88,-11,viX//gZFtBo1/xIGOF2C752ss3k=,NOe3rcCgDjE8FJvg5Ml6b2M68tA=
87,-11,viX//gZFtBo1/xIGOF2C752ss3k=,NOe3rcCgDjE8FJvg5Ml6b2M68tA=
86,-11,viX//gZFtBo1/xIGOF2C752ss3k=,NOe3rcCgDjE8FJvg5Ml6b2M68tA=
90,-11,viX//gZFtBo1/xIGOF2C752ss3k=,NOe3rcCgDjE8FJvg5Ml6b2M68tA=
93,-11,viX//gZFtBo1/xIGOF2C752ss3k=,NOe3rcCgDjE8FJvg5Ml6b2M68tA=
91,-11,viX//gZFtBo1/xIGOF2C752ss3k=,NOe3rcCgDjE8FJvg5Ml6b2M68tA=
94,-11,viX//gZFtBo1/xIGOF2C752ss3k=,NOe3rcCgDjE8FJvg5Ml6b2M68tA=
92,-11,viX//gZFtBo1/xIGOF2C752ss3k=,NOe3rcCgDjE8FJvg5Ml6b2M68tA=
95,-11,viX//gZFtBo1/xIGOF2C752ss3k=,NOe3rcCgDjE8FJvg5Ml6b2M68tA=
82,-10,viX//gZFtBo1/xIGOF2C752ss3k=,NOe3rcCgDjE8FJvg5Ml6b2M68tA=
80,-10,viX//gZFtBo1/xIGOF2C752ss3k=,NOe3rcCgDjE8FJvg5Ml6b2M68tA=
81,-10,viX//gZFtBo1/xIGOF2C752ss3k=,NOe3rcCgDjE8FJvg5Ml6b2M68tA=
88,-15,viX//gZFtBo1/xIGOF2C752ss3k=,NOe3rcCgDjE8FJvg5Ml6b2M68tA=
83,-10,viX//gZFtBo1/xIGOF2C752ss3k=,NOe3rcCgDjE8FJvg5Ml6b2M68tA=
85,-10,viX//gZFtBo1/xIGOF2C752ss3k=,NOe3rcCgDjE8FJvg5Ml6b2M68tA=
84,-10,viX//gZFtBo1/xIGOF2C752ss3k=,NOe3rcCgDjE8FJvg5Ml6b2M68tA=
88,-16,viX//gZFtBo1/xIGOF2C752ss3k=,NOe3rcCgDjE8FJvg5Ml6b2M68tA=
89,-11,viX//gZFtBo1/xIGOF2C752ss3k=,NOe3rcCgDjE8FJvg5Ml6b2M68tA=
88,-10,viX//gZFtBo1/xIGOF2C752ss3k=,NOe3rcCgDjE8FJvg5Ml6b2M68tA=
89,-14,viX//gZFtBo1/xIGOF2C752ss3k=,NOe3rcCgDjE8FJvg5Ml6b2M68tA=
92,-10,viX//gZFtBo1/xIGOF2C752ss3k=,NOe3rcCgDjE8FJvg5Ml6b2M68tA=
87,-10,viX//gZFtBo1/xIGOF2C752ss3k=,NOe3rcCgDjE8FJvg5Ml6b2M68tA=
93,-10,viX//gZFtBo1/xIGOF2C752ss3k=,NOe3rcCgDjE8FJvg5Ml6b2M68tA=
86,-10,viX//gZFtBo1/xIGOF2C752ss3k=,NOe3rcCgDjE8FJvg5Ml6b2M68tA=
90,-10,viX//gZFtBo1/xIGOF2C752ss3k=,NOe3rcCgDjE8FJvg5Ml6b2M68tA=
94,-10,viX//gZFtBo1/xIGOF2C752ss3k=,NOe3rcCgDjE8FJvg5Ml6b2M68tA=
89,-15,viX//gZFtBo1/xIGOF2C752ss3k=,NOe3rcCgDjE8FJvg5Ml6b2M68tA=
81,-9,viX//gZFtBo1/xIGOF2C752ss3k=,NOe3rcCgDjE8FJvg5Ml6b2M68tA=
91,-10,viX//gZFtBo1/xIGOF2C752ss3k=,NOe3rcCgDjE8FJvg5Ml6b2M68tA=
82,-9,viX//gZFtBo1/xIGOF2C752ss3k=,NOe3rcCgDjE8FJvg5Ml6b2M68tA=
80,-9,viX//gZFtBo1/xIGOF2C752ss3k=,NOe3rcCgDjE8FJvg5Ml6b2M68tA=
83,-9,viX//gZFtBo1/xIGOF2C752ss3k=,NOe3rcCgDjE8FJvg5Ml6b2M68tA=
95,-10,viX//gZFtBo1/xIGOF2C752ss3k=,NOe3rcCgDjE8FJvg5Ml6b2M68tA=
84,-9,viX//gZFtBo1/xIGOF2C752ss3k=,NOe3rcCgDjE8FJvg5Ml6b2M68tA=
89,-16,viX//gZFtBo1/xIGOF2C752ss3k=,NOe3rcCgDjE8FJvg5Ml6b2M68tA=
85,-9,viX//gZFtBo1/xIGOF2C752ss3k=,NOe3rcCgDjE8FJvg5Ml6b2M68tA=
86,-9,viX//gZFtBo1/xIGOF2C752ss3k=,NOe3rcCgDjE8FJvg5Ml6b2M68tA=
88,-9,viX//gZFtBo1/xIGOF2C752ss3k=,NOe3rcCgDjE8FJvg5Ml6b2M68tA=
91,-9,viX//gZFtBo1/xIGOF2C752ss3k=,NOe3rcCgDjE8FJvg5Ml6b2M68tA=
90,-9,viX//gZFtBo1/xIGOF2C752ss3k=,NOe3rcCgDjE8FJvg5Ml6b2M68tA=
93,-9,viX//gZFtBo1/xIGOF2C752ss3k=,NOe3rcCgDjE8FJvg5Ml6b2M68tA=
94,-9,viX//gZFtBo1/xIGOF2C752ss3k=,NOe3rcCgDjE8FJvg5Ml6b2M68tA=
95,-9,viX//gZFtBo1/xIGOF2C752ss3k=,NOe3rcCgDjE8FJvg5Ml6b2M68tA=
90,-16,viX//gZFtBo1/xIGOF2C752ss3k=,NOe3rcCgDjE8FJvg5Ml6b2M68tA=
90,-14,viX//gZFtBo1/xIGOF2C752ss3k=,NOe3rcCgDjE8FJvg5Ml6b2M68tA=
84,-8,viX//gZFtBo1/xIGOF2C752ss3k=,NOe3rcCgDjE8FJvg5Ml6b2M68tA=
85,-8,viX//gZFtBo1/xIGOF2C752ss3k=,NOe3rcCgDjE8FJvg5Ml6b2M68tA=
89,-10,viX//gZFtBo1/xIGOF2C752ss3k=,NOe3rcCgDjE8FJvg5Ml6b2M68tA=
86,-8,viX//gZFtBo1/xIGOF2C752ss3k=,NOe3rcCgDjE8FJvg5Ml6b2M68tA=
81,-8,viX//gZFtBo1/xIGOF2C752ss3k=,NOe3rcCgDjE8FJvg5Ml6b2M68tA=
92,-9,viX//gZFtBo1/xIGOF2C752ss3k=,NOe3rcCgDjE8FJvg5Ml6b2M68tA=
91,-14,viX//gZFtBo1/xIGOF2C752ss3k=,NOe3rcCgDjE8FJvg5Ml6b2M68tA=
82,-8,viX//gZFtBo1/xIGOF2C752ss3k=,NOe3rcCgDjE8FJvg5Ml6b2M68tA=
80,-8,viX//gZFtBo1/xIGOF2C752ss3k=,NOe3rcCgDjE8FJvg5Ml6b2M68tA=
89,-9,viX//gZFtBo1/xIGOF2C752ss3k=,NOe3rcCgDjE8FJvg5Ml6b2M68tA=
87,-9,viX//gZFtBo1/xIGOF2C752ss3k=,NOe3rcCgDjE8FJvg5Ml6b2M68tA=
90,-15,viX//gZFtBo1/xIGOF2C752ss3k=,NOe3rcCgDjE8FJvg5Ml6b2M68tA=
87,-8,viX//gZFtBo1/xIGOF2C752ss3k=,NOe3rcCgDjE8FJvg5Ml6b2M68tA=
91,-8,viX//gZFtBo1/xIGOF2C752ss3k=,NOe3rcCgDjE8FJvg5Ml6b2M68tA=
92,-8,viX//gZFtBo1/xIGOF2C752ss3k=,NOe3rcCgDjE8FJvg5Ml6b2M68tA=
90,-8,viX//gZFtBo1/xIGOF2C752ss3k=,NOe3rcCgDjE8FJvg5Ml6b2M68tA=
93,-8,viX//gZFtBo1/xIGOF2C752ss3k=,NOe3rcCgDjE8FJvg5Ml6b2M68tA=
94,-8,viX//gZFtBo1/xIGOF2C752ss3k=,NOe3rcCgDjE8FJvg5Ml6b2M68tA=
83,-8,viX//gZFtBo1/xIGOF2C752ss3k=,NOe3rcCgDjE8FJvg5Ml6b2M68tA=
95,-8,viX//gZFtBo1/xIGOF2C752ss3k=,NOe3rcCgDjE8FJvg5Ml6b2M68tA=
89,-8,viX//gZFtBo1/xIGOF2C752ss3k=,NOe3rcCgDjE8FJvg5Ml6b2M68tA=
80,-7,viX//gZFtBo1/xIGOF2C752ss3k=,NOe3rcCgDjE8FJvg5Ml6b2M68tA=
88,-8,viX//gZFtBo1/xIGOF2C752ss3k=,NOe3rcCgDjE8FJvg5Ml6b2M68tA=
91,-15,viX//gZFtBo1/xIGOF2C752ss3k=,NOe3rcCgDjE8FJvg5Ml6b2M68tA=
83,-7,viX//gZFtBo1/xIGOF2C752ss3k=,NOe3rcCgDjE8FJvg5Ml6b2M68tA=
91,-16,viX//gZFtBo1/xIGOF2C752ss3k=,NOe3rcCgDjE8FJvg5Ml6b2M68tA=
85,-7,viX//gZFtBo1/xIGOF2C752ss3k=,NOe3rcCgDjE8FJvg5Ml6b2M68tA=
81,-7,viX//gZFtBo1/xIGOF2C752ss3k=,NOe3rcCgDjE8FJvg5Ml6b2M68tA=
87,-7,viX//gZFtBo1/xIGOF2C752ss3k=,NOe3rcCgDjE8FJvg5Ml6b2M68tA=
84,-7,viX//gZFtBo1/xIGOF2C752ss3k=,NOe3rcCgDjE8FJvg5Ml6b2M68tA=
89,-7,viX//gZFtBo1/xIGOF2C752ss3k=,NOe3rcCgDjE8FJvg5Ml6b2M68tA=
90,-7,viX//gZFtBo1/xIGOF2C752ss3k=,NOe3rcCgDjE8FJvg5Ml6b2M68tA=
88,-7,viX//gZFtBo1/xIGOF2C752ss3k=,NOe3rcCgDjE8FJvg5Ml6b2M68tA=
82,-7,viX//gZFtBo1/xIGOF2C752ss3k=,NOe3rcCgDjE8FJvg5Ml6b2M68tA=
86,-7,viX//gZFtBo1/xIGOF2C752ss3k=,NOe3rcCgDjE8FJvg5Ml6b2M68tA=
91,-7,viX//gZFtBo1/xIGOF2C752ss3k=,NOe3rcCgDjE8FJvg5Ml6b2M68tA=
92,-14,viX//gZFtBo1/xIGOF2C752ss3k=,NOe3rcCgDjE8FJvg5Ml6b2M68tA=
84,-29,inaoA57zdHVBr3RyXQRa2LrNEdI=,/51l8n4IEoqH/jMR4ysAO0FGGdM=
87,-29,inaoA57zdHVBr3RyXQRa2LrNEdI=,/51l8n4IEoqH/jMR4ysAO0FGGdM=
84,-31,Ppr/takiBKqCM7Y3bu94RQDgrtE=,/51l8n4IEoqH/jMR4ysAO0FGGdM=
83,-29,Ppr/takiBKqCM7Y3bu94RQDgrtE=,/51l8n4IEoqH/jMR4ysAO0FGGdM=
81,-32,lfWXski3ZItsX0wvnue59OHpnPc=,/51l8n4IEoqH/jMR4ysAO0FGGdM=
85,-31,5qW5Ve0P6xB+ggAiMZFjr0pUfM8=,/51l8n4IEoqH/jMR4ysAO0FGGdM=
82,-29,5qW5Ve0P6xB+ggAiMZFjr0pUfM8=,/51l8n4IEoqH/jMR4ysAO0FGGdM=
84,-30,5qW5Ve0P6xB+ggAiMZFjr0pUfM8=,/51l8n4IEoqH/jMR4ysAO0FGGdM=
86,-29,5qW5Ve0P6xB+ggAiMZFjr0pUfM8=,/51l8n4IEoqH/jMR4ysAO0FGGdM=
83,-32,5qW5Ve0P6xB+ggAiMZFjr0pUfM8=,/51l8n4IEoqH/jMR4ysAO0FGGdM=
85,-32,5qW5Ve0P6xB+ggAiMZFjr0pUfM8=,/51l8n4IEoqH/jMR4ysAO0FGGdM=
94,-17,5qW5Ve0P6xB+ggAiMZFjr0pUfM8=,/51l8n4IEoqH/jMR4ysAO0FGGdM=
85,-30,5qW5Ve0P6xB+ggAiMZFjr0pUfM8=,/51l8n4IEoqH/jMR4ysAO0FGGdM=
88,-29,5qW5Ve0P6xB+ggAiMZFjr0pUfM8=,/51l8n4IEoqH/jMR4ysAO0FGGdM=
95,-17,5qW5Ve0P6xB+ggAiMZFjr0pUfM8=,/51l8n4IEoqH/jMR4ysAO0FGGdM=
85,-29,5qW5Ve0P6xB+ggAiMZFjr0pUfM8=,/51l8n4IEoqH/jMR4ysAO0FGGdM=
92,-17,5qW5Ve0P6xB+ggAiMZFjr0pUfM8=,/51l8n4IEoqH/jMR4ysAO0FGGdM=
93,-17,5qW5Ve0P6xB+ggAiMZFjr0pUfM8=,/51l8n4IEoqH/jMR4ysAO0FGGdM=
86,-30,5qW5Ve0P6xB+ggAiMZFjr0pUfM8=,/51l8n4IEoqH/jMR4ysAO0FGGdM=
90,-17,5qW5Ve0P6xB+ggAiMZFjr0pUfM8=,/51l8n4IEoqH/jMR4ysAO0FGGdM=
87,-17,5qW5Ve0P6xB+ggAiMZFjr0pUfM8=,/51l8n4IEoqH/jMR4ysAO0FGGdM=
88,-17,5qW5Ve0P6xB+ggAiMZFjr0pUfM8=,/51l8n4IEoqH/jMR4ysAO0FGGdM=
91,-17,5qW5Ve0P6xB+ggAiMZFjr0pUfM8=,/51l8n4IEoqH/jMR4ysAO0FGGdM=
85,-17,5qW5Ve0P6xB+ggAiMZFjr0pUfM8=,/51l8n4IEoqH/jMR4ysAO0FGGdM=
89,-17,5qW5Ve0P6xB+ggAiMZFjr0pUfM8=,/51l8n4IEoqH/jMR4ysAO0FGGdM=
81,-17,5qW5Ve0P6xB+ggAiMZFjr0pUfM8=,/51l8n4IEoqH/jMR4ysAO0FGGdM=
80,-17,5qW5Ve0P6xB+ggAiMZFjr0pUfM8=,/51l8n4IEoqH/jMR4ysAO0FGGdM=
82,-17,5qW5Ve0P6xB+ggAiMZFjr0pUfM8=,/51l8n4IEoqH/jMR4ysAO0FGGdM=
86,-17,5qW5Ve0P6xB+ggAiMZFjr0pUfM8=,/51l8n4IEoqH/jMR4ysAO0FGGdM=
81,-29,5qW5Ve0P6xB+ggAiMZFjr0pUfM8=,/51l8n4IEoqH/jMR4ysAO0FGGdM=
84,-32,5qW5Ve0P6xB+ggAiMZFjr0pUfM8=,/51l8n4IEoqH/jMR4ysAO0FGGdM=
84,-17,5qW5Ve0P6xB+ggAiMZFjr0pUfM8=,/51l8n4IEoqH/jMR4ysAO0FGGdM=
83,-17,5qW5Ve0P6xB+ggAiMZFjr0pUfM8=,/51l8n4IEoqH/jMR4ysAO0FGGdM=
93,-18,5qW5Ve0P6xB+ggAiMZFjr0pUfM8=,/51l8n4IEoqH/jMR4ysAO0FGGdM=
95,-18,5qW5Ve0P6xB+ggAiMZFjr0pUfM8=,/51l8n4IEoqH/jMR4ysAO0FGGdM=
85,-18,5qW5Ve0P6xB+ggAiMZFjr0pUfM8=,/51l8n4IEoqH/jMR4ysAO0FGGdM=
84,-18,5qW5Ve0P6xB+ggAiMZFjr0pUfM8=,/51l8n4IEoqH/jMR4ysAO0FGGdM=
83,-18,5qW5Ve0P6xB+ggAiMZFjr0pUfM8=,/51l8n4IEoqH/jMR4ysAO0FGGdM=
82,-18,5qW5Ve0P6xB+ggAiMZFjr0pUfM8=,/51l8n4IEoqH/jMR4ysAO0FGGdM=
87,-18,5qW5Ve0P6xB+ggAiMZFjr0pUfM8=,/51l8n4IEoqH/jMR4ysAO0FGGdM=
88,-18,5qW5Ve0P6xB+ggAiMZFjr0pUfM8=,/51l8n4IEoqH/jMR4ysAO0FGGdM=
82,-30,5qW5Ve0P6xB+ggAiMZFjr0pUfM8=,/51l8n4IEoqH/jMR4ysAO0FGGdM=
83,-31,5qW5Ve0P6xB+ggAiMZFjr0pUfM8=,/51l8n4IEoqH/jMR4ysAO0FGGdM=
81,-18,5qW5Ve0P6xB+ggAiMZFjr0pUfM8=,/51l8n4IEoqH/jMR4ysAO0FGGdM=
94,-19,5qW5Ve0P6xB+ggAiMZFjr0pUfM8=,/51l8n4IEoqH/jMR4ysAO0FGGdM=
95,-19,5qW5Ve0P6xB+ggAiMZFjr0pUfM8=,/51l8n4IEoqH/jMR4ysAO0FGGdM=
86,-18,5qW5Ve0P6xB+ggAiMZFjr0pUfM8=,/51l8n4IEoqH/jMR4ysAO0FGGdM=
89,-29,5qW5Ve0P6xB+ggAiMZFjr0pUfM8=,/51l8n4IEoqH/jMR4ysAO0FGGdM=
92,-19,5qW5Ve0P6xB+ggAiMZFjr0pUfM8=,/51l8n4IEoqH/jMR4ysAO0FGGdM=
89,-18,5qW5Ve0P6xB+ggAiMZFjr0pUfM8=,/51l8n4IEoqH/jMR4ysAO0FGGdM=
88,-19,5qW5Ve0P6xB+ggAiMZFjr0pUfM8=,/51l8n4IEoqH/jMR4ysAO0FGGdM=
89,-19,5qW5Ve0P6xB+ggAiMZFjr0pUfM8=,/51l8n4IEoqH/jMR4ysAO0FGGdM=
91,-19,5qW5Ve0P6xB+ggAiMZFjr0pUfM8=,/51l8n4IEoqH/jMR4ysAO0FGGdM=
90,-18,5qW5Ve0P6xB+ggAiMZFjr0pUfM8=,/51l8n4IEoqH/jMR4ysAO0FGGdM=
94,-18,5qW5Ve0P6xB+ggAiMZFjr0pUfM8=,/51l8n4IEoqH/jMR4ysAO0FGGdM=
90,-19,5qW5Ve0P6xB+ggAiMZFjr0pUfM8=,/51l8n4IEoqH/jMR4ysAO0FGGdM=
87,-19,5qW5Ve0P6xB+ggAiMZFjr0pUfM8=,/51l8n4IEoqH/jMR4ysAO0FGGdM=
85,-19,5qW5Ve0P6xB+ggAiMZFjr0pUfM8=,/51l8n4IEoqH/jMR4ysAO0FGGdM=
86,-19,5qW5Ve0P6xB+ggAiMZFjr0pUfM8=,/51l8n4IEoqH/jMR4ysAO0FGGdM=
82,-31,5qW5Ve0P6xB+ggAiMZFjr0pUfM8=,/51l8n4IEoqH/jMR4ysAO0FGGdM=
81,-30,5qW5Ve0P6xB+ggAiMZFjr0pUfM8=,/51l8n4IEoqH/jMR4ysAO0FGGdM=
83,-19,5qW5Ve0P6xB+ggAiMZFjr0pUfM8=,/51l8n4IEoqH/jMR4ysAO0FGGdM=
84,-19,5qW5Ve0P6xB+ggAiMZFjr0pUfM8=,/51l8n4IEoqH/jMR4ysAO0FGGdM=
82,-19,5qW5Ve0P6xB+ggAiMZFjr0pUfM8=,/51l8n4IEoqH/jMR4ysAO0FGGdM=
95,-20,5qW5Ve0P6xB+ggAiMZFjr0pUfM8=,/51l8n4IEoqH/jMR4ysAO0FGGdM=
94,-20,5qW5Ve0P6xB+ggAiMZFjr0pUfM8=,/51l8n4IEoqH/jMR4ysAO0FGGdM=
93,-20,5qW5Ve0P6xB+ggAiMZFjr0pUfM8=,/51l8n4IEoqH/jMR4ysAO0FGGdM=
80,-19,5qW5Ve0P6xB+ggAiMZFjr0pUfM8=,/51l8n4IEoqH/jMR4ysAO0FGGdM=
91,-20,5qW5Ve0P6xB+ggAiMZFjr0pUfM8=,/51l8n4IEoqH/jMR4ysAO0FGGdM=
90,-20,5qW5Ve0P6xB+ggAiMZFjr0pUfM8=,/51l8n4IEoqH/jMR4ysAO0FGGdM=
92,-20,5qW5Ve0P6xB+ggAiMZFjr0pUfM8=,/51l8n4IEoqH/jMR4ysAO0FGGdM=
88,-20,5qW5Ve0P6xB+ggAiMZFjr0pUfM8=,/51l8n4IEoqH/jMR4ysAO0FGGdM=
89,-20,5qW5Ve0P6xB+ggAiMZFjr0pUfM8=,/51l8n4IEoqH/jMR4ysAO0FGGdM=
86,-20,5qW5Ve0P6xB+ggAiMZFjr0pUfM8=,/51l8n4IEoqH/jMR4ysAO0FGGdM=
84,-20,5qW5Ve0P6xB+ggAiMZFjr0pUfM8=,/51l8n4IEoqH/jMR4ysAO0FGGdM=
87,-20,5qW5Ve0P6xB+ggAiMZFjr0pUfM8=,/51l8n4IEoqH/jMR4ysAO0FGGdM=
85,-20,5qW5Ve0P6xB+ggAiMZFjr0pUfM8=,/51l8n4IEoqH/jMR4ysAO0FGGdM=
81,-31,5qW5Ve0P6xB+ggAiMZFjr0pUfM8=,/51l8n4IEoqH/jMR4ysAO0FGGdM=
82,-20,5qW5Ve0P6xB+ggAiMZFjr0pUfM8=,/51l8n4IEoqH/jMR4ysAO0FGGdM=
80,-18,5qW5Ve0P6xB+ggAiMZFjr0pUfM8=,/51l8n4IEoqH/jMR4ysAO0FGGdM=
83,-20,5qW5Ve0P6xB+ggAiMZFjr0pUfM8=,/51l8n4IEoqH/jMR4ysAO0FGGdM=
80,-31,5qW5Ve0P6xB+ggAiMZFjr0pUfM8=,/51l8n4IEoqH/jMR4ysAO0FGGdM=
82,-32,5qW5Ve0P6xB+ggAiMZFjr0pUfM8=,/51l8n4IEoqH/jMR4ysAO0FGGdM=
81,-20,5qW5Ve0P6xB+ggAiMZFjr0pUfM8=,/51l8n4IEoqH/jMR4ysAO0FGGdM=
94,-32,5qW5Ve0P6xB+ggAiMZFjr0pUfM8=,/51l8n4IEoqH/jMR4ysAO0FGGdM=
95,-31,5qW5Ve0P6xB+ggAiMZFjr0pUfM8=,/51l8n4IEoqH/jMR4ysAO0FGGdM=
94,-31,5qW5Ve0P6xB+ggAiMZFjr0pUfM8=,/51l8n4IEoqH/jMR4ysAO0FGGdM=
83,-30,5qW5Ve0P6xB+ggAiMZFjr0pUfM8=,/51l8n4IEoqH/jMR4ysAO0FGGdM=
80,-29,5qW5Ve0P6xB+ggAiMZFjr0pUfM8=,/51l8n4IEoqH/jMR4ysAO0FGGdM=
80,-30,5qW5Ve0P6xB+ggAiMZFjr0pUfM8=,/51l8n4IEoqH/jMR4ysAO0FGGdM=
95,-21,5qW5Ve0P6xB+ggAiMZFjr0pUfM8=,/51l8n4IEoqH/jMR4ysAO0FGGdM=
80,-20,5qW5Ve0P6xB+ggAiMZFjr0pUfM8=,/51l8n4IEoqH/jMR4ysAO0FGGdM=
91,-18,5qW5Ve0P6xB+ggAiMZFjr0pUfM8=,/51l8n4IEoqH/jMR4ysAO0FGGdM=
93,-19,5qW5Ve0P6xB+ggAiMZFjr0pUfM8=,/51l8n4IEoqH/jMR4ysAO0FGGdM=
95,-30,5qW5Ve0P6xB+ggAiMZFjr0pUfM8=,/51l8n4IEoqH/jMR4ysAO0FGGdM=
92,-18,5qW5Ve0P6xB+ggAiMZFjr0pUfM8=,/51l8n4IEoqH/jMR4ysAO0FGGdM=
87,-21,5qW5Ve0P6xB+ggAiMZFjr0pUfM8=,/51l8n4IEoqH/jMR4ysAO0FGGdM=
90,-21,5qW5Ve0P6xB+ggAiMZFjr0pUfM8=,/51l8n4IEoqH/jMR4ysAO0FGGdM=
85,-21,5qW5Ve0P6xB+ggAiMZFjr0pUfM8=,/51l8n4IEoqH/jMR4ysAO0FGGdM=
86,-21,5qW5Ve0P6xB+ggAiMZFjr0pUfM8=,/51l8n4IEoqH/jMR4ysAO0FGGdM=
81,-19,5qW5Ve0P6xB+ggAiMZFjr0pUfM8=,/51l8n4IEoqH/jMR4ysAO0FGGdM=
84,-21,5qW5Ve0P6xB+ggAiMZFjr0pUfM8=,/51l8n4IEoqH/jMR4ysAO0FGGdM=
91,-21,5qW5Ve0P6xB+ggAiMZFjr0pUfM8=,/51l8n4IEoqH/jMR4ysAO0FGGdM=
94,-30,5qW5Ve0P6xB+ggAiMZFjr0pUfM8=,/51l8n4IEoqH/jMR4ysAO0FGGdM=
93,-32,5qW5Ve0P6xB+ggAiMZFjr0pUfM8=,/51l8n4IEoqH/jMR4ysAO0FGGdM=
83,-21,5qW5Ve0P6xB+ggAiMZFjr0pUfM8=,/51l8n4IEoqH/jMR4ysAO0FGGdM=
90,-29,5qW5Ve0P6xB+ggAiMZFjr0pUfM8=,/51l8n4IEoqH/jMR4ysAO0FGGdM=
82,-21,5qW5Ve0P6xB+ggAiMZFjr0pUfM8=,/51l8n4IEoqH/jMR4ysAO0FGGdM=
81,-21,5qW5Ve0P6xB+ggAiMZFjr0pUfM8=,/51l8n4IEoqH/jMR4ysAO0FGGdM=
95,-22,5qW5Ve0P6xB+ggAiMZFjr0pUfM8=,/51l8n4IEoqH/jMR4ysAO0FGGdM=
94,-21,5qW5Ve0P6xB+ggAiMZFjr0pUfM8=,/51l8n4IEoqH/jMR4ysAO0FGGdM=
93,-21,5qW5Ve0P6xB+ggAiMZFjr0pUfM8=,/51l8n4IEoqH/jMR4ysAO0FGGdM=
94,-22,5qW5Ve0P6xB+ggAiMZFjr0pUfM8=,/51l8n4IEoqH/jMR4ysAO0FGGdM=
80,-21,5qW5Ve0P6xB+ggAiMZFjr0pUfM8=,/51l8n4IEoqH/jMR4ysAO0FGGdM=
93,-31,5qW5Ve0P6xB+ggAiMZFjr0pUfM8=,/51l8n4IEoqH/jMR4ysAO0FGGdM=
89,-21,5qW5Ve0P6xB+ggAiMZFjr0pUfM8=,/51l8n4IEoqH/jMR4ysAO0FGGdM=
92,-29,5qW5Ve0P6xB+ggAiMZFjr0pUfM8=,/51l8n4IEoqH/jMR4ysAO0FGGdM=
92,-21,5qW5Ve0P6xB+ggAiMZFjr0pUfM8=,/51l8n4IEoqH/jMR4ysAO0FGGdM=
91,-29,5qW5Ve0P6xB+ggAiMZFjr0pUfM8=,/51l8n4IEoqH/jMR4ysAO0FGGdM=
93,-29,5qW5Ve0P6xB+ggAiMZFjr0pUfM8=,/51l8n4IEoqH/jMR4ysAO0FGGdM=
95,-32,5qW5Ve0P6xB+ggAiMZFjr0pUfM8=,/51l8n4IEoqH/jMR4ysAO0FGGdM=
88,-21,5qW5Ve0P6xB+ggAiMZFjr0pUfM8=,/51l8n4IEoqH/jMR4ysAO0FGGdM=
86,-32,5qW5Ve0P6xB+ggAiMZFjr0pUfM8=,/51l8n4IEoqH/jMR4ysAO0FGGdM=
86,-31,5qW5Ve0P6xB+ggAiMZFjr0pUfM8=,/51l8n4IEoqH/jMR4ysAO0FGGdM=
80,-28,5qW5Ve0P6xB+ggAiMZFjr0pUfM8=,/51l8n4IEoqH/jMR4ysAO0FGGdM=
81,-28,5qW5Ve0P6xB+ggAiMZFjr0pUfM8=,/51l8n4IEoqH/jMR4ysAO0FGGdM=
83,-28,5qW5Ve0P6xB+ggAiMZFjr0pUfM8=,/51l8n4IEoqH/jMR4ysAO0FGGdM=
85,-28,5qW5Ve0P6xB+ggAiMZFjr0pUfM8=,/51l8n4IEoqH/jMR4ysAO0FGGdM=
94,-29,5qW5Ve0P6xB+ggAiMZFjr0pUfM8=,/51l8n4IEoqH/jMR4ysAO0FGGdM=
82,-28,5qW5Ve0P6xB+ggAiMZFjr0pUfM8=,/51l8n4IEoqH/jMR4ysAO0FGGdM=
87,-30,5qW5Ve0P6xB+ggAiMZFjr0pUfM8=,/51l8n4IEoqH/jMR4ysAO0FGGdM=
84,-28,5qW5Ve0P6xB+ggAiMZFjr0pUfM8=,/51l8n4IEoqH/jMR4ysAO0FGGdM=
86,-28,5qW5Ve0P6xB+ggAiMZFjr0pUfM8=,/51l8n4IEoqH/jMR4ysAO0FGGdM=
87,-28,5qW5Ve0P6xB+ggAiMZFjr0pUfM8=,/51l8n4IEoqH/jMR4ysAO0FGGdM=
90,-28,5qW5Ve0P6xB+ggAiMZFjr0pUfM8=,/51l8n4IEoqH/jMR4ysAO0FGGdM=
80,-32,5qW5Ve0P6xB+ggAiMZFjr0pUfM8=,/51l8n4IEoqH/jMR4ysAO0FGGdM=
95,-29,5qW5Ve0P6xB+ggAiMZFjr0pUfM8=,/51l8n4IEoqH/jMR4ysAO0FGGdM=
91,-28,5qW5Ve0P6xB+ggAiMZFjr0pUfM8=,/51l8n4IEoqH/jMR4ysAO0FGGdM=
89,-28,5qW5Ve0P6xB+ggAiMZFjr0pUfM8=,/51l8n4IEoqH/jMR4ysAO0FGGdM=
93,-28,5qW5Ve0P6xB+ggAiMZFjr0pUfM8=,/51l8n4IEoqH/jMR4ysAO0FGGdM=
92,-28,5qW5Ve0P6xB+ggAiMZFjr0pUfM8=,/51l8n4IEoqH/jMR4ysAO0FGGdM=
94,-28,5qW5Ve0P6xB+ggAiMZFjr0pUfM8=,/51l8n4IEoqH/jMR4ysAO0FGGdM=
95,-28,5qW5Ve0P6xB+ggAiMZFjr0pUfM8=,/51l8n4IEoqH/jMR4ysAO0FGGdM=
80,-27,5qW5Ve0P6xB+ggAiMZFjr0pUfM8=,/51l8n4IEoqH/jMR4ysAO0FGGdM=
87,-31,5qW5Ve0P6xB+ggAiMZFjr0pUfM8=,/51l8n4IEoqH/jMR4ysAO0FGGdM=
87,-32,5qW5Ve0P6xB+ggAiMZFjr0pUfM8=,/51l8n4IEoqH/jMR4ysAO0FGGdM=
83,-27,5qW5Ve0P6xB+ggAiMZFjr0pUfM8=,/51l8n4IEoqH/jMR4ysAO0FGGdM=
81,-27,5qW5Ve0P6xB+ggAiMZFjr0pUfM8=,/51l8n4IEoqH/jMR4ysAO0FGGdM=
82,-27,5qW5Ve0P6xB+ggAiMZFjr0pUfM8=,/51l8n4IEoqH/jMR4ysAO0FGGdM=
88,-30,5qW5Ve0P6xB+ggAiMZFjr0pUfM8=,/51l8n4IEoqH/jMR4ysAO0FGGdM=
87,-27,5qW5Ve0P6xB+ggAiMZFjr0pUfM8=,/51l8n4IEoqH/jMR4ysAO0FGGdM=
88,-28,5qW5Ve0P6xB+ggAiMZFjr0pUfM8=,/51l8n4IEoqH/jMR4ysAO0FGGdM=
84,-27,5qW5Ve0P6xB+ggAiMZFjr0pUfM8=,/51l8n4IEoqH/jMR4ysAO0FGGdM=
89,-27,5qW5Ve0P6xB+ggAiMZFjr0pUfM8=,/51l8n4IEoqH/jMR4ysAO0FGGdM=
85,-27,5qW5Ve0P6xB+ggAiMZFjr0pUfM8=,/51l8n4IEoqH/jMR4ysAO0FGGdM=
86,-27,5qW5Ve0P6xB+ggAiMZFjr0pUfM8=,/51l8n4IEoqH/jMR4ysAO0FGGdM=
91,-27,5qW5Ve0P6xB+ggAiMZFjr0pUfM8=,/51l8n4IEoqH/jMR4ysAO0FGGdM=
88,-27,5qW5Ve0P6xB+ggAiMZFjr0pUfM8=,/51l8n4IEoqH/jMR4ysAO0FGGdM=
90,-27,5qW5Ve0P6xB+ggAiMZFjr0pUfM8=,/51l8n4IEoqH/jMR4ysAO0FGGdM=
92,-27,5qW5Ve0P6xB+ggAiMZFjr0pUfM8=,/51l8n4IEoqH/jMR4ysAO0FGGdM=
95,-27,5qW5Ve0P6xB+ggAiMZFjr0pUfM8=,/51l8n4IEoqH/jMR4ysAO0FGGdM=
93,-27,5qW5Ve0P6xB+ggAiMZFjr0pUfM8=,/51l8n4IEoqH/jMR4ysAO0FGGdM=
80,-26,5qW5Ve0P6xB+ggAiMZFjr0pUfM8=,/51l8n4IEoqH/jMR4ysAO0FGGdM=
94,-27,5qW5Ve0P6xB+ggAiMZFjr0pUfM8=,/51l8n4IEoqH/jMR4ysAO0FGGdM=
89,-30,5qW5Ve0P6xB+ggAiMZFjr0pUfM8=,/51l8n4IEoqH/jMR4ysAO0FGGdM=
81,-26,5qW5Ve0P6xB+ggAiMZFjr0pUfM8=,/51l8n4IEoqH/jMR4ysAO0FGGdM=
83,-26,5qW5Ve0P6xB+ggAiMZFjr0pUfM8=,/51l8n4IEoqH/jMR4ysAO0FGGdM=
82,-26,5qW5Ve0P6xB+ggAiMZFjr0pUfM8=,/51l8n4IEoqH/jMR4ysAO0FGGdM=
88,-32,5qW5Ve0P6xB+ggAiMZFjr0pUfM8=,/51l8n4IEoqH/jMR4ysAO0FGGdM=
87,-26,5qW5Ve0P6xB+ggAiMZFjr0pUfM8=,/51l8n4IEoqH/jMR4ysAO0FGGdM=
88,-26,5qW5Ve0P6xB+ggAiMZFjr0pUfM8=,/51l8n4IEoqH/jMR4ysAO0FGGdM=
84,-26,5qW5Ve0P6xB+ggAiMZFjr0pUfM8=,/51l8n4IEoqH/jMR4ysAO0FGGdM=
90,-26,5qW5Ve0P6xB+ggAiMZFjr0pUfM8=,/51l8n4IEoqH/jMR4ysAO0FGGdM=
89,-26,5qW5Ve0P6xB+ggAiMZFjr0pUfM8=,/51l8n4IEoqH/jMR4ysAO0FGGdM=
86,-26,5qW5Ve0P6xB+ggAiMZFjr0pUfM8=,/51l8n4IEoqH/jMR4ysAO0FGGdM=
85,-26,5qW5Ve0P6xB+ggAiMZFjr0pUfM8=,/51l8n4IEoqH/jMR4ysAO0FGGdM=
91,-26,5qW5Ve0P6xB+ggAiMZFjr0pUfM8=,/51l8n4IEoqH/jMR4ysAO0FGGdM=
93,-26,5qW5Ve0P6xB+ggAiMZFjr0pUfM8=,/51l8n4IEoqH/jMR4ysAO0FGGdM=
92,-26,5qW5Ve0P6xB+ggAiMZFjr0pUfM8=,/51l8n4IEoqH/jMR4ysAO0FGGdM=
88,-31,5qW5Ve0P6xB+ggAiMZFjr0pUfM8=,/51l8n4IEoqH/jMR4ysAO0FGGdM=
95,-26,5qW5Ve0P6xB+ggAiMZFjr0pUfM8=,/51l8n4IEoqH/jMR4ysAO0FGGdM=
89,-31,5qW5Ve0P6xB+ggAiMZFjr0pUfM8=,/51l8n4IEoqH/jMR4ysAO0FGGdM=
94,-26,5qW5Ve0P6xB+ggAiMZFjr0pUfM8=,/51l8n4IEoqH/jMR4ysAO0FGGdM=
80,-25,5qW5Ve0P6xB+ggAiMZFjr0pUfM8=,/51l8n4IEoqH/jMR4ysAO0FGGdM=
89,-32,5qW5Ve0P6xB+ggAiMZFjr0pUfM8=,/51l8n4IEoqH/jMR4ysAO0FGGdM=
90,-30,5qW5Ve0P6xB+ggAiMZFjr0pUfM8=,/51l8n4IEoqH/jMR4ysAO0FGGdM=
81,-25,5qW5Ve0P6xB+ggAiMZFjr0pUfM8=,/51l8n4IEoqH/jMR4ysAO0FGGdM=
86,-25,5qW5Ve0P6xB+ggAiMZFjr0pUfM8=,/51l8n4IEoqH/jMR4ysAO0FGGdM=
82,-25,5qW5Ve0P6xB+ggAiMZFjr0pUfM8=,/51l8n4IEoqH/jMR4ysAO0FGGdM=
87,-25,5qW5Ve0P6xB+ggAiMZFjr0pUfM8=,/51l8n4IEoqH/jMR4ysAO0FGGdM=
88,-25,5qW5Ve0P6xB+ggAiMZFjr0pUfM8=,/51l8n4IEoqH/jMR4ysAO0FGGdM=
84,-25,5qW5Ve0P6xB+ggAiMZFjr0pUfM8=,/51l8n4IEoqH/jMR4ysAO0FGGdM=
89,-25,5qW5Ve0P6xB+ggAiMZFjr0pUfM8=,/51l8n4IEoqH/jMR4ysAO0FGGdM=
83,-25,5qW5Ve0P6xB+ggAiMZFjr0pUfM8=,/51l8n4IEoqH/jMR4ysAO0FGGdM=
85,-25,5qW5Ve0P6xB+ggAiMZFjr0pUfM8=,/51l8n4IEoqH/jMR4ysAO0FGGdM=
90,-25,5qW5Ve0P6xB+ggAiMZFjr0pUfM8=,/51l8n4IEoqH/jMR4ysAO0FGGdM=
91,-25,5qW5Ve0P6xB+ggAiMZFjr0pUfM8=,/51l8n4IEoqH/jMR4ysAO0FGGdM=
93,-25,5qW5Ve0P6xB+ggAiMZFjr0pUfM8=,/51l8n4IEoqH/jMR4ysAO0FGGdM=
92,-25,5qW5Ve0P6xB+ggAiMZFjr0pUfM8=,/51l8n4IEoqH/jMR4ysAO0FGGdM=
94,-25,5qW5Ve0P6xB+ggAiMZFjr0pUfM8=,/51l8n4IEoqH/jMR4ysAO0FGGdM=
95,-25,5qW5Ve0P6xB+ggAiMZFjr0pUfM8=,/51l8n4IEoqH/jMR4ysAO0FGGdM=
90,-32,5qW5Ve0P6xB+ggAiMZFjr0pUfM8=,/51l8n4IEoqH/jMR4ysAO0FGGdM=
84,-24,5qW5Ve0P6xB+ggAiMZFjr0pUfM8=,/51l8n4IEoqH/jMR4ysAO0FGGdM=
90,-31,5qW5Ve0P6xB+ggAiMZFjr0pUfM8=,/51l8n4IEoqH/jMR4ysAO0FGGdM=
80,-24,5qW5Ve0P6xB+ggAiMZFjr0pUfM8=,/51l8n4IEoqH/jMR4ysAO0FGGdM=
91,-30,5qW5Ve0P6xB+ggAiMZFjr0pUfM8=,/51l8n4IEoqH/jMR4ysAO0FGGdM=
81,-24,5qW5Ve0P6xB+ggAiMZFjr0pUfM8=,/51l8n4IEoqH/jMR4ysAO0FGGdM=
86,-24,5qW5Ve0P6xB+ggAiMZFjr0pUfM8=,/51l8n4IEoqH/jMR4ysAO0FGGdM=
82,-24,5qW5Ve0P6xB+ggAiMZFjr0pUfM8=,/51l8n4IEoqH/jMR4ysAO0FGGdM=
85,-24,5qW5Ve0P6xB+ggAiMZFjr0pUfM8=,/51l8n4IEoqH/jMR4ysAO0FGGdM=
83,-24,5qW5Ve0P6xB+ggAiMZFjr0pUfM8=,/51l8n4IEoqH/jMR4ysAO0FGGdM=
87,-24,5qW5Ve0P6xB+ggAiMZFjr0pUfM8=,/51l8n4IEoqH/jMR4ysAO0FGGdM=
93,-24,5qW5Ve0P6xB+ggAiMZFjr0pUfM8=,/51l8n4IEoqH/jMR4ysAO0FGGdM=
92,-24,5qW5Ve0P6xB+ggAiMZFjr0pUfM8=,/51l8n4IEoqH/jMR4ysAO0FGGdM=
94,-24,5qW5Ve0P6xB+ggAiMZFjr0pUfM8=,/51l8n4IEoqH/jMR4ysAO0FGGdM=
88,-24,5qW5Ve0P6xB+ggAiMZFjr0pUfM8=,/51l8n4IEoqH/jMR4ysAO0FGGdM=
91,-24,5qW5Ve0P6xB+ggAiMZFjr0pUfM8=,/51l8n4IEoqH/jMR4ysAO0FGGdM=
90,-24,5qW5Ve0P6xB+ggAiMZFjr0pUfM8=,/51l8n4IEoqH/jMR4ysAO0FGGdM=
89,-24,5qW5Ve0P6xB+ggAiMZFjr0pUfM8=,/51l8n4IEoqH/jMR4ysAO0FGGdM=
91,-31,5qW5Ve0P6xB+ggAiMZFjr0pUfM8=,/51l8n4IEoqH/jMR4ysAO0FGGdM=
91,-32,5qW5Ve0P6xB+ggAiMZFjr0pUfM8=,/51l8n4IEoqH/jMR4ysAO0FGGdM=
92,-30,5qW5Ve0P6xB+ggAiMZFjr0pUfM8=,/51l8n4IEoqH/jMR4ysAO0FGGdM=
95,-24,5qW5Ve0P6xB+ggAiMZFjr0pUfM8=,/51l8n4IEoqH/jMR4ysAO0FGGdM=
80,-23,5qW5Ve0P6xB+ggAiMZFjr0pUfM8=,/51l8n4IEoqH/jMR4ysAO0FGGdM=
85,-23,5qW5Ve0P6xB+ggAiMZFjr0pUfM8=,/51l8n4IEoqH/jMR4ysAO0FGGdM=
81,-23,5qW5Ve0P6xB+ggAiMZFjr0pUfM8=,/51l8n4IEoqH/jMR4ysAO0FGGdM=
84,-23,5qW5Ve0P6xB+ggAiMZFjr0pUfM8=,/51l8n4IEoqH/jMR4ysAO0FGGdM=
82,-23,5qW5Ve0P6xB+ggAiMZFjr0pUfM8=,/51l8n4IEoqH/jMR4ysAO0FGGdM=
86,-23,5qW5Ve0P6xB+ggAiMZFjr0pUfM8=,/51l8n4IEoqH/jMR4ysAO0FGGdM=
83,-23,5qW5Ve0P6xB+ggAiMZFjr0pUfM8=,/51l8n4IEoqH/jMR4ysAO0FGGdM=
87,-23,5qW5Ve0P6xB+ggAiMZFjr0pUfM8=,/51l8n4IEoqH/jMR4ysAO0FGGdM=
90,-23,5qW5Ve0P6xB+ggAiMZFjr0pUfM8=,/51l8n4IEoqH/jMR4ysAO0FGGdM=
93,-23,5qW5Ve0P6xB+ggAiMZFjr0pUfM8=,/51l8n4IEoqH/jMR4ysAO0FGGdM=
92,-23,5qW5Ve0P6xB+ggAiMZFjr0pUfM8=,/51l8n4IEoqH/jMR4ysAO0FGGdM=
88,-23,5qW5Ve0P6xB+ggAiMZFjr0pUfM8=,/51l8n4IEoqH/jMR4ysAO0FGGdM=
94,-23,5qW5Ve0P6xB+ggAiMZFjr0pUfM8=,/51l8n4IEoqH/jMR4ysAO0FGGdM=
95,-23,5qW5Ve0P6xB+ggAiMZFjr0pUfM8=,/51l8n4IEoqH/jMR4ysAO0FGGdM=
93,-30,5qW5Ve0P6xB+ggAiMZFjr0pUfM8=,/51l8n4IEoqH/jMR4ysAO0FGGdM=
92,-32,5qW5Ve0P6xB+ggAiMZFjr0pUfM8=,/51l8n4IEoqH/jMR4ysAO0FGGdM=
92,-31,5qW5Ve0P6xB+ggAiMZFjr0pUfM8=,/51l8n4IEoqH/jMR4ysAO0FGGdM=
89,-23,5qW5Ve0P6xB+ggAiMZFjr0pUfM8=,/51l8n4IEoqH/jMR4ysAO0FGGdM=
91,-23,5qW5Ve0P6xB+ggAiMZFjr0pUfM8=,/51l8n4IEoqH/jMR4ysAO0FGGdM=
84,-22,5qW5Ve0P6xB+ggAiMZFjr0pUfM8=,/51l8n4IEoqH/jMR4ysAO0FGGdM=
80,-22,5qW5Ve0P6xB+ggAiMZFjr0pUfM8=,/51l8n4IEoqH/jMR4ysAO0FGGdM=
83,-22,5qW5Ve0P6xB+ggAiMZFjr0pUfM8=,/51l8n4IEoqH/jMR4ysAO0FGGdM=
85,-22,5qW5Ve0P6xB+ggAiMZFjr0pUfM8=,/51l8n4IEoqH/jMR4ysAO0FGGdM=
82,-22,5qW5Ve0P6xB+ggAiMZFjr0pUfM8=,/51l8n4IEoqH/jMR4ysAO0FGGdM=
86,-22,5qW5Ve0P6xB+ggAiMZFjr0pUfM8=,/51l8n4IEoqH/jMR4ysAO0FGGdM=
81,-22,5qW5Ve0P6xB+ggAiMZFjr0pUfM8=,/51l8n4IEoqH/jMR4ysAO0FGGdM=
89,-22,5qW5Ve0P6xB+ggAiMZFjr0pUfM8=,/51l8n4IEoqH/jMR4ysAO0FGGdM=
88,-22,5qW5Ve0P6xB+ggAiMZFjr0pUfM8=,/51l8n4IEoqH/jMR4ysAO0FGGdM=
90,-22,5qW5Ve0P6xB+ggAiMZFjr0pUfM8=,/51l8n4IEoqH/jMR4ysAO0FGGdM=
87,-22,5qW5Ve0P6xB+ggAiMZFjr0pUfM8=,/51l8n4IEoqH/jMR4ysAO0FGGdM=
93,-22,5qW5Ve0P6xB+ggAiMZFjr0pUfM8=,/51l8n4IEoqH/jMR4ysAO0FGGdM=
91,-22,5qW5Ve0P6xB+ggAiMZFjr0pUfM8=,/51l8n4IEoqH/jMR4ysAO0FGGdM=
92,-22,5qW5Ve0P6xB+ggAiMZFjr0pUfM8=,/51l8n4IEoqH/jMR4ysAO0FGGdM=
75,-17,n6ERWPZ4M+eph9pZ9E9lINqBnR0=,geA2q0NBocb8cz9ssrKQv9AlpQs=
68,-30,RBp4BmZwDiTsq8+13gMZgtGcUH8=,geA2q0NBocb8cz9ssrKQv9AlpQs=
76,-17,VwIN2ORHqEq/PbXk0qbXf/EZvhg=,geA2q0NBocb8cz9ssrKQv9AlpQs=
65,-32,VwIN2ORHqEq/PbXk0qbXf/EZvhg=,geA2q0NBocb8cz9ssrKQv9AlpQs=
77,-17,OSaaxz96ILsb4Q/p/YKp+i8SF+I=,geA2q0NBocb8cz9ssrKQv9AlpQs=
74,-29,OSaaxz96ILsb4Q/p/YKp+i8SF+I=,geA2q0NBocb8cz9ssrKQv9AlpQs=
78,-17,OSaaxz96ILsb4Q/p/YKp+i8SF+I=,geA2q0NBocb8cz9ssrKQv9AlpQs=
79,-17,OSaaxz96ILsb4Q/p/YKp+i8SF+I=,geA2q0NBocb8cz9ssrKQv9AlpQs=
70,-29,OSaaxz96ILsb4Q/p/YKp+i8SF+I=,geA2q0NBocb8cz9ssrKQv9AlpQs=
74,-17,OSaaxz96ILsb4Q/p/YKp+i8SF+I=,geA2q0NBocb8cz9ssrKQv9AlpQs=
72,-17,OSaaxz96ILsb4Q/p/YKp+i8SF+I=,geA2q0NBocb8cz9ssrKQv9AlpQs=
73,-17,OSaaxz96ILsb4Q/p/YKp+i8SF+I=,geA2q0NBocb8cz9ssrKQv9AlpQs=
69,-32,OSaaxz96ILsb4Q/p/YKp+i8SF+I=,geA2q0NBocb8cz9ssrKQv9AlpQs=
73,-29,OSaaxz96ILsb4Q/p/YKp+i8SF+I=,geA2q0NBocb8cz9ssrKQv9AlpQs=
70,-30,OSaaxz96ILsb4Q/p/YKp+i8SF+I=,geA2q0NBocb8cz9ssrKQv9AlpQs=
67,-32,OSaaxz96ILsb4Q/p/YKp+i8SF+I=,geA2q0NBocb8cz9ssrKQv9AlpQs=
75,-29,OSaaxz96ILsb4Q/p/YKp+i8SF+I=,geA2q0NBocb8cz9ssrKQv9AlpQs=
67,-29,OSaaxz96ILsb4Q/p/YKp+i8SF+I=,geA2q0NBocb8cz9ssrKQv9AlpQs=
69,-29,OSaaxz96ILsb4Q/p/YKp+i8SF+I=,geA2q0NBocb8cz9ssrKQv9AlpQs=
71,-17,OSaaxz96ILsb4Q/p/YKp+i8SF+I=,geA2q0NBocb8cz9ssrKQv9AlpQs=
69,-17,OSaaxz96ILsb4Q/p/YKp+i8SF+I=,geA2q0NBocb8cz9ssrKQv9AlpQs=
68,-17,OSaaxz96ILsb4Q/p/YKp+i8SF+I=,geA2q0NBocb8cz9ssrKQv9AlpQs=
68,-29,OSaaxz96ILsb4Q/p/YKp+i8SF+I=,geA2q0NBocb8cz9ssrKQv9AlpQs=
69,-30,OSaaxz96ILsb4Q/p/YKp+i8SF+I=,geA2q0NBocb8cz9ssrKQv9AlpQs=
67,-17,OSaaxz96ILsb4Q/p/YKp+i8SF+I=,geA2q0NBocb8cz9ssrKQv9AlpQs=
76,-29,OSaaxz96ILsb4Q/p/YKp+i8SF+I=,geA2q0NBocb8cz9ssrKQv9AlpQs=
68,-32,OSaaxz96ILsb4Q/p/YKp+i8SF+I=,geA2q0NBocb8cz9ssrKQv9AlpQs=
66,-29,OSaaxz96ILsb4Q/p/YKp+i8SF+I=,geA2q0NBocb8cz9ssrKQv9AlpQs=
68,-31,OSaaxz96ILsb4Q/p/YKp+i8SF+I=,geA2q0NBocb8cz9ssrKQv9AlpQs=
65,-29,OSaaxz96ILsb4Q/p/YKp+i8SF+I=,geA2q0NBocb8cz9ssrKQv9AlpQs=
67,-30,OSaaxz96ILsb4Q/p/YKp+i8SF+I=,geA2q0NBocb8cz9ssrKQv9AlpQs=
71,-29,OSaaxz96ILsb4Q/p/YKp+i8SF+I=,geA2q0NBocb8cz9ssrKQv9AlpQs=
69,-31,OSaaxz96ILsb4Q/p/YKp+i8SF+I=,geA2q0NBocb8cz9ssrKQv9AlpQs=
76,-18,OSaaxz96ILsb4Q/p/YKp+i8SF+I=,geA2q0NBocb8cz9ssrKQv9AlpQs=
66,-17,OSaaxz96ILsb4Q/p/YKp+i8SF+I=,geA2q0NBocb8cz9ssrKQv9AlpQs=
77,-18,OSaaxz96ILsb4Q/p/YKp+i8SF+I=,geA2q0NBocb8cz9ssrKQv9AlpQs=
75,-18,OSaaxz96ILsb4Q/p/YKp+i8SF+I=,geA2q0NBocb8cz9ssrKQv9AlpQs=
74,-18,OSaaxz96ILsb4Q/p/YKp+i8SF+I=,geA2q0NBocb8cz9ssrKQv9AlpQs=
78,-18,OSaaxz96ILsb4Q/p/YKp+i8SF+I=,geA2q0NBocb8cz9ssrKQv9AlpQs=
64,-17,OSaaxz96ILsb4Q/p/YKp+i8SF+I=,geA2q0NBocb8cz9ssrKQv9AlpQs=
73,-18,OSaaxz96ILsb4Q/p/YKp+i8SF+I=,geA2q0NBocb8cz9ssrKQv9AlpQs=
69,-18,OSaaxz96ILsb4Q/p/YKp+i8SF+I=,geA2q0NBocb8cz9ssrKQv9AlpQs=
72,-18,OSaaxz96ILsb4Q/p/YKp+i8SF+I=,geA2q0NBocb8cz9ssrKQv9AlpQs=
65,-18,OSaaxz96ILsb4Q/p/YKp+i8SF+I=,geA2q0NBocb8cz9ssrKQv9AlpQs=
67,-31,OSaaxz96ILsb4Q/p/YKp+i8SF+I=,geA2q0NBocb8cz9ssrKQv9AlpQs=
70,-18,OSaaxz96ILsb4Q/p/YKp+i8SF+I=,geA2q0NBocb8cz9ssrKQv9AlpQs=
71,-18,OSaaxz96ILsb4Q/p/YKp+i8SF+I=,geA2q0NBocb8cz9ssrKQv9AlpQs=
67,-18,OSaaxz96ILsb4Q/p/YKp+i8SF+I=,geA2q0NBocb8cz9ssrKQv9AlpQs=
66,-30,OSaaxz96ILsb4Q/p/YKp+i8SF+I=,geA2q0NBocb8cz9ssrKQv9AlpQs=
66,-18,OSaaxz96ILsb4Q/p/YKp+i8SF+I=,geA2q0NBocb8cz9ssrKQv9AlpQs=
77,-19,OSaaxz96ILsb4Q/p/YKp+i8SF+I=,geA2q0NBocb8cz9ssrKQv9AlpQs=
64,-18,OSaaxz96ILsb4Q/p/YKp+i8SF+I=,geA2q0NBocb8cz9ssrKQv9AlpQs=
76,-19,OSaaxz96ILsb4Q/p/YKp+i8SF+I=,geA2q0NBocb8cz9ssrKQv9AlpQs=
75,-19,OSaaxz96ILsb4Q/p/YKp+i8SF+I=,geA2q0NBocb8cz9ssrKQv9AlpQs=
78,-19,OSaaxz96ILsb4Q/p/YKp+i8SF+I=,geA2q0NBocb8cz9ssrKQv9AlpQs=
74,-19,OSaaxz96ILsb4Q/p/YKp+i8SF+I=,geA2q0NBocb8cz9ssrKQv9AlpQs=
73,-19,OSaaxz96ILsb4Q/p/YKp+i8SF+I=,geA2q0NBocb8cz9ssrKQv9AlpQs=
70,-17,OSaaxz96ILsb4Q/p/YKp+i8SF+I=,geA2q0NBocb8cz9ssrKQv9AlpQs=
69,-19,OSaaxz96ILsb4Q/p/YKp+i8SF+I=,geA2q0NBocb8cz9ssrKQv9AlpQs=
72,-19,OSaaxz96ILsb4Q/p/YKp+i8SF+I=,geA2q0NBocb8cz9ssrKQv9AlpQs=
70,-19,OSaaxz96ILsb4Q/p/YKp+i8SF+I=,geA2q0NBocb8cz9ssrKQv9AlpQs=
65,-17,OSaaxz96ILsb4Q/p/YKp+i8SF+I=,geA2q0NBocb8cz9ssrKQv9AlpQs=
77,-29,OSaaxz96ILsb4Q/p/YKp+i8SF+I=,geA2q0NBocb8cz9ssrKQv9AlpQs=
71,-19,OSaaxz96ILsb4Q/p/YKp+i8SF+I=,geA2q0NBocb8cz9ssrKQv9AlpQs=
79,-19,OSaaxz96ILsb4Q/p/YKp+i8SF+I=,geA2q0NBocb8cz9ssrKQv9AlpQs=
68,-19,OSaaxz96ILsb4Q/p/YKp+i8SF+I=,geA2q0NBocb8cz9ssrKQv9AlpQs=
65,-30,OSaaxz96ILsb4Q/p/YKp+i8SF+I=,geA2q0NBocb8cz9ssrKQv9AlpQs=
64,-19,OSaaxz96ILsb4Q/p/YKp+i8SF+I=,geA2q0NBocb8cz9ssrKQv9AlpQs=
68,-18,OSaaxz96ILsb4Q/p/YKp+i8SF+I=,geA2q0NBocb8cz9ssrKQv9AlpQs=
76,-20,OSaaxz96ILsb4Q/p/YKp+i8SF+I=,geA2q0NBocb8cz9ssrKQv9AlpQs=
77,-20,OSaaxz96ILsb4Q/p/YKp+i8SF+I=,geA2q0NBocb8cz9ssrKQv9AlpQs=
78,-29,OSaaxz96ILsb4Q/p/YKp+i8SF+I=,geA2q0NBocb8cz9ssrKQv9AlpQs=
75,-20,OSaaxz96ILsb4Q/p/YKp+i8SF+I=,geA2q0NBocb8cz9ssrKQv9AlpQs=
74,-20,OSaaxz96ILsb4Q/p/YKp+i8SF+I=,geA2q0NBocb8cz9ssrKQv9AlpQs=
73,-20,OSaaxz96ILsb4Q/p/YKp+i8SF+I=,geA2q0NBocb8cz9ssrKQv9AlpQs=
72,-20,OSaaxz96ILsb4Q/p/YKp+i8SF+I=,geA2q0NBocb8cz9ssrKQv9AlpQs=
78,-20,OSaaxz96ILsb4Q/p/YKp+i8SF+I=,geA2q0NBocb8cz9ssrKQv9AlpQs=
71,-20,OSaaxz96ILsb4Q/p/YKp+i8SF+I=,geA2q0NBocb8cz9ssrKQv9AlpQs=
72,-29,OSaaxz96ILsb4Q/p/YKp+i8SF+I=,geA2q0NBocb8cz9ssrKQv9AlpQs=
79,-29,OSaaxz96ILsb4Q/p/YKp+i8SF+I=,geA2q0NBocb8cz9ssrKQv9AlpQs=
70,-20,OSaaxz96ILsb4Q/p/YKp+i8SF+I=,geA2q0NBocb8cz9ssrKQv9AlpQs=
68,-20,OSaaxz96ILsb4Q/p/YKp+i8SF+I=,geA2q0NBocb8cz9ssrKQv9AlpQs=
69,-20,OSaaxz96ILsb4Q/p/YKp+i8SF+I=,geA2q0NBocb8cz9ssrKQv9AlpQs=
67,-20,OSaaxz96ILsb4Q/p/YKp+i8SF+I=,geA2q0NBocb8cz9ssrKQv9AlpQs=
64,-20,OSaaxz96ILsb4Q/p/YKp+i8SF+I=,geA2q0NBocb8cz9ssrKQv9AlpQs=
65,-20,OSaaxz96ILsb4Q/p/YKp+i8SF+I=,geA2q0NBocb8cz9ssrKQv9AlpQs=
65,-31,OSaaxz96ILsb4Q/p/YKp+i8SF+I=,geA2q0NBocb8cz9ssrKQv9AlpQs=
66,-20,OSaaxz96ILsb4Q/p/YKp+i8SF+I=,geA2q0NBocb8cz9ssrKQv9AlpQs=
70,-31,OSaaxz96ILsb4Q/p/YKp+i8SF+I=,geA2q0NBocb8cz9ssrKQv9AlpQs=
64,-31,OSaaxz96ILsb4Q/p/YKp+i8SF+I=,geA2q0NBocb8cz9ssrKQv9AlpQs=
64,-29,OSaaxz96ILsb4Q/p/YKp+i8SF+I=,geA2q0NBocb8cz9ssrKQv9AlpQs=
66,-19,OSaaxz96ILsb4Q/p/YKp+i8SF+I=,geA2q0NBocb8cz9ssrKQv9AlpQs=
64,-30,OSaaxz96ILsb4Q/p/YKp+i8SF+I=,geA2q0NBocb8cz9ssrKQv9AlpQs=
79,-30,OSaaxz96ILsb4Q/p/YKp+i8SF+I=,geA2q0NBocb8cz9ssrKQv9AlpQs=
79,-32,OSaaxz96ILsb4Q/p/YKp+i8SF+I=,geA2q0NBocb8cz9ssrKQv9AlpQs=
67,-19,OSaaxz96ILsb4Q/p/YKp+i8SF+I=,geA2q0NBocb8cz9ssrKQv9AlpQs=
66,-31,OSaaxz96ILsb4Q/p/YKp+i8SF+I=,geA2q0NBocb8cz9ssrKQv9AlpQs=
76,-21,OSaaxz96ILsb4Q/p/YKp+i8SF+I=,geA2q0NBocb8cz9ssrKQv9AlpQs=
79,-18,OSaaxz96ILsb4Q/p/YKp+i8SF+I=,geA2q0NBocb8cz9ssrKQv9AlpQs=
66,-32,OSaaxz96ILsb4Q/p/YKp+i8SF+I=,geA2q0NBocb8cz9ssrKQv9AlpQs=
79,-20,OSaaxz96ILsb4Q/p/YKp+i8SF+I=,geA2q0NBocb8cz9ssrKQv9AlpQs=
65,-19,OSaaxz96ILsb4Q/p/YKp+i8SF+I=,geA2q0NBocb8cz9ssrKQv9AlpQs=
70,-32,OSaaxz96ILsb4Q/p/YKp+i8SF+I=,geA2q0NBocb8cz9ssrKQv9AlpQs=
78,-32,OSaaxz96ILsb4Q/p/YKp+i8SF+I=,geA2q0NBocb8cz9ssrKQv9AlpQs=
79,-31,OSaaxz96ILsb4Q/p/YKp+i8SF+I=,geA2q0NBocb8cz9ssrKQv9AlpQs=
77,-21,OSaaxz96ILsb4Q/p/YKp+i8SF+I=,geA2q0NBocb8cz9ssrKQv9AlpQs=
79,-21,OSaaxz96ILsb4Q/p/YKp+i8SF+I=,geA2q0NBocb8cz9ssrKQv9AlpQs=
68,-21,OSaaxz96ILsb4Q/p/YKp+i8SF+I=,geA2q0NBocb8cz9ssrKQv9AlpQs=
67,-21,OSaaxz96ILsb4Q/p/YKp+i8SF+I=,geA2q0NBocb8cz9ssrKQv9AlpQs=
71,-30,OSaaxz96ILsb4Q/p/YKp+i8SF+I=,geA2q0NBocb8cz9ssrKQv9AlpQs=
65,-21,OSaaxz96ILsb4Q/p/YKp+i8SF+I=,geA2q0NBocb8cz9ssrKQv9AlpQs=
71,-21,OSaaxz96ILsb4Q/p/YKp+i8SF+I=,geA2q0NBocb8cz9ssrKQv9AlpQs=
78,-21,OSaaxz96ILsb4Q/p/YKp+i8SF+I=,geA2q0NBocb8cz9ssrKQv9AlpQs=
72,-21,OSaaxz96ILsb4Q/p/YKp+i8SF+I=,geA2q0NBocb8cz9ssrKQv9AlpQs=
78,-30,OSaaxz96ILsb4Q/p/YKp+i8SF+I=,geA2q0NBocb8cz9ssrKQv9AlpQs=
66,-21,OSaaxz96ILsb4Q/p/YKp+i8SF+I=,geA2q0NBocb8cz9ssrKQv9AlpQs=
77,-32,OSaaxz96ILsb4Q/p/YKp+i8SF+I=,geA2q0NBocb8cz9ssrKQv9AlpQs=
64,-21,OSaaxz96ILsb4Q/p/YKp+i8SF+I=,geA2q0NBocb8cz9ssrKQv9AlpQs=
64,-28,OSaaxz96ILsb4Q/p/YKp+i8SF+I=,geA2q0NBocb8cz9ssrKQv9AlpQs=
75,-22,OSaaxz96ILsb4Q/p/YKp+i8SF+I=,geA2q0NBocb8cz9ssrKQv9AlpQs=
79,-22,OSaaxz96ILsb4Q/p/YKp+i8SF+I=,geA2q0NBocb8cz9ssrKQv9AlpQs=
78,-22,OSaaxz96ILsb4Q/p/YKp+i8SF+I=,geA2q0NBocb8cz9ssrKQv9AlpQs=
77,-31,OSaaxz96ILsb4Q/p/YKp+i8SF+I=,geA2q0NBocb8cz9ssrKQv9AlpQs=
65,-28,OSaaxz96ILsb4Q/p/YKp+i8SF+I=,geA2q0NBocb8cz9ssrKQv9AlpQs=
78,-31,OSaaxz96ILsb4Q/p/YKp+i8SF+I=,geA2q0NBocb8cz9ssrKQv9AlpQs=
70,-21,OSaaxz96ILsb4Q/p/YKp+i8SF+I=,geA2q0NBocb8cz9ssrKQv9AlpQs=
74,-21,OSaaxz96ILsb4Q/p/YKp+i8SF+I=,geA2q0NBocb8cz9ssrKQv9AlpQs=
73,-21,OSaaxz96ILsb4Q/p/YKp+i8SF+I=,geA2q0NBocb8cz9ssrKQv9AlpQs=
74,-22,OSaaxz96ILsb4Q/p/YKp+i8SF+I=,geA2q0NBocb8cz9ssrKQv9AlpQs=
69,-21,OSaaxz96ILsb4Q/p/YKp+i8SF+I=,geA2q0NBocb8cz9ssrKQv9AlpQs=
75,-21,OSaaxz96ILsb4Q/p/YKp+i8SF+I=,geA2q0NBocb8cz9ssrKQv9AlpQs=
73,-22,OSaaxz96ILsb4Q/p/YKp+i8SF+I=,geA2q0NBocb8cz9ssrKQv9AlpQs=
77,-22,OSaaxz96ILsb4Q/p/YKp+i8SF+I=,geA2q0NBocb8cz9ssrKQv9AlpQs=
66,-28,OSaaxz96ILsb4Q/p/YKp+i8SF+I=,geA2q0NBocb8cz9ssrKQv9AlpQs=
72,-22,OSaaxz96ILsb4Q/p/YKp+i8SF+I=,geA2q0NBocb8cz9ssrKQv9AlpQs=
76,-22,OSaaxz96ILsb4Q/p/YKp+i8SF+I=,geA2q0NBocb8cz9ssrKQv9AlpQs=
69,-28,OSaaxz96ILsb4Q/p/YKp+i8SF+I=,geA2q0NBocb8cz9ssrKQv9AlpQs=
67,-28,OSaaxz96ILsb4Q/p/YKp+i8SF+I=,geA2q0NBocb8cz9ssrKQv9AlpQs=
70,-28,OSaaxz96ILsb4Q/p/YKp+i8SF+I=,geA2q0NBocb8cz9ssrKQv9AlpQs=
64,-32,OSaaxz96ILsb4Q/p/YKp+i8SF+I=,geA2q0NBocb8cz9ssrKQv9AlpQs=
71,-28,OSaaxz96ILsb4Q/p/YKp+i8SF+I=,geA2q0NBocb8cz9ssrKQv9AlpQs=
74,-28,OSaaxz96ILsb4Q/p/YKp+i8SF+I=,geA2q0NBocb8cz9ssrKQv9AlpQs=
75,-28,OSaaxz96ILsb4Q/p/YKp+i8SF+I=,geA2q0NBocb8cz9ssrKQv9AlpQs=
72,-28,OSaaxz96ILsb4Q/p/YKp+i8SF+I=,geA2q0NBocb8cz9ssrKQv9AlpQs=
73,-28,OSaaxz96ILsb4Q/p/YKp+i8SF+I=,geA2q0NBocb8cz9ssrKQv9AlpQs=
76,-28,OSaaxz96ILsb4Q/p/YKp+i8SF+I=,geA2q0NBocb8cz9ssrKQv9AlpQs=
79,-28,OSaaxz96ILsb4Q/p/YKp+i8SF+I=,geA2q0NBocb8cz9ssrKQv9AlpQs=
71,-32,OSaaxz96ILsb4Q/p/YKp+i8SF+I=,geA2q0NBocb8cz9ssrKQv9AlpQs=
78,-28,OSaaxz96ILsb4Q/p/YKp+i8SF+I=,geA2q0NBocb8cz9ssrKQv9AlpQs=
77,-28,OSaaxz96ILsb4Q/p/YKp+i8SF+I=,geA2q0NBocb8cz9ssrKQv9AlpQs=
68,-28,OSaaxz96ILsb4Q/p/YKp+i8SF+I=,geA2q0NBocb8cz9ssrKQv9AlpQs=
64,-27,OSaaxz96ILsb4Q/p/YKp+i8SF+I=,geA2q0NBocb8cz9ssrKQv9AlpQs=
65,-27,OSaaxz96ILsb4Q/p/YKp+i8SF+I=,geA2q0NBocb8cz9ssrKQv9AlpQs=
72,-30,OSaaxz96ILsb4Q/p/YKp+i8SF+I=,geA2q0NBocb8cz9ssrKQv9AlpQs=
70,-27,OSaaxz96ILsb4Q/p/YKp+i8SF+I=,geA2q0NBocb8cz9ssrKQv9AlpQs=
69,-27,OSaaxz96ILsb4Q/p/YKp+i8SF+I=,geA2q0NBocb8cz9ssrKQv9AlpQs=
71,-27,OSaaxz96ILsb4Q/p/YKp+i8SF+I=,geA2q0NBocb8cz9ssrKQv9AlpQs=
68,-27,OSaaxz96ILsb4Q/p/YKp+i8SF+I=,geA2q0NBocb8cz9ssrKQv9AlpQs=
66,-27,OSaaxz96ILsb4Q/p/YKp+i8SF+I=,geA2q0NBocb8cz9ssrKQv9AlpQs=
67,-27,OSaaxz96ILsb4Q/p/YKp+i8SF+I=,geA2q0NBocb8cz9ssrKQv9AlpQs=
71,-31,OSaaxz96ILsb4Q/p/YKp+i8SF+I=,geA2q0NBocb8cz9ssrKQv9AlpQs=
72,-27,OSaaxz96ILsb4Q/p/YKp+i8SF+I=,geA2q0NBocb8cz9ssrKQv9AlpQs=
74,-27,OSaaxz96ILsb4Q/p/YKp+i8SF+I=,geA2q0NBocb8cz9ssrKQv9AlpQs=
73,-27,OSaaxz96ILsb4Q/p/YKp+i8SF+I=,geA2q0NBocb8cz9ssrKQv9AlpQs=
75,-27,OSaaxz96ILsb4Q/p/YKp+i8SF+I=,geA2q0NBocb8cz9ssrKQv9AlpQs=
72,-31,OSaaxz96ILsb4Q/p/YKp+i8SF+I=,geA2q0NBocb8cz9ssrKQv9AlpQs=
79,-27,OSaaxz96ILsb4Q/p/YKp+i8SF+I=,geA2q0NBocb8cz9ssrKQv9AlpQs=
78,-27,OSaaxz96ILsb4Q/p/YKp+i8SF+I=,geA2q0NBocb8cz9ssrKQv9AlpQs=
72,-32,OSaaxz96ILsb4Q/p/YKp+i8SF+I=,geA2q0NBocb8cz9ssrKQv9AlpQs=
77,-27,OSaaxz96ILsb4Q/p/YKp+i8SF+I=,geA2q0NBocb8cz9ssrKQv9AlpQs=
65,-26,OSaaxz96ILsb4Q/p/YKp+i8SF+I=,geA2q0NBocb8cz9ssrKQv9AlpQs=
73,-30,OSaaxz96ILsb4Q/p/YKp+i8SF+I=,geA2q0NBocb8cz9ssrKQv9AlpQs=
67,-26,OSaaxz96ILsb4Q/p/YKp+i8SF+I=,geA2q0NBocb8cz9ssrKQv9AlpQs=
69,-26,OSaaxz96ILsb4Q/p/YKp+i8SF+I=,geA2q0NBocb8cz9ssrKQv9AlpQs=
66,-26,OSaaxz96ILsb4Q/p/YKp+i8SF+I=,geA2q0NBocb8cz9ssrKQv9AlpQs=
64,-26,OSaaxz96ILsb4Q/p/YKp+i8SF+I=,geA2q0NBocb8cz9ssrKQv9AlpQs=
71,-26,OSaaxz96ILsb4Q/p/YKp+i8SF+I=,geA2q0NBocb8cz9ssrKQv9AlpQs=
70,-26,OSaaxz96ILsb4Q/p/YKp+i8SF+I=,geA2q0NBocb8cz9ssrKQv9AlpQs=
68,-26,OSaaxz96ILsb4Q/p/YKp+i8SF+I=,geA2q0NBocb8cz9ssrKQv9AlpQs=
72,-26,OSaaxz96ILsb4Q/p/YKp+i8SF+I=,geA2q0NBocb8cz9ssrKQv9AlpQs=
76,-27,OSaaxz96ILsb4Q/p/YKp+i8SF+I=,geA2q0NBocb8cz9ssrKQv9AlpQs=
76,-26,OSaaxz96ILsb4Q/p/YKp+i8SF+I=,geA2q0NBocb8cz9ssrKQv9AlpQs=
74,-26,OSaaxz96ILsb4Q/p/YKp+i8SF+I=,geA2q0NBocb8cz9ssrKQv9AlpQs=
75,-26,OSaaxz96ILsb4Q/p/YKp+i8SF+I=,geA2q0NBocb8cz9ssrKQv9AlpQs=
73,-31,OSaaxz96ILsb4Q/p/YKp+i8SF+I=,geA2q0NBocb8cz9ssrKQv9AlpQs=
77,-26,OSaaxz96ILsb4Q/p/YKp+i8SF+I=,geA2q0NBocb8cz9ssrKQv9AlpQs=
79,-26,OSaaxz96ILsb4Q/p/YKp+i8SF+I=,geA2q0NBocb8cz9ssrKQv9AlpQs=
64,-25,OSaaxz96ILsb4Q/p/YKp+i8SF+I=,geA2q0NBocb8cz9ssrKQv9AlpQs=
73,-32,OSaaxz96ILsb4Q/p/YKp+i8SF+I=,geA2q0NBocb8cz9ssrKQv9AlpQs=
65,-25,OSaaxz96ILsb4Q/p/YKp+i8SF+I=,geA2q0NBocb8cz9ssrKQv9AlpQs=
73,-26,OSaaxz96ILsb4Q/p/YKp+i8SF+I=,geA2q0NBocb8cz9ssrKQv9AlpQs=
74,-30,OSaaxz96ILsb4Q/p/YKp+i8SF+I=,geA2q0NBocb8cz9ssrKQv9AlpQs=
70,-25,OSaaxz96ILsb4Q/p/YKp+i8SF+I=,geA2q0NBocb8cz9ssrKQv9AlpQs=
67,-25,OSaaxz96ILsb4Q/p/YKp+i8SF+I=,geA2q0NBocb8cz9ssrKQv9AlpQs=
66,-25,OSaaxz96ILsb4Q/p/YKp+i8SF+I=,geA2q0NBocb8cz9ssrKQv9AlpQs=
71,-25,OSaaxz96ILsb4Q/p/YKp+i8SF+I=,geA2q0NBocb8cz9ssrKQv9AlpQs=
69,-25,OSaaxz96ILsb4Q/p/YKp+i8SF+I=,geA2q0NBocb8cz9ssrKQv9AlpQs=
72,-25,OSaaxz96ILsb4Q/p/YKp+i8SF+I=,geA2q0NBocb8cz9ssrKQv9AlpQs=
68,-25,OSaaxz96ILsb4Q/p/YKp+i8SF+I=,geA2q0NBocb8cz9ssrKQv9AlpQs=
78,-26,OSaaxz96ILsb4Q/p/YKp+i8SF+I=,geA2q0NBocb8cz9ssrKQv9AlpQs=
73,-25,OSaaxz96ILsb4Q/p/YKp+i8SF+I=,geA2q0NBocb8cz9ssrKQv9AlpQs=
76,-25,OSaaxz96ILsb4Q/p/YKp+i8SF+I=,geA2q0NBocb8cz9ssrKQv9AlpQs=
75,-25,OSaaxz96ILsb4Q/p/YKp+i8SF+I=,geA2q0NBocb8cz9ssrKQv9AlpQs=
78,-25,OSaaxz96ILsb4Q/p/YKp+i8SF+I=,geA2q0NBocb8cz9ssrKQv9AlpQs=
74,-25,OSaaxz96ILsb4Q/p/YKp+i8SF+I=,geA2q0NBocb8cz9ssrKQv9AlpQs=
74,-31,OSaaxz96ILsb4Q/p/YKp+i8SF+I=,geA2q0NBocb8cz9ssrKQv9AlpQs=
79,-25,OSaaxz96ILsb4Q/p/YKp+i8SF+I=,geA2q0NBocb8cz9ssrKQv9AlpQs=
64,-24,OSaaxz96ILsb4Q/p/YKp+i8SF+I=,geA2q0NBocb8cz9ssrKQv9AlpQs=
74,-32,OSaaxz96ILsb4Q/p/YKp+i8SF+I=,geA2q0NBocb8cz9ssrKQv9AlpQs=
75,-30,OSaaxz96ILsb4Q/p/YKp+i8SF+I=,geA2q0NBocb8cz9ssrKQv9AlpQs=
65,-24,OSaaxz96ILsb4Q/p/YKp+i8SF+I=,geA2q0NBocb8cz9ssrKQv9AlpQs=
68,-24,OSaaxz96ILsb4Q/p/YKp+i8SF+I=,geA2q0NBocb8cz9ssrKQv9AlpQs=
77,-25,OSaaxz96ILsb4Q/p/YKp+i8SF+I=,geA2q0NBocb8cz9ssrKQv9AlpQs=
66,-24,OSaaxz96ILsb4Q/p/YKp+i8SF+I=,geA2q0NBocb8cz9ssrKQv9AlpQs=
70,-24,OSaaxz96ILsb4Q/p/YKp+i8SF+I=,geA2q0NBocb8cz9ssrKQv9AlpQs=
67,-24,OSaaxz96ILsb4Q/p/YKp+i8SF+I=,geA2q0NBocb8cz9ssrKQv9AlpQs=
69,-24,OSaaxz96ILsb4Q/p/YKp+i8SF+I=,geA2q0NBocb8cz9ssrKQv9AlpQs=
71,-24,OSaaxz96ILsb4Q/p/YKp+i8SF+I=,geA2q0NBocb8cz9ssrKQv9AlpQs=
72,-24,OSaaxz96ILsb4Q/p/YKp+i8SF+I=,geA2q0NBocb8cz9ssrKQv9AlpQs=
73,-24,OSaaxz96ILsb4Q/p/YKp+i8SF+I=,geA2q0NBocb8cz9ssrKQv9AlpQs=
74,-24,OSaaxz96ILsb4Q/p/YKp+i8SF+I=,geA2q0NBocb8cz9ssrKQv9AlpQs=
75,-24,OSaaxz96ILsb4Q/p/YKp+i8SF+I=,geA2q0NBocb8cz9ssrKQv9AlpQs=
75,-31,OSaaxz96ILsb4Q/p/YKp+i8SF+I=,geA2q0NBocb8cz9ssrKQv9AlpQs=
79,-24,OSaaxz96ILsb4Q/p/YKp+i8SF+I=,geA2q0NBocb8cz9ssrKQv9AlpQs=
77,-24,OSaaxz96ILsb4Q/p/YKp+i8SF+I=,geA2q0NBocb8cz9ssrKQv9AlpQs=
78,-24,OSaaxz96ILsb4Q/p/YKp+i8SF+I=,geA2q0NBocb8cz9ssrKQv9AlpQs=
76,-24,OSaaxz96ILsb4Q/p/YKp+i8SF+I=,geA2q0NBocb8cz9ssrKQv9AlpQs=
76,-30,OSaaxz96ILsb4Q/p/YKp+i8SF+I=,geA2q0NBocb8cz9ssrKQv9AlpQs=
66,-23,OSaaxz96ILsb4Q/p/YKp+i8SF+I=,geA2q0NBocb8cz9ssrKQv9AlpQs=
68,-23,OSaaxz96ILsb4Q/p/YKp+i8SF+I=,geA2q0NBocb8cz9ssrKQv9AlpQs=
75,-32,OSaaxz96ILsb4Q/p/YKp+i8SF+I=,geA2q0NBocb8cz9ssrKQv9AlpQs=
69,-23,OSaaxz96ILsb4Q/p/YKp+i8SF+I=,geA2q0NBocb8cz9ssrKQv9AlpQs=
64,-23,OSaaxz96ILsb4Q/p/YKp+i8SF+I=,geA2q0NBocb8cz9ssrKQv9AlpQs=
65,-23,OSaaxz96ILsb4Q/p/YKp+i8SF+I=,geA2q0NBocb8cz9ssrKQv9AlpQs=
67,-23,OSaaxz96ILsb4Q/p/YKp+i8SF+I=,geA2q0NBocb8cz9ssrKQv9AlpQs=
70,-23,OSaaxz96ILsb4Q/p/YKp+i8SF+I=,geA2q0NBocb8cz9ssrKQv9AlpQs=
71,-23,OSaaxz96ILsb4Q/p/YKp+i8SF+I=,geA2q0NBocb8cz9ssrKQv9AlpQs=
73,-23,OSaaxz96ILsb4Q/p/YKp+i8SF+I=,geA2q0NBocb8cz9ssrKQv9AlpQs=
72,-23,OSaaxz96ILsb4Q/p/YKp+i8SF+I=,geA2q0NBocb8cz9ssrKQv9AlpQs=
74,-23,OSaaxz96ILsb4Q/p/YKp+i8SF+I=,geA2q0NBocb8cz9ssrKQv9AlpQs=
75,-23,OSaaxz96ILsb4Q/p/YKp+i8SF+I=,geA2q0NBocb8cz9ssrKQv9AlpQs=
76,-23,OSaaxz96ILsb4Q/p/YKp+i8SF+I=,geA2q0NBocb8cz9ssrKQv9AlpQs=
77,-23,OSaaxz96ILsb4Q/p/YKp+i8SF+I=,geA2q0NBocb8cz9ssrKQv9AlpQs=
64,-22,OSaaxz96ILsb4Q/p/YKp+i8SF+I=,geA2q0NBocb8cz9ssrKQv9AlpQs=
76,-31,OSaaxz96ILsb4Q/p/YKp+i8SF+I=,geA2q0NBocb8cz9ssrKQv9AlpQs=
78,-23,OSaaxz96ILsb4Q/p/YKp+i8SF+I=,geA2q0NBocb8cz9ssrKQv9AlpQs=
76,-32,OSaaxz96ILsb4Q/p/YKp+i8SF+I=,geA2q0NBocb8cz9ssrKQv9AlpQs=
65,-22,OSaaxz96ILsb4Q/p/YKp+i8SF+I=,geA2q0NBocb8cz9ssrKQv9AlpQs=
79,-23,OSaaxz96ILsb4Q/p/YKp+i8SF+I=,geA2q0NBocb8cz9ssrKQv9AlpQs=
67,-22,OSaaxz96ILsb4Q/p/YKp+i8SF+I=,geA2q0NBocb8cz9ssrKQv9AlpQs=
77,-30,OSaaxz96ILsb4Q/p/YKp+i8SF+I=,geA2q0NBocb8cz9ssrKQv9AlpQs=
66,-22,OSaaxz96ILsb4Q/p/YKp+i8SF+I=,geA2q0NBocb8cz9ssrKQv9AlpQs=
68,-22,OSaaxz96ILsb4Q/p/YKp+i8SF+I=,geA2q0NBocb8cz9ssrKQv9AlpQs=
71,-22,OSaaxz96ILsb4Q/p/YKp+i8SF+I=,geA2q0NBocb8cz9ssrKQv9AlpQs=
69,-22,OSaaxz96ILsb4Q/p/YKp+i8SF+I=,geA2q0NBocb8cz9ssrKQv9AlpQs=
70,-22,OSaaxz96ILsb4Q/p/YKp+i8SF+I=,geA2q0NBocb8cz9ssrKQv9AlpQs=
69,-15,/ypHCq9G1Ro8YxehAcfN5mkX3hs=,Y+3IBaPbuiYEf5s7VmuVl1bgTOk=
69,-16,2RgEcOs3P3ncI9OO4dOSFuQffaw=,Y+3IBaPbuiYEf5s7VmuVl1bgTOk=
68,-14,2RgEcOs3P3ncI9OO4dOSFuQffaw=,Y+3IBaPbuiYEf5s7VmuVl1bgTOk=
66,-13,xzu8lhnAUlcT4FQlltHKkibhxJQ=,Y+3IBaPbuiYEf5s7VmuVl1bgTOk=
79,-1,xzu8lhnAUlcT4FQlltHKkibhxJQ=,Y+3IBaPbuiYEf5s7VmuVl1bgTOk=
78,-1,xzu8lhnAUlcT4FQlltHKkibhxJQ=,Y+3IBaPbuiYEf5s7VmuVl1bgTOk=
65,-16,xzu8lhnAUlcT4FQlltHKkibhxJQ=,Y+3IBaPbuiYEf5s7VmuVl1bgTOk=
71,-13,j3VdLarJsSejXyNUtbbCE8e6W6I=,Y+3IBaPbuiYEf5s7VmuVl1bgTOk=
70,-14,j3VdLarJsSejXyNUtbbCE8e6W6I=,Y+3IBaPbuiYEf5s7VmuVl1bgTOk=
70,-13,j3VdLarJsSejXyNUtbbCE8e6W6I=,Y+3IBaPbuiYEf5s7VmuVl1bgTOk=
77,-1,j3VdLarJsSejXyNUtbbCE8e6W6I=,Y+3IBaPbuiYEf5s7VmuVl1bgTOk=
72,-13,+qzpLGcwS/b8I762El2L0xemlEg=,Y+3IBaPbuiYEf5s7VmuVl1bgTOk=
74,-1,X660nGNMoHRG6gu1SjDpImBYvY8=,Y+3IBaPbuiYEf5s7VmuVl1bgTOk=
75,-1,X660nGNMoHRG6gu1SjDpImBYvY8=,Y+3IBaPbuiYEf5s7VmuVl1bgTOk=
76,-1,X660nGNMoHRG6gu1SjDpImBYvY8=,Y+3IBaPbuiYEf5s7VmuVl1bgTOk=
72,-1,HIvNRJDaucBDlhl4p8d3rDdJvY4=,Y+3IBaPbuiYEf5s7VmuVl1bgTOk=
69,-14,HIvNRJDaucBDlhl4p8d3rDdJvY4=,Y+3IBaPbuiYEf5s7VmuVl1bgTOk=
73,-13,HIvNRJDaucBDlhl4p8d3rDdJvY4=,Y+3IBaPbuiYEf5s7VmuVl1bgTOk=
71,-1,HIvNRJDaucBDlhl4p8d3rDdJvY4=,Y+3IBaPbuiYEf5s7VmuVl1bgTOk=
69,-13,HIvNRJDaucBDlhl4p8d3rDdJvY4=,Y+3IBaPbuiYEf5s7VmuVl1bgTOk=
68,-13,HIvNRJDaucBDlhl4p8d3rDdJvY4=,Y+3IBaPbuiYEf5s7VmuVl1bgTOk=
70,-1,HIvNRJDaucBDlhl4p8d3rDdJvY4=,Y+3IBaPbuiYEf5s7VmuVl1bgTOk=
74,-13,HIvNRJDaucBDlhl4p8d3rDdJvY4=,Y+3IBaPbuiYEf5s7VmuVl1bgTOk=
67,-16,HIvNRJDaucBDlhl4p8d3rDdJvY4=,Y+3IBaPbuiYEf5s7VmuVl1bgTOk=
73,-1,HIvNRJDaucBDlhl4p8d3rDdJvY4=,Y+3IBaPbuiYEf5s7VmuVl1bgTOk=
69,-1,HIvNRJDaucBDlhl4p8d3rDdJvY4=,Y+3IBaPbuiYEf5s7VmuVl1bgTOk=
67,-13,HIvNRJDaucBDlhl4p8d3rDdJvY4=,Y+3IBaPbuiYEf5s7VmuVl1bgTOk=
68,-1,HIvNRJDaucBDlhl4p8d3rDdJvY4=,Y+3IBaPbuiYEf5s7VmuVl1bgTOk=
66,-1,HIvNRJDaucBDlhl4p8d3rDdJvY4=,Y+3IBaPbuiYEf5s7VmuVl1bgTOk=
68,-15,HIvNRJDaucBDlhl4p8d3rDdJvY4=,Y+3IBaPbuiYEf5s7VmuVl1bgTOk=
75,-13,HIvNRJDaucBDlhl4p8d3rDdJvY4=,Y+3IBaPbuiYEf5s7VmuVl1bgTOk=
65,-1,HIvNRJDaucBDlhl4p8d3rDdJvY4=,Y+3IBaPbuiYEf5s7VmuVl1bgTOk=
68,-16,HIvNRJDaucBDlhl4p8d3rDdJvY4=,Y+3IBaPbuiYEf5s7VmuVl1bgTOk=
64,-1,HIvNRJDaucBDlhl4p8d3rDdJvY4=,Y+3IBaPbuiYEf5s7VmuVl1bgTOk=
67,-1,HIvNRJDaucBDlhl4p8d3rDdJvY4=,Y+3IBaPbuiYEf5s7VmuVl1bgTOk=
67,-14,HIvNRJDaucBDlhl4p8d3rDdJvY4=,Y+3IBaPbuiYEf5s7VmuVl1bgTOk=
76,-13,HIvNRJDaucBDlhl4p8d3rDdJvY4=,Y+3IBaPbuiYEf5s7VmuVl1bgTOk=
65,-13,HIvNRJDaucBDlhl4p8d3rDdJvY4=,Y+3IBaPbuiYEf5s7VmuVl1bgTOk=
78,-2,HIvNRJDaucBDlhl4p8d3rDdJvY4=,Y+3IBaPbuiYEf5s7VmuVl1bgTOk=
76,-2,HIvNRJDaucBDlhl4p8d3rDdJvY4=,Y+3IBaPbuiYEf5s7VmuVl1bgTOk=
75,-2,HIvNRJDaucBDlhl4p8d3rDdJvY4=,Y+3IBaPbuiYEf5s7VmuVl1bgTOk=
77,-2,HIvNRJDaucBDlhl4p8d3rDdJvY4=,Y+3IBaPbuiYEf5s7VmuVl1bgTOk=
79,-2,HIvNRJDaucBDlhl4p8d3rDdJvY4=,Y+3IBaPbuiYEf5s7VmuVl1bgTOk=
73,-2,HIvNRJDaucBDlhl4p8d3rDdJvY4=,Y+3IBaPbuiYEf5s7VmuVl1bgTOk=
77,-13,HIvNRJDaucBDlhl4p8d3rDdJvY4=,Y+3IBaPbuiYEf5s7VmuVl1bgTOk=
74,-2,HIvNRJDaucBDlhl4p8d3rDdJvY4=,Y+3IBaPbuiYEf5s7VmuVl1bgTOk=
71,-2,HIvNRJDaucBDlhl4p8d3rDdJvY4=,Y+3IBaPbuiYEf5s7VmuVl1bgTOk=
72,-2,HIvNRJDaucBDlhl4p8d3rDdJvY4=,Y+3IBaPbuiYEf5s7VmuVl1bgTOk=
69,-2,HIvNRJDaucBDlhl4p8d3rDdJvY4=,Y+3IBaPbuiYEf5s7VmuVl1bgTOk=
65,-2,HIvNRJDaucBDlhl4p8d3rDdJvY4=,Y+3IBaPbuiYEf5s7VmuVl1bgTOk=
70,-2,HIvNRJDaucBDlhl4p8d3rDdJvY4=,Y+3IBaPbuiYEf5s7VmuVl1bgTOk=
67,-2,HIvNRJDaucBDlhl4p8d3rDdJvY4=,Y+3IBaPbuiYEf5s7VmuVl1bgTOk=
78,-13,HIvNRJDaucBDlhl4p8d3rDdJvY4=,Y+3IBaPbuiYEf5s7VmuVl1bgTOk=
66,-2,HIvNRJDaucBDlhl4p8d3rDdJvY4=,Y+3IBaPbuiYEf5s7VmuVl1bgTOk=
68,-2,HIvNRJDaucBDlhl4p8d3rDdJvY4=,Y+3IBaPbuiYEf5s7VmuVl1bgTOk=
79,-13,HIvNRJDaucBDlhl4p8d3rDdJvY4=,Y+3IBaPbuiYEf5s7VmuVl1bgTOk=
79,-3,HIvNRJDaucBDlhl4p8d3rDdJvY4=,Y+3IBaPbuiYEf5s7VmuVl1bgTOk=
78,-3,HIvNRJDaucBDlhl4p8d3rDdJvY4=,Y+3IBaPbuiYEf5s7VmuVl1bgTOk=
66,-14,HIvNRJDaucBDlhl4p8d3rDdJvY4=,Y+3IBaPbuiYEf5s7VmuVl1bgTOk=
67,-15,HIvNRJDaucBDlhl4p8d3rDdJvY4=,Y+3IBaPbuiYEf5s7VmuVl1bgTOk=
77,-3,HIvNRJDaucBDlhl4p8d3rDdJvY4=,Y+3IBaPbuiYEf5s7VmuVl1bgTOk=
64,-2,HIvNRJDaucBDlhl4p8d3rDdJvY4=,Y+3IBaPbuiYEf5s7VmuVl1bgTOk=
70,-15,HIvNRJDaucBDlhl4p8d3rDdJvY4=,Y+3IBaPbuiYEf5s7VmuVl1bgTOk=
76,-3,HIvNRJDaucBDlhl4p8d3rDdJvY4=,Y+3IBaPbuiYEf5s7VmuVl1bgTOk=
75,-3,HIvNRJDaucBDlhl4p8d3rDdJvY4=,Y+3IBaPbuiYEf5s7VmuVl1bgTOk=
71,-3,HIvNRJDaucBDlhl4p8d3rDdJvY4=,Y+3IBaPbuiYEf5s7VmuVl1bgTOk=
72,-3,HIvNRJDaucBDlhl4p8d3rDdJvY4=,Y+3IBaPbuiYEf5s7VmuVl1bgTOk=
74,-3,HIvNRJDaucBDlhl4p8d3rDdJvY4=,Y+3IBaPbuiYEf5s7VmuVl1bgTOk=
64,-12,HIvNRJDaucBDlhl4p8d3rDdJvY4=,Y+3IBaPbuiYEf5s7VmuVl1bgTOk=
73,-3,HIvNRJDaucBDlhl4p8d3rDdJvY4=,Y+3IBaPbuiYEf5s7VmuVl1bgTOk=
66,-3,HIvNRJDaucBDlhl4p8d3rDdJvY4=,Y+3IBaPbuiYEf5s7VmuVl1bgTOk=
65,-3,HIvNRJDaucBDlhl4p8d3rDdJvY4=,Y+3IBaPbuiYEf5s7VmuVl1bgTOk=
69,-3,HIvNRJDaucBDlhl4p8d3rDdJvY4=,Y+3IBaPbuiYEf5s7VmuVl1bgTOk=
70,-3,HIvNRJDaucBDlhl4p8d3rDdJvY4=,Y+3IBaPbuiYEf5s7VmuVl1bgTOk=
68,-3,HIvNRJDaucBDlhl4p8d3rDdJvY4=,Y+3IBaPbuiYEf5s7VmuVl1bgTOk=
64,-3,HIvNRJDaucBDlhl4p8d3rDdJvY4=,Y+3IBaPbuiYEf5s7VmuVl1bgTOk=
66,-15,HIvNRJDaucBDlhl4p8d3rDdJvY4=,Y+3IBaPbuiYEf5s7VmuVl1bgTOk=
67,-3,HIvNRJDaucBDlhl4p8d3rDdJvY4=,Y+3IBaPbuiYEf5s7VmuVl1bgTOk=
65,-14,HIvNRJDaucBDlhl4p8d3rDdJvY4=,Y+3IBaPbuiYEf5s7VmuVl1bgTOk=
78,-4,HIvNRJDaucBDlhl4p8d3rDdJvY4=,Y+3IBaPbuiYEf5s7VmuVl1bgTOk=
70,-16,HIvNRJDaucBDlhl4p8d3rDdJvY4=,Y+3IBaPbuiYEf5s7VmuVl1bgTOk=
77,-4,HIvNRJDaucBDlhl4p8d3rDdJvY4=,Y+3IBaPbuiYEf5s7VmuVl1bgTOk=
76,-4,HIvNRJDaucBDlhl4p8d3rDdJvY4=,Y+3IBaPbuiYEf5s7VmuVl1bgTOk=
75,-4,HIvNRJDaucBDlhl4p8d3rDdJvY4=,Y+3IBaPbuiYEf5s7VmuVl1bgTOk=
71,-14,HIvNRJDaucBDlhl4p8d3rDdJvY4=,Y+3IBaPbuiYEf5s7VmuVl1bgTOk=
71,-4,HIvNRJDaucBDlhl4p8d3rDdJvY4=,Y+3IBaPbuiYEf5s7VmuVl1bgTOk=
72,-4,HIvNRJDaucBDlhl4p8d3rDdJvY4=,Y+3IBaPbuiYEf5s7VmuVl1bgTOk=
79,-4,HIvNRJDaucBDlhl4p8d3rDdJvY4=,Y+3IBaPbuiYEf5s7VmuVl1bgTOk=
73,-4,HIvNRJDaucBDlhl4p8d3rDdJvY4=,Y+3IBaPbuiYEf5s7VmuVl1bgTOk=
74,-4,HIvNRJDaucBDlhl4p8d3rDdJvY4=,Y+3IBaPbuiYEf5s7VmuVl1bgTOk=
68,-4,HIvNRJDaucBDlhl4p8d3rDdJvY4=,Y+3IBaPbuiYEf5s7VmuVl1bgTOk=
69,-4,HIvNRJDaucBDlhl4p8d3rDdJvY4=,Y+3IBaPbuiYEf5s7VmuVl1bgTOk=
65,-12,HIvNRJDaucBDlhl4p8d3rDdJvY4=,Y+3IBaPbuiYEf5s7VmuVl1bgTOk=
70,-4,HIvNRJDaucBDlhl4p8d3rDdJvY4=,Y+3IBaPbuiYEf5s7VmuVl1bgTOk=
67,-4,HIvNRJDaucBDlhl4p8d3rDdJvY4=,Y+3IBaPbuiYEf5s7VmuVl1bgTOk=
65,-4,HIvNRJDaucBDlhl4p8d3rDdJvY4=,Y+3IBaPbuiYEf5s7VmuVl1bgTOk=
66,-4,HIvNRJDaucBDlhl4p8d3rDdJvY4=,Y+3IBaPbuiYEf5s7VmuVl1bgTOk=
66,-12,HIvNRJDaucBDlhl4p8d3rDdJvY4=,Y+3IBaPbuiYEf5s7VmuVl1bgTOk=
64,-15,HIvNRJDaucBDlhl4p8d3rDdJvY4=,Y+3IBaPbuiYEf5s7VmuVl1bgTOk=
65,-15,HIvNRJDaucBDlhl4p8d3rDdJvY4=,Y+3IBaPbuiYEf5s7VmuVl1bgTOk=
79,-16,HIvNRJDaucBDlhl4p8d3rDdJvY4=,Y+3IBaPbuiYEf5s7VmuVl1bgTOk=
64,-13,HIvNRJDaucBDlhl4p8d3rDdJvY4=,Y+3IBaPbuiYEf5s7VmuVl1bgTOk=
64,-14,HIvNRJDaucBDlhl4p8d3rDdJvY4=,Y+3IBaPbuiYEf5s7VmuVl1bgTOk=
79,-14,HIvNRJDaucBDlhl4p8d3rDdJvY4=,Y+3IBaPbuiYEf5s7VmuVl1bgTOk=
78,-16,HIvNRJDaucBDlhl4p8d3rDdJvY4=,Y+3IBaPbuiYEf5s7VmuVl1bgTOk=
66,-16,HIvNRJDaucBDlhl4p8d3rDdJvY4=,Y+3IBaPbuiYEf5s7VmuVl1bgTOk=
64,-4,HIvNRJDaucBDlhl4p8d3rDdJvY4=,Y+3IBaPbuiYEf5s7VmuVl1bgTOk=
67,-12,HIvNRJDaucBDlhl4p8d3rDdJvY4=,Y+3IBaPbuiYEf5s7VmuVl1bgTOk=
79,-15,HIvNRJDaucBDlhl4p8d3rDdJvY4=,Y+3IBaPbuiYEf5s7VmuVl1bgTOk=
78,-15,HIvNRJDaucBDlhl4p8d3rDdJvY4=,Y+3IBaPbuiYEf5s7VmuVl1bgTOk=
78,-5,HIvNRJDaucBDlhl4p8d3rDdJvY4=,Y+3IBaPbuiYEf5s7VmuVl1bgTOk=
77,-5,HIvNRJDaucBDlhl4p8d3rDdJvY4=,Y+3IBaPbuiYEf5s7VmuVl1bgTOk=
68,-12,HIvNRJDaucBDlhl4p8d3rDdJvY4=,Y+3IBaPbuiYEf5s7VmuVl1bgTOk=
76,-5,HIvNRJDaucBDlhl4p8d3rDdJvY4=,Y+3IBaPbuiYEf5s7VmuVl1bgTOk=
79,-5,HIvNRJDaucBDlhl4p8d3rDdJvY4=,Y+3IBaPbuiYEf5s7VmuVl1bgTOk=
74,-5,HIvNRJDaucBDlhl4p8d3rDdJvY4=,Y+3IBaPbuiYEf5s7VmuVl1bgTOk=
75,-5,HIvNRJDaucBDlhl4p8d3rDdJvY4=,Y+3IBaPbuiYEf5s7VmuVl1bgTOk=
70,-5,HIvNRJDaucBDlhl4p8d3rDdJvY4=,Y+3IBaPbuiYEf5s7VmuVl1bgTOk=
68,-5,HIvNRJDaucBDlhl4p8d3rDdJvY4=,Y+3IBaPbuiYEf5s7VmuVl1bgTOk=
66,-5,HIvNRJDaucBDlhl4p8d3rDdJvY4=,Y+3IBaPbuiYEf5s7VmuVl1bgTOk=
73,-5,HIvNRJDaucBDlhl4p8d3rDdJvY4=,Y+3IBaPbuiYEf5s7VmuVl1bgTOk=
67,-5,HIvNRJDaucBDlhl4p8d3rDdJvY4=,Y+3IBaPbuiYEf5s7VmuVl1bgTOk=
65,-5,HIvNRJDaucBDlhl4p8d3rDdJvY4=,Y+3IBaPbuiYEf5s7VmuVl1bgTOk=
64,-5,HIvNRJDaucBDlhl4p8d3rDdJvY4=,Y+3IBaPbuiYEf5s7VmuVl1bgTOk=
71,-5,HIvNRJDaucBDlhl4p8d3rDdJvY4=,Y+3IBaPbuiYEf5s7VmuVl1bgTOk=
78,-14,HIvNRJDaucBDlhl4p8d3rDdJvY4=,Y+3IBaPbuiYEf5s7VmuVl1bgTOk=
79,-6,HIvNRJDaucBDlhl4p8d3rDdJvY4=,Y+3IBaPbuiYEf5s7VmuVl1bgTOk=
77,-6,HIvNRJDaucBDlhl4p8d3rDdJvY4=,Y+3IBaPbuiYEf5s7VmuVl1bgTOk=
77,-15,HIvNRJDaucBDlhl4p8d3rDdJvY4=,Y+3IBaPbuiYEf5s7VmuVl1bgTOk=
78,-6,HIvNRJDaucBDlhl4p8d3rDdJvY4=,Y+3IBaPbuiYEf5s7VmuVl1bgTOk=
69,-12,HIvNRJDaucBDlhl4p8d3rDdJvY4=,Y+3IBaPbuiYEf5s7VmuVl1bgTOk=
75,-6,HIvNRJDaucBDlhl4p8d3rDdJvY4=,Y+3IBaPbuiYEf5s7VmuVl1bgTOk=
72,-6,HIvNRJDaucBDlhl4p8d3rDdJvY4=,Y+3IBaPbuiYEf5s7VmuVl1bgTOk=
71,-6,HIvNRJDaucBDlhl4p8d3rDdJvY4=,Y+3IBaPbuiYEf5s7VmuVl1bgTOk=
69,-5,HIvNRJDaucBDlhl4p8d3rDdJvY4=,Y+3IBaPbuiYEf5s7VmuVl1bgTOk=
69,-6,HIvNRJDaucBDlhl4p8d3rDdJvY4=,Y+3IBaPbuiYEf5s7VmuVl1bgTOk=
70,-12,HIvNRJDaucBDlhl4p8d3rDdJvY4=,Y+3IBaPbuiYEf5s7VmuVl1bgTOk=
68,-6,HIvNRJDaucBDlhl4p8d3rDdJvY4=,Y+3IBaPbuiYEf5s7VmuVl1bgTOk=
70,-6,HIvNRJDaucBDlhl4p8d3rDdJvY4=,Y+3IBaPbuiYEf5s7VmuVl1bgTOk=
76,-6,HIvNRJDaucBDlhl4p8d3rDdJvY4=,Y+3IBaPbuiYEf5s7VmuVl1bgTOk=
73,-6,HIvNRJDaucBDlhl4p8d3rDdJvY4=,Y+3IBaPbuiYEf5s7VmuVl1bgTOk=
72,-5,HIvNRJDaucBDlhl4p8d3rDdJvY4=,Y+3IBaPbuiYEf5s7VmuVl1bgTOk=
74,-6,HIvNRJDaucBDlhl4p8d3rDdJvY4=,Y+3IBaPbuiYEf5s7VmuVl1bgTOk=
77,-14,HIvNRJDaucBDlhl4p8d3rDdJvY4=,Y+3IBaPbuiYEf5s7VmuVl1bgTOk=
77,-16,HIvNRJDaucBDlhl4p8d3rDdJvY4=,Y+3IBaPbuiYEf5s7VmuVl1bgTOk=
79,-7,HIvNRJDaucBDlhl4p8d3rDdJvY4=,Y+3IBaPbuiYEf5s7VmuVl1bgTOk=
78,-7,HIvNRJDaucBDlhl4p8d3rDdJvY4=,Y+3IBaPbuiYEf5s7VmuVl1bgTOk=
77,-7,HIvNRJDaucBDlhl4p8d3rDdJvY4=,Y+3IBaPbuiYEf5s7VmuVl1bgTOk=
67,-6,HIvNRJDaucBDlhl4p8d3rDdJvY4=,Y+3IBaPbuiYEf5s7VmuVl1bgTOk=
76,-15,HIvNRJDaucBDlhl4p8d3rDdJvY4=,Y+3IBaPbuiYEf5s7VmuVl1bgTOk=
74,-7,HIvNRJDaucBDlhl4p8d3rDdJvY4=,Y+3IBaPbuiYEf5s7VmuVl1bgTOk=
76,-7,HIvNRJDaucBDlhl4p8d3rDdJvY4=,Y+3IBaPbuiYEf5s7VmuVl1bgTOk=
72,-7,HIvNRJDaucBDlhl4p8d3rDdJvY4=,Y+3IBaPbuiYEf5s7VmuVl1bgTOk=
71,-7,HIvNRJDaucBDlhl4p8d3rDdJvY4=,Y+3IBaPbuiYEf5s7VmuVl1bgTOk=
73,-7,HIvNRJDaucBDlhl4p8d3rDdJvY4=,Y+3IBaPbuiYEf5s7VmuVl1bgTOk=
69,-7,HIvNRJDaucBDlhl4p8d3rDdJvY4=,Y+3IBaPbuiYEf5s7VmuVl1bgTOk=
75,-7,HIvNRJDaucBDlhl4p8d3rDdJvY4=,Y+3IBaPbuiYEf5s7VmuVl1bgTOk=
68,-7,HIvNRJDaucBDlhl4p8d3rDdJvY4=,Y+3IBaPbuiYEf5s7VmuVl1bgTOk=
65,-6,HIvNRJDaucBDlhl4p8d3rDdJvY4=,Y+3IBaPbuiYEf5s7VmuVl1bgTOk=
64,-16,HIvNRJDaucBDlhl4p8d3rDdJvY4=,Y+3IBaPbuiYEf5s7VmuVl1bgTOk=
66,-7,HIvNRJDaucBDlhl4p8d3rDdJvY4=,Y+3IBaPbuiYEf5s7VmuVl1bgTOk=
65,-7,HIvNRJDaucBDlhl4p8d3rDdJvY4=,Y+3IBaPbuiYEf5s7VmuVl1bgTOk=
64,-6,HIvNRJDaucBDlhl4p8d3rDdJvY4=,Y+3IBaPbuiYEf5s7VmuVl1bgTOk=
70,-7,HIvNRJDaucBDlhl4p8d3rDdJvY4=,Y+3IBaPbuiYEf5s7VmuVl1bgTOk=
67,-7,HIvNRJDaucBDlhl4p8d3rDdJvY4=,Y+3IBaPbuiYEf5s7VmuVl1bgTOk=
71,-12,HIvNRJDaucBDlhl4p8d3rDdJvY4=,Y+3IBaPbuiYEf5s7VmuVl1bgTOk=
76,-16,HIvNRJDaucBDlhl4p8d3rDdJvY4=,Y+3IBaPbuiYEf5s7VmuVl1bgTOk=
64,-7,HIvNRJDaucBDlhl4p8d3rDdJvY4=,Y+3IBaPbuiYEf5s7VmuVl1bgTOk=
66,-6,HIvNRJDaucBDlhl4p8d3rDdJvY4=,Y+3IBaPbuiYEf5s7VmuVl1bgTOk=
75,-16,HIvNRJDaucBDlhl4p8d3rDdJvY4=,Y+3IBaPbuiYEf5s7VmuVl1bgTOk=
79,-8,HIvNRJDaucBDlhl4p8d3rDdJvY4=,Y+3IBaPbuiYEf5s7VmuVl1bgTOk=
76,-14,HIvNRJDaucBDlhl4p8d3rDdJvY4=,Y+3IBaPbuiYEf5s7VmuVl1bgTOk=
78,-8,HIvNRJDaucBDlhl4p8d3rDdJvY4=,Y+3IBaPbuiYEf5s7VmuVl1bgTOk=
77,-8,HIvNRJDaucBDlhl4p8d3rDdJvY4=,Y+3IBaPbuiYEf5s7VmuVl1bgTOk=
72,-12,HIvNRJDaucBDlhl4p8d3rDdJvY4=,Y+3IBaPbuiYEf5s7VmuVl1bgTOk=
75,-15,HIvNRJDaucBDlhl4p8d3rDdJvY4=,Y+3IBaPbuiYEf5s7VmuVl1bgTOk=
74,-8,HIvNRJDaucBDlhl4p8d3rDdJvY4=,Y+3IBaPbuiYEf5s7VmuVl1bgTOk=
72,-8,HIvNRJDaucBDlhl4p8d3rDdJvY4=,Y+3IBaPbuiYEf5s7VmuVl1bgTOk=
73,-12,HIvNRJDaucBDlhl4p8d3rDdJvY4=,Y+3IBaPbuiYEf5s7VmuVl1bgTOk=
75,-8,HIvNRJDaucBDlhl4p8d3rDdJvY4=,Y+3IBaPbuiYEf5s7VmuVl1bgTOk=
73,-8,HIvNRJDaucBDlhl4p8d3rDdJvY4=,Y+3IBaPbuiYEf5s7VmuVl1bgTOk=
76,-8,HIvNRJDaucBDlhl4p8d3rDdJvY4=,Y+3IBaPbuiYEf5s7VmuVl1bgTOk=
74,-12,HIvNRJDaucBDlhl4p8d3rDdJvY4=,Y+3IBaPbuiYEf5s7VmuVl1bgTOk=
71,-8,HIvNRJDaucBDlhl4p8d3rDdJvY4=,Y+3IBaPbuiYEf5s7VmuVl1bgTOk=
69,-8,HIvNRJDaucBDlhl4p8d3rDdJvY4=,Y+3IBaPbuiYEf5s7VmuVl1bgTOk=
68,-8,HIvNRJDaucBDlhl4p8d3rDdJvY4=,Y+3IBaPbuiYEf5s7VmuVl1bgTOk=
67,-8,HIvNRJDaucBDlhl4p8d3rDdJvY4=,Y+3IBaPbuiYEf5s7VmuVl1bgTOk=
66,-8,HIvNRJDaucBDlhl4p8d3rDdJvY4=,Y+3IBaPbuiYEf5s7VmuVl1bgTOk=
70,-8,HIvNRJDaucBDlhl4p8d3rDdJvY4=,Y+3IBaPbuiYEf5s7VmuVl1bgTOk=
75,-12,HIvNRJDaucBDlhl4p8d3rDdJvY4=,Y+3IBaPbuiYEf5s7VmuVl1bgTOk=
65,-8,HIvNRJDaucBDlhl4p8d3rDdJvY4=,Y+3IBaPbuiYEf5s7VmuVl1bgTOk=
79,-9,HIvNRJDaucBDlhl4p8d3rDdJvY4=,Y+3IBaPbuiYEf5s7VmuVl1bgTOk=
74,-16,HIvNRJDaucBDlhl4p8d3rDdJvY4=,Y+3IBaPbuiYEf5s7VmuVl1bgTOk=
75,-14,HIvNRJDaucBDlhl4p8d3rDdJvY4=,Y+3IBaPbuiYEf5s7VmuVl1bgTOk=
78,-9,HIvNRJDaucBDlhl4p8d3rDdJvY4=,Y+3IBaPbuiYEf5s7VmuVl1bgTOk=
64,-8,HIvNRJDaucBDlhl4p8d3rDdJvY4=,Y+3IBaPbuiYEf5s7VmuVl1bgTOk=
74,-15,HIvNRJDaucBDlhl4p8d3rDdJvY4=,Y+3IBaPbuiYEf5s7VmuVl1bgTOk=
76,-12,HIvNRJDaucBDlhl4p8d3rDdJvY4=,Y+3IBaPbuiYEf5s7VmuVl1bgTOk=
77,-9,HIvNRJDaucBDlhl4p8d3rDdJvY4=,Y+3IBaPbuiYEf5s7VmuVl1bgTOk=
76,-9,HIvNRJDaucBDlhl4p8d3rDdJvY4=,Y+3IBaPbuiYEf5s7VmuVl1bgTOk=
75,-9,HIvNRJDaucBDlhl4p8d3rDdJvY4=,Y+3IBaPbuiYEf5s7VmuVl1bgTOk=
77,-12,HIvNRJDaucBDlhl4p8d3rDdJvY4=,Y+3IBaPbuiYEf5s7VmuVl1bgTOk=
74,-9,HIvNRJDaucBDlhl4p8d3rDdJvY4=,Y+3IBaPbuiYEf5s7VmuVl1bgTOk=
69,-9,HIvNRJDaucBDlhl4p8d3rDdJvY4=,Y+3IBaPbuiYEf5s7VmuVl1bgTOk=
78,-12,HIvNRJDaucBDlhl4p8d3rDdJvY4=,Y+3IBaPbuiYEf5s7VmuVl1bgTOk=
70,-9,HIvNRJDaucBDlhl4p8d3rDdJvY4=,Y+3IBaPbuiYEf5s7VmuVl1bgTOk=
72,-9,HIvNRJDaucBDlhl4p8d3rDdJvY4=,Y+3IBaPbuiYEf5s7VmuVl1bgTOk=
71,-9,HIvNRJDaucBDlhl4p8d3rDdJvY4=,Y+3IBaPbuiYEf5s7VmuVl1bgTOk=
68,-9,HIvNRJDaucBDlhl4p8d3rDdJvY4=,Y+3IBaPbuiYEf5s7VmuVl1bgTOk=
67,-9,HIvNRJDaucBDlhl4p8d3rDdJvY4=,Y+3IBaPbuiYEf5s7VmuVl1bgTOk=
73,-9,HIvNRJDaucBDlhl4p8d3rDdJvY4=,Y+3IBaPbuiYEf5s7VmuVl1bgTOk=
79,-12,HIvNRJDaucBDlhl4p8d3rDdJvY4=,Y+3IBaPbuiYEf5s7VmuVl1bgTOk=
64,-9,HIvNRJDaucBDlhl4p8d3rDdJvY4=,Y+3IBaPbuiYEf5s7VmuVl1bgTOk=
66,-9,HIvNRJDaucBDlhl4p8d3rDdJvY4=,Y+3IBaPbuiYEf5s7VmuVl1bgTOk=
73,-16,HIvNRJDaucBDlhl4p8d3rDdJvY4=,Y+3IBaPbuiYEf5s7VmuVl1bgTOk=
73,-15,HIvNRJDaucBDlhl4p8d3rDdJvY4=,Y+3IBaPbuiYEf5s7VmuVl1bgTOk=
76,-10,HIvNRJDaucBDlhl4p8d3rDdJvY4=,Y+3IBaPbuiYEf5s7VmuVl1bgTOk=
77,-10,HIvNRJDaucBDlhl4p8d3rDdJvY4=,Y+3IBaPbuiYEf5s7VmuVl1bgTOk=
74,-14,HIvNRJDaucBDlhl4p8d3rDdJvY4=,Y+3IBaPbuiYEf5s7VmuVl1bgTOk=
78,-10,HIvNRJDaucBDlhl4p8d3rDdJvY4=,Y+3IBaPbuiYEf5s7VmuVl1bgTOk=
73,-10,HIvNRJDaucBDlhl4p8d3rDdJvY4=,Y+3IBaPbuiYEf5s7VmuVl1bgTOk=
65,-9,HIvNRJDaucBDlhl4p8d3rDdJvY4=,Y+3IBaPbuiYEf5s7VmuVl1bgTOk=
74,-10,HIvNRJDaucBDlhl4p8d3rDdJvY4=,Y+3IBaPbuiYEf5s7VmuVl1bgTOk=
70,-10,HIvNRJDaucBDlhl4p8d3rDdJvY4=,Y+3IBaPbuiYEf5s7VmuVl1bgTOk=
71,-10,HIvNRJDaucBDlhl4p8d3rDdJvY4=,Y+3IBaPbuiYEf5s7VmuVl1bgTOk=
67,-10,HIvNRJDaucBDlhl4p8d3rDdJvY4=,Y+3IBaPbuiYEf5s7VmuVl1bgTOk=
69,-10,HIvNRJDaucBDlhl4p8d3rDdJvY4=,Y+3IBaPbuiYEf5s7VmuVl1bgTOk=
65,-10,HIvNRJDaucBDlhl4p8d3rDdJvY4=,Y+3IBaPbuiYEf5s7VmuVl1bgTOk=
78,-11,HIvNRJDaucBDlhl4p8d3rDdJvY4=,Y+3IBaPbuiYEf5s7VmuVl1bgTOk=
79,-11,HIvNRJDaucBDlhl4p8d3rDdJvY4=,Y+3IBaPbuiYEf5s7VmuVl1bgTOk=
73,-14,HIvNRJDaucBDlhl4p8d3rDdJvY4=,Y+3IBaPbuiYEf5s7VmuVl1bgTOk=
64,-10,HIvNRJDaucBDlhl4p8d3rDdJvY4=,Y+3IBaPbuiYEf5s7VmuVl1bgTOk=
79,-10,HIvNRJDaucBDlhl4p8d3rDdJvY4=,Y+3IBaPbuiYEf5s7VmuVl1bgTOk=
77,-11,HIvNRJDaucBDlhl4p8d3rDdJvY4=,Y+3IBaPbuiYEf5s7VmuVl1bgTOk=
71,-15,HIvNRJDaucBDlhl4p8d3rDdJvY4=,Y+3IBaPbuiYEf5s7VmuVl1bgTOk=
75,-10,HIvNRJDaucBDlhl4p8d3rDdJvY4=,Y+3IBaPbuiYEf5s7VmuVl1bgTOk=
73,-11,HIvNRJDaucBDlhl4p8d3rDdJvY4=,Y+3IBaPbuiYEf5s7VmuVl1bgTOk=
72,-11,HIvNRJDaucBDlhl4p8d3rDdJvY4=,Y+3IBaPbuiYEf5s7VmuVl1bgTOk=
64,-11,HIvNRJDaucBDlhl4p8d3rDdJvY4=,Y+3IBaPbuiYEf5s7VmuVl1bgTOk=
70,-11,HIvNRJDaucBDlhl4p8d3rDdJvY4=,Y+3IBaPbuiYEf5s7VmuVl1bgTOk=
72,-15,HIvNRJDaucBDlhl4p8d3rDdJvY4=,Y+3IBaPbuiYEf5s7VmuVl1bgTOk=
69,-11,HIvNRJDaucBDlhl4p8d3rDdJvY4=,Y+3IBaPbuiYEf5s7VmuVl1bgTOk=
67,-11,HIvNRJDaucBDlhl4p8d3rDdJvY4=,Y+3IBaPbuiYEf5s7VmuVl1bgTOk=
75,-11,HIvNRJDaucBDlhl4p8d3rDdJvY4=,Y+3IBaPbuiYEf5s7VmuVl1bgTOk=
74,-11,HIvNRJDaucBDlhl4p8d3rDdJvY4=,Y+3IBaPbuiYEf5s7VmuVl1bgTOk=
66,-10,HIvNRJDaucBDlhl4p8d3rDdJvY4=,Y+3IBaPbuiYEf5s7VmuVl1bgTOk=
76,-11,HIvNRJDaucBDlhl4p8d3rDdJvY4=,Y+3IBaPbuiYEf5s7VmuVl1bgTOk=
68,-10,HIvNRJDaucBDlhl4p8d3rDdJvY4=,Y+3IBaPbuiYEf5s7VmuVl1bgTOk=
66,-11,HIvNRJDaucBDlhl4p8d3rDdJvY4=,Y+3IBaPbuiYEf5s7VmuVl1bgTOk=
72,-16,HIvNRJDaucBDlhl4p8d3rDdJvY4=,Y+3IBaPbuiYEf5s7VmuVl1bgTOk=
71,-11,HIvNRJDaucBDlhl4p8d3rDdJvY4=,Y+3IBaPbuiYEf5s7VmuVl1bgTOk=
72,-10,HIvNRJDaucBDlhl4p8d3rDdJvY4=,Y+3IBaPbuiYEf5s7VmuVl1bgTOk=
72,-14,HIvNRJDaucBDlhl4p8d3rDdJvY4=,Y+3IBaPbuiYEf5s7VmuVl1bgTOk=
68,-11,HIvNRJDaucBDlhl4p8d3rDdJvY4=,Y+3IBaPbuiYEf5s7VmuVl1bgTOk=
65,-11,HIvNRJDaucBDlhl4p8d3rDdJvY4=,Y+3IBaPbuiYEf5s7VmuVl1bgTOk=
71,-16,HIvNRJDaucBDlhl4p8d3rDdJvY4=,Y+3IBaPbuiYEf5s7VmuVl1bgTOk=
