143,143,ELIhCrHETeZbt4RL95aUwDx/AWU=,1Qknge0uZUp/rLRCEARv8j7SQcI=
129,128,ki4E8HYCLek+tcBWvS02QixuHxE=,1Qknge0uZUp/rLRCEARv8j7SQcI=
133,129,ki4E8HYCLek+tcBWvS02QixuHxE=,1Qknge0uZUp/rLRCEARv8j7SQcI=
132,129,iFaTci1TzPmOtWQlbWtA9NIBUaQ=,1Qknge0uZUp/rLRCEARv8j7SQcI=
132,130,iFaTci1TzPmOtWQlbWtA9NIBUaQ=,1Qknge0uZUp/rLRCEARv8j7SQcI=
135,131,MkgIr8Z6ce9ECr0fafpAylka0bo=,1Qknge0uZUp/rLRCEARv8j7SQcI=
131,131,MkgIr8Z6ce9ECr0fafpAylka0bo=,1Qknge0uZUp/rLRCEARv8j7SQcI=
130,131,MkgIr8Z6ce9ECr0fafpAylka0bo=,1Qknge0uZUp/rLRCEARv8j7SQcI=
141,143,lHP0CeZlkyFagyJ/DyUo6TtslPY=,1Qknge0uZUp/rLRCEARv8j7SQcI=
140,143,lHP0CeZlkyFagyJ/DyUo6TtslPY=,1Qknge0uZUp/rLRCEARv8j7SQcI=
142,143,lHP0CeZlkyFagyJ/DyUo6TtslPY=,1Qknge0uZUp/rLRCEARv8j7SQcI=
134,130,58cKs5P1Xjyed7kvaUFDFcfH0QM=,1Qknge0uZUp/rLRCEARv8j7SQcI=
134,131,58cKs5P1Xjyed7kvaUFDFcfH0QM=,1Qknge0uZUp/rLRCEARv8j7SQcI=
139,143,58cKs5P1Xjyed7kvaUFDFcfH0QM=,1Qknge0uZUp/rLRCEARv8j7SQcI=
136,131,58cKs5P1Xjyed7kvaUFDFcfH0QM=,1Qknge0uZUp/rLRCEARv8j7SQcI=
137,143,58cKs5P1Xjyed7kvaUFDFcfH0QM=,1Qknge0uZUp/rLRCEARv8j7SQcI=
138,143,MTL+rO2l48jmUPQosBJXU2zNgDs=,1Qknge0uZUp/rLRCEARv8j7SQcI=
136,143,MTL+rO2l48jmUPQosBJXU2zNgDs=,1Qknge0uZUp/rLRCEARv8j7SQcI=
132,131,MTL+rO2l48jmUPQosBJXU2zNgDs=,1Qknge0uZUp/rLRCEARv8j7SQcI=
133,128,MTL+rO2l48jmUPQosBJXU2zNgDs=,1Qknge0uZUp/rLRCEARv8j7SQcI=
137,131,MTL+rO2l48jmUPQosBJXU2zNgDs=,1Qknge0uZUp/rLRCEARv8j7SQcI=
135,143,MTL+rO2l48jmUPQosBJXU2zNgDs=,1Qknge0uZUp/rLRCEARv8j7SQcI=
134,143,MTL+rO2l48jmUPQosBJXU2zNgDs=,1Qknge0uZUp/rLRCEARv8j7SQcI=
133,131,MTL+rO2l48jmUPQosBJXU2zNgDs=,1Qknge0uZUp/rLRCEARv8j7SQcI=
138,131,MTL+rO2l48jmUPQosBJXU2zNgDs=,1Qknge0uZUp/rLRCEARv8j7SQcI=
133,130,MTL+rO2l48jmUPQosBJXU2zNgDs=,1Qknge0uZUp/rLRCEARv8j7SQcI=
133,143,MTL+rO2l48jmUPQosBJXU2zNgDs=,1Qknge0uZUp/rLRCEARv8j7SQcI=
130,143,MTL+rO2l48jmUPQosBJXU2zNgDs=,1Qknge0uZUp/rLRCEARv8j7SQcI=
129,143,MTL+rO2l48jmUPQosBJXU2zNgDs=,1Qknge0uZUp/rLRCEARv8j7SQcI=
132,143,MTL+rO2l48jmUPQosBJXU2zNgDs=,1Qknge0uZUp/rLRCEARv8j7SQcI=
131,143,MTL+rO2l48jmUPQosBJXU2zNgDs=,1Qknge0uZUp/rLRCEARv8j7SQcI=
129,131,MTL+rO2l48jmUPQosBJXU2zNgDs=,1Qknge0uZUp/rLRCEARv8j7SQcI=
139,131,MTL+rO2l48jmUPQosBJXU2zNgDs=,1Qknge0uZUp/rLRCEARv8j7SQcI=
132,128,MTL+rO2l48jmUPQosBJXU2zNgDs=,1Qknge0uZUp/rLRCEARv8j7SQcI=
131,130,MTL+rO2l48jmUPQosBJXU2zNgDs=,1Qknge0uZUp/rLRCEARv8j7SQcI=
141,142,MTL+rO2l48jmUPQosBJXU2zNgDs=,1Qknge0uZUp/rLRCEARv8j7SQcI=
128,143,MTL+rO2l48jmUPQosBJXU2zNgDs=,1Qknge0uZUp/rLRCEARv8j7SQcI=
131,128,MTL+rO2l48jmUPQosBJXU2zNgDs=,1Qknge0uZUp/rLRCEARv8j7SQcI=
143,142,MTL+rO2l48jmUPQosBJXU2zNgDs=,1Qknge0uZUp/rLRCEARv8j7SQcI=
140,142,MTL+rO2l48jmUPQosBJXU2zNgDs=,1Qknge0uZUp/rLRCEARv8j7SQcI=
140,131,MTL+rO2l48jmUPQosBJXU2zNgDs=,1Qknge0uZUp/rLRCEARv8j7SQcI=
138,142,MTL+rO2l48jmUPQosBJXU2zNgDs=,1Qknge0uZUp/rLRCEARv8j7SQcI=
137,142,MTL+rO2l48jmUPQosBJXU2zNgDs=,1Qknge0uZUp/rLRCEARv8j7SQcI=
142,142,MTL+rO2l48jmUPQosBJXU2zNgDs=,1Qknge0uZUp/rLRCEARv8j7SQcI=
136,142,MTL+rO2l48jmUPQosBJXU2zNgDs=,1Qknge0uZUp/rLRCEARv8j7SQcI=
139,142,MTL+rO2l48jmUPQosBJXU2zNgDs=,1Qknge0uZUp/rLRCEARv8j7SQcI=
141,131,MTL+rO2l48jmUPQosBJXU2zNgDs=,1Qknge0uZUp/rLRCEARv8j7SQcI=
134,142,MTL+rO2l48jmUPQosBJXU2zNgDs=,1Qknge0uZUp/rLRCEARv8j7SQcI=
130,142,MTL+rO2l48jmUPQosBJXU2zNgDs=,1Qknge0uZUp/rLRCEARv8j7SQcI=
133,142,MTL+rO2l48jmUPQosBJXU2zNgDs=,1Qknge0uZUp/rLRCEARv8j7SQcI=
135,142,MTL+rO2l48jmUPQosBJXU2zNgDs=,1Qknge0uZUp/rLRCEARv8j7SQcI=
132,142,MTL+rO2l48jmUPQosBJXU2zNgDs=,1Qknge0uZUp/rLRCEARv8j7SQcI=
142,131,MTL+rO2l48jmUPQosBJXU2zNgDs=,1Qknge0uZUp/rLRCEARv8j7SQcI=
131,142,MTL+rO2l48jmUPQosBJXU2zNgDs=,1Qknge0uZUp/rLRCEARv8j7SQcI=
129,142,MTL+rO2l48jmUPQosBJXU2zNgDs=,1Qknge0uZUp/rLRCEARv8j7SQcI=
141,141,MTL+rO2l48jmUPQosBJXU2zNgDs=,1Qknge0uZUp/rLRCEARv8j7SQcI=
139,141,MTL+rO2l48jmUPQosBJXU2zNgDs=,1Qknge0uZUp/rLRCEARv8j7SQcI=
140,141,MTL+rO2l48jmUPQosBJXU2zNgDs=,1Qknge0uZUp/rLRCEARv8j7SQcI=
142,141,MTL+rO2l48jmUPQosBJXU2zNgDs=,1Qknge0uZUp/rLRCEARv8j7SQcI=
138,141,MTL+rO2l48jmUPQosBJXU2zNgDs=,1Qknge0uZUp/rLRCEARv8j7SQcI=
128,142,MTL+rO2l48jmUPQosBJXU2zNgDs=,1Qknge0uZUp/rLRCEARv8j7SQcI=
143,141,MTL+rO2l48jmUPQosBJXU2zNgDs=,1Qknge0uZUp/rLRCEARv8j7SQcI=
130,130,MTL+rO2l48jmUPQosBJXU2zNgDs=,1Qknge0uZUp/rLRCEARv8j7SQcI=
131,129,MTL+rO2l48jmUPQosBJXU2zNgDs=,1Qknge0uZUp/rLRCEARv8j7SQcI=
130,141,MTL+rO2l48jmUPQosBJXU2zNgDs=,1Qknge0uZUp/rLRCEARv8j7SQcI=
143,131,MTL+rO2l48jmUPQosBJXU2zNgDs=,1Qknge0uZUp/rLRCEARv8j7SQcI=
137,141,MTL+rO2l48jmUPQosBJXU2zNgDs=,1Qknge0uZUp/rLRCEARv8j7SQcI=
129,141,MTL+rO2l48jmUPQosBJXU2zNgDs=,1Qknge0uZUp/rLRCEARv8j7SQcI=
132,141,MTL+rO2l48jmUPQosBJXU2zNgDs=,1Qknge0uZUp/rLRCEARv8j7SQcI=
135,141,MTL+rO2l48jmUPQosBJXU2zNgDs=,1Qknge0uZUp/rLRCEARv8j7SQcI=
136,141,MTL+rO2l48jmUPQosBJXU2zNgDs=,1Qknge0uZUp/rLRCEARv8j7SQcI=
133,141,MTL+rO2l48jmUPQosBJXU2zNgDs=,1Qknge0uZUp/rLRCEARv8j7SQcI=
131,141,MTL+rO2l48jmUPQosBJXU2zNgDs=,1Qknge0uZUp/rLRCEARv8j7SQcI=
139,140,MTL+rO2l48jmUPQosBJXU2zNgDs=,1Qknge0uZUp/rLRCEARv8j7SQcI=
140,140,MTL+rO2l48jmUPQosBJXU2zNgDs=,1Qknge0uZUp/rLRCEARv8j7SQcI=
138,140,MTL+rO2l48jmUPQosBJXU2zNgDs=,1Qknge0uZUp/rLRCEARv8j7SQcI=
143,140,MTL+rO2l48jmUPQosBJXU2zNgDs=,1Qknge0uZUp/rLRCEARv8j7SQcI=
141,140,MTL+rO2l48jmUPQosBJXU2zNgDs=,1Qknge0uZUp/rLRCEARv8j7SQcI=
142,140,MTL+rO2l48jmUPQosBJXU2zNgDs=,1Qknge0uZUp/rLRCEARv8j7SQcI=
137,140,MTL+rO2l48jmUPQosBJXU2zNgDs=,1Qknge0uZUp/rLRCEARv8j7SQcI=
134,129,MTL+rO2l48jmUPQosBJXU2zNgDs=,1Qknge0uZUp/rLRCEARv8j7SQcI=
129,130,MTL+rO2l48jmUPQosBJXU2zNgDs=,1Qknge0uZUp/rLRCEARv8j7SQcI=
133,140,MTL+rO2l48jmUPQosBJXU2zNgDs=,1Qknge0uZUp/rLRCEARv8j7SQcI=
134,140,MTL+rO2l48jmUPQosBJXU2zNgDs=,1Qknge0uZUp/rLRCEARv8j7SQcI=
135,140,MTL+rO2l48jmUPQosBJXU2zNgDs=,1Qknge0uZUp/rLRCEARv8j7SQcI=
136,140,MTL+rO2l48jmUPQosBJXU2zNgDs=,1Qknge0uZUp/rLRCEARv8j7SQcI=
134,128,MTL+rO2l48jmUPQosBJXU2zNgDs=,1Qknge0uZUp/rLRCEARv8j7SQcI=
129,140,MTL+rO2l48jmUPQosBJXU2zNgDs=,1Qknge0uZUp/rLRCEARv8j7SQcI=
128,141,MTL+rO2l48jmUPQosBJXU2zNgDs=,1Qknge0uZUp/rLRCEARv8j7SQcI=
131,140,MTL+rO2l48jmUPQosBJXU2zNgDs=,1Qknge0uZUp/rLRCEARv8j7SQcI=
128,140,MTL+rO2l48jmUPQosBJXU2zNgDs=,1Qknge0uZUp/rLRCEARv8j7SQcI=
143,130,MTL+rO2l48jmUPQosBJXU2zNgDs=,1Qknge0uZUp/rLRCEARv8j7SQcI=
143,128,MTL+rO2l48jmUPQosBJXU2zNgDs=,1Qknge0uZUp/rLRCEARv8j7SQcI=
142,128,MTL+rO2l48jmUPQosBJXU2zNgDs=,1Qknge0uZUp/rLRCEARv8j7SQcI=
143,129,MTL+rO2l48jmUPQosBJXU2zNgDs=,1Qknge0uZUp/rLRCEARv8j7SQcI=
128,130,MTL+rO2l48jmUPQosBJXU2zNgDs=,1Qknge0uZUp/rLRCEARv8j7SQcI=
143,139,MTL+rO2l48jmUPQosBJXU2zNgDs=,1Qknge0uZUp/rLRCEARv8j7SQcI=
129,129,MTL+rO2l48jmUPQosBJXU2zNgDs=,1Qknge0uZUp/rLRCEARv8j7SQcI=
135,130,MTL+rO2l48jmUPQosBJXU2zNgDs=,1Qknge0uZUp/rLRCEARv8j7SQcI=
130,128,MTL+rO2l48jmUPQosBJXU2zNgDs=,1Qknge0uZUp/rLRCEARv8j7SQcI=
138,139,MTL+rO2l48jmUPQosBJXU2zNgDs=,1Qknge0uZUp/rLRCEARv8j7SQcI=
139,139,MTL+rO2l48jmUPQosBJXU2zNgDs=,1Qknge0uZUp/rLRCEARv8j7SQcI=
141,139,MTL+rO2l48jmUPQosBJXU2zNgDs=,1Qknge0uZUp/rLRCEARv8j7SQcI=
140,139,MTL+rO2l48jmUPQosBJXU2zNgDs=,1Qknge0uZUp/rLRCEARv8j7SQcI=
137,139,MTL+rO2l48jmUPQosBJXU2zNgDs=,1Qknge0uZUp/rLRCEARv8j7SQcI=
130,140,MTL+rO2l48jmUPQosBJXU2zNgDs=,1Qknge0uZUp/rLRCEARv8j7SQcI=
142,139,MTL+rO2l48jmUPQosBJXU2zNgDs=,1Qknge0uZUp/rLRCEARv8j7SQcI=
136,139,MTL+rO2l48jmUPQosBJXU2zNgDs=,1Qknge0uZUp/rLRCEARv8j7SQcI=
132,140,MTL+rO2l48jmUPQosBJXU2zNgDs=,1Qknge0uZUp/rLRCEARv8j7SQcI=
134,141,MTL+rO2l48jmUPQosBJXU2zNgDs=,1Qknge0uZUp/rLRCEARv8j7SQcI=
130,139,MTL+rO2l48jmUPQosBJXU2zNgDs=,1Qknge0uZUp/rLRCEARv8j7SQcI=
142,129,MTL+rO2l48jmUPQosBJXU2zNgDs=,1Qknge0uZUp/rLRCEARv8j7SQcI=
135,139,MTL+rO2l48jmUPQosBJXU2zNgDs=,1Qknge0uZUp/rLRCEARv8j7SQcI=
132,139,MTL+rO2l48jmUPQosBJXU2zNgDs=,1Qknge0uZUp/rLRCEARv8j7SQcI=
128,129,MTL+rO2l48jmUPQosBJXU2zNgDs=,1Qknge0uZUp/rLRCEARv8j7SQcI=
130,129,MTL+rO2l48jmUPQosBJXU2zNgDs=,1Qknge0uZUp/rLRCEARv8j7SQcI=
131,139,MTL+rO2l48jmUPQosBJXU2zNgDs=,1Qknge0uZUp/rLRCEARv8j7SQcI=
141,128,MTL+rO2l48jmUPQosBJXU2zNgDs=,1Qknge0uZUp/rLRCEARv8j7SQcI=
143,138,MTL+rO2l48jmUPQosBJXU2zNgDs=,1Qknge0uZUp/rLRCEARv8j7SQcI=
139,138,MTL+rO2l48jmUPQosBJXU2zNgDs=,1Qknge0uZUp/rLRCEARv8j7SQcI=
142,138,MTL+rO2l48jmUPQosBJXU2zNgDs=,1Qknge0uZUp/rLRCEARv8j7SQcI=
128,132,MTL+rO2l48jmUPQosBJXU2zNgDs=,1Qknge0uZUp/rLRCEARv8j7SQcI=
140,138,MTL+rO2l48jmUPQosBJXU2zNgDs=,1Qknge0uZUp/rLRCEARv8j7SQcI=
138,138,MTL+rO2l48jmUPQosBJXU2zNgDs=,1Qknge0uZUp/rLRCEARv8j7SQcI=
141,138,MTL+rO2l48jmUPQosBJXU2zNgDs=,1Qknge0uZUp/rLRCEARv8j7SQcI=
137,138,MTL+rO2l48jmUPQosBJXU2zNgDs=,1Qknge0uZUp/rLRCEARv8j7SQcI=
135,138,MTL+rO2l48jmUPQosBJXU2zNgDs=,1Qknge0uZUp/rLRCEARv8j7SQcI=
136,138,MTL+rO2l48jmUPQosBJXU2zNgDs=,1Qknge0uZUp/rLRCEARv8j7SQcI=
133,139,MTL+rO2l48jmUPQosBJXU2zNgDs=,1Qknge0uZUp/rLRCEARv8j7SQcI=
141,129,MTL+rO2l48jmUPQosBJXU2zNgDs=,1Qknge0uZUp/rLRCEARv8j7SQcI=
134,139,MTL+rO2l48jmUPQosBJXU2zNgDs=,1Qknge0uZUp/rLRCEARv8j7SQcI=
132,138,MTL+rO2l48jmUPQosBJXU2zNgDs=,1Qknge0uZUp/rLRCEARv8j7SQcI=
128,131,MTL+rO2l48jmUPQosBJXU2zNgDs=,1Qknge0uZUp/rLRCEARv8j7SQcI=
128,139,MTL+rO2l48jmUPQosBJXU2zNgDs=,1Qknge0uZUp/rLRCEARv8j7SQcI=
129,139,MTL+rO2l48jmUPQosBJXU2zNgDs=,1Qknge0uZUp/rLRCEARv8j7SQcI=
134,138,MTL+rO2l48jmUPQosBJXU2zNgDs=,1Qknge0uZUp/rLRCEARv8j7SQcI=
129,138,MTL+rO2l48jmUPQosBJXU2zNgDs=,1Qknge0uZUp/rLRCEARv8j7SQcI=
130,138,MTL+rO2l48jmUPQosBJXU2zNgDs=,1Qknge0uZUp/rLRCEARv8j7SQcI=
133,138,MTL+rO2l48jmUPQosBJXU2zNgDs=,1Qknge0uZUp/rLRCEARv8j7SQcI=
129,132,MTL+rO2l48jmUPQosBJXU2zNgDs=,1Qknge0uZUp/rLRCEARv8j7SQcI=
131,138,MTL+rO2l48jmUPQosBJXU2zNgDs=,1Qknge0uZUp/rLRCEARv8j7SQcI=
128,138,MTL+rO2l48jmUPQosBJXU2zNgDs=,1Qknge0uZUp/rLRCEARv8j7SQcI=
141,130,MTL+rO2l48jmUPQosBJXU2zNgDs=,1Qknge0uZUp/rLRCEARv8j7SQcI=
143,137,MTL+rO2l48jmUPQosBJXU2zNgDs=,1Qknge0uZUp/rLRCEARv8j7SQcI=
140,128,MTL+rO2l48jmUPQosBJXU2zNgDs=,1Qknge0uZUp/rLRCEARv8j7SQcI=
142,130,MTL+rO2l48jmUPQosBJXU2zNgDs=,1Qknge0uZUp/rLRCEARv8j7SQcI=
140,129,MTL+rO2l48jmUPQosBJXU2zNgDs=,1Qknge0uZUp/rLRCEARv8j7SQcI=
142,137,MTL+rO2l48jmUPQosBJXU2zNgDs=,1Qknge0uZUp/rLRCEARv8j7SQcI=
140,137,MTL+rO2l48jmUPQosBJXU2zNgDs=,1Qknge0uZUp/rLRCEARv8j7SQcI=
139,137,MTL+rO2l48jmUPQosBJXU2zNgDs=,1Qknge0uZUp/rLRCEARv8j7SQcI=
130,132,MTL+rO2l48jmUPQosBJXU2zNgDs=,1Qknge0uZUp/rLRCEARv8j7SQcI=
138,137,MTL+rO2l48jmUPQosBJXU2zNgDs=,1Qknge0uZUp/rLRCEARv8j7SQcI=
141,137,MTL+rO2l48jmUPQosBJXU2zNgDs=,1Qknge0uZUp/rLRCEARv8j7SQcI=
136,137,MTL+rO2l48jmUPQosBJXU2zNgDs=,1Qknge0uZUp/rLRCEARv8j7SQcI=
134,137,MTL+rO2l48jmUPQosBJXU2zNgDs=,1Qknge0uZUp/rLRCEARv8j7SQcI=
133,137,MTL+rO2l48jmUPQosBJXU2zNgDs=,1Qknge0uZUp/rLRCEARv8j7SQcI=
137,137,MTL+rO2l48jmUPQosBJXU2zNgDs=,1Qknge0uZUp/rLRCEARv8j7SQcI=
132,137,MTL+rO2l48jmUPQosBJXU2zNgDs=,1Qknge0uZUp/rLRCEARv8j7SQcI=
131,132,MTL+rO2l48jmUPQosBJXU2zNgDs=,1Qknge0uZUp/rLRCEARv8j7SQcI=
128,137,MTL+rO2l48jmUPQosBJXU2zNgDs=,1Qknge0uZUp/rLRCEARv8j7SQcI=
139,128,MTL+rO2l48jmUPQosBJXU2zNgDs=,1Qknge0uZUp/rLRCEARv8j7SQcI=
130,137,MTL+rO2l48jmUPQosBJXU2zNgDs=,1Qknge0uZUp/rLRCEARv8j7SQcI=
129,137,MTL+rO2l48jmUPQosBJXU2zNgDs=,1Qknge0uZUp/rLRCEARv8j7SQcI=
131,137,MTL+rO2l48jmUPQosBJXU2zNgDs=,1Qknge0uZUp/rLRCEARv8j7SQcI=
135,137,MTL+rO2l48jmUPQosBJXU2zNgDs=,1Qknge0uZUp/rLRCEARv8j7SQcI=
142,136,MTL+rO2l48jmUPQosBJXU2zNgDs=,1Qknge0uZUp/rLRCEARv8j7SQcI=
143,136,MTL+rO2l48jmUPQosBJXU2zNgDs=,1Qknge0uZUp/rLRCEARv8j7SQcI=
140,130,MTL+rO2l48jmUPQosBJXU2zNgDs=,1Qknge0uZUp/rLRCEARv8j7SQcI=
139,136,MTL+rO2l48jmUPQosBJXU2zNgDs=,1Qknge0uZUp/rLRCEARv8j7SQcI=
132,132,MTL+rO2l48jmUPQosBJXU2zNgDs=,1Qknge0uZUp/rLRCEARv8j7SQcI=
140,136,MTL+rO2l48jmUPQosBJXU2zNgDs=,1Qknge0uZUp/rLRCEARv8j7SQcI=
141,136,MTL+rO2l48jmUPQosBJXU2zNgDs=,1Qknge0uZUp/rLRCEARv8j7SQcI=
138,136,MTL+rO2l48jmUPQosBJXU2zNgDs=,1Qknge0uZUp/rLRCEARv8j7SQcI=
139,129,MTL+rO2l48jmUPQosBJXU2zNgDs=,1Qknge0uZUp/rLRCEARv8j7SQcI=
137,136,MTL+rO2l48jmUPQosBJXU2zNgDs=,1Qknge0uZUp/rLRCEARv8j7SQcI=
133,132,MTL+rO2l48jmUPQosBJXU2zNgDs=,1Qknge0uZUp/rLRCEARv8j7SQcI=
132,136,MTL+rO2l48jmUPQosBJXU2zNgDs=,1Qknge0uZUp/rLRCEARv8j7SQcI=
134,132,MTL+rO2l48jmUPQosBJXU2zNgDs=,1Qknge0uZUp/rLRCEARv8j7SQcI=
131,136,MTL+rO2l48jmUPQosBJXU2zNgDs=,1Qknge0uZUp/rLRCEARv8j7SQcI=
133,136,MTL+rO2l48jmUPQosBJXU2zNgDs=,1Qknge0uZUp/rLRCEARv8j7SQcI=
134,136,MTL+rO2l48jmUPQosBJXU2zNgDs=,1Qknge0uZUp/rLRCEARv8j7SQcI=
135,136,MTL+rO2l48jmUPQosBJXU2zNgDs=,1Qknge0uZUp/rLRCEARv8j7SQcI=
130,136,MTL+rO2l48jmUPQosBJXU2zNgDs=,1Qknge0uZUp/rLRCEARv8j7SQcI=
136,136,MTL+rO2l48jmUPQosBJXU2zNgDs=,1Qknge0uZUp/rLRCEARv8j7SQcI=
138,128,MTL+rO2l48jmUPQosBJXU2zNgDs=,1Qknge0uZUp/rLRCEARv8j7SQcI=
128,136,MTL+rO2l48jmUPQosBJXU2zNgDs=,1Qknge0uZUp/rLRCEARv8j7SQcI=
129,136,MTL+rO2l48jmUPQosBJXU2zNgDs=,1Qknge0uZUp/rLRCEARv8j7SQcI=
139,130,MTL+rO2l48jmUPQosBJXU2zNgDs=,1Qknge0uZUp/rLRCEARv8j7SQcI=
128,128,MTL+rO2l48jmUPQosBJXU2zNgDs=,1Qknge0uZUp/rLRCEARv8j7SQcI=
143,135,MTL+rO2l48jmUPQosBJXU2zNgDs=,1Qknge0uZUp/rLRCEARv8j7SQcI=
142,135,MTL+rO2l48jmUPQosBJXU2zNgDs=,1Qknge0uZUp/rLRCEARv8j7SQcI=
138,135,MTL+rO2l48jmUPQosBJXU2zNgDs=,1Qknge0uZUp/rLRCEARv8j7SQcI=
135,132,MTL+rO2l48jmUPQosBJXU2zNgDs=,1Qknge0uZUp/rLRCEARv8j7SQcI=
141,135,MTL+rO2l48jmUPQosBJXU2zNgDs=,1Qknge0uZUp/rLRCEARv8j7SQcI=
138,129,MTL+rO2l48jmUPQosBJXU2zNgDs=,1Qknge0uZUp/rLRCEARv8j7SQcI=
139,135,MTL+rO2l48jmUPQosBJXU2zNgDs=,1Qknge0uZUp/rLRCEARv8j7SQcI=
137,135,MTL+rO2l48jmUPQosBJXU2zNgDs=,1Qknge0uZUp/rLRCEARv8j7SQcI=
140,135,MTL+rO2l48jmUPQosBJXU2zNgDs=,1Qknge0uZUp/rLRCEARv8j7SQcI=
133,135,MTL+rO2l48jmUPQosBJXU2zNgDs=,1Qknge0uZUp/rLRCEARv8j7SQcI=
136,135,MTL+rO2l48jmUPQosBJXU2zNgDs=,1Qknge0uZUp/rLRCEARv8j7SQcI=
136,132,MTL+rO2l48jmUPQosBJXU2zNgDs=,1Qknge0uZUp/rLRCEARv8j7SQcI=
135,135,MTL+rO2l48jmUPQosBJXU2zNgDs=,1Qknge0uZUp/rLRCEARv8j7SQcI=
134,135,MTL+rO2l48jmUPQosBJXU2zNgDs=,1Qknge0uZUp/rLRCEARv8j7SQcI=
131,135,MTL+rO2l48jmUPQosBJXU2zNgDs=,1Qknge0uZUp/rLRCEARv8j7SQcI=
137,128,MTL+rO2l48jmUPQosBJXU2zNgDs=,1Qknge0uZUp/rLRCEARv8j7SQcI=
132,135,MTL+rO2l48jmUPQosBJXU2zNgDs=,1Qknge0uZUp/rLRCEARv8j7SQcI=
129,135,MTL+rO2l48jmUPQosBJXU2zNgDs=,1Qknge0uZUp/rLRCEARv8j7SQcI=
130,135,MTL+rO2l48jmUPQosBJXU2zNgDs=,1Qknge0uZUp/rLRCEARv8j7SQcI=
138,130,MTL+rO2l48jmUPQosBJXU2zNgDs=,1Qknge0uZUp/rLRCEARv8j7SQcI=
137,132,MTL+rO2l48jmUPQosBJXU2zNgDs=,1Qknge0uZUp/rLRCEARv8j7SQcI=
142,134,MTL+rO2l48jmUPQosBJXU2zNgDs=,1Qknge0uZUp/rLRCEARv8j7SQcI=
143,134,MTL+rO2l48jmUPQosBJXU2zNgDs=,1Qknge0uZUp/rLRCEARv8j7SQcI=
137,129,MTL+rO2l48jmUPQosBJXU2zNgDs=,1Qknge0uZUp/rLRCEARv8j7SQcI=
128,135,MTL+rO2l48jmUPQosBJXU2zNgDs=,1Qknge0uZUp/rLRCEARv8j7SQcI=
138,134,MTL+rO2l48jmUPQosBJXU2zNgDs=,1Qknge0uZUp/rLRCEARv8j7SQcI=
141,134,MTL+rO2l48jmUPQosBJXU2zNgDs=,1Qknge0uZUp/rLRCEARv8j7SQcI=
139,134,MTL+rO2l48jmUPQosBJXU2zNgDs=,1Qknge0uZUp/rLRCEARv8j7SQcI=
138,132,MTL+rO2l48jmUPQosBJXU2zNgDs=,1Qknge0uZUp/rLRCEARv8j7SQcI=
137,134,MTL+rO2l48jmUPQosBJXU2zNgDs=,1Qknge0uZUp/rLRCEARv8j7SQcI=
136,134,MTL+rO2l48jmUPQosBJXU2zNgDs=,1Qknge0uZUp/rLRCEARv8j7SQcI=
135,134,MTL+rO2l48jmUPQosBJXU2zNgDs=,1Qknge0uZUp/rLRCEARv8j7SQcI=
139,132,MTL+rO2l48jmUPQosBJXU2zNgDs=,1Qknge0uZUp/rLRCEARv8j7SQcI=
140,134,MTL+rO2l48jmUPQosBJXU2zNgDs=,1Qknge0uZUp/rLRCEARv8j7SQcI=
134,134,MTL+rO2l48jmUPQosBJXU2zNgDs=,1Qknge0uZUp/rLRCEARv8j7SQcI=
133,134,MTL+rO2l48jmUPQosBJXU2zNgDs=,1Qknge0uZUp/rLRCEARv8j7SQcI=
131,134,MTL+rO2l48jmUPQosBJXU2zNgDs=,1Qknge0uZUp/rLRCEARv8j7SQcI=
140,132,MTL+rO2l48jmUPQosBJXU2zNgDs=,1Qknge0uZUp/rLRCEARv8j7SQcI=
132,134,MTL+rO2l48jmUPQosBJXU2zNgDs=,1Qknge0uZUp/rLRCEARv8j7SQcI=
137,130,MTL+rO2l48jmUPQosBJXU2zNgDs=,1Qknge0uZUp/rLRCEARv8j7SQcI=
130,134,MTL+rO2l48jmUPQosBJXU2zNgDs=,1Qknge0uZUp/rLRCEARv8j7SQcI=
143,133,MTL+rO2l48jmUPQosBJXU2zNgDs=,1Qknge0uZUp/rLRCEARv8j7SQcI=
141,132,MTL+rO2l48jmUPQosBJXU2zNgDs=,1Qknge0uZUp/rLRCEARv8j7SQcI=
129,134,MTL+rO2l48jmUPQosBJXU2zNgDs=,1Qknge0uZUp/rLRCEARv8j7SQcI=
136,128,MTL+rO2l48jmUPQosBJXU2zNgDs=,1Qknge0uZUp/rLRCEARv8j7SQcI=
128,134,MTL+rO2l48jmUPQosBJXU2zNgDs=,1Qknge0uZUp/rLRCEARv8j7SQcI=
139,133,MTL+rO2l48jmUPQosBJXU2zNgDs=,1Qknge0uZUp/rLRCEARv8j7SQcI=
140,133,MTL+rO2l48jmUPQosBJXU2zNgDs=,1Qknge0uZUp/rLRCEARv8j7SQcI=
141,133,MTL+rO2l48jmUPQosBJXU2zNgDs=,1Qknge0uZUp/rLRCEARv8j7SQcI=
138,133,MTL+rO2l48jmUPQosBJXU2zNgDs=,1Qknge0uZUp/rLRCEARv8j7SQcI=
142,133,MTL+rO2l48jmUPQosBJXU2zNgDs=,1Qknge0uZUp/rLRCEARv8j7SQcI=
136,129,MTL+rO2l48jmUPQosBJXU2zNgDs=,1Qknge0uZUp/rLRCEARv8j7SQcI=
142,132,MTL+rO2l48jmUPQosBJXU2zNgDs=,1Qknge0uZUp/rLRCEARv8j7SQcI=
136,133,MTL+rO2l48jmUPQosBJXU2zNgDs=,1Qknge0uZUp/rLRCEARv8j7SQcI=
135,133,MTL+rO2l48jmUPQosBJXU2zNgDs=,1Qknge0uZUp/rLRCEARv8j7SQcI=
137,133,MTL+rO2l48jmUPQosBJXU2zNgDs=,1Qknge0uZUp/rLRCEARv8j7SQcI=
134,133,MTL+rO2l48jmUPQosBJXU2zNgDs=,1Qknge0uZUp/rLRCEARv8j7SQcI=
143,132,MTL+rO2l48jmUPQosBJXU2zNgDs=,1Qknge0uZUp/rLRCEARv8j7SQcI=
133,133,MTL+rO2l48jmUPQosBJXU2zNgDs=,1Qknge0uZUp/rLRCEARv8j7SQcI=
130,133,MTL+rO2l48jmUPQosBJXU2zNgDs=,1Qknge0uZUp/rLRCEARv8j7SQcI=
136,130,MTL+rO2l48jmUPQosBJXU2zNgDs=,1Qknge0uZUp/rLRCEARv8j7SQcI=
131,133,MTL+rO2l48jmUPQosBJXU2zNgDs=,1Qknge0uZUp/rLRCEARv8j7SQcI=
129,133,MTL+rO2l48jmUPQosBJXU2zNgDs=,1Qknge0uZUp/rLRCEARv8j7SQcI=
132,133,MTL+rO2l48jmUPQosBJXU2zNgDs=,1Qknge0uZUp/rLRCEARv8j7SQcI=
135,129,MTL+rO2l48jmUPQosBJXU2zNgDs=,1Qknge0uZUp/rLRCEARv8j7SQcI=
128,133,MTL+rO2l48jmUPQosBJXU2zNgDs=,1Qknge0uZUp/rLRCEARv8j7SQcI=
135,128,MTL+rO2l48jmUPQosBJXU2zNgDs=,1Qknge0uZUp/rLRCEARv8j7SQcI=
133,145,BGfKO+R6XT8Ax7RFNDWCl+2c8RU=,OMmpUkkDRBWwKXwts7lZfck4KJ8=
132,147,BGfKO+R6XT8Ax7RFNDWCl+2c8RU=,OMmpUkkDRBWwKXwts7lZfck4KJ8=
130,147,xemJPvFQBuSMkYpvU6r3oSnAVgA=,OMmpUkkDRBWwKXwts7lZfck4KJ8=
135,147,xemJPvFQBuSMkYpvU6r3oSnAVgA=,OMmpUkkDRBWwKXwts7lZfck4KJ8=
131,147,xemJPvFQBuSMkYpvU6r3oSnAVgA=,OMmpUkkDRBWwKXwts7lZfck4KJ8=
132,146,oldxHRwDdjoMJ2ttmumnNe9eqDc=,OMmpUkkDRBWwKXwts7lZfck4KJ8=
129,144,oldxHRwDdjoMJ2ttmumnNe9eqDc=,OMmpUkkDRBWwKXwts7lZfck4KJ8=
133,147,MwhYs2nMgcJyYQNYgEEw0xLMaJ0=,OMmpUkkDRBWwKXwts7lZfck4KJ8=
132,145,MwhYs2nMgcJyYQNYgEEw0xLMaJ0=,OMmpUkkDRBWwKXwts7lZfck4KJ8=
134,147,MwhYs2nMgcJyYQNYgEEw0xLMaJ0=,OMmpUkkDRBWwKXwts7lZfck4KJ8=
143,159,zsD5E8/CsPZLTGhY+DVZ6Tv8/p8=,OMmpUkkDRBWwKXwts7lZfck4KJ8=
136,147,zsD5E8/CsPZLTGhY+DVZ6Tv8/p8=,OMmpUkkDRBWwKXwts7lZfck4KJ8=
133,144,zsD5E8/CsPZLTGhY+DVZ6Tv8/p8=,OMmpUkkDRBWwKXwts7lZfck4KJ8=
134,146,zsD5E8/CsPZLTGhY+DVZ6Tv8/p8=,OMmpUkkDRBWwKXwts7lZfck4KJ8=
142,159,zsD5E8/CsPZLTGhY+DVZ6Tv8/p8=,OMmpUkkDRBWwKXwts7lZfck4KJ8=
133,146,zsD5E8/CsPZLTGhY+DVZ6Tv8/p8=,OMmpUkkDRBWwKXwts7lZfck4KJ8=
141,159,pPJf4SLzb4HXXRa7dIe/SSnaxm0=,OMmpUkkDRBWwKXwts7lZfck4KJ8=
137,147,pPJf4SLzb4HXXRa7dIe/SSnaxm0=,OMmpUkkDRBWwKXwts7lZfck4KJ8=
140,159,pPJf4SLzb4HXXRa7dIe/SSnaxm0=,OMmpUkkDRBWwKXwts7lZfck4KJ8=
131,144,pPJf4SLzb4HXXRa7dIe/SSnaxm0=,OMmpUkkDRBWwKXwts7lZfck4KJ8=
138,159,Mlc7Z8gevHMkkHrs1rOEIxazdTU=,OMmpUkkDRBWwKXwts7lZfck4KJ8=
138,147,Mlc7Z8gevHMkkHrs1rOEIxazdTU=,OMmpUkkDRBWwKXwts7lZfck4KJ8=
135,159,Mlc7Z8gevHMkkHrs1rOEIxazdTU=,OMmpUkkDRBWwKXwts7lZfck4KJ8=
137,159,Mlc7Z8gevHMkkHrs1rOEIxazdTU=,OMmpUkkDRBWwKXwts7lZfck4KJ8=
139,159,Mlc7Z8gevHMkkHrs1rOEIxazdTU=,OMmpUkkDRBWwKXwts7lZfck4KJ8=
136,159,Mlc7Z8gevHMkkHrs1rOEIxazdTU=,OMmpUkkDRBWwKXwts7lZfck4KJ8=
133,159,Mlc7Z8gevHMkkHrs1rOEIxazdTU=,OMmpUkkDRBWwKXwts7lZfck4KJ8=
134,159,Mlc7Z8gevHMkkHrs1rOEIxazdTU=,OMmpUkkDRBWwKXwts7lZfck4KJ8=
132,159,Mlc7Z8gevHMkkHrs1rOEIxazdTU=,OMmpUkkDRBWwKXwts7lZfck4KJ8=
139,147,Mlc7Z8gevHMkkHrs1rOEIxazdTU=,OMmpUkkDRBWwKXwts7lZfck4KJ8=
131,159,Mlc7Z8gevHMkkHrs1rOEIxazdTU=,OMmpUkkDRBWwKXwts7lZfck4KJ8=
128,159,Mlc7Z8gevHMkkHrs1rOEIxazdTU=,OMmpUkkDRBWwKXwts7lZfck4KJ8=
130,159,Mlc7Z8gevHMkkHrs1rOEIxazdTU=,OMmpUkkDRBWwKXwts7lZfck4KJ8=
132,144,Mlc7Z8gevHMkkHrs1rOEIxazdTU=,OMmpUkkDRBWwKXwts7lZfck4KJ8=
129,147,Mlc7Z8gevHMkkHrs1rOEIxazdTU=,OMmpUkkDRBWwKXwts7lZfck4KJ8=
140,147,Mlc7Z8gevHMkkHrs1rOEIxazdTU=,OMmpUkkDRBWwKXwts7lZfck4KJ8=
129,159,Mlc7Z8gevHMkkHrs1rOEIxazdTU=,OMmpUkkDRBWwKXwts7lZfck4KJ8=
141,147,Mlc7Z8gevHMkkHrs1rOEIxazdTU=,OMmpUkkDRBWwKXwts7lZfck4KJ8=
142,158,Mlc7Z8gevHMkkHrs1rOEIxazdTU=,OMmpUkkDRBWwKXwts7lZfck4KJ8=
143,158,Mlc7Z8gevHMkkHrs1rOEIxazdTU=,OMmpUkkDRBWwKXwts7lZfck4KJ8=
141,158,Mlc7Z8gevHMkkHrs1rOEIxazdTU=,OMmpUkkDRBWwKXwts7lZfck4KJ8=
139,158,Mlc7Z8gevHMkkHrs1rOEIxazdTU=,OMmpUkkDRBWwKXwts7lZfck4KJ8=
134,158,Mlc7Z8gevHMkkHrs1rOEIxazdTU=,OMmpUkkDRBWwKXwts7lZfck4KJ8=
140,158,Mlc7Z8gevHMkkHrs1rOEIxazdTU=,OMmpUkkDRBWwKXwts7lZfck4KJ8=
135,158,Mlc7Z8gevHMkkHrs1rOEIxazdTU=,OMmpUkkDRBWwKXwts7lZfck4KJ8=
131,146,Mlc7Z8gevHMkkHrs1rOEIxazdTU=,OMmpUkkDRBWwKXwts7lZfck4KJ8=
130,158,Mlc7Z8gevHMkkHrs1rOEIxazdTU=,OMmpUkkDRBWwKXwts7lZfck4KJ8=
131,158,Mlc7Z8gevHMkkHrs1rOEIxazdTU=,OMmpUkkDRBWwKXwts7lZfck4KJ8=
132,158,Mlc7Z8gevHMkkHrs1rOEIxazdTU=,OMmpUkkDRBWwKXwts7lZfck4KJ8=
129,158,Mlc7Z8gevHMkkHrs1rOEIxazdTU=,OMmpUkkDRBWwKXwts7lZfck4KJ8=
138,158,Mlc7Z8gevHMkkHrs1rOEIxazdTU=,OMmpUkkDRBWwKXwts7lZfck4KJ8=
131,145,Mlc7Z8gevHMkkHrs1rOEIxazdTU=,OMmpUkkDRBWwKXwts7lZfck4KJ8=
128,158,Mlc7Z8gevHMkkHrs1rOEIxazdTU=,OMmpUkkDRBWwKXwts7lZfck4KJ8=
130,146,Mlc7Z8gevHMkkHrs1rOEIxazdTU=,OMmpUkkDRBWwKXwts7lZfck4KJ8=
133,158,Mlc7Z8gevHMkkHrs1rOEIxazdTU=,OMmpUkkDRBWwKXwts7lZfck4KJ8=
136,158,Mlc7Z8gevHMkkHrs1rOEIxazdTU=,OMmpUkkDRBWwKXwts7lZfck4KJ8=
142,147,Mlc7Z8gevHMkkHrs1rOEIxazdTU=,OMmpUkkDRBWwKXwts7lZfck4KJ8=
140,157,Mlc7Z8gevHMkkHrs1rOEIxazdTU=,OMmpUkkDRBWwKXwts7lZfck4KJ8=
137,158,Mlc7Z8gevHMkkHrs1rOEIxazdTU=,OMmpUkkDRBWwKXwts7lZfck4KJ8=
135,157,Mlc7Z8gevHMkkHrs1rOEIxazdTU=,OMmpUkkDRBWwKXwts7lZfck4KJ8=
134,157,Mlc7Z8gevHMkkHrs1rOEIxazdTU=,OMmpUkkDRBWwKXwts7lZfck4KJ8=
142,157,Mlc7Z8gevHMkkHrs1rOEIxazdTU=,OMmpUkkDRBWwKXwts7lZfck4KJ8=
133,157,Mlc7Z8gevHMkkHrs1rOEIxazdTU=,OMmpUkkDRBWwKXwts7lZfck4KJ8=
136,157,Mlc7Z8gevHMkkHrs1rOEIxazdTU=,OMmpUkkDRBWwKXwts7lZfck4KJ8=
139,157,Mlc7Z8gevHMkkHrs1rOEIxazdTU=,OMmpUkkDRBWwKXwts7lZfck4KJ8=
143,147,Mlc7Z8gevHMkkHrs1rOEIxazdTU=,OMmpUkkDRBWwKXwts7lZfck4KJ8=
138,157,Mlc7Z8gevHMkkHrs1rOEIxazdTU=,OMmpUkkDRBWwKXwts7lZfck4KJ8=
137,157,Mlc7Z8gevHMkkHrs1rOEIxazdTU=,OMmpUkkDRBWwKXwts7lZfck4KJ8=
130,157,Mlc7Z8gevHMkkHrs1rOEIxazdTU=,OMmpUkkDRBWwKXwts7lZfck4KJ8=
128,157,Mlc7Z8gevHMkkHrs1rOEIxazdTU=,OMmpUkkDRBWwKXwts7lZfck4KJ8=
129,146,Mlc7Z8gevHMkkHrs1rOEIxazdTU=,OMmpUkkDRBWwKXwts7lZfck4KJ8=
134,145,Mlc7Z8gevHMkkHrs1rOEIxazdTU=,OMmpUkkDRBWwKXwts7lZfck4KJ8=
130,145,Mlc7Z8gevHMkkHrs1rOEIxazdTU=,OMmpUkkDRBWwKXwts7lZfck4KJ8=
140,156,Mlc7Z8gevHMkkHrs1rOEIxazdTU=,OMmpUkkDRBWwKXwts7lZfck4KJ8=
141,156,Mlc7Z8gevHMkkHrs1rOEIxazdTU=,OMmpUkkDRBWwKXwts7lZfck4KJ8=
142,156,Mlc7Z8gevHMkkHrs1rOEIxazdTU=,OMmpUkkDRBWwKXwts7lZfck4KJ8=
143,156,Mlc7Z8gevHMkkHrs1rOEIxazdTU=,OMmpUkkDRBWwKXwts7lZfck4KJ8=
128,148,Mlc7Z8gevHMkkHrs1rOEIxazdTU=,OMmpUkkDRBWwKXwts7lZfck4KJ8=
138,156,Mlc7Z8gevHMkkHrs1rOEIxazdTU=,OMmpUkkDRBWwKXwts7lZfck4KJ8=
131,157,Mlc7Z8gevHMkkHrs1rOEIxazdTU=,OMmpUkkDRBWwKXwts7lZfck4KJ8=
137,156,Mlc7Z8gevHMkkHrs1rOEIxazdTU=,OMmpUkkDRBWwKXwts7lZfck4KJ8=
141,157,Mlc7Z8gevHMkkHrs1rOEIxazdTU=,OMmpUkkDRBWwKXwts7lZfck4KJ8=
135,156,Mlc7Z8gevHMkkHrs1rOEIxazdTU=,OMmpUkkDRBWwKXwts7lZfck4KJ8=
134,156,Mlc7Z8gevHMkkHrs1rOEIxazdTU=,OMmpUkkDRBWwKXwts7lZfck4KJ8=
139,156,Mlc7Z8gevHMkkHrs1rOEIxazdTU=,OMmpUkkDRBWwKXwts7lZfck4KJ8=
133,156,Mlc7Z8gevHMkkHrs1rOEIxazdTU=,OMmpUkkDRBWwKXwts7lZfck4KJ8=
129,156,Mlc7Z8gevHMkkHrs1rOEIxazdTU=,OMmpUkkDRBWwKXwts7lZfck4KJ8=
130,156,Mlc7Z8gevHMkkHrs1rOEIxazdTU=,OMmpUkkDRBWwKXwts7lZfck4KJ8=
143,157,Mlc7Z8gevHMkkHrs1rOEIxazdTU=,OMmpUkkDRBWwKXwts7lZfck4KJ8=
134,144,Mlc7Z8gevHMkkHrs1rOEIxazdTU=,OMmpUkkDRBWwKXwts7lZfck4KJ8=
131,156,Mlc7Z8gevHMkkHrs1rOEIxazdTU=,OMmpUkkDRBWwKXwts7lZfck4KJ8=
132,157,Mlc7Z8gevHMkkHrs1rOEIxazdTU=,OMmpUkkDRBWwKXwts7lZfck4KJ8=
129,157,Mlc7Z8gevHMkkHrs1rOEIxazdTU=,OMmpUkkDRBWwKXwts7lZfck4KJ8=
132,156,Mlc7Z8gevHMkkHrs1rOEIxazdTU=,OMmpUkkDRBWwKXwts7lZfck4KJ8=
128,156,Mlc7Z8gevHMkkHrs1rOEIxazdTU=,OMmpUkkDRBWwKXwts7lZfck4KJ8=
135,146,Mlc7Z8gevHMkkHrs1rOEIxazdTU=,OMmpUkkDRBWwKXwts7lZfck4KJ8=
136,156,Mlc7Z8gevHMkkHrs1rOEIxazdTU=,OMmpUkkDRBWwKXwts7lZfck4KJ8=
128,147,Mlc7Z8gevHMkkHrs1rOEIxazdTU=,OMmpUkkDRBWwKXwts7lZfck4KJ8=
128,145,Mlc7Z8gevHMkkHrs1rOEIxazdTU=,OMmpUkkDRBWwKXwts7lZfck4KJ8=
129,145,Mlc7Z8gevHMkkHrs1rOEIxazdTU=,OMmpUkkDRBWwKXwts7lZfck4KJ8=
143,144,Mlc7Z8gevHMkkHrs1rOEIxazdTU=,OMmpUkkDRBWwKXwts7lZfck4KJ8=
128,146,Mlc7Z8gevHMkkHrs1rOEIxazdTU=,OMmpUkkDRBWwKXwts7lZfck4KJ8=
129,148,Mlc7Z8gevHMkkHrs1rOEIxazdTU=,OMmpUkkDRBWwKXwts7lZfck4KJ8=
143,146,Mlc7Z8gevHMkkHrs1rOEIxazdTU=,OMmpUkkDRBWwKXwts7lZfck4KJ8=
142,144,Mlc7Z8gevHMkkHrs1rOEIxazdTU=,OMmpUkkDRBWwKXwts7lZfck4KJ8=
130,148,Mlc7Z8gevHMkkHrs1rOEIxazdTU=,OMmpUkkDRBWwKXwts7lZfck4KJ8=
143,145,Mlc7Z8gevHMkkHrs1rOEIxazdTU=,OMmpUkkDRBWwKXwts7lZfck4KJ8=
130,144,Mlc7Z8gevHMkkHrs1rOEIxazdTU=,OMmpUkkDRBWwKXwts7lZfck4KJ8=
131,148,Mlc7Z8gevHMkkHrs1rOEIxazdTU=,OMmpUkkDRBWwKXwts7lZfck4KJ8=
142,155,Mlc7Z8gevHMkkHrs1rOEIxazdTU=,OMmpUkkDRBWwKXwts7lZfck4KJ8=
141,155,Mlc7Z8gevHMkkHrs1rOEIxazdTU=,OMmpUkkDRBWwKXwts7lZfck4KJ8=
143,155,Mlc7Z8gevHMkkHrs1rOEIxazdTU=,OMmpUkkDRBWwKXwts7lZfck4KJ8=
140,155,Mlc7Z8gevHMkkHrs1rOEIxazdTU=,OMmpUkkDRBWwKXwts7lZfck4KJ8=
139,155,Mlc7Z8gevHMkkHrs1rOEIxazdTU=,OMmpUkkDRBWwKXwts7lZfck4KJ8=
137,155,Mlc7Z8gevHMkkHrs1rOEIxazdTU=,OMmpUkkDRBWwKXwts7lZfck4KJ8=
132,148,Mlc7Z8gevHMkkHrs1rOEIxazdTU=,OMmpUkkDRBWwKXwts7lZfck4KJ8=
142,145,Mlc7Z8gevHMkkHrs1rOEIxazdTU=,OMmpUkkDRBWwKXwts7lZfck4KJ8=
134,155,Mlc7Z8gevHMkkHrs1rOEIxazdTU=,OMmpUkkDRBWwKXwts7lZfck4KJ8=
136,155,Mlc7Z8gevHMkkHrs1rOEIxazdTU=,OMmpUkkDRBWwKXwts7lZfck4KJ8=
135,155,Mlc7Z8gevHMkkHrs1rOEIxazdTU=,OMmpUkkDRBWwKXwts7lZfck4KJ8=
131,155,Mlc7Z8gevHMkkHrs1rOEIxazdTU=,OMmpUkkDRBWwKXwts7lZfck4KJ8=
133,148,Mlc7Z8gevHMkkHrs1rOEIxazdTU=,OMmpUkkDRBWwKXwts7lZfck4KJ8=
132,155,Mlc7Z8gevHMkkHrs1rOEIxazdTU=,OMmpUkkDRBWwKXwts7lZfck4KJ8=
138,155,Mlc7Z8gevHMkkHrs1rOEIxazdTU=,OMmpUkkDRBWwKXwts7lZfck4KJ8=
128,155,Mlc7Z8gevHMkkHrs1rOEIxazdTU=,OMmpUkkDRBWwKXwts7lZfck4KJ8=
133,155,Mlc7Z8gevHMkkHrs1rOEIxazdTU=,OMmpUkkDRBWwKXwts7lZfck4KJ8=
129,155,Mlc7Z8gevHMkkHrs1rOEIxazdTU=,OMmpUkkDRBWwKXwts7lZfck4KJ8=
130,155,Mlc7Z8gevHMkkHrs1rOEIxazdTU=,OMmpUkkDRBWwKXwts7lZfck4KJ8=
141,144,Mlc7Z8gevHMkkHrs1rOEIxazdTU=,OMmpUkkDRBWwKXwts7lZfck4KJ8=
134,148,Mlc7Z8gevHMkkHrs1rOEIxazdTU=,OMmpUkkDRBWwKXwts7lZfck4KJ8=
143,154,Mlc7Z8gevHMkkHrs1rOEIxazdTU=,OMmpUkkDRBWwKXwts7lZfck4KJ8=
142,146,Mlc7Z8gevHMkkHrs1rOEIxazdTU=,OMmpUkkDRBWwKXwts7lZfck4KJ8=
128,144,Mlc7Z8gevHMkkHrs1rOEIxazdTU=,OMmpUkkDRBWwKXwts7lZfck4KJ8=
141,145,Mlc7Z8gevHMkkHrs1rOEIxazdTU=,OMmpUkkDRBWwKXwts7lZfck4KJ8=
141,154,Mlc7Z8gevHMkkHrs1rOEIxazdTU=,OMmpUkkDRBWwKXwts7lZfck4KJ8=
140,154,Mlc7Z8gevHMkkHrs1rOEIxazdTU=,OMmpUkkDRBWwKXwts7lZfck4KJ8=
138,154,Mlc7Z8gevHMkkHrs1rOEIxazdTU=,OMmpUkkDRBWwKXwts7lZfck4KJ8=
142,154,Mlc7Z8gevHMkkHrs1rOEIxazdTU=,OMmpUkkDRBWwKXwts7lZfck4KJ8=
134,154,Mlc7Z8gevHMkkHrs1rOEIxazdTU=,OMmpUkkDRBWwKXwts7lZfck4KJ8=
137,154,Mlc7Z8gevHMkkHrs1rOEIxazdTU=,OMmpUkkDRBWwKXwts7lZfck4KJ8=
136,154,Mlc7Z8gevHMkkHrs1rOEIxazdTU=,OMmpUkkDRBWwKXwts7lZfck4KJ8=
139,154,Mlc7Z8gevHMkkHrs1rOEIxazdTU=,OMmpUkkDRBWwKXwts7lZfck4KJ8=
132,154,Mlc7Z8gevHMkkHrs1rOEIxazdTU=,OMmpUkkDRBWwKXwts7lZfck4KJ8=
131,154,Mlc7Z8gevHMkkHrs1rOEIxazdTU=,OMmpUkkDRBWwKXwts7lZfck4KJ8=
133,154,Mlc7Z8gevHMkkHrs1rOEIxazdTU=,OMmpUkkDRBWwKXwts7lZfck4KJ8=
135,148,Mlc7Z8gevHMkkHrs1rOEIxazdTU=,OMmpUkkDRBWwKXwts7lZfck4KJ8=
129,154,Mlc7Z8gevHMkkHrs1rOEIxazdTU=,OMmpUkkDRBWwKXwts7lZfck4KJ8=
135,154,Mlc7Z8gevHMkkHrs1rOEIxazdTU=,OMmpUkkDRBWwKXwts7lZfck4KJ8=
136,148,Mlc7Z8gevHMkkHrs1rOEIxazdTU=,OMmpUkkDRBWwKXwts7lZfck4KJ8=
128,154,Mlc7Z8gevHMkkHrs1rOEIxazdTU=,OMmpUkkDRBWwKXwts7lZfck4KJ8=
130,154,Mlc7Z8gevHMkkHrs1rOEIxazdTU=,OMmpUkkDRBWwKXwts7lZfck4KJ8=
141,146,Mlc7Z8gevHMkkHrs1rOEIxazdTU=,OMmpUkkDRBWwKXwts7lZfck4KJ8=
137,148,Mlc7Z8gevHMkkHrs1rOEIxazdTU=,OMmpUkkDRBWwKXwts7lZfck4KJ8=
143,153,Mlc7Z8gevHMkkHrs1rOEIxazdTU=,OMmpUkkDRBWwKXwts7lZfck4KJ8=
140,144,Mlc7Z8gevHMkkHrs1rOEIxazdTU=,OMmpUkkDRBWwKXwts7lZfck4KJ8=
140,145,Mlc7Z8gevHMkkHrs1rOEIxazdTU=,OMmpUkkDRBWwKXwts7lZfck4KJ8=
142,153,Mlc7Z8gevHMkkHrs1rOEIxazdTU=,OMmpUkkDRBWwKXwts7lZfck4KJ8=
141,153,Mlc7Z8gevHMkkHrs1rOEIxazdTU=,OMmpUkkDRBWwKXwts7lZfck4KJ8=
138,148,Mlc7Z8gevHMkkHrs1rOEIxazdTU=,OMmpUkkDRBWwKXwts7lZfck4KJ8=
140,153,Mlc7Z8gevHMkkHrs1rOEIxazdTU=,OMmpUkkDRBWwKXwts7lZfck4KJ8=
136,153,Mlc7Z8gevHMkkHrs1rOEIxazdTU=,OMmpUkkDRBWwKXwts7lZfck4KJ8=
137,153,Mlc7Z8gevHMkkHrs1rOEIxazdTU=,OMmpUkkDRBWwKXwts7lZfck4KJ8=
139,153,Mlc7Z8gevHMkkHrs1rOEIxazdTU=,OMmpUkkDRBWwKXwts7lZfck4KJ8=
139,148,Mlc7Z8gevHMkkHrs1rOEIxazdTU=,OMmpUkkDRBWwKXwts7lZfck4KJ8=
134,153,Mlc7Z8gevHMkkHrs1rOEIxazdTU=,OMmpUkkDRBWwKXwts7lZfck4KJ8=
132,153,Mlc7Z8gevHMkkHrs1rOEIxazdTU=,OMmpUkkDRBWwKXwts7lZfck4KJ8=
131,153,Mlc7Z8gevHMkkHrs1rOEIxazdTU=,OMmpUkkDRBWwKXwts7lZfck4KJ8=
130,153,Mlc7Z8gevHMkkHrs1rOEIxazdTU=,OMmpUkkDRBWwKXwts7lZfck4KJ8=
135,153,Mlc7Z8gevHMkkHrs1rOEIxazdTU=,OMmpUkkDRBWwKXwts7lZfck4KJ8=
129,153,Mlc7Z8gevHMkkHrs1rOEIxazdTU=,OMmpUkkDRBWwKXwts7lZfck4KJ8=
138,153,Mlc7Z8gevHMkkHrs1rOEIxazdTU=,OMmpUkkDRBWwKXwts7lZfck4KJ8=
133,153,Mlc7Z8gevHMkkHrs1rOEIxazdTU=,OMmpUkkDRBWwKXwts7lZfck4KJ8=
128,153,Mlc7Z8gevHMkkHrs1rOEIxazdTU=,OMmpUkkDRBWwKXwts7lZfck4KJ8=
140,146,Mlc7Z8gevHMkkHrs1rOEIxazdTU=,OMmpUkkDRBWwKXwts7lZfck4KJ8=
140,148,Mlc7Z8gevHMkkHrs1rOEIxazdTU=,OMmpUkkDRBWwKXwts7lZfck4KJ8=
139,145,Mlc7Z8gevHMkkHrs1rOEIxazdTU=,OMmpUkkDRBWwKXwts7lZfck4KJ8=
140,152,Mlc7Z8gevHMkkHrs1rOEIxazdTU=,OMmpUkkDRBWwKXwts7lZfck4KJ8=
141,148,Mlc7Z8gevHMkkHrs1rOEIxazdTU=,OMmpUkkDRBWwKXwts7lZfck4KJ8=
139,144,Mlc7Z8gevHMkkHrs1rOEIxazdTU=,OMmpUkkDRBWwKXwts7lZfck4KJ8=
141,152,Mlc7Z8gevHMkkHrs1rOEIxazdTU=,OMmpUkkDRBWwKXwts7lZfck4KJ8=
143,152,Mlc7Z8gevHMkkHrs1rOEIxazdTU=,OMmpUkkDRBWwKXwts7lZfck4KJ8=
142,152,Mlc7Z8gevHMkkHrs1rOEIxazdTU=,OMmpUkkDRBWwKXwts7lZfck4KJ8=
142,148,Mlc7Z8gevHMkkHrs1rOEIxazdTU=,OMmpUkkDRBWwKXwts7lZfck4KJ8=
139,152,Mlc7Z8gevHMkkHrs1rOEIxazdTU=,OMmpUkkDRBWwKXwts7lZfck4KJ8=
134,152,Mlc7Z8gevHMkkHrs1rOEIxazdTU=,OMmpUkkDRBWwKXwts7lZfck4KJ8=
137,152,Mlc7Z8gevHMkkHrs1rOEIxazdTU=,OMmpUkkDRBWwKXwts7lZfck4KJ8=
136,152,Mlc7Z8gevHMkkHrs1rOEIxazdTU=,OMmpUkkDRBWwKXwts7lZfck4KJ8=
138,152,Mlc7Z8gevHMkkHrs1rOEIxazdTU=,OMmpUkkDRBWwKXwts7lZfck4KJ8=
132,152,Mlc7Z8gevHMkkHrs1rOEIxazdTU=,OMmpUkkDRBWwKXwts7lZfck4KJ8=
133,152,Mlc7Z8gevHMkkHrs1rOEIxazdTU=,OMmpUkkDRBWwKXwts7lZfck4KJ8=
143,148,Mlc7Z8gevHMkkHrs1rOEIxazdTU=,OMmpUkkDRBWwKXwts7lZfck4KJ8=
131,152,Mlc7Z8gevHMkkHrs1rOEIxazdTU=,OMmpUkkDRBWwKXwts7lZfck4KJ8=
129,152,Mlc7Z8gevHMkkHrs1rOEIxazdTU=,OMmpUkkDRBWwKXwts7lZfck4KJ8=
130,152,Mlc7Z8gevHMkkHrs1rOEIxazdTU=,OMmpUkkDRBWwKXwts7lZfck4KJ8=
135,152,Mlc7Z8gevHMkkHrs1rOEIxazdTU=,OMmpUkkDRBWwKXwts7lZfck4KJ8=
139,146,Mlc7Z8gevHMkkHrs1rOEIxazdTU=,OMmpUkkDRBWwKXwts7lZfck4KJ8=
143,151,Mlc7Z8gevHMkkHrs1rOEIxazdTU=,OMmpUkkDRBWwKXwts7lZfck4KJ8=
128,152,Mlc7Z8gevHMkkHrs1rOEIxazdTU=,OMmpUkkDRBWwKXwts7lZfck4KJ8=
135,145,Mlc7Z8gevHMkkHrs1rOEIxazdTU=,OMmpUkkDRBWwKXwts7lZfck4KJ8=
142,151,Mlc7Z8gevHMkkHrs1rOEIxazdTU=,OMmpUkkDRBWwKXwts7lZfck4KJ8=
140,151,Mlc7Z8gevHMkkHrs1rOEIxazdTU=,OMmpUkkDRBWwKXwts7lZfck4KJ8=
138,144,Mlc7Z8gevHMkkHrs1rOEIxazdTU=,OMmpUkkDRBWwKXwts7lZfck4KJ8=
141,151,Mlc7Z8gevHMkkHrs1rOEIxazdTU=,OMmpUkkDRBWwKXwts7lZfck4KJ8=
128,149,Mlc7Z8gevHMkkHrs1rOEIxazdTU=,OMmpUkkDRBWwKXwts7lZfck4KJ8=
139,151,Mlc7Z8gevHMkkHrs1rOEIxazdTU=,OMmpUkkDRBWwKXwts7lZfck4KJ8=
137,151,Mlc7Z8gevHMkkHrs1rOEIxazdTU=,OMmpUkkDRBWwKXwts7lZfck4KJ8=
136,151,Mlc7Z8gevHMkkHrs1rOEIxazdTU=,OMmpUkkDRBWwKXwts7lZfck4KJ8=
138,151,Mlc7Z8gevHMkkHrs1rOEIxazdTU=,OMmpUkkDRBWwKXwts7lZfck4KJ8=
133,151,Mlc7Z8gevHMkkHrs1rOEIxazdTU=,OMmpUkkDRBWwKXwts7lZfck4KJ8=
135,151,Mlc7Z8gevHMkkHrs1rOEIxazdTU=,OMmpUkkDRBWwKXwts7lZfck4KJ8=
132,151,Mlc7Z8gevHMkkHrs1rOEIxazdTU=,OMmpUkkDRBWwKXwts7lZfck4KJ8=
134,151,Mlc7Z8gevHMkkHrs1rOEIxazdTU=,OMmpUkkDRBWwKXwts7lZfck4KJ8=
136,146,Mlc7Z8gevHMkkHrs1rOEIxazdTU=,OMmpUkkDRBWwKXwts7lZfck4KJ8=
131,151,Mlc7Z8gevHMkkHrs1rOEIxazdTU=,OMmpUkkDRBWwKXwts7lZfck4KJ8=
138,145,Mlc7Z8gevHMkkHrs1rOEIxazdTU=,OMmpUkkDRBWwKXwts7lZfck4KJ8=
130,151,Mlc7Z8gevHMkkHrs1rOEIxazdTU=,OMmpUkkDRBWwKXwts7lZfck4KJ8=
143,150,Mlc7Z8gevHMkkHrs1rOEIxazdTU=,OMmpUkkDRBWwKXwts7lZfck4KJ8=
138,146,Mlc7Z8gevHMkkHrs1rOEIxazdTU=,OMmpUkkDRBWwKXwts7lZfck4KJ8=
135,144,Mlc7Z8gevHMkkHrs1rOEIxazdTU=,OMmpUkkDRBWwKXwts7lZfck4KJ8=
129,151,Mlc7Z8gevHMkkHrs1rOEIxazdTU=,OMmpUkkDRBWwKXwts7lZfck4KJ8=
142,150,Mlc7Z8gevHMkkHrs1rOEIxazdTU=,OMmpUkkDRBWwKXwts7lZfck4KJ8=
128,151,Mlc7Z8gevHMkkHrs1rOEIxazdTU=,OMmpUkkDRBWwKXwts7lZfck4KJ8=
141,150,Mlc7Z8gevHMkkHrs1rOEIxazdTU=,OMmpUkkDRBWwKXwts7lZfck4KJ8=
140,150,Mlc7Z8gevHMkkHrs1rOEIxazdTU=,OMmpUkkDRBWwKXwts7lZfck4KJ8=
129,149,Mlc7Z8gevHMkkHrs1rOEIxazdTU=,OMmpUkkDRBWwKXwts7lZfck4KJ8=
137,144,Mlc7Z8gevHMkkHrs1rOEIxazdTU=,OMmpUkkDRBWwKXwts7lZfck4KJ8=
139,150,Mlc7Z8gevHMkkHrs1rOEIxazdTU=,OMmpUkkDRBWwKXwts7lZfck4KJ8=
138,150,Mlc7Z8gevHMkkHrs1rOEIxazdTU=,OMmpUkkDRBWwKXwts7lZfck4KJ8=
137,150,Mlc7Z8gevHMkkHrs1rOEIxazdTU=,OMmpUkkDRBWwKXwts7lZfck4KJ8=
136,150,Mlc7Z8gevHMkkHrs1rOEIxazdTU=,OMmpUkkDRBWwKXwts7lZfck4KJ8=
137,145,Mlc7Z8gevHMkkHrs1rOEIxazdTU=,OMmpUkkDRBWwKXwts7lZfck4KJ8=
135,150,Mlc7Z8gevHMkkHrs1rOEIxazdTU=,OMmpUkkDRBWwKXwts7lZfck4KJ8=
130,149,Mlc7Z8gevHMkkHrs1rOEIxazdTU=,OMmpUkkDRBWwKXwts7lZfck4KJ8=
133,150,Mlc7Z8gevHMkkHrs1rOEIxazdTU=,OMmpUkkDRBWwKXwts7lZfck4KJ8=
130,150,Mlc7Z8gevHMkkHrs1rOEIxazdTU=,OMmpUkkDRBWwKXwts7lZfck4KJ8=
131,149,Mlc7Z8gevHMkkHrs1rOEIxazdTU=,OMmpUkkDRBWwKXwts7lZfck4KJ8=
134,150,Mlc7Z8gevHMkkHrs1rOEIxazdTU=,OMmpUkkDRBWwKXwts7lZfck4KJ8=
129,150,Mlc7Z8gevHMkkHrs1rOEIxazdTU=,OMmpUkkDRBWwKXwts7lZfck4KJ8=
132,150,Mlc7Z8gevHMkkHrs1rOEIxazdTU=,OMmpUkkDRBWwKXwts7lZfck4KJ8=
128,150,Mlc7Z8gevHMkkHrs1rOEIxazdTU=,OMmpUkkDRBWwKXwts7lZfck4KJ8=
132,149,Mlc7Z8gevHMkkHrs1rOEIxazdTU=,OMmpUkkDRBWwKXwts7lZfck4KJ8=
143,149,Mlc7Z8gevHMkkHrs1rOEIxazdTU=,OMmpUkkDRBWwKXwts7lZfck4KJ8=
131,150,Mlc7Z8gevHMkkHrs1rOEIxazdTU=,OMmpUkkDRBWwKXwts7lZfck4KJ8=
136,144,Mlc7Z8gevHMkkHrs1rOEIxazdTU=,OMmpUkkDRBWwKXwts7lZfck4KJ8=
142,149,Mlc7Z8gevHMkkHrs1rOEIxazdTU=,OMmpUkkDRBWwKXwts7lZfck4KJ8=
137,146,Mlc7Z8gevHMkkHrs1rOEIxazdTU=,OMmpUkkDRBWwKXwts7lZfck4KJ8=
133,149,Mlc7Z8gevHMkkHrs1rOEIxazdTU=,OMmpUkkDRBWwKXwts7lZfck4KJ8=
141,149,Mlc7Z8gevHMkkHrs1rOEIxazdTU=,OMmpUkkDRBWwKXwts7lZfck4KJ8=
140,149,Mlc7Z8gevHMkkHrs1rOEIxazdTU=,OMmpUkkDRBWwKXwts7lZfck4KJ8=
136,145,Mlc7Z8gevHMkkHrs1rOEIxazdTU=,OMmpUkkDRBWwKXwts7lZfck4KJ8=
134,149,Mlc7Z8gevHMkkHrs1rOEIxazdTU=,OMmpUkkDRBWwKXwts7lZfck4KJ8=
138,149,Mlc7Z8gevHMkkHrs1rOEIxazdTU=,OMmpUkkDRBWwKXwts7lZfck4KJ8=
137,149,Mlc7Z8gevHMkkHrs1rOEIxazdTU=,OMmpUkkDRBWwKXwts7lZfck4KJ8=
139,149,Mlc7Z8gevHMkkHrs1rOEIxazdTU=,OMmpUkkDRBWwKXwts7lZfck4KJ8=
136,149,Mlc7Z8gevHMkkHrs1rOEIxazdTU=,OMmpUkkDRBWwKXwts7lZfck4KJ8=
135,149,Mlc7Z8gevHMkkHrs1rOEIxazdTU=,OMmpUkkDRBWwKXwts7lZfck4KJ8=
148,147,cHF8iK+nfm/TmsBBdRa2xsWYYNs=,WS1/RiCbVZ4OLmIr1MkVn/XDVng=
145,144,igYlpZOvckSzOy5MVpG2U4/iQFQ=,WS1/RiCbVZ4OLmIr1MkVn/XDVng=
148,145,igYlpZOvckSzOy5MVpG2U4/iQFQ=,WS1/RiCbVZ4OLmIr1MkVn/XDVng=
151,147,s7PRHIRaefZC/xJ67TED0mdnUMU=,WS1/RiCbVZ4OLmIr1MkVn/XDVng=
149,145,s7PRHIRaefZC/xJ67TED0mdnUMU=,WS1/RiCbVZ4OLmIr1MkVn/XDVng=
146,147,s7PRHIRaefZC/xJ67TED0mdnUMU=,WS1/RiCbVZ4OLmIr1MkVn/XDVng=
147,147,s7PRHIRaefZC/xJ67TED0mdnUMU=,WS1/RiCbVZ4OLmIr1MkVn/XDVng=
152,147,s7PRHIRaefZC/xJ67TED0mdnUMU=,WS1/RiCbVZ4OLmIr1MkVn/XDVng=
150,146,s7PRHIRaefZC/xJ67TED0mdnUMU=,WS1/RiCbVZ4OLmIr1MkVn/XDVng=
159,159,cDgaSYd15SdTHfxuZ/kARV5oRk0=,WS1/RiCbVZ4OLmIr1MkVn/XDVng=
147,144,cDgaSYd15SdTHfxuZ/kARV5oRk0=,WS1/RiCbVZ4OLmIr1MkVn/XDVng=
153,147,cDgaSYd15SdTHfxuZ/kARV5oRk0=,WS1/RiCbVZ4OLmIr1MkVn/XDVng=
149,144,cDgaSYd15SdTHfxuZ/kARV5oRk0=,WS1/RiCbVZ4OLmIr1MkVn/XDVng=
149,147,cDgaSYd15SdTHfxuZ/kARV5oRk0=,WS1/RiCbVZ4OLmIr1MkVn/XDVng=
148,146,cDgaSYd15SdTHfxuZ/kARV5oRk0=,WS1/RiCbVZ4OLmIr1MkVn/XDVng=
149,146,DAsy17rzf4dWXn9l6Xm+SePqeh8=,WS1/RiCbVZ4OLmIr1MkVn/XDVng=
154,147,DAsy17rzf4dWXn9l6Xm+SePqeh8=,WS1/RiCbVZ4OLmIr1MkVn/XDVng=
158,159,DAsy17rzf4dWXn9l6Xm+SePqeh8=,WS1/RiCbVZ4OLmIr1MkVn/XDVng=
150,147,DAsy17rzf4dWXn9l6Xm+SePqeh8=,WS1/RiCbVZ4OLmIr1MkVn/XDVng=
156,159,DAsy17rzf4dWXn9l6Xm+SePqeh8=,WS1/RiCbVZ4OLmIr1MkVn/XDVng=
155,159,O6H9P0UX6xeyUmdZRjRu0hmUZ/g=,WS1/RiCbVZ4OLmIr1MkVn/XDVng=
157,159,O6H9P0UX6xeyUmdZRjRu0hmUZ/g=,WS1/RiCbVZ4OLmIr1MkVn/XDVng=
154,159,O6H9P0UX6xeyUmdZRjRu0hmUZ/g=,WS1/RiCbVZ4OLmIr1MkVn/XDVng=
153,159,O6H9P0UX6xeyUmdZRjRu0hmUZ/g=,WS1/RiCbVZ4OLmIr1MkVn/XDVng=
155,147,KHKXvCsFxLL9ksgznW4gG55A/tw=,WS1/RiCbVZ4OLmIr1MkVn/XDVng=
150,159,KHKXvCsFxLL9ksgznW4gG55A/tw=,WS1/RiCbVZ4OLmIr1MkVn/XDVng=
149,159,KHKXvCsFxLL9ksgznW4gG55A/tw=,WS1/RiCbVZ4OLmIr1MkVn/XDVng=
148,159,KHKXvCsFxLL9ksgznW4gG55A/tw=,WS1/RiCbVZ4OLmIr1MkVn/XDVng=
151,159,KHKXvCsFxLL9ksgznW4gG55A/tw=,WS1/RiCbVZ4OLmIr1MkVn/XDVng=
152,159,KHKXvCsFxLL9ksgznW4gG55A/tw=,WS1/RiCbVZ4OLmIr1MkVn/XDVng=
147,159,KHKXvCsFxLL9ksgznW4gG55A/tw=,WS1/RiCbVZ4OLmIr1MkVn/XDVng=
145,159,KHKXvCsFxLL9ksgznW4gG55A/tw=,WS1/RiCbVZ4OLmIr1MkVn/XDVng=
146,159,KHKXvCsFxLL9ksgznW4gG55A/tw=,WS1/RiCbVZ4OLmIr1MkVn/XDVng=
148,144,KHKXvCsFxLL9ksgznW4gG55A/tw=,WS1/RiCbVZ4OLmIr1MkVn/XDVng=
145,147,KHKXvCsFxLL9ksgznW4gG55A/tw=,WS1/RiCbVZ4OLmIr1MkVn/XDVng=
144,159,KHKXvCsFxLL9ksgznW4gG55A/tw=,WS1/RiCbVZ4OLmIr1MkVn/XDVng=
156,147,KHKXvCsFxLL9ksgznW4gG55A/tw=,WS1/RiCbVZ4OLmIr1MkVn/XDVng=
147,146,KHKXvCsFxLL9ksgznW4gG55A/tw=,WS1/RiCbVZ4OLmIr1MkVn/XDVng=
158,158,KHKXvCsFxLL9ksgznW4gG55A/tw=,WS1/RiCbVZ4OLmIr1MkVn/XDVng=
159,158,KHKXvCsFxLL9ksgznW4gG55A/tw=,WS1/RiCbVZ4OLmIr1MkVn/XDVng=
157,158,KHKXvCsFxLL9ksgznW4gG55A/tw=,WS1/RiCbVZ4OLmIr1MkVn/XDVng=
155,158,KHKXvCsFxLL9ksgznW4gG55A/tw=,WS1/RiCbVZ4OLmIr1MkVn/XDVng=
156,158,KHKXvCsFxLL9ksgznW4gG55A/tw=,WS1/RiCbVZ4OLmIr1MkVn/XDVng=
154,158,KHKXvCsFxLL9ksgznW4gG55A/tw=,WS1/RiCbVZ4OLmIr1MkVn/XDVng=
157,147,KHKXvCsFxLL9ksgznW4gG55A/tw=,WS1/RiCbVZ4OLmIr1MkVn/XDVng=
152,158,KHKXvCsFxLL9ksgznW4gG55A/tw=,WS1/RiCbVZ4OLmIr1MkVn/XDVng=
153,158,KHKXvCsFxLL9ksgznW4gG55A/tw=,WS1/RiCbVZ4OLmIr1MkVn/XDVng=
149,158,KHKXvCsFxLL9ksgznW4gG55A/tw=,WS1/RiCbVZ4OLmIr1MkVn/XDVng=
148,158,KHKXvCsFxLL9ksgznW4gG55A/tw=,WS1/RiCbVZ4OLmIr1MkVn/XDVng=
151,158,KHKXvCsFxLL9ksgznW4gG55A/tw=,WS1/RiCbVZ4OLmIr1MkVn/XDVng=
158,147,KHKXvCsFxLL9ksgznW4gG55A/tw=,WS1/RiCbVZ4OLmIr1MkVn/XDVng=
147,158,KHKXvCsFxLL9ksgznW4gG55A/tw=,WS1/RiCbVZ4OLmIr1MkVn/XDVng=
145,158,KHKXvCsFxLL9ksgznW4gG55A/tw=,WS1/RiCbVZ4OLmIr1MkVn/XDVng=
150,158,KHKXvCsFxLL9ksgznW4gG55A/tw=,WS1/RiCbVZ4OLmIr1MkVn/XDVng=
144,158,KHKXvCsFxLL9ksgznW4gG55A/tw=,WS1/RiCbVZ4OLmIr1MkVn/XDVng=
146,158,KHKXvCsFxLL9ksgznW4gG55A/tw=,WS1/RiCbVZ4OLmIr1MkVn/XDVng=
159,157,KHKXvCsFxLL9ksgznW4gG55A/tw=,WS1/RiCbVZ4OLmIr1MkVn/XDVng=
147,145,KHKXvCsFxLL9ksgznW4gG55A/tw=,WS1/RiCbVZ4OLmIr1MkVn/XDVng=
150,145,KHKXvCsFxLL9ksgznW4gG55A/tw=,WS1/RiCbVZ4OLmIr1MkVn/XDVng=
146,146,KHKXvCsFxLL9ksgznW4gG55A/tw=,WS1/RiCbVZ4OLmIr1MkVn/XDVng=
154,157,KHKXvCsFxLL9ksgznW4gG55A/tw=,WS1/RiCbVZ4OLmIr1MkVn/XDVng=
155,157,KHKXvCsFxLL9ksgznW4gG55A/tw=,WS1/RiCbVZ4OLmIr1MkVn/XDVng=
158,157,KHKXvCsFxLL9ksgznW4gG55A/tw=,WS1/RiCbVZ4OLmIr1MkVn/XDVng=
159,147,KHKXvCsFxLL9ksgznW4gG55A/tw=,WS1/RiCbVZ4OLmIr1MkVn/XDVng=
157,157,KHKXvCsFxLL9ksgznW4gG55A/tw=,WS1/RiCbVZ4OLmIr1MkVn/XDVng=
152,157,KHKXvCsFxLL9ksgznW4gG55A/tw=,WS1/RiCbVZ4OLmIr1MkVn/XDVng=
153,157,KHKXvCsFxLL9ksgznW4gG55A/tw=,WS1/RiCbVZ4OLmIr1MkVn/XDVng=
156,157,KHKXvCsFxLL9ksgznW4gG55A/tw=,WS1/RiCbVZ4OLmIr1MkVn/XDVng=
151,157,KHKXvCsFxLL9ksgznW4gG55A/tw=,WS1/RiCbVZ4OLmIr1MkVn/XDVng=
148,157,KHKXvCsFxLL9ksgznW4gG55A/tw=,WS1/RiCbVZ4OLmIr1MkVn/XDVng=
151,146,KHKXvCsFxLL9ksgznW4gG55A/tw=,WS1/RiCbVZ4OLmIr1MkVn/XDVng=
147,157,KHKXvCsFxLL9ksgznW4gG55A/tw=,WS1/RiCbVZ4OLmIr1MkVn/XDVng=
149,157,KHKXvCsFxLL9ksgznW4gG55A/tw=,WS1/RiCbVZ4OLmIr1MkVn/XDVng=
150,157,KHKXvCsFxLL9ksgznW4gG55A/tw=,WS1/RiCbVZ4OLmIr1MkVn/XDVng=
144,148,KHKXvCsFxLL9ksgznW4gG55A/tw=,WS1/RiCbVZ4OLmIr1MkVn/XDVng=
146,157,KHKXvCsFxLL9ksgznW4gG55A/tw=,WS1/RiCbVZ4OLmIr1MkVn/XDVng=
145,157,KHKXvCsFxLL9ksgznW4gG55A/tw=,WS1/RiCbVZ4OLmIr1MkVn/XDVng=
144,157,KHKXvCsFxLL9ksgznW4gG55A/tw=,WS1/RiCbVZ4OLmIr1MkVn/XDVng=
146,145,KHKXvCsFxLL9ksgznW4gG55A/tw=,WS1/RiCbVZ4OLmIr1MkVn/XDVng=
145,146,KHKXvCsFxLL9ksgznW4gG55A/tw=,WS1/RiCbVZ4OLmIr1MkVn/XDVng=
159,156,KHKXvCsFxLL9ksgznW4gG55A/tw=,WS1/RiCbVZ4OLmIr1MkVn/XDVng=
150,144,KHKXvCsFxLL9ksgznW4gG55A/tw=,WS1/RiCbVZ4OLmIr1MkVn/XDVng=
157,156,KHKXvCsFxLL9ksgznW4gG55A/tw=,WS1/RiCbVZ4OLmIr1MkVn/XDVng=
156,156,KHKXvCsFxLL9ksgznW4gG55A/tw=,WS1/RiCbVZ4OLmIr1MkVn/XDVng=
158,156,KHKXvCsFxLL9ksgznW4gG55A/tw=,WS1/RiCbVZ4OLmIr1MkVn/XDVng=
154,156,KHKXvCsFxLL9ksgznW4gG55A/tw=,WS1/RiCbVZ4OLmIr1MkVn/XDVng=
145,148,KHKXvCsFxLL9ksgznW4gG55A/tw=,WS1/RiCbVZ4OLmIr1MkVn/XDVng=
155,156,KHKXvCsFxLL9ksgznW4gG55A/tw=,WS1/RiCbVZ4OLmIr1MkVn/XDVng=
153,156,KHKXvCsFxLL9ksgznW4gG55A/tw=,WS1/RiCbVZ4OLmIr1MkVn/XDVng=
151,156,KHKXvCsFxLL9ksgznW4gG55A/tw=,WS1/RiCbVZ4OLmIr1MkVn/XDVng=
146,148,KHKXvCsFxLL9ksgznW4gG55A/tw=,WS1/RiCbVZ4OLmIr1MkVn/XDVng=
152,156,KHKXvCsFxLL9ksgznW4gG55A/tw=,WS1/RiCbVZ4OLmIr1MkVn/XDVng=
146,156,KHKXvCsFxLL9ksgznW4gG55A/tw=,WS1/RiCbVZ4OLmIr1MkVn/XDVng=
149,156,KHKXvCsFxLL9ksgznW4gG55A/tw=,WS1/RiCbVZ4OLmIr1MkVn/XDVng=
147,156,KHKXvCsFxLL9ksgznW4gG55A/tw=,WS1/RiCbVZ4OLmIr1MkVn/XDVng=
147,148,KHKXvCsFxLL9ksgznW4gG55A/tw=,WS1/RiCbVZ4OLmIr1MkVn/XDVng=
150,156,KHKXvCsFxLL9ksgznW4gG55A/tw=,WS1/RiCbVZ4OLmIr1MkVn/XDVng=
148,156,KHKXvCsFxLL9ksgznW4gG55A/tw=,WS1/RiCbVZ4OLmIr1MkVn/XDVng=
145,156,KHKXvCsFxLL9ksgznW4gG55A/tw=,WS1/RiCbVZ4OLmIr1MkVn/XDVng=
145,145,KHKXvCsFxLL9ksgznW4gG55A/tw=,WS1/RiCbVZ4OLmIr1MkVn/XDVng=
144,145,KHKXvCsFxLL9ksgznW4gG55A/tw=,WS1/RiCbVZ4OLmIr1MkVn/XDVng=
144,156,KHKXvCsFxLL9ksgznW4gG55A/tw=,WS1/RiCbVZ4OLmIr1MkVn/XDVng=
148,148,KHKXvCsFxLL9ksgznW4gG55A/tw=,WS1/RiCbVZ4OLmIr1MkVn/XDVng=
146,144,KHKXvCsFxLL9ksgznW4gG55A/tw=,WS1/RiCbVZ4OLmIr1MkVn/XDVng=
144,147,KHKXvCsFxLL9ksgznW4gG55A/tw=,WS1/RiCbVZ4OLmIr1MkVn/XDVng=
158,144,KHKXvCsFxLL9ksgznW4gG55A/tw=,WS1/RiCbVZ4OLmIr1MkVn/XDVng=
144,146,KHKXvCsFxLL9ksgznW4gG55A/tw=,WS1/RiCbVZ4OLmIr1MkVn/XDVng=
159,146,KHKXvCsFxLL9ksgznW4gG55A/tw=,WS1/RiCbVZ4OLmIr1MkVn/XDVng=
159,144,KHKXvCsFxLL9ksgznW4gG55A/tw=,WS1/RiCbVZ4OLmIr1MkVn/XDVng=
149,148,KHKXvCsFxLL9ksgznW4gG55A/tw=,WS1/RiCbVZ4OLmIr1MkVn/XDVng=
158,145,KHKXvCsFxLL9ksgznW4gG55A/tw=,WS1/RiCbVZ4OLmIr1MkVn/XDVng=
159,145,KHKXvCsFxLL9ksgznW4gG55A/tw=,WS1/RiCbVZ4OLmIr1MkVn/XDVng=
156,155,KHKXvCsFxLL9ksgznW4gG55A/tw=,WS1/RiCbVZ4OLmIr1MkVn/XDVng=
150,148,KHKXvCsFxLL9ksgznW4gG55A/tw=,WS1/RiCbVZ4OLmIr1MkVn/XDVng=
157,155,KHKXvCsFxLL9ksgznW4gG55A/tw=,WS1/RiCbVZ4OLmIr1MkVn/XDVng=
159,155,KHKXvCsFxLL9ksgznW4gG55A/tw=,WS1/RiCbVZ4OLmIr1MkVn/XDVng=
158,155,KHKXvCsFxLL9ksgznW4gG55A/tw=,WS1/RiCbVZ4OLmIr1MkVn/XDVng=
155,155,KHKXvCsFxLL9ksgznW4gG55A/tw=,WS1/RiCbVZ4OLmIr1MkVn/XDVng=
154,155,KHKXvCsFxLL9ksgznW4gG55A/tw=,WS1/RiCbVZ4OLmIr1MkVn/XDVng=
144,144,KHKXvCsFxLL9ksgznW4gG55A/tw=,WS1/RiCbVZ4OLmIr1MkVn/XDVng=
153,155,KHKXvCsFxLL9ksgznW4gG55A/tw=,WS1/RiCbVZ4OLmIr1MkVn/XDVng=
152,155,KHKXvCsFxLL9ksgznW4gG55A/tw=,WS1/RiCbVZ4OLmIr1MkVn/XDVng=
151,155,KHKXvCsFxLL9ksgznW4gG55A/tw=,WS1/RiCbVZ4OLmIr1MkVn/XDVng=
150,155,KHKXvCsFxLL9ksgznW4gG55A/tw=,WS1/RiCbVZ4OLmIr1MkVn/XDVng=
151,148,KHKXvCsFxLL9ksgznW4gG55A/tw=,WS1/RiCbVZ4OLmIr1MkVn/XDVng=
148,155,KHKXvCsFxLL9ksgznW4gG55A/tw=,WS1/RiCbVZ4OLmIr1MkVn/XDVng=
149,155,KHKXvCsFxLL9ksgznW4gG55A/tw=,WS1/RiCbVZ4OLmIr1MkVn/XDVng=
152,148,KHKXvCsFxLL9ksgznW4gG55A/tw=,WS1/RiCbVZ4OLmIr1MkVn/XDVng=
146,155,KHKXvCsFxLL9ksgznW4gG55A/tw=,WS1/RiCbVZ4OLmIr1MkVn/XDVng=
147,155,KHKXvCsFxLL9ksgznW4gG55A/tw=,WS1/RiCbVZ4OLmIr1MkVn/XDVng=
145,155,KHKXvCsFxLL9ksgznW4gG55A/tw=,WS1/RiCbVZ4OLmIr1MkVn/XDVng=
153,148,KHKXvCsFxLL9ksgznW4gG55A/tw=,WS1/RiCbVZ4OLmIr1MkVn/XDVng=
158,146,KHKXvCsFxLL9ksgznW4gG55A/tw=,WS1/RiCbVZ4OLmIr1MkVn/XDVng=
157,144,KHKXvCsFxLL9ksgznW4gG55A/tw=,WS1/RiCbVZ4OLmIr1MkVn/XDVng=
144,155,KHKXvCsFxLL9ksgznW4gG55A/tw=,WS1/RiCbVZ4OLmIr1MkVn/XDVng=
157,145,KHKXvCsFxLL9ksgznW4gG55A/tw=,WS1/RiCbVZ4OLmIr1MkVn/XDVng=
154,148,KHKXvCsFxLL9ksgznW4gG55A/tw=,WS1/RiCbVZ4OLmIr1MkVn/XDVng=
159,154,KHKXvCsFxLL9ksgznW4gG55A/tw=,WS1/RiCbVZ4OLmIr1MkVn/XDVng=
158,154,KHKXvCsFxLL9ksgznW4gG55A/tw=,WS1/RiCbVZ4OLmIr1MkVn/XDVng=
157,154,KHKXvCsFxLL9ksgznW4gG55A/tw=,WS1/RiCbVZ4OLmIr1MkVn/XDVng=
155,154,KHKXvCsFxLL9ksgznW4gG55A/tw=,WS1/RiCbVZ4OLmIr1MkVn/XDVng=
156,154,KHKXvCsFxLL9ksgznW4gG55A/tw=,WS1/RiCbVZ4OLmIr1MkVn/XDVng=
154,154,KHKXvCsFxLL9ksgznW4gG55A/tw=,WS1/RiCbVZ4OLmIr1MkVn/XDVng=
155,148,KHKXvCsFxLL9ksgznW4gG55A/tw=,WS1/RiCbVZ4OLmIr1MkVn/XDVng=
152,154,KHKXvCsFxLL9ksgznW4gG55A/tw=,WS1/RiCbVZ4OLmIr1MkVn/XDVng=
153,154,KHKXvCsFxLL9ksgznW4gG55A/tw=,WS1/RiCbVZ4OLmIr1MkVn/XDVng=
149,154,KHKXvCsFxLL9ksgznW4gG55A/tw=,WS1/RiCbVZ4OLmIr1MkVn/XDVng=
151,154,KHKXvCsFxLL9ksgznW4gG55A/tw=,WS1/RiCbVZ4OLmIr1MkVn/XDVng=
150,154,KHKXvCsFxLL9ksgznW4gG55A/tw=,WS1/RiCbVZ4OLmIr1MkVn/XDVng=
156,148,KHKXvCsFxLL9ksgznW4gG55A/tw=,WS1/RiCbVZ4OLmIr1MkVn/XDVng=
145,154,KHKXvCsFxLL9ksgznW4gG55A/tw=,WS1/RiCbVZ4OLmIr1MkVn/XDVng=
148,154,KHKXvCsFxLL9ksgznW4gG55A/tw=,WS1/RiCbVZ4OLmIr1MkVn/XDVng=
156,144,KHKXvCsFxLL9ksgznW4gG55A/tw=,WS1/RiCbVZ4OLmIr1MkVn/XDVng=
147,154,KHKXvCsFxLL9ksgznW4gG55A/tw=,WS1/RiCbVZ4OLmIr1MkVn/XDVng=
157,148,KHKXvCsFxLL9ksgznW4gG55A/tw=,WS1/RiCbVZ4OLmIr1MkVn/XDVng=
146,154,KHKXvCsFxLL9ksgznW4gG55A/tw=,WS1/RiCbVZ4OLmIr1MkVn/XDVng=
144,154,KHKXvCsFxLL9ksgznW4gG55A/tw=,WS1/RiCbVZ4OLmIr1MkVn/XDVng=
157,146,KHKXvCsFxLL9ksgznW4gG55A/tw=,WS1/RiCbVZ4OLmIr1MkVn/XDVng=
156,145,KHKXvCsFxLL9ksgznW4gG55A/tw=,WS1/RiCbVZ4OLmIr1MkVn/XDVng=
158,148,KHKXvCsFxLL9ksgznW4gG55A/tw=,WS1/RiCbVZ4OLmIr1MkVn/XDVng=
157,153,KHKXvCsFxLL9ksgznW4gG55A/tw=,WS1/RiCbVZ4OLmIr1MkVn/XDVng=
156,153,KHKXvCsFxLL9ksgznW4gG55A/tw=,WS1/RiCbVZ4OLmIr1MkVn/XDVng=
158,153,KHKXvCsFxLL9ksgznW4gG55A/tw=,WS1/RiCbVZ4OLmIr1MkVn/XDVng=
154,153,KHKXvCsFxLL9ksgznW4gG55A/tw=,WS1/RiCbVZ4OLmIr1MkVn/XDVng=
155,153,KHKXvCsFxLL9ksgznW4gG55A/tw=,WS1/RiCbVZ4OLmIr1MkVn/XDVng=
159,153,KHKXvCsFxLL9ksgznW4gG55A/tw=,WS1/RiCbVZ4OLmIr1MkVn/XDVng=
151,145,KHKXvCsFxLL9ksgznW4gG55A/tw=,WS1/RiCbVZ4OLmIr1MkVn/XDVng=
153,153,KHKXvCsFxLL9ksgznW4gG55A/tw=,WS1/RiCbVZ4OLmIr1MkVn/XDVng=
150,153,KHKXvCsFxLL9ksgznW4gG55A/tw=,WS1/RiCbVZ4OLmIr1MkVn/XDVng=
149,153,KHKXvCsFxLL9ksgznW4gG55A/tw=,WS1/RiCbVZ4OLmIr1MkVn/XDVng=
152,153,KHKXvCsFxLL9ksgznW4gG55A/tw=,WS1/RiCbVZ4OLmIr1MkVn/XDVng=
151,153,KHKXvCsFxLL9ksgznW4gG55A/tw=,WS1/RiCbVZ4OLmIr1MkVn/XDVng=
148,153,KHKXvCsFxLL9ksgznW4gG55A/tw=,WS1/RiCbVZ4OLmIr1MkVn/XDVng=
159,148,KHKXvCsFxLL9ksgznW4gG55A/tw=,WS1/RiCbVZ4OLmIr1MkVn/XDVng=
146,153,KHKXvCsFxLL9ksgznW4gG55A/tw=,WS1/RiCbVZ4OLmIr1MkVn/XDVng=
145,153,KHKXvCsFxLL9ksgznW4gG55A/tw=,WS1/RiCbVZ4OLmIr1MkVn/XDVng=
147,153,KHKXvCsFxLL9ksgznW4gG55A/tw=,WS1/RiCbVZ4OLmIr1MkVn/XDVng=
155,144,KHKXvCsFxLL9ksgznW4gG55A/tw=,WS1/RiCbVZ4OLmIr1MkVn/XDVng=
144,153,KHKXvCsFxLL9ksgznW4gG55A/tw=,WS1/RiCbVZ4OLmIr1MkVn/XDVng=
157,152,KHKXvCsFxLL9ksgznW4gG55A/tw=,WS1/RiCbVZ4OLmIr1MkVn/XDVng=
156,146,KHKXvCsFxLL9ksgznW4gG55A/tw=,WS1/RiCbVZ4OLmIr1MkVn/XDVng=
158,152,KHKXvCsFxLL9ksgznW4gG55A/tw=,WS1/RiCbVZ4OLmIr1MkVn/XDVng=
155,145,KHKXvCsFxLL9ksgznW4gG55A/tw=,WS1/RiCbVZ4OLmIr1MkVn/XDVng=
155,152,KHKXvCsFxLL9ksgznW4gG55A/tw=,WS1/RiCbVZ4OLmIr1MkVn/XDVng=
153,152,KHKXvCsFxLL9ksgznW4gG55A/tw=,WS1/RiCbVZ4OLmIr1MkVn/XDVng=
156,152,KHKXvCsFxLL9ksgznW4gG55A/tw=,WS1/RiCbVZ4OLmIr1MkVn/XDVng=
151,152,KHKXvCsFxLL9ksgznW4gG55A/tw=,WS1/RiCbVZ4OLmIr1MkVn/XDVng=
149,152,KHKXvCsFxLL9ksgznW4gG55A/tw=,WS1/RiCbVZ4OLmIr1MkVn/XDVng=
152,152,KHKXvCsFxLL9ksgznW4gG55A/tw=,WS1/RiCbVZ4OLmIr1MkVn/XDVng=
152,146,KHKXvCsFxLL9ksgznW4gG55A/tw=,WS1/RiCbVZ4OLmIr1MkVn/XDVng=
148,152,KHKXvCsFxLL9ksgznW4gG55A/tw=,WS1/RiCbVZ4OLmIr1MkVn/XDVng=
154,152,KHKXvCsFxLL9ksgznW4gG55A/tw=,WS1/RiCbVZ4OLmIr1MkVn/XDVng=
147,152,KHKXvCsFxLL9ksgznW4gG55A/tw=,WS1/RiCbVZ4OLmIr1MkVn/XDVng=
146,152,KHKXvCsFxLL9ksgznW4gG55A/tw=,WS1/RiCbVZ4OLmIr1MkVn/XDVng=
155,146,KHKXvCsFxLL9ksgznW4gG55A/tw=,WS1/RiCbVZ4OLmIr1MkVn/XDVng=
150,152,KHKXvCsFxLL9ksgznW4gG55A/tw=,WS1/RiCbVZ4OLmIr1MkVn/XDVng=
157,151,KHKXvCsFxLL9ksgznW4gG55A/tw=,WS1/RiCbVZ4OLmIr1MkVn/XDVng=
151,144,KHKXvCsFxLL9ksgznW4gG55A/tw=,WS1/RiCbVZ4OLmIr1MkVn/XDVng=
158,151,KHKXvCsFxLL9ksgznW4gG55A/tw=,WS1/RiCbVZ4OLmIr1MkVn/XDVng=
156,151,KHKXvCsFxLL9ksgznW4gG55A/tw=,WS1/RiCbVZ4OLmIr1MkVn/XDVng=
159,152,KHKXvCsFxLL9ksgznW4gG55A/tw=,WS1/RiCbVZ4OLmIr1MkVn/XDVng=
159,151,KHKXvCsFxLL9ksgznW4gG55A/tw=,WS1/RiCbVZ4OLmIr1MkVn/XDVng=
145,152,KHKXvCsFxLL9ksgznW4gG55A/tw=,WS1/RiCbVZ4OLmIr1MkVn/XDVng=
154,145,KHKXvCsFxLL9ksgznW4gG55A/tw=,WS1/RiCbVZ4OLmIr1MkVn/XDVng=
152,151,KHKXvCsFxLL9ksgznW4gG55A/tw=,WS1/RiCbVZ4OLmIr1MkVn/XDVng=
147,151,KHKXvCsFxLL9ksgznW4gG55A/tw=,WS1/RiCbVZ4OLmIr1MkVn/XDVng=
151,151,KHKXvCsFxLL9ksgznW4gG55A/tw=,WS1/RiCbVZ4OLmIr1MkVn/XDVng=
148,151,KHKXvCsFxLL9ksgznW4gG55A/tw=,WS1/RiCbVZ4OLmIr1MkVn/XDVng=
146,151,KHKXvCsFxLL9ksgznW4gG55A/tw=,WS1/RiCbVZ4OLmIr1MkVn/XDVng=
154,151,KHKXvCsFxLL9ksgznW4gG55A/tw=,WS1/RiCbVZ4OLmIr1MkVn/XDVng=
154,144,KHKXvCsFxLL9ksgznW4gG55A/tw=,WS1/RiCbVZ4OLmIr1MkVn/XDVng=
144,152,KHKXvCsFxLL9ksgznW4gG55A/tw=,WS1/RiCbVZ4OLmIr1MkVn/XDVng=
144,149,KHKXvCsFxLL9ksgznW4gG55A/tw=,WS1/RiCbVZ4OLmIr1MkVn/XDVng=
150,151,KHKXvCsFxLL9ksgznW4gG55A/tw=,WS1/RiCbVZ4OLmIr1MkVn/XDVng=
153,144,KHKXvCsFxLL9ksgznW4gG55A/tw=,WS1/RiCbVZ4OLmIr1MkVn/XDVng=
157,150,KHKXvCsFxLL9ksgznW4gG55A/tw=,WS1/RiCbVZ4OLmIr1MkVn/XDVng=
158,150,KHKXvCsFxLL9ksgznW4gG55A/tw=,WS1/RiCbVZ4OLmIr1MkVn/XDVng=
145,151,KHKXvCsFxLL9ksgznW4gG55A/tw=,WS1/RiCbVZ4OLmIr1MkVn/XDVng=
156,150,KHKXvCsFxLL9ksgznW4gG55A/tw=,WS1/RiCbVZ4OLmIr1MkVn/XDVng=
149,151,KHKXvCsFxLL9ksgznW4gG55A/tw=,WS1/RiCbVZ4OLmIr1MkVn/XDVng=
153,151,KHKXvCsFxLL9ksgznW4gG55A/tw=,WS1/RiCbVZ4OLmIr1MkVn/XDVng=
159,150,KHKXvCsFxLL9ksgznW4gG55A/tw=,WS1/RiCbVZ4OLmIr1MkVn/XDVng=
155,150,KHKXvCsFxLL9ksgznW4gG55A/tw=,WS1/RiCbVZ4OLmIr1MkVn/XDVng=
155,151,KHKXvCsFxLL9ksgznW4gG55A/tw=,WS1/RiCbVZ4OLmIr1MkVn/XDVng=
153,150,KHKXvCsFxLL9ksgznW4gG55A/tw=,WS1/RiCbVZ4OLmIr1MkVn/XDVng=
154,150,KHKXvCsFxLL9ksgznW4gG55A/tw=,WS1/RiCbVZ4OLmIr1MkVn/XDVng=
152,150,KHKXvCsFxLL9ksgznW4gG55A/tw=,WS1/RiCbVZ4OLmIr1MkVn/XDVng=
151,150,KHKXvCsFxLL9ksgznW4gG55A/tw=,WS1/RiCbVZ4OLmIr1MkVn/XDVng=
144,151,KHKXvCsFxLL9ksgznW4gG55A/tw=,WS1/RiCbVZ4OLmIr1MkVn/XDVng=
154,146,KHKXvCsFxLL9ksgznW4gG55A/tw=,WS1/RiCbVZ4OLmIr1MkVn/XDVng=
153,145,KHKXvCsFxLL9ksgznW4gG55A/tw=,WS1/RiCbVZ4OLmIr1MkVn/XDVng=
150,150,KHKXvCsFxLL9ksgznW4gG55A/tw=,WS1/RiCbVZ4OLmIr1MkVn/XDVng=
147,150,KHKXvCsFxLL9ksgznW4gG55A/tw=,WS1/RiCbVZ4OLmIr1MkVn/XDVng=
149,150,KHKXvCsFxLL9ksgznW4gG55A/tw=,WS1/RiCbVZ4OLmIr1MkVn/XDVng=
146,150,KHKXvCsFxLL9ksgznW4gG55A/tw=,WS1/RiCbVZ4OLmIr1MkVn/XDVng=
145,149,KHKXvCsFxLL9ksgznW4gG55A/tw=,WS1/RiCbVZ4OLmIr1MkVn/XDVng=
145,150,KHKXvCsFxLL9ksgznW4gG55A/tw=,WS1/RiCbVZ4OLmIr1MkVn/XDVng=
153,146,KHKXvCsFxLL9ksgznW4gG55A/tw=,WS1/RiCbVZ4OLmIr1MkVn/XDVng=
144,150,KHKXvCsFxLL9ksgznW4gG55A/tw=,WS1/RiCbVZ4OLmIr1MkVn/XDVng=
146,149,KHKXvCsFxLL9ksgznW4gG55A/tw=,WS1/RiCbVZ4OLmIr1MkVn/XDVng=
148,150,KHKXvCsFxLL9ksgznW4gG55A/tw=,WS1/RiCbVZ4OLmIr1MkVn/XDVng=
152,145,KHKXvCsFxLL9ksgznW4gG55A/tw=,WS1/RiCbVZ4OLmIr1MkVn/XDVng=
157,149,KHKXvCsFxLL9ksgznW4gG55A/tw=,WS1/RiCbVZ4OLmIr1MkVn/XDVng=
147,149,KHKXvCsFxLL9ksgznW4gG55A/tw=,WS1/RiCbVZ4OLmIr1MkVn/XDVng=
152,144,KHKXvCsFxLL9ksgznW4gG55A/tw=,WS1/RiCbVZ4OLmIr1MkVn/XDVng=
159,149,KHKXvCsFxLL9ksgznW4gG55A/tw=,WS1/RiCbVZ4OLmIr1MkVn/XDVng=
155,149,KHKXvCsFxLL9ksgznW4gG55A/tw=,WS1/RiCbVZ4OLmIr1MkVn/XDVng=
156,149,KHKXvCsFxLL9ksgznW4gG55A/tw=,WS1/RiCbVZ4OLmIr1MkVn/XDVng=
158,149,KHKXvCsFxLL9ksgznW4gG55A/tw=,WS1/RiCbVZ4OLmIr1MkVn/XDVng=
152,149,KHKXvCsFxLL9ksgznW4gG55A/tw=,WS1/RiCbVZ4OLmIr1MkVn/XDVng=
153,149,KHKXvCsFxLL9ksgznW4gG55A/tw=,WS1/RiCbVZ4OLmIr1MkVn/XDVng=
154,149,KHKXvCsFxLL9ksgznW4gG55A/tw=,WS1/RiCbVZ4OLmIr1MkVn/XDVng=
150,149,KHKXvCsFxLL9ksgznW4gG55A/tw=,WS1/RiCbVZ4OLmIr1MkVn/XDVng=
148,149,KHKXvCsFxLL9ksgznW4gG55A/tw=,WS1/RiCbVZ4OLmIr1MkVn/XDVng=
149,149,KHKXvCsFxLL9ksgznW4gG55A/tw=,WS1/RiCbVZ4OLmIr1MkVn/XDVng=
151,149,KHKXvCsFxLL9ksgznW4gG55A/tw=,WS1/RiCbVZ4OLmIr1MkVn/XDVng=
146,131,1CS9JgixT73tP90xgJGBPzExjUI=,oxFnmpAdZkceMYyaoNSeSQa4zmc=
148,129,1CS9JgixT73tP90xgJGBPzExjUI=,oxFnmpAdZkceMYyaoNSeSQa4zmc=
151,131,1CS9JgixT73tP90xgJGBPzExjUI=,oxFnmpAdZkceMYyaoNSeSQa4zmc=
147,131,1OkJlAmzpYuJOp4wto67Mm+HZ1U=,oxFnmpAdZkceMYyaoNSeSQa4zmc=
147,128,1OkJlAmzpYuJOp4wto67Mm+HZ1U=,oxFnmpAdZkceMYyaoNSeSQa4zmc=
148,131,1OkJlAmzpYuJOp4wto67Mm+HZ1U=,oxFnmpAdZkceMYyaoNSeSQa4zmc=
149,129,1OkJlAmzpYuJOp4wto67Mm+HZ1U=,oxFnmpAdZkceMYyaoNSeSQa4zmc=
149,128,elymQNfOPZGxEK47cCDCGFgtHHQ=,oxFnmpAdZkceMYyaoNSeSQa4zmc=
149,131,elymQNfOPZGxEK47cCDCGFgtHHQ=,oxFnmpAdZkceMYyaoNSeSQa4zmc=
152,131,elymQNfOPZGxEK47cCDCGFgtHHQ=,oxFnmpAdZkceMYyaoNSeSQa4zmc=
150,130,RWSJjJNV9XJ+X0vurAQWrKjY3ms=,oxFnmpAdZkceMYyaoNSeSQa4zmc=
150,131,RWSJjJNV9XJ+X0vurAQWrKjY3ms=,oxFnmpAdZkceMYyaoNSeSQa4zmc=
145,128,RWSJjJNV9XJ+X0vurAQWrKjY3ms=,oxFnmpAdZkceMYyaoNSeSQa4zmc=
149,130,RWSJjJNV9XJ+X0vurAQWrKjY3ms=,oxFnmpAdZkceMYyaoNSeSQa4zmc=
148,130,RWSJjJNV9XJ+X0vurAQWrKjY3ms=,oxFnmpAdZkceMYyaoNSeSQa4zmc=
153,131,WMgJljFCWgnxwm7tGb2aV57anug=,oxFnmpAdZkceMYyaoNSeSQa4zmc=
156,143,WMgJljFCWgnxwm7tGb2aV57anug=,oxFnmpAdZkceMYyaoNSeSQa4zmc=
158,143,WMgJljFCWgnxwm7tGb2aV57anug=,oxFnmpAdZkceMYyaoNSeSQa4zmc=
155,143,WMgJljFCWgnxwm7tGb2aV57anug=,oxFnmpAdZkceMYyaoNSeSQa4zmc=
157,143,oLNsPlvYb+iZaEz2HhoJy7377Fs=,oxFnmpAdZkceMYyaoNSeSQa4zmc=
154,143,oLNsPlvYb+iZaEz2HhoJy7377Fs=,oxFnmpAdZkceMYyaoNSeSQa4zmc=
159,143,oLNsPlvYb+iZaEz2HhoJy7377Fs=,oxFnmpAdZkceMYyaoNSeSQa4zmc=
154,131,oLNsPlvYb+iZaEz2HhoJy7377Fs=,oxFnmpAdZkceMYyaoNSeSQa4zmc=
152,143,oLNsPlvYb+iZaEz2HhoJy7377Fs=,oxFnmpAdZkceMYyaoNSeSQa4zmc=
153,143,oLNsPlvYb+iZaEz2HhoJy7377Fs=,oxFnmpAdZkceMYyaoNSeSQa4zmc=
149,143,oLNsPlvYb+iZaEz2HhoJy7377Fs=,oxFnmpAdZkceMYyaoNSeSQa4zmc=
150,143,oLNsPlvYb+iZaEz2HhoJy7377Fs=,oxFnmpAdZkceMYyaoNSeSQa4zmc=
148,143,oLNsPlvYb+iZaEz2HhoJy7377Fs=,oxFnmpAdZkceMYyaoNSeSQa4zmc=
151,143,oLNsPlvYb+iZaEz2HhoJy7377Fs=,oxFnmpAdZkceMYyaoNSeSQa4zmc=
145,143,oLNsPlvYb+iZaEz2HhoJy7377Fs=,oxFnmpAdZkceMYyaoNSeSQa4zmc=
147,143,oLNsPlvYb+iZaEz2HhoJy7377Fs=,oxFnmpAdZkceMYyaoNSeSQa4zmc=
144,143,oLNsPlvYb+iZaEz2HhoJy7377Fs=,oxFnmpAdZkceMYyaoNSeSQa4zmc=
146,143,oLNsPlvYb+iZaEz2HhoJy7377Fs=,oxFnmpAdZkceMYyaoNSeSQa4zmc=
155,131,oLNsPlvYb+iZaEz2HhoJy7377Fs=,oxFnmpAdZkceMYyaoNSeSQa4zmc=
147,130,oLNsPlvYb+iZaEz2HhoJy7377Fs=,oxFnmpAdZkceMYyaoNSeSQa4zmc=
145,131,oLNsPlvYb+iZaEz2HhoJy7377Fs=,oxFnmpAdZkceMYyaoNSeSQa4zmc=
158,142,oLNsPlvYb+iZaEz2HhoJy7377Fs=,oxFnmpAdZkceMYyaoNSeSQa4zmc=
148,128,oLNsPlvYb+iZaEz2HhoJy7377Fs=,oxFnmpAdZkceMYyaoNSeSQa4zmc=
159,142,oLNsPlvYb+iZaEz2HhoJy7377Fs=,oxFnmpAdZkceMYyaoNSeSQa4zmc=
156,131,oLNsPlvYb+iZaEz2HhoJy7377Fs=,oxFnmpAdZkceMYyaoNSeSQa4zmc=
156,142,oLNsPlvYb+iZaEz2HhoJy7377Fs=,oxFnmpAdZkceMYyaoNSeSQa4zmc=
152,142,oLNsPlvYb+iZaEz2HhoJy7377Fs=,oxFnmpAdZkceMYyaoNSeSQa4zmc=
154,142,oLNsPlvYb+iZaEz2HhoJy7377Fs=,oxFnmpAdZkceMYyaoNSeSQa4zmc=
157,131,oLNsPlvYb+iZaEz2HhoJy7377Fs=,oxFnmpAdZkceMYyaoNSeSQa4zmc=
153,142,oLNsPlvYb+iZaEz2HhoJy7377Fs=,oxFnmpAdZkceMYyaoNSeSQa4zmc=
157,142,oLNsPlvYb+iZaEz2HhoJy7377Fs=,oxFnmpAdZkceMYyaoNSeSQa4zmc=
150,142,oLNsPlvYb+iZaEz2HhoJy7377Fs=,oxFnmpAdZkceMYyaoNSeSQa4zmc=
149,142,oLNsPlvYb+iZaEz2HhoJy7377Fs=,oxFnmpAdZkceMYyaoNSeSQa4zmc=
148,142,oLNsPlvYb+iZaEz2HhoJy7377Fs=,oxFnmpAdZkceMYyaoNSeSQa4zmc=
151,142,oLNsPlvYb+iZaEz2HhoJy7377Fs=,oxFnmpAdZkceMYyaoNSeSQa4zmc=
158,131,oLNsPlvYb+iZaEz2HhoJy7377Fs=,oxFnmpAdZkceMYyaoNSeSQa4zmc=
146,142,oLNsPlvYb+iZaEz2HhoJy7377Fs=,oxFnmpAdZkceMYyaoNSeSQa4zmc=
147,142,oLNsPlvYb+iZaEz2HhoJy7377Fs=,oxFnmpAdZkceMYyaoNSeSQa4zmc=
155,142,oLNsPlvYb+iZaEz2HhoJy7377Fs=,oxFnmpAdZkceMYyaoNSeSQa4zmc=
144,142,oLNsPlvYb+iZaEz2HhoJy7377Fs=,oxFnmpAdZkceMYyaoNSeSQa4zmc=
145,142,oLNsPlvYb+iZaEz2HhoJy7377Fs=,oxFnmpAdZkceMYyaoNSeSQa4zmc=
159,141,oLNsPlvYb+iZaEz2HhoJy7377Fs=,oxFnmpAdZkceMYyaoNSeSQa4zmc=
147,129,oLNsPlvYb+iZaEz2HhoJy7377Fs=,oxFnmpAdZkceMYyaoNSeSQa4zmc=
146,130,oLNsPlvYb+iZaEz2HhoJy7377Fs=,oxFnmpAdZkceMYyaoNSeSQa4zmc=
159,131,oLNsPlvYb+iZaEz2HhoJy7377Fs=,oxFnmpAdZkceMYyaoNSeSQa4zmc=
158,141,oLNsPlvYb+iZaEz2HhoJy7377Fs=,oxFnmpAdZkceMYyaoNSeSQa4zmc=
154,141,oLNsPlvYb+iZaEz2HhoJy7377Fs=,oxFnmpAdZkceMYyaoNSeSQa4zmc=
157,141,oLNsPlvYb+iZaEz2HhoJy7377Fs=,oxFnmpAdZkceMYyaoNSeSQa4zmc=
153,141,oLNsPlvYb+iZaEz2HhoJy7377Fs=,oxFnmpAdZkceMYyaoNSeSQa4zmc=
152,141,oLNsPlvYb+iZaEz2HhoJy7377Fs=,oxFnmpAdZkceMYyaoNSeSQa4zmc=
156,141,oLNsPlvYb+iZaEz2HhoJy7377Fs=,oxFnmpAdZkceMYyaoNSeSQa4zmc=
155,141,oLNsPlvYb+iZaEz2HhoJy7377Fs=,oxFnmpAdZkceMYyaoNSeSQa4zmc=
150,129,oLNsPlvYb+iZaEz2HhoJy7377Fs=,oxFnmpAdZkceMYyaoNSeSQa4zmc=
150,141,oLNsPlvYb+iZaEz2HhoJy7377Fs=,oxFnmpAdZkceMYyaoNSeSQa4zmc=
149,141,oLNsPlvYb+iZaEz2HhoJy7377Fs=,oxFnmpAdZkceMYyaoNSeSQa4zmc=
148,141,oLNsPlvYb+iZaEz2HhoJy7377Fs=,oxFnmpAdZkceMYyaoNSeSQa4zmc=
146,141,oLNsPlvYb+iZaEz2HhoJy7377Fs=,oxFnmpAdZkceMYyaoNSeSQa4zmc=
147,141,oLNsPlvYb+iZaEz2HhoJy7377Fs=,oxFnmpAdZkceMYyaoNSeSQa4zmc=
144,132,oLNsPlvYb+iZaEz2HhoJy7377Fs=,oxFnmpAdZkceMYyaoNSeSQa4zmc=
145,141,oLNsPlvYb+iZaEz2HhoJy7377Fs=,oxFnmpAdZkceMYyaoNSeSQa4zmc=
151,141,oLNsPlvYb+iZaEz2HhoJy7377Fs=,oxFnmpAdZkceMYyaoNSeSQa4zmc=
145,130,oLNsPlvYb+iZaEz2HhoJy7377Fs=,oxFnmpAdZkceMYyaoNSeSQa4zmc=
146,129,oLNsPlvYb+iZaEz2HhoJy7377Fs=,oxFnmpAdZkceMYyaoNSeSQa4zmc=
144,141,oLNsPlvYb+iZaEz2HhoJy7377Fs=,oxFnmpAdZkceMYyaoNSeSQa4zmc=
159,140,oLNsPlvYb+iZaEz2HhoJy7377Fs=,oxFnmpAdZkceMYyaoNSeSQa4zmc=
158,140,oLNsPlvYb+iZaEz2HhoJy7377Fs=,oxFnmpAdZkceMYyaoNSeSQa4zmc=
154,140,oLNsPlvYb+iZaEz2HhoJy7377Fs=,oxFnmpAdZkceMYyaoNSeSQa4zmc=
150,128,oLNsPlvYb+iZaEz2HhoJy7377Fs=,oxFnmpAdZkceMYyaoNSeSQa4zmc=
157,140,oLNsPlvYb+iZaEz2HhoJy7377Fs=,oxFnmpAdZkceMYyaoNSeSQa4zmc=
156,140,oLNsPlvYb+iZaEz2HhoJy7377Fs=,oxFnmpAdZkceMYyaoNSeSQa4zmc=
155,140,oLNsPlvYb+iZaEz2HhoJy7377Fs=,oxFnmpAdZkceMYyaoNSeSQa4zmc=
153,140,oLNsPlvYb+iZaEz2HhoJy7377Fs=,oxFnmpAdZkceMYyaoNSeSQa4zmc=
152,140,oLNsPlvYb+iZaEz2HhoJy7377Fs=,oxFnmpAdZkceMYyaoNSeSQa4zmc=
150,140,oLNsPlvYb+iZaEz2HhoJy7377Fs=,oxFnmpAdZkceMYyaoNSeSQa4zmc=
149,140,oLNsPlvYb+iZaEz2HhoJy7377Fs=,oxFnmpAdZkceMYyaoNSeSQa4zmc=
148,140,oLNsPlvYb+iZaEz2HhoJy7377Fs=,oxFnmpAdZkceMYyaoNSeSQa4zmc=
151,130,oLNsPlvYb+iZaEz2HhoJy7377Fs=,oxFnmpAdZkceMYyaoNSeSQa4zmc=
147,140,oLNsPlvYb+iZaEz2HhoJy7377Fs=,oxFnmpAdZkceMYyaoNSeSQa4zmc=
151,140,oLNsPlvYb+iZaEz2HhoJy7377Fs=,oxFnmpAdZkceMYyaoNSeSQa4zmc=
146,140,oLNsPlvYb+iZaEz2HhoJy7377Fs=,oxFnmpAdZkceMYyaoNSeSQa4zmc=
145,140,oLNsPlvYb+iZaEz2HhoJy7377Fs=,oxFnmpAdZkceMYyaoNSeSQa4zmc=
145,129,oLNsPlvYb+iZaEz2HhoJy7377Fs=,oxFnmpAdZkceMYyaoNSeSQa4zmc=
144,140,oLNsPlvYb+iZaEz2HhoJy7377Fs=,oxFnmpAdZkceMYyaoNSeSQa4zmc=
144,129,oLNsPlvYb+iZaEz2HhoJy7377Fs=,oxFnmpAdZkceMYyaoNSeSQa4zmc=
145,132,oLNsPlvYb+iZaEz2HhoJy7377Fs=,oxFnmpAdZkceMYyaoNSeSQa4zmc=
146,128,oLNsPlvYb+iZaEz2HhoJy7377Fs=,oxFnmpAdZkceMYyaoNSeSQa4zmc=
159,128,oLNsPlvYb+iZaEz2HhoJy7377Fs=,oxFnmpAdZkceMYyaoNSeSQa4zmc=
159,130,oLNsPlvYb+iZaEz2HhoJy7377Fs=,oxFnmpAdZkceMYyaoNSeSQa4zmc=
144,131,oLNsPlvYb+iZaEz2HhoJy7377Fs=,oxFnmpAdZkceMYyaoNSeSQa4zmc=
158,128,oLNsPlvYb+iZaEz2HhoJy7377Fs=,oxFnmpAdZkceMYyaoNSeSQa4zmc=
159,129,oLNsPlvYb+iZaEz2HhoJy7377Fs=,oxFnmpAdZkceMYyaoNSeSQa4zmc=
146,132,oLNsPlvYb+iZaEz2HhoJy7377Fs=,oxFnmpAdZkceMYyaoNSeSQa4zmc=
144,130,oLNsPlvYb+iZaEz2HhoJy7377Fs=,oxFnmpAdZkceMYyaoNSeSQa4zmc=
159,139,oLNsPlvYb+iZaEz2HhoJy7377Fs=,oxFnmpAdZkceMYyaoNSeSQa4zmc=
158,129,oLNsPlvYb+iZaEz2HhoJy7377Fs=,oxFnmpAdZkceMYyaoNSeSQa4zmc=
157,139,oLNsPlvYb+iZaEz2HhoJy7377Fs=,oxFnmpAdZkceMYyaoNSeSQa4zmc=
158,139,oLNsPlvYb+iZaEz2HhoJy7377Fs=,oxFnmpAdZkceMYyaoNSeSQa4zmc=
147,132,oLNsPlvYb+iZaEz2HhoJy7377Fs=,oxFnmpAdZkceMYyaoNSeSQa4zmc=
156,139,oLNsPlvYb+iZaEz2HhoJy7377Fs=,oxFnmpAdZkceMYyaoNSeSQa4zmc=
154,139,oLNsPlvYb+iZaEz2HhoJy7377Fs=,oxFnmpAdZkceMYyaoNSeSQa4zmc=
153,139,oLNsPlvYb+iZaEz2HhoJy7377Fs=,oxFnmpAdZkceMYyaoNSeSQa4zmc=
155,139,oLNsPlvYb+iZaEz2HhoJy7377Fs=,oxFnmpAdZkceMYyaoNSeSQa4zmc=
151,139,oLNsPlvYb+iZaEz2HhoJy7377Fs=,oxFnmpAdZkceMYyaoNSeSQa4zmc=
150,139,oLNsPlvYb+iZaEz2HhoJy7377Fs=,oxFnmpAdZkceMYyaoNSeSQa4zmc=
149,139,oLNsPlvYb+iZaEz2HhoJy7377Fs=,oxFnmpAdZkceMYyaoNSeSQa4zmc=
148,132,oLNsPlvYb+iZaEz2HhoJy7377Fs=,oxFnmpAdZkceMYyaoNSeSQa4zmc=
152,139,oLNsPlvYb+iZaEz2HhoJy7377Fs=,oxFnmpAdZkceMYyaoNSeSQa4zmc=
148,139,oLNsPlvYb+iZaEz2HhoJy7377Fs=,oxFnmpAdZkceMYyaoNSeSQa4zmc=
146,139,oLNsPlvYb+iZaEz2HhoJy7377Fs=,oxFnmpAdZkceMYyaoNSeSQa4zmc=
147,139,oLNsPlvYb+iZaEz2HhoJy7377Fs=,oxFnmpAdZkceMYyaoNSeSQa4zmc=
145,139,oLNsPlvYb+iZaEz2HhoJy7377Fs=,oxFnmpAdZkceMYyaoNSeSQa4zmc=
144,139,oLNsPlvYb+iZaEz2HhoJy7377Fs=,oxFnmpAdZkceMYyaoNSeSQa4zmc=
149,132,oLNsPlvYb+iZaEz2HhoJy7377Fs=,oxFnmpAdZkceMYyaoNSeSQa4zmc=
157,128,oLNsPlvYb+iZaEz2HhoJy7377Fs=,oxFnmpAdZkceMYyaoNSeSQa4zmc=
159,138,oLNsPlvYb+iZaEz2HhoJy7377Fs=,oxFnmpAdZkceMYyaoNSeSQa4zmc=
158,130,oLNsPlvYb+iZaEz2HhoJy7377Fs=,oxFnmpAdZkceMYyaoNSeSQa4zmc=
157,129,oLNsPlvYb+iZaEz2HhoJy7377Fs=,oxFnmpAdZkceMYyaoNSeSQa4zmc=
158,138,oLNsPlvYb+iZaEz2HhoJy7377Fs=,oxFnmpAdZkceMYyaoNSeSQa4zmc=
157,138,oLNsPlvYb+iZaEz2HhoJy7377Fs=,oxFnmpAdZkceMYyaoNSeSQa4zmc=
150,132,oLNsPlvYb+iZaEz2HhoJy7377Fs=,oxFnmpAdZkceMYyaoNSeSQa4zmc=
156,138,oLNsPlvYb+iZaEz2HhoJy7377Fs=,oxFnmpAdZkceMYyaoNSeSQa4zmc=
153,138,oLNsPlvYb+iZaEz2HhoJy7377Fs=,oxFnmpAdZkceMYyaoNSeSQa4zmc=
155,138,oLNsPlvYb+iZaEz2HhoJy7377Fs=,oxFnmpAdZkceMYyaoNSeSQa4zmc=
152,138,oLNsPlvYb+iZaEz2HhoJy7377Fs=,oxFnmpAdZkceMYyaoNSeSQa4zmc=
154,138,oLNsPlvYb+iZaEz2HhoJy7377Fs=,oxFnmpAdZkceMYyaoNSeSQa4zmc=
144,128,oLNsPlvYb+iZaEz2HhoJy7377Fs=,oxFnmpAdZkceMYyaoNSeSQa4zmc=
150,138,oLNsPlvYb+iZaEz2HhoJy7377Fs=,oxFnmpAdZkceMYyaoNSeSQa4zmc=
151,138,oLNsPlvYb+iZaEz2HhoJy7377Fs=,oxFnmpAdZkceMYyaoNSeSQa4zmc=
147,138,oLNsPlvYb+iZaEz2HhoJy7377Fs=,oxFnmpAdZkceMYyaoNSeSQa4zmc=
148,138,oLNsPlvYb+iZaEz2HhoJy7377Fs=,oxFnmpAdZkceMYyaoNSeSQa4zmc=
146,138,oLNsPlvYb+iZaEz2HhoJy7377Fs=,oxFnmpAdZkceMYyaoNSeSQa4zmc=
151,132,oLNsPlvYb+iZaEz2HhoJy7377Fs=,oxFnmpAdZkceMYyaoNSeSQa4zmc=
157,130,oLNsPlvYb+iZaEz2HhoJy7377Fs=,oxFnmpAdZkceMYyaoNSeSQa4zmc=
156,128,oLNsPlvYb+iZaEz2HhoJy7377Fs=,oxFnmpAdZkceMYyaoNSeSQa4zmc=
145,138,oLNsPlvYb+iZaEz2HhoJy7377Fs=,oxFnmpAdZkceMYyaoNSeSQa4zmc=
144,138,oLNsPlvYb+iZaEz2HhoJy7377Fs=,oxFnmpAdZkceMYyaoNSeSQa4zmc=
159,137,oLNsPlvYb+iZaEz2HhoJy7377Fs=,oxFnmpAdZkceMYyaoNSeSQa4zmc=
149,138,oLNsPlvYb+iZaEz2HhoJy7377Fs=,oxFnmpAdZkceMYyaoNSeSQa4zmc=
156,129,oLNsPlvYb+iZaEz2HhoJy7377Fs=,oxFnmpAdZkceMYyaoNSeSQa4zmc=
152,132,oLNsPlvYb+iZaEz2HhoJy7377Fs=,oxFnmpAdZkceMYyaoNSeSQa4zmc=
158,137,oLNsPlvYb+iZaEz2HhoJy7377Fs=,oxFnmpAdZkceMYyaoNSeSQa4zmc=
157,137,oLNsPlvYb+iZaEz2HhoJy7377Fs=,oxFnmpAdZkceMYyaoNSeSQa4zmc=
156,137,oLNsPlvYb+iZaEz2HhoJy7377Fs=,oxFnmpAdZkceMYyaoNSeSQa4zmc=
155,137,oLNsPlvYb+iZaEz2HhoJy7377Fs=,oxFnmpAdZkceMYyaoNSeSQa4zmc=
153,137,oLNsPlvYb+iZaEz2HhoJy7377Fs=,oxFnmpAdZkceMYyaoNSeSQa4zmc=
154,137,oLNsPlvYb+iZaEz2HhoJy7377Fs=,oxFnmpAdZkceMYyaoNSeSQa4zmc=
153,132,oLNsPlvYb+iZaEz2HhoJy7377Fs=,oxFnmpAdZkceMYyaoNSeSQa4zmc=
152,137,oLNsPlvYb+iZaEz2HhoJy7377Fs=,oxFnmpAdZkceMYyaoNSeSQa4zmc=
151,137,oLNsPlvYb+iZaEz2HhoJy7377Fs=,oxFnmpAdZkceMYyaoNSeSQa4zmc=
146,137,oLNsPlvYb+iZaEz2HhoJy7377Fs=,oxFnmpAdZkceMYyaoNSeSQa4zmc=
147,137,oLNsPlvYb+iZaEz2HhoJy7377Fs=,oxFnmpAdZkceMYyaoNSeSQa4zmc=
148,137,oLNsPlvYb+iZaEz2HhoJy7377Fs=,oxFnmpAdZkceMYyaoNSeSQa4zmc=
149,137,oLNsPlvYb+iZaEz2HhoJy7377Fs=,oxFnmpAdZkceMYyaoNSeSQa4zmc=
156,130,oLNsPlvYb+iZaEz2HhoJy7377Fs=,oxFnmpAdZkceMYyaoNSeSQa4zmc=
155,128,oLNsPlvYb+iZaEz2HhoJy7377Fs=,oxFnmpAdZkceMYyaoNSeSQa4zmc=
145,137,oLNsPlvYb+iZaEz2HhoJy7377Fs=,oxFnmpAdZkceMYyaoNSeSQa4zmc=
150,137,oLNsPlvYb+iZaEz2HhoJy7377Fs=,oxFnmpAdZkceMYyaoNSeSQa4zmc=
154,132,oLNsPlvYb+iZaEz2HhoJy7377Fs=,oxFnmpAdZkceMYyaoNSeSQa4zmc=
144,137,oLNsPlvYb+iZaEz2HhoJy7377Fs=,oxFnmpAdZkceMYyaoNSeSQa4zmc=
155,129,oLNsPlvYb+iZaEz2HhoJy7377Fs=,oxFnmpAdZkceMYyaoNSeSQa4zmc=
157,136,oLNsPlvYb+iZaEz2HhoJy7377Fs=,oxFnmpAdZkceMYyaoNSeSQa4zmc=
159,136,oLNsPlvYb+iZaEz2HhoJy7377Fs=,oxFnmpAdZkceMYyaoNSeSQa4zmc=
156,136,oLNsPlvYb+iZaEz2HhoJy7377Fs=,oxFnmpAdZkceMYyaoNSeSQa4zmc=
155,132,oLNsPlvYb+iZaEz2HhoJy7377Fs=,oxFnmpAdZkceMYyaoNSeSQa4zmc=
158,136,oLNsPlvYb+iZaEz2HhoJy7377Fs=,oxFnmpAdZkceMYyaoNSeSQa4zmc=
154,136,oLNsPlvYb+iZaEz2HhoJy7377Fs=,oxFnmpAdZkceMYyaoNSeSQa4zmc=
156,132,oLNsPlvYb+iZaEz2HhoJy7377Fs=,oxFnmpAdZkceMYyaoNSeSQa4zmc=
153,136,oLNsPlvYb+iZaEz2HhoJy7377Fs=,oxFnmpAdZkceMYyaoNSeSQa4zmc=
152,136,oLNsPlvYb+iZaEz2HhoJy7377Fs=,oxFnmpAdZkceMYyaoNSeSQa4zmc=
151,136,oLNsPlvYb+iZaEz2HhoJy7377Fs=,oxFnmpAdZkceMYyaoNSeSQa4zmc=
155,136,oLNsPlvYb+iZaEz2HhoJy7377Fs=,oxFnmpAdZkceMYyaoNSeSQa4zmc=
149,136,oLNsPlvYb+iZaEz2HhoJy7377Fs=,oxFnmpAdZkceMYyaoNSeSQa4zmc=
148,136,oLNsPlvYb+iZaEz2HhoJy7377Fs=,oxFnmpAdZkceMYyaoNSeSQa4zmc=
150,136,oLNsPlvYb+iZaEz2HhoJy7377Fs=,oxFnmpAdZkceMYyaoNSeSQa4zmc=
157,132,oLNsPlvYb+iZaEz2HhoJy7377Fs=,oxFnmpAdZkceMYyaoNSeSQa4zmc=
147,136,oLNsPlvYb+iZaEz2HhoJy7377Fs=,oxFnmpAdZkceMYyaoNSeSQa4zmc=
155,130,oLNsPlvYb+iZaEz2HhoJy7377Fs=,oxFnmpAdZkceMYyaoNSeSQa4zmc=
144,136,oLNsPlvYb+iZaEz2HhoJy7377Fs=,oxFnmpAdZkceMYyaoNSeSQa4zmc=
154,128,oLNsPlvYb+iZaEz2HhoJy7377Fs=,oxFnmpAdZkceMYyaoNSeSQa4zmc=
159,135,oLNsPlvYb+iZaEz2HhoJy7377Fs=,oxFnmpAdZkceMYyaoNSeSQa4zmc=
146,136,oLNsPlvYb+iZaEz2HhoJy7377Fs=,oxFnmpAdZkceMYyaoNSeSQa4zmc=
154,129,oLNsPlvYb+iZaEz2HhoJy7377Fs=,oxFnmpAdZkceMYyaoNSeSQa4zmc=
158,132,oLNsPlvYb+iZaEz2HhoJy7377Fs=,oxFnmpAdZkceMYyaoNSeSQa4zmc=
157,135,oLNsPlvYb+iZaEz2HhoJy7377Fs=,oxFnmpAdZkceMYyaoNSeSQa4zmc=
145,136,oLNsPlvYb+iZaEz2HhoJy7377Fs=,oxFnmpAdZkceMYyaoNSeSQa4zmc=
155,135,oLNsPlvYb+iZaEz2HhoJy7377Fs=,oxFnmpAdZkceMYyaoNSeSQa4zmc=
156,135,oLNsPlvYb+iZaEz2HhoJy7377Fs=,oxFnmpAdZkceMYyaoNSeSQa4zmc=
159,132,oLNsPlvYb+iZaEz2HhoJy7377Fs=,oxFnmpAdZkceMYyaoNSeSQa4zmc=
154,135,oLNsPlvYb+iZaEz2HhoJy7377Fs=,oxFnmpAdZkceMYyaoNSeSQa4zmc=
158,135,oLNsPlvYb+iZaEz2HhoJy7377Fs=,oxFnmpAdZkceMYyaoNSeSQa4zmc=
152,135,oLNsPlvYb+iZaEz2HhoJy7377Fs=,oxFnmpAdZkceMYyaoNSeSQa4zmc=
151,135,oLNsPlvYb+iZaEz2HhoJy7377Fs=,oxFnmpAdZkceMYyaoNSeSQa4zmc=
151,129,oLNsPlvYb+iZaEz2HhoJy7377Fs=,oxFnmpAdZkceMYyaoNSeSQa4zmc=
146,135,oLNsPlvYb+iZaEz2HhoJy7377Fs=,oxFnmpAdZkceMYyaoNSeSQa4zmc=
148,135,oLNsPlvYb+iZaEz2HhoJy7377Fs=,oxFnmpAdZkceMYyaoNSeSQa4zmc=
149,135,oLNsPlvYb+iZaEz2HhoJy7377Fs=,oxFnmpAdZkceMYyaoNSeSQa4zmc=
147,135,oLNsPlvYb+iZaEz2HhoJy7377Fs=,oxFnmpAdZkceMYyaoNSeSQa4zmc=
153,135,oLNsPlvYb+iZaEz2HhoJy7377Fs=,oxFnmpAdZkceMYyaoNSeSQa4zmc=
150,135,oLNsPlvYb+iZaEz2HhoJy7377Fs=,oxFnmpAdZkceMYyaoNSeSQa4zmc=
144,133,oLNsPlvYb+iZaEz2HhoJy7377Fs=,oxFnmpAdZkceMYyaoNSeSQa4zmc=
153,128,oLNsPlvYb+iZaEz2HhoJy7377Fs=,oxFnmpAdZkceMYyaoNSeSQa4zmc=
159,134,oLNsPlvYb+iZaEz2HhoJy7377Fs=,oxFnmpAdZkceMYyaoNSeSQa4zmc=
144,135,oLNsPlvYb+iZaEz2HhoJy7377Fs=,oxFnmpAdZkceMYyaoNSeSQa4zmc=
153,129,oLNsPlvYb+iZaEz2HhoJy7377Fs=,oxFnmpAdZkceMYyaoNSeSQa4zmc=
152,130,oLNsPlvYb+iZaEz2HhoJy7377Fs=,oxFnmpAdZkceMYyaoNSeSQa4zmc=
156,134,oLNsPlvYb+iZaEz2HhoJy7377Fs=,oxFnmpAdZkceMYyaoNSeSQa4zmc=
158,134,oLNsPlvYb+iZaEz2HhoJy7377Fs=,oxFnmpAdZkceMYyaoNSeSQa4zmc=
157,134,oLNsPlvYb+iZaEz2HhoJy7377Fs=,oxFnmpAdZkceMYyaoNSeSQa4zmc=
155,134,oLNsPlvYb+iZaEz2HhoJy7377Fs=,oxFnmpAdZkceMYyaoNSeSQa4zmc=
154,130,oLNsPlvYb+iZaEz2HhoJy7377Fs=,oxFnmpAdZkceMYyaoNSeSQa4zmc=
153,134,oLNsPlvYb+iZaEz2HhoJy7377Fs=,oxFnmpAdZkceMYyaoNSeSQa4zmc=
151,134,oLNsPlvYb+iZaEz2HhoJy7377Fs=,oxFnmpAdZkceMYyaoNSeSQa4zmc=
154,134,oLNsPlvYb+iZaEz2HhoJy7377Fs=,oxFnmpAdZkceMYyaoNSeSQa4zmc=
151,128,oLNsPlvYb+iZaEz2HhoJy7377Fs=,oxFnmpAdZkceMYyaoNSeSQa4zmc=
145,135,oLNsPlvYb+iZaEz2HhoJy7377Fs=,oxFnmpAdZkceMYyaoNSeSQa4zmc=
152,134,oLNsPlvYb+iZaEz2HhoJy7377Fs=,oxFnmpAdZkceMYyaoNSeSQa4zmc=
148,134,oLNsPlvYb+iZaEz2HhoJy7377Fs=,oxFnmpAdZkceMYyaoNSeSQa4zmc=
150,134,oLNsPlvYb+iZaEz2HhoJy7377Fs=,oxFnmpAdZkceMYyaoNSeSQa4zmc=
145,133,oLNsPlvYb+iZaEz2HhoJy7377Fs=,oxFnmpAdZkceMYyaoNSeSQa4zmc=
147,134,oLNsPlvYb+iZaEz2HhoJy7377Fs=,oxFnmpAdZkceMYyaoNSeSQa4zmc=
146,134,oLNsPlvYb+iZaEz2HhoJy7377Fs=,oxFnmpAdZkceMYyaoNSeSQa4zmc=
145,134,oLNsPlvYb+iZaEz2HhoJy7377Fs=,oxFnmpAdZkceMYyaoNSeSQa4zmc=
149,134,oLNsPlvYb+iZaEz2HhoJy7377Fs=,oxFnmpAdZkceMYyaoNSeSQa4zmc=
144,134,oLNsPlvYb+iZaEz2HhoJy7377Fs=,oxFnmpAdZkceMYyaoNSeSQa4zmc=
152,128,oLNsPlvYb+iZaEz2HhoJy7377Fs=,oxFnmpAdZkceMYyaoNSeSQa4zmc=
146,133,oLNsPlvYb+iZaEz2HhoJy7377Fs=,oxFnmpAdZkceMYyaoNSeSQa4zmc=
158,133,oLNsPlvYb+iZaEz2HhoJy7377Fs=,oxFnmpAdZkceMYyaoNSeSQa4zmc=
153,130,oLNsPlvYb+iZaEz2HhoJy7377Fs=,oxFnmpAdZkceMYyaoNSeSQa4zmc=
159,133,oLNsPlvYb+iZaEz2HhoJy7377Fs=,oxFnmpAdZkceMYyaoNSeSQa4zmc=
152,129,oLNsPlvYb+iZaEz2HhoJy7377Fs=,oxFnmpAdZkceMYyaoNSeSQa4zmc=
156,133,oLNsPlvYb+iZaEz2HhoJy7377Fs=,oxFnmpAdZkceMYyaoNSeSQa4zmc=
147,133,oLNsPlvYb+iZaEz2HhoJy7377Fs=,oxFnmpAdZkceMYyaoNSeSQa4zmc=
155,133,oLNsPlvYb+iZaEz2HhoJy7377Fs=,oxFnmpAdZkceMYyaoNSeSQa4zmc=
154,133,oLNsPlvYb+iZaEz2HhoJy7377Fs=,oxFnmpAdZkceMYyaoNSeSQa4zmc=
153,133,oLNsPlvYb+iZaEz2HhoJy7377Fs=,oxFnmpAdZkceMYyaoNSeSQa4zmc=
157,133,oLNsPlvYb+iZaEz2HhoJy7377Fs=,oxFnmpAdZkceMYyaoNSeSQa4zmc=
152,133,oLNsPlvYb+iZaEz2HhoJy7377Fs=,oxFnmpAdZkceMYyaoNSeSQa4zmc=
148,133,oLNsPlvYb+iZaEz2HhoJy7377Fs=,oxFnmpAdZkceMYyaoNSeSQa4zmc=
150,133,oLNsPlvYb+iZaEz2HhoJy7377Fs=,oxFnmpAdZkceMYyaoNSeSQa4zmc=
151,133,oLNsPlvYb+iZaEz2HhoJy7377Fs=,oxFnmpAdZkceMYyaoNSeSQa4zmc=
149,133,oLNsPlvYb+iZaEz2HhoJy7377Fs=,oxFnmpAdZkceMYyaoNSeSQa4zmc=
