-17,47,glnJgusryi/MItEYswpZyODKt7M=,5npE0lSjzHA3reHeF+b8jqkOQGk=
-19,34,glnJgusryi/MItEYswpZyODKt7M=,5npE0lSjzHA3reHeF+b8jqkOQGk=
-18,34,glnJgusryi/MItEYswpZyODKt7M=,5npE0lSjzHA3reHeF+b8jqkOQGk=
-17,34,glnJgusryi/MItEYswpZyODKt7M=,5npE0lSjzHA3reHeF+b8jqkOQGk=
-29,32,glnJgusryi/MItEYswpZyODKt7M=,5npE0lSjzHA3reHeF+b8jqkOQGk=
-32,35,glnJgusryi/MItEYswpZyODKt7M=,5npE0lSjzHA3reHeF+b8jqkOQGk=
-19,47,glnJgusryi/MItEYswpZyODKt7M=,5npE0lSjzHA3reHeF+b8jqkOQGk=
-31,35,glnJgusryi/MItEYswpZyODKt7M=,5npE0lSjzHA3reHeF+b8jqkOQGk=
-18,47,glnJgusryi/MItEYswpZyODKt7M=,5npE0lSjzHA3reHeF+b8jqkOQGk=
-30,35,glnJgusryi/MItEYswpZyODKt7M=,5npE0lSjzHA3reHeF+b8jqkOQGk=
-20,47,glnJgusryi/MItEYswpZyODKt7M=,5npE0lSjzHA3reHeF+b8jqkOQGk=
-29,35,glnJgusryi/MItEYswpZyODKt7M=,5npE0lSjzHA3reHeF+b8jqkOQGk=
-22,47,glnJgusryi/MItEYswpZyODKt7M=,5npE0lSjzHA3reHeF+b8jqkOQGk=
-21,47,glnJgusryi/MItEYswpZyODKt7M=,5npE0lSjzHA3reHeF+b8jqkOQGk=
-28,35,glnJgusryi/MItEYswpZyODKt7M=,5npE0lSjzHA3reHeF+b8jqkOQGk=
-18,33,glnJgusryi/MItEYswpZyODKt7M=,5npE0lSjzHA3reHeF+b8jqkOQGk=
-32,34,glnJgusryi/MItEYswpZyODKt7M=,5npE0lSjzHA3reHeF+b8jqkOQGk=
-23,47,glnJgusryi/MItEYswpZyODKt7M=,5npE0lSjzHA3reHeF+b8jqkOQGk=
-19,33,glnJgusryi/MItEYswpZyODKt7M=,5npE0lSjzHA3reHeF+b8jqkOQGk=
-17,33,glnJgusryi/MItEYswpZyODKt7M=,5npE0lSjzHA3reHeF+b8jqkOQGk=
-20,33,glnJgusryi/MItEYswpZyODKt7M=,5npE0lSjzHA3reHeF+b8jqkOQGk=
-28,32,glnJgusryi/MItEYswpZyODKt7M=,5npE0lSjzHA3reHeF+b8jqkOQGk=
-21,33,glnJgusryi/MItEYswpZyODKt7M=,5npE0lSjzHA3reHeF+b8jqkOQGk=
-22,33,glnJgusryi/MItEYswpZyODKt7M=,5npE0lSjzHA3reHeF+b8jqkOQGk=
-27,35,glnJgusryi/MItEYswpZyODKt7M=,5npE0lSjzHA3reHeF+b8jqkOQGk=
-24,47,glnJgusryi/MItEYswpZyODKt7M=,5npE0lSjzHA3reHeF+b8jqkOQGk=
-23,33,glnJgusryi/MItEYswpZyODKt7M=,5npE0lSjzHA3reHeF+b8jqkOQGk=
-24,33,glnJgusryi/MItEYswpZyODKt7M=,5npE0lSjzHA3reHeF+b8jqkOQGk=
-25,47,glnJgusryi/MItEYswpZyODKt7M=,5npE0lSjzHA3reHeF+b8jqkOQGk=
-26,35,glnJgusryi/MItEYswpZyODKt7M=,5npE0lSjzHA3reHeF+b8jqkOQGk=
-25,33,glnJgusryi/MItEYswpZyODKt7M=,5npE0lSjzHA3reHeF+b8jqkOQGk=
-26,47,glnJgusryi/MItEYswpZyODKt7M=,5npE0lSjzHA3reHeF+b8jqkOQGk=
-25,35,glnJgusryi/MItEYswpZyODKt7M=,5npE0lSjzHA3reHeF+b8jqkOQGk=
-26,33,glnJgusryi/MItEYswpZyODKt7M=,5npE0lSjzHA3reHeF+b8jqkOQGk=
-27,33,glnJgusryi/MItEYswpZyODKt7M=,5npE0lSjzHA3reHeF+b8jqkOQGk=
-27,47,glnJgusryi/MItEYswpZyODKt7M=,5npE0lSjzHA3reHeF+b8jqkOQGk=
-24,35,glnJgusryi/MItEYswpZyODKt7M=,5npE0lSjzHA3reHeF+b8jqkOQGk=
-28,33,glnJgusryi/MItEYswpZyODKt7M=,5npE0lSjzHA3reHeF+b8jqkOQGk=
-29,47,glnJgusryi/MItEYswpZyODKt7M=,5npE0lSjzHA3reHeF+b8jqkOQGk=
-29,33,glnJgusryi/MItEYswpZyODKt7M=,5npE0lSjzHA3reHeF+b8jqkOQGk=
-30,47,glnJgusryi/MItEYswpZyODKt7M=,5npE0lSjzHA3reHeF+b8jqkOQGk=
-28,47,glnJgusryi/MItEYswpZyODKt7M=,5npE0lSjzHA3reHeF+b8jqkOQGk=
-31,47,glnJgusryi/MItEYswpZyODKt7M=,5npE0lSjzHA3reHeF+b8jqkOQGk=
-32,47,glnJgusryi/MItEYswpZyODKt7M=,5npE0lSjzHA3reHeF+b8jqkOQGk=
-31,33,glnJgusryi/MItEYswpZyODKt7M=,5npE0lSjzHA3reHeF+b8jqkOQGk=
-23,35,glnJgusryi/MItEYswpZyODKt7M=,5npE0lSjzHA3reHeF+b8jqkOQGk=
-17,46,glnJgusryi/MItEYswpZyODKt7M=,5npE0lSjzHA3reHeF+b8jqkOQGk=
-22,35,glnJgusryi/MItEYswpZyODKt7M=,5npE0lSjzHA3reHeF+b8jqkOQGk=
-30,33,glnJgusryi/MItEYswpZyODKt7M=,5npE0lSjzHA3reHeF+b8jqkOQGk=
-18,46,glnJgusryi/MItEYswpZyODKt7M=,5npE0lSjzHA3reHeF+b8jqkOQGk=
-21,35,glnJgusryi/MItEYswpZyODKt7M=,5npE0lSjzHA3reHeF+b8jqkOQGk=
-30,32,glnJgusryi/MItEYswpZyODKt7M=,5npE0lSjzHA3reHeF+b8jqkOQGk=
-19,46,glnJgusryi/MItEYswpZyODKt7M=,5npE0lSjzHA3reHeF+b8jqkOQGk=
-20,34,glnJgusryi/MItEYswpZyODKt7M=,5npE0lSjzHA3reHeF+b8jqkOQGk=
-20,35,glnJgusryi/MItEYswpZyODKt7M=,5npE0lSjzHA3reHeF+b8jqkOQGk=
-21,46,glnJgusryi/MItEYswpZyODKt7M=,5npE0lSjzHA3reHeF+b8jqkOQGk=
-19,35,glnJgusryi/MItEYswpZyODKt7M=,5npE0lSjzHA3reHeF+b8jqkOQGk=
-22,46,glnJgusryi/MItEYswpZyODKt7M=,5npE0lSjzHA3reHeF+b8jqkOQGk=
-23,46,glnJgusryi/MItEYswpZyODKt7M=,5npE0lSjzHA3reHeF+b8jqkOQGk=
-18,35,glnJgusryi/MItEYswpZyODKt7M=,5npE0lSjzHA3reHeF+b8jqkOQGk=
-25,46,glnJgusryi/MItEYswpZyODKt7M=,5npE0lSjzHA3reHeF+b8jqkOQGk=
-24,46,glnJgusryi/MItEYswpZyODKt7M=,5npE0lSjzHA3reHeF+b8jqkOQGk=
-31,34,glnJgusryi/MItEYswpZyODKt7M=,5npE0lSjzHA3reHeF+b8jqkOQGk=
-27,46,glnJgusryi/MItEYswpZyODKt7M=,5npE0lSjzHA3reHeF+b8jqkOQGk=
-26,46,glnJgusryi/MItEYswpZyODKt7M=,5npE0lSjzHA3reHeF+b8jqkOQGk=
-28,46,glnJgusryi/MItEYswpZyODKt7M=,5npE0lSjzHA3reHeF+b8jqkOQGk=
-17,35,glnJgusryi/MItEYswpZyODKt7M=,5npE0lSjzHA3reHeF+b8jqkOQGk=
-30,46,glnJgusryi/MItEYswpZyODKt7M=,5npE0lSjzHA3reHeF+b8jqkOQGk=
-31,46,glnJgusryi/MItEYswpZyODKt7M=,5npE0lSjzHA3reHeF+b8jqkOQGk=
-29,46,glnJgusryi/MItEYswpZyODKt7M=,5npE0lSjzHA3reHeF+b8jqkOQGk=
-32,36,glnJgusryi/MItEYswpZyODKt7M=,5npE0lSjzHA3reHeF+b8jqkOQGk=
-20,46,glnJgusryi/MItEYswpZyODKt7M=,5npE0lSjzHA3reHeF+b8jqkOQGk=
-32,33,glnJgusryi/MItEYswpZyODKt7M=,5npE0lSjzHA3reHeF+b8jqkOQGk=
-31,36,glnJgusryi/MItEYswpZyODKt7M=,5npE0lSjzHA3reHeF+b8jqkOQGk=
-32,46,glnJgusryi/MItEYswpZyODKt7M=,5npE0lSjzHA3reHeF+b8jqkOQGk=
-17,45,glnJgusryi/MItEYswpZyODKt7M=,5npE0lSjzHA3reHeF+b8jqkOQGk=
-18,45,glnJgusryi/MItEYswpZyODKt7M=,5npE0lSjzHA3reHeF+b8jqkOQGk=
-17,32,glnJgusryi/MItEYswpZyODKt7M=,5npE0lSjzHA3reHeF+b8jqkOQGk=
-21,34,glnJgusryi/MItEYswpZyODKt7M=,5npE0lSjzHA3reHeF+b8jqkOQGk=
-30,36,glnJgusryi/MItEYswpZyODKt7M=,5npE0lSjzHA3reHeF+b8jqkOQGk=
-19,45,glnJgusryi/MItEYswpZyODKt7M=,5npE0lSjzHA3reHeF+b8jqkOQGk=
-21,45,glnJgusryi/MItEYswpZyODKt7M=,5npE0lSjzHA3reHeF+b8jqkOQGk=
-20,45,glnJgusryi/MItEYswpZyODKt7M=,5npE0lSjzHA3reHeF+b8jqkOQGk=
-29,36,glnJgusryi/MItEYswpZyODKt7M=,5npE0lSjzHA3reHeF+b8jqkOQGk=
-22,45,glnJgusryi/MItEYswpZyODKt7M=,5npE0lSjzHA3reHeF+b8jqkOQGk=
-23,45,glnJgusryi/MItEYswpZyODKt7M=,5npE0lSjzHA3reHeF+b8jqkOQGk=
-24,45,glnJgusryi/MItEYswpZyODKt7M=,5npE0lSjzHA3reHeF+b8jqkOQGk=
-26,45,glnJgusryi/MItEYswpZyODKt7M=,5npE0lSjzHA3reHeF+b8jqkOQGk=
-25,45,glnJgusryi/MItEYswpZyODKt7M=,5npE0lSjzHA3reHeF+b8jqkOQGk=
-27,45,glnJgusryi/MItEYswpZyODKt7M=,5npE0lSjzHA3reHeF+b8jqkOQGk=
-30,34,glnJgusryi/MItEYswpZyODKt7M=,5npE0lSjzHA3reHeF+b8jqkOQGk=
-28,45,glnJgusryi/MItEYswpZyODKt7M=,5npE0lSjzHA3reHeF+b8jqkOQGk=
-29,45,glnJgusryi/MItEYswpZyODKt7M=,5npE0lSjzHA3reHeF+b8jqkOQGk=
-30,45,glnJgusryi/MItEYswpZyODKt7M=,5npE0lSjzHA3reHeF+b8jqkOQGk=
-28,36,glnJgusryi/MItEYswpZyODKt7M=,5npE0lSjzHA3reHeF+b8jqkOQGk=
-31,32,glnJgusryi/MItEYswpZyODKt7M=,5npE0lSjzHA3reHeF+b8jqkOQGk=
-32,45,glnJgusryi/MItEYswpZyODKt7M=,5npE0lSjzHA3reHeF+b8jqkOQGk=
-27,32,glnJgusryi/MItEYswpZyODKt7M=,5npE0lSjzHA3reHeF+b8jqkOQGk=
-31,45,glnJgusryi/MItEYswpZyODKt7M=,5npE0lSjzHA3reHeF+b8jqkOQGk=
-17,44,glnJgusryi/MItEYswpZyODKt7M=,5npE0lSjzHA3reHeF+b8jqkOQGk=
-18,44,glnJgusryi/MItEYswpZyODKt7M=,5npE0lSjzHA3reHeF+b8jqkOQGk=
-19,44,glnJgusryi/MItEYswpZyODKt7M=,5npE0lSjzHA3reHeF+b8jqkOQGk=
-27,36,glnJgusryi/MItEYswpZyODKt7M=,5npE0lSjzHA3reHeF+b8jqkOQGk=
-18,32,glnJgusryi/MItEYswpZyODKt7M=,5npE0lSjzHA3reHeF+b8jqkOQGk=
-20,44,glnJgusryi/MItEYswpZyODKt7M=,5npE0lSjzHA3reHeF+b8jqkOQGk=
-22,34,glnJgusryi/MItEYswpZyODKt7M=,5npE0lSjzHA3reHeF+b8jqkOQGk=
-21,44,glnJgusryi/MItEYswpZyODKt7M=,5npE0lSjzHA3reHeF+b8jqkOQGk=
-22,44,glnJgusryi/MItEYswpZyODKt7M=,5npE0lSjzHA3reHeF+b8jqkOQGk=
-26,36,glnJgusryi/MItEYswpZyODKt7M=,5npE0lSjzHA3reHeF+b8jqkOQGk=
-24,44,glnJgusryi/MItEYswpZyODKt7M=,5npE0lSjzHA3reHeF+b8jqkOQGk=
-23,44,glnJgusryi/MItEYswpZyODKt7M=,5npE0lSjzHA3reHeF+b8jqkOQGk=
-25,44,glnJgusryi/MItEYswpZyODKt7M=,5npE0lSjzHA3reHeF+b8jqkOQGk=
-28,44,glnJgusryi/MItEYswpZyODKt7M=,5npE0lSjzHA3reHeF+b8jqkOQGk=
-27,44,glnJgusryi/MItEYswpZyODKt7M=,5npE0lSjzHA3reHeF+b8jqkOQGk=
-26,44,glnJgusryi/MItEYswpZyODKt7M=,5npE0lSjzHA3reHeF+b8jqkOQGk=
-29,44,glnJgusryi/MItEYswpZyODKt7M=,5npE0lSjzHA3reHeF+b8jqkOQGk=
-30,44,glnJgusryi/MItEYswpZyODKt7M=,5npE0lSjzHA3reHeF+b8jqkOQGk=
-31,44,glnJgusryi/MItEYswpZyODKt7M=,5npE0lSjzHA3reHeF+b8jqkOQGk=
-32,44,glnJgusryi/MItEYswpZyODKt7M=,5npE0lSjzHA3reHeF+b8jqkOQGk=
-17,43,glnJgusryi/MItEYswpZyODKt7M=,5npE0lSjzHA3reHeF+b8jqkOQGk=
-18,43,glnJgusryi/MItEYswpZyODKt7M=,5npE0lSjzHA3reHeF+b8jqkOQGk=
-20,43,glnJgusryi/MItEYswpZyODKt7M=,5npE0lSjzHA3reHeF+b8jqkOQGk=
-19,43,glnJgusryi/MItEYswpZyODKt7M=,5npE0lSjzHA3reHeF+b8jqkOQGk=
-23,34,glnJgusryi/MItEYswpZyODKt7M=,5npE0lSjzHA3reHeF+b8jqkOQGk=
-19,32,glnJgusryi/MItEYswpZyODKt7M=,5npE0lSjzHA3reHeF+b8jqkOQGk=
-21,43,glnJgusryi/MItEYswpZyODKt7M=,5npE0lSjzHA3reHeF+b8jqkOQGk=
-22,43,glnJgusryi/MItEYswpZyODKt7M=,5npE0lSjzHA3reHeF+b8jqkOQGk=
-23,43,glnJgusryi/MItEYswpZyODKt7M=,5npE0lSjzHA3reHeF+b8jqkOQGk=
-24,43,glnJgusryi/MItEYswpZyODKt7M=,5npE0lSjzHA3reHeF+b8jqkOQGk=
-25,43,glnJgusryi/MItEYswpZyODKt7M=,5npE0lSjzHA3reHeF+b8jqkOQGk=
-26,43,glnJgusryi/MItEYswpZyODKt7M=,5npE0lSjzHA3reHeF+b8jqkOQGk=
-27,43,glnJgusryi/MItEYswpZyODKt7M=,5npE0lSjzHA3reHeF+b8jqkOQGk=
-28,43,glnJgusryi/MItEYswpZyODKt7M=,5npE0lSjzHA3reHeF+b8jqkOQGk=
-29,43,glnJgusryi/MItEYswpZyODKt7M=,5npE0lSjzHA3reHeF+b8jqkOQGk=
-30,43,glnJgusryi/MItEYswpZyODKt7M=,5npE0lSjzHA3reHeF+b8jqkOQGk=
-31,43,glnJgusryi/MItEYswpZyODKt7M=,5npE0lSjzHA3reHeF+b8jqkOQGk=
-32,43,glnJgusryi/MItEYswpZyODKt7M=,5npE0lSjzHA3reHeF+b8jqkOQGk=
-17,42,glnJgusryi/MItEYswpZyODKt7M=,5npE0lSjzHA3reHeF+b8jqkOQGk=
-19,42,glnJgusryi/MItEYswpZyODKt7M=,5npE0lSjzHA3reHeF+b8jqkOQGk=
-18,42,glnJgusryi/MItEYswpZyODKt7M=,5npE0lSjzHA3reHeF+b8jqkOQGk=
-20,42,glnJgusryi/MItEYswpZyODKt7M=,5npE0lSjzHA3reHeF+b8jqkOQGk=
-21,42,glnJgusryi/MItEYswpZyODKt7M=,5npE0lSjzHA3reHeF+b8jqkOQGk=
-24,34,glnJgusryi/MItEYswpZyODKt7M=,5npE0lSjzHA3reHeF+b8jqkOQGk=
-22,42,glnJgusryi/MItEYswpZyODKt7M=,5npE0lSjzHA3reHeF+b8jqkOQGk=
-20,32,glnJgusryi/MItEYswpZyODKt7M=,5npE0lSjzHA3reHeF+b8jqkOQGk=
-24,42,glnJgusryi/MItEYswpZyODKt7M=,5npE0lSjzHA3reHeF+b8jqkOQGk=
-26,42,glnJgusryi/MItEYswpZyODKt7M=,5npE0lSjzHA3reHeF+b8jqkOQGk=
-23,42,glnJgusryi/MItEYswpZyODKt7M=,5npE0lSjzHA3reHeF+b8jqkOQGk=
-25,42,glnJgusryi/MItEYswpZyODKt7M=,5npE0lSjzHA3reHeF+b8jqkOQGk=
-28,42,glnJgusryi/MItEYswpZyODKt7M=,5npE0lSjzHA3reHeF+b8jqkOQGk=
-29,42,glnJgusryi/MItEYswpZyODKt7M=,5npE0lSjzHA3reHeF+b8jqkOQGk=
-30,42,glnJgusryi/MItEYswpZyODKt7M=,5npE0lSjzHA3reHeF+b8jqkOQGk=
-27,42,glnJgusryi/MItEYswpZyODKt7M=,5npE0lSjzHA3reHeF+b8jqkOQGk=
-31,42,glnJgusryi/MItEYswpZyODKt7M=,5npE0lSjzHA3reHeF+b8jqkOQGk=
-32,42,glnJgusryi/MItEYswpZyODKt7M=,5npE0lSjzHA3reHeF+b8jqkOQGk=
-18,41,glnJgusryi/MItEYswpZyODKt7M=,5npE0lSjzHA3reHeF+b8jqkOQGk=
-19,41,glnJgusryi/MItEYswpZyODKt7M=,5npE0lSjzHA3reHeF+b8jqkOQGk=
-17,41,glnJgusryi/MItEYswpZyODKt7M=,5npE0lSjzHA3reHeF+b8jqkOQGk=
-20,41,glnJgusryi/MItEYswpZyODKt7M=,5npE0lSjzHA3reHeF+b8jqkOQGk=
-21,41,glnJgusryi/MItEYswpZyODKt7M=,5npE0lSjzHA3reHeF+b8jqkOQGk=
-22,41,glnJgusryi/MItEYswpZyODKt7M=,5npE0lSjzHA3reHeF+b8jqkOQGk=
-23,41,glnJgusryi/MItEYswpZyODKt7M=,5npE0lSjzHA3reHeF+b8jqkOQGk=
-21,32,glnJgusryi/MItEYswpZyODKt7M=,5npE0lSjzHA3reHeF+b8jqkOQGk=
-25,34,glnJgusryi/MItEYswpZyODKt7M=,5npE0lSjzHA3reHeF+b8jqkOQGk=
-24,41,glnJgusryi/MItEYswpZyODKt7M=,5npE0lSjzHA3reHeF+b8jqkOQGk=
-25,41,glnJgusryi/MItEYswpZyODKt7M=,5npE0lSjzHA3reHeF+b8jqkOQGk=
-26,41,glnJgusryi/MItEYswpZyODKt7M=,5npE0lSjzHA3reHeF+b8jqkOQGk=
-27,41,glnJgusryi/MItEYswpZyODKt7M=,5npE0lSjzHA3reHeF+b8jqkOQGk=
-28,41,glnJgusryi/MItEYswpZyODKt7M=,5npE0lSjzHA3reHeF+b8jqkOQGk=
-29,41,glnJgusryi/MItEYswpZyODKt7M=,5npE0lSjzHA3reHeF+b8jqkOQGk=
-30,41,glnJgusryi/MItEYswpZyODKt7M=,5npE0lSjzHA3reHeF+b8jqkOQGk=
-32,41,glnJgusryi/MItEYswpZyODKt7M=,5npE0lSjzHA3reHeF+b8jqkOQGk=
-31,41,glnJgusryi/MItEYswpZyODKt7M=,5npE0lSjzHA3reHeF+b8jqkOQGk=
-18,40,glnJgusryi/MItEYswpZyODKt7M=,5npE0lSjzHA3reHeF+b8jqkOQGk=
-19,40,glnJgusryi/MItEYswpZyODKt7M=,5npE0lSjzHA3reHeF+b8jqkOQGk=
-17,40,glnJgusryi/MItEYswpZyODKt7M=,5npE0lSjzHA3reHeF+b8jqkOQGk=
-20,40,glnJgusryi/MItEYswpZyODKt7M=,5npE0lSjzHA3reHeF+b8jqkOQGk=
-21,40,glnJgusryi/MItEYswpZyODKt7M=,5npE0lSjzHA3reHeF+b8jqkOQGk=
-23,40,glnJgusryi/MItEYswpZyODKt7M=,5npE0lSjzHA3reHeF+b8jqkOQGk=
-24,40,glnJgusryi/MItEYswpZyODKt7M=,5npE0lSjzHA3reHeF+b8jqkOQGk=
-22,32,glnJgusryi/MItEYswpZyODKt7M=,5npE0lSjzHA3reHeF+b8jqkOQGk=
-22,40,glnJgusryi/MItEYswpZyODKt7M=,5npE0lSjzHA3reHeF+b8jqkOQGk=
-27,40,glnJgusryi/MItEYswpZyODKt7M=,5npE0lSjzHA3reHeF+b8jqkOQGk=
-26,34,glnJgusryi/MItEYswpZyODKt7M=,5npE0lSjzHA3reHeF+b8jqkOQGk=
-25,40,glnJgusryi/MItEYswpZyODKt7M=,5npE0lSjzHA3reHeF+b8jqkOQGk=
-26,40,glnJgusryi/MItEYswpZyODKt7M=,5npE0lSjzHA3reHeF+b8jqkOQGk=
-28,40,glnJgusryi/MItEYswpZyODKt7M=,5npE0lSjzHA3reHeF+b8jqkOQGk=
-29,40,glnJgusryi/MItEYswpZyODKt7M=,5npE0lSjzHA3reHeF+b8jqkOQGk=
-30,40,glnJgusryi/MItEYswpZyODKt7M=,5npE0lSjzHA3reHeF+b8jqkOQGk=
-32,40,glnJgusryi/MItEYswpZyODKt7M=,5npE0lSjzHA3reHeF+b8jqkOQGk=
-31,40,glnJgusryi/MItEYswpZyODKt7M=,5npE0lSjzHA3reHeF+b8jqkOQGk=
-17,39,glnJgusryi/MItEYswpZyODKt7M=,5npE0lSjzHA3reHeF+b8jqkOQGk=
-18,39,glnJgusryi/MItEYswpZyODKt7M=,5npE0lSjzHA3reHeF+b8jqkOQGk=
-20,39,glnJgusryi/MItEYswpZyODKt7M=,5npE0lSjzHA3reHeF+b8jqkOQGk=
-19,39,glnJgusryi/MItEYswpZyODKt7M=,5npE0lSjzHA3reHeF+b8jqkOQGk=
-21,39,glnJgusryi/MItEYswpZyODKt7M=,5npE0lSjzHA3reHeF+b8jqkOQGk=
-22,39,glnJgusryi/MItEYswpZyODKt7M=,5npE0lSjzHA3reHeF+b8jqkOQGk=
-23,39,glnJgusryi/MItEYswpZyODKt7M=,5npE0lSjzHA3reHeF+b8jqkOQGk=
-24,39,glnJgusryi/MItEYswpZyODKt7M=,5npE0lSjzHA3reHeF+b8jqkOQGk=
-25,39,glnJgusryi/MItEYswpZyODKt7M=,5npE0lSjzHA3reHeF+b8jqkOQGk=
-27,34,glnJgusryi/MItEYswpZyODKt7M=,5npE0lSjzHA3reHeF+b8jqkOQGk=
-26,39,glnJgusryi/MItEYswpZyODKt7M=,5npE0lSjzHA3reHeF+b8jqkOQGk=
-23,32,glnJgusryi/MItEYswpZyODKt7M=,5npE0lSjzHA3reHeF+b8jqkOQGk=
-27,39,glnJgusryi/MItEYswpZyODKt7M=,5npE0lSjzHA3reHeF+b8jqkOQGk=
-28,39,glnJgusryi/MItEYswpZyODKt7M=,5npE0lSjzHA3reHeF+b8jqkOQGk=
-30,39,glnJgusryi/MItEYswpZyODKt7M=,5npE0lSjzHA3reHeF+b8jqkOQGk=
-29,39,glnJgusryi/MItEYswpZyODKt7M=,5npE0lSjzHA3reHeF+b8jqkOQGk=
-31,39,glnJgusryi/MItEYswpZyODKt7M=,5npE0lSjzHA3reHeF+b8jqkOQGk=
-32,39,glnJgusryi/MItEYswpZyODKt7M=,5npE0lSjzHA3reHeF+b8jqkOQGk=
-17,38,glnJgusryi/MItEYswpZyODKt7M=,5npE0lSjzHA3reHeF+b8jqkOQGk=
-18,38,glnJgusryi/MItEYswpZyODKt7M=,5npE0lSjzHA3reHeF+b8jqkOQGk=
-19,38,glnJgusryi/MItEYswpZyODKt7M=,5npE0lSjzHA3reHeF+b8jqkOQGk=
-20,38,glnJgusryi/MItEYswpZyODKt7M=,5npE0lSjzHA3reHeF+b8jqkOQGk=
-22,38,glnJgusryi/MItEYswpZyODKt7M=,5npE0lSjzHA3reHeF+b8jqkOQGk=
-21,38,glnJgusryi/MItEYswpZyODKt7M=,5npE0lSjzHA3reHeF+b8jqkOQGk=
-24,38,glnJgusryi/MItEYswpZyODKt7M=,5npE0lSjzHA3reHeF+b8jqkOQGk=
-23,38,glnJgusryi/MItEYswpZyODKt7M=,5npE0lSjzHA3reHeF+b8jqkOQGk=
-26,38,glnJgusryi/MItEYswpZyODKt7M=,5npE0lSjzHA3reHeF+b8jqkOQGk=
-25,38,glnJgusryi/MItEYswpZyODKt7M=,5npE0lSjzHA3reHeF+b8jqkOQGk=
-28,34,glnJgusryi/MItEYswpZyODKt7M=,5npE0lSjzHA3reHeF+b8jqkOQGk=
-24,32,glnJgusryi/MItEYswpZyODKt7M=,5npE0lSjzHA3reHeF+b8jqkOQGk=
-27,38,glnJgusryi/MItEYswpZyODKt7M=,5npE0lSjzHA3reHeF+b8jqkOQGk=
-28,38,glnJgusryi/MItEYswpZyODKt7M=,5npE0lSjzHA3reHeF+b8jqkOQGk=
-30,38,glnJgusryi/MItEYswpZyODKt7M=,5npE0lSjzHA3reHeF+b8jqkOQGk=
-29,38,glnJgusryi/MItEYswpZyODKt7M=,5npE0lSjzHA3reHeF+b8jqkOQGk=
-31,38,glnJgusryi/MItEYswpZyODKt7M=,5npE0lSjzHA3reHeF+b8jqkOQGk=
-32,38,glnJgusryi/MItEYswpZyODKt7M=,5npE0lSjzHA3reHeF+b8jqkOQGk=
-19,37,glnJgusryi/MItEYswpZyODKt7M=,5npE0lSjzHA3reHeF+b8jqkOQGk=
-17,37,glnJgusryi/MItEYswpZyODKt7M=,5npE0lSjzHA3reHeF+b8jqkOQGk=
-20,37,glnJgusryi/MItEYswpZyODKt7M=,5npE0lSjzHA3reHeF+b8jqkOQGk=
-18,37,glnJgusryi/MItEYswpZyODKt7M=,5npE0lSjzHA3reHeF+b8jqkOQGk=
-22,37,glnJgusryi/MItEYswpZyODKt7M=,5npE0lSjzHA3reHeF+b8jqkOQGk=
-23,37,glnJgusryi/MItEYswpZyODKt7M=,5npE0lSjzHA3reHeF+b8jqkOQGk=
-21,37,glnJgusryi/MItEYswpZyODKt7M=,5npE0lSjzHA3reHeF+b8jqkOQGk=
-24,37,glnJgusryi/MItEYswpZyODKt7M=,5npE0lSjzHA3reHeF+b8jqkOQGk=
-25,37,glnJgusryi/MItEYswpZyODKt7M=,5npE0lSjzHA3reHeF+b8jqkOQGk=
-26,37,glnJgusryi/MItEYswpZyODKt7M=,5npE0lSjzHA3reHeF+b8jqkOQGk=
-27,37,glnJgusryi/MItEYswpZyODKt7M=,5npE0lSjzHA3reHeF+b8jqkOQGk=
-25,32,glnJgusryi/MItEYswpZyODKt7M=,5npE0lSjzHA3reHeF+b8jqkOQGk=
-29,34,glnJgusryi/MItEYswpZyODKt7M=,5npE0lSjzHA3reHeF+b8jqkOQGk=
-28,37,glnJgusryi/MItEYswpZyODKt7M=,5npE0lSjzHA3reHeF+b8jqkOQGk=
-29,37,glnJgusryi/MItEYswpZyODKt7M=,5npE0lSjzHA3reHeF+b8jqkOQGk=
-30,37,glnJgusryi/MItEYswpZyODKt7M=,5npE0lSjzHA3reHeF+b8jqkOQGk=
-31,37,glnJgusryi/MItEYswpZyODKt7M=,5npE0lSjzHA3reHeF+b8jqkOQGk=
-32,37,glnJgusryi/MItEYswpZyODKt7M=,5npE0lSjzHA3reHeF+b8jqkOQGk=
-26,32,glnJgusryi/MItEYswpZyODKt7M=,5npE0lSjzHA3reHeF+b8jqkOQGk=
-18,36,glnJgusryi/MItEYswpZyODKt7M=,5npE0lSjzHA3reHeF+b8jqkOQGk=
-17,36,glnJgusryi/MItEYswpZyODKt7M=,5npE0lSjzHA3reHeF+b8jqkOQGk=
-19,36,glnJgusryi/MItEYswpZyODKt7M=,5npE0lSjzHA3reHeF+b8jqkOQGk=
-20,36,glnJgusryi/MItEYswpZyODKt7M=,5npE0lSjzHA3reHeF+b8jqkOQGk=
-21,36,glnJgusryi/MItEYswpZyODKt7M=,5npE0lSjzHA3reHeF+b8jqkOQGk=
-22,36,glnJgusryi/MItEYswpZyODKt7M=,5npE0lSjzHA3reHeF+b8jqkOQGk=
-23,36,glnJgusryi/MItEYswpZyODKt7M=,5npE0lSjzHA3reHeF+b8jqkOQGk=
-24,36,glnJgusryi/MItEYswpZyODKt7M=,5npE0lSjzHA3reHeF+b8jqkOQGk=
-25,36,glnJgusryi/MItEYswpZyODKt7M=,5npE0lSjzHA3reHeF+b8jqkOQGk=
-32,32,glnJgusryi/MItEYswpZyODKt7M=,5npE0lSjzHA3reHeF+b8jqkOQGk=
-20,51,vw/ko5inc9Vbz028K+d5XcVD9ww=,6jPYXA8yItNIGZ0V8UugvOm3VXQ=
-29,48,vw/ko5inc9Vbz028K+d5XcVD9ww=,6jPYXA8yItNIGZ0V8UugvOm3VXQ=
-18,50,vw/ko5inc9Vbz028K+d5XcVD9ww=,6jPYXA8yItNIGZ0V8UugvOm3VXQ=
-28,48,vw/ko5inc9Vbz028K+d5XcVD9ww=,6jPYXA8yItNIGZ0V8UugvOm3VXQ=
-19,51,vw/ko5inc9Vbz028K+d5XcVD9ww=,6jPYXA8yItNIGZ0V8UugvOm3VXQ=
-18,51,vw/ko5inc9Vbz028K+d5XcVD9ww=,6jPYXA8yItNIGZ0V8UugvOm3VXQ=
-17,51,vw/ko5inc9Vbz028K+d5XcVD9ww=,6jPYXA8yItNIGZ0V8UugvOm3VXQ=
-17,63,vw/ko5inc9Vbz028K+d5XcVD9ww=,6jPYXA8yItNIGZ0V8UugvOm3VXQ=
-27,48,vw/ko5inc9Vbz028K+d5XcVD9ww=,6jPYXA8yItNIGZ0V8UugvOm3VXQ=
-32,52,vw/ko5inc9Vbz028K+d5XcVD9ww=,6jPYXA8yItNIGZ0V8UugvOm3VXQ=
-19,50,vw/ko5inc9Vbz028K+d5XcVD9ww=,6jPYXA8yItNIGZ0V8UugvOm3VXQ=
-17,49,vw/ko5inc9Vbz028K+d5XcVD9ww=,6jPYXA8yItNIGZ0V8UugvOm3VXQ=
-30,49,vw/ko5inc9Vbz028K+d5XcVD9ww=,6jPYXA8yItNIGZ0V8UugvOm3VXQ=
-20,50,vw/ko5inc9Vbz028K+d5XcVD9ww=,6jPYXA8yItNIGZ0V8UugvOm3VXQ=
-31,52,vw/ko5inc9Vbz028K+d5XcVD9ww=,6jPYXA8yItNIGZ0V8UugvOm3VXQ=
-22,50,vw/ko5inc9Vbz028K+d5XcVD9ww=,6jPYXA8yItNIGZ0V8UugvOm3VXQ=
-21,51,vw/ko5inc9Vbz028K+d5XcVD9ww=,6jPYXA8yItNIGZ0V8UugvOm3VXQ=
-30,52,vw/ko5inc9Vbz028K+d5XcVD9ww=,6jPYXA8yItNIGZ0V8UugvOm3VXQ=
-23,50,vw/ko5inc9Vbz028K+d5XcVD9ww=,6jPYXA8yItNIGZ0V8UugvOm3VXQ=
-21,50,vw/ko5inc9Vbz028K+d5XcVD9ww=,6jPYXA8yItNIGZ0V8UugvOm3VXQ=
-24,50,vw/ko5inc9Vbz028K+d5XcVD9ww=,6jPYXA8yItNIGZ0V8UugvOm3VXQ=
-29,52,vw/ko5inc9Vbz028K+d5XcVD9ww=,6jPYXA8yItNIGZ0V8UugvOm3VXQ=
-19,63,vw/ko5inc9Vbz028K+d5XcVD9ww=,6jPYXA8yItNIGZ0V8UugvOm3VXQ=
-18,63,vw/ko5inc9Vbz028K+d5XcVD9ww=,6jPYXA8yItNIGZ0V8UugvOm3VXQ=
-20,63,vw/ko5inc9Vbz028K+d5XcVD9ww=,6jPYXA8yItNIGZ0V8UugvOm3VXQ=
-21,63,vw/ko5inc9Vbz028K+d5XcVD9ww=,6jPYXA8yItNIGZ0V8UugvOm3VXQ=
-22,63,vw/ko5inc9Vbz028K+d5XcVD9ww=,6jPYXA8yItNIGZ0V8UugvOm3VXQ=
-24,63,vw/ko5inc9Vbz028K+d5XcVD9ww=,6jPYXA8yItNIGZ0V8UugvOm3VXQ=
-25,50,vw/ko5inc9Vbz028K+d5XcVD9ww=,6jPYXA8yItNIGZ0V8UugvOm3VXQ=
-23,63,vw/ko5inc9Vbz028K+d5XcVD9ww=,6jPYXA8yItNIGZ0V8UugvOm3VXQ=
-25,63,vw/ko5inc9Vbz028K+d5XcVD9ww=,6jPYXA8yItNIGZ0V8UugvOm3VXQ=
-26,50,vw/ko5inc9Vbz028K+d5XcVD9ww=,6jPYXA8yItNIGZ0V8UugvOm3VXQ=
-26,63,vw/ko5inc9Vbz028K+d5XcVD9ww=,6jPYXA8yItNIGZ0V8UugvOm3VXQ=
-27,50,vw/ko5inc9Vbz028K+d5XcVD9ww=,6jPYXA8yItNIGZ0V8UugvOm3VXQ=
-27,63,vw/ko5inc9Vbz028K+d5XcVD9ww=,6jPYXA8yItNIGZ0V8UugvOm3VXQ=
-28,50,vw/ko5inc9Vbz028K+d5XcVD9ww=,6jPYXA8yItNIGZ0V8UugvOm3VXQ=
-29,50,vw/ko5inc9Vbz028K+d5XcVD9ww=,6jPYXA8yItNIGZ0V8UugvOm3VXQ=
-28,63,vw/ko5inc9Vbz028K+d5XcVD9ww=,6jPYXA8yItNIGZ0V8UugvOm3VXQ=
-29,63,vw/ko5inc9Vbz028K+d5XcVD9ww=,6jPYXA8yItNIGZ0V8UugvOm3VXQ=
-30,50,vw/ko5inc9Vbz028K+d5XcVD9ww=,6jPYXA8yItNIGZ0V8UugvOm3VXQ=
-32,50,vw/ko5inc9Vbz028K+d5XcVD9ww=,6jPYXA8yItNIGZ0V8UugvOm3VXQ=
-31,50,vw/ko5inc9Vbz028K+d5XcVD9ww=,6jPYXA8yItNIGZ0V8UugvOm3VXQ=
-30,48,vw/ko5inc9Vbz028K+d5XcVD9ww=,6jPYXA8yItNIGZ0V8UugvOm3VXQ=
-30,63,vw/ko5inc9Vbz028K+d5XcVD9ww=,6jPYXA8yItNIGZ0V8UugvOm3VXQ=
-22,51,vw/ko5inc9Vbz028K+d5XcVD9ww=,6jPYXA8yItNIGZ0V8UugvOm3VXQ=
-31,63,vw/ko5inc9Vbz028K+d5XcVD9ww=,6jPYXA8yItNIGZ0V8UugvOm3VXQ=
-32,63,vw/ko5inc9Vbz028K+d5XcVD9ww=,6jPYXA8yItNIGZ0V8UugvOm3VXQ=
-18,49,vw/ko5inc9Vbz028K+d5XcVD9ww=,6jPYXA8yItNIGZ0V8UugvOm3VXQ=
-18,62,vw/ko5inc9Vbz028K+d5XcVD9ww=,6jPYXA8yItNIGZ0V8UugvOm3VXQ=
-19,62,vw/ko5inc9Vbz028K+d5XcVD9ww=,6jPYXA8yItNIGZ0V8UugvOm3VXQ=
-17,62,vw/ko5inc9Vbz028K+d5XcVD9ww=,6jPYXA8yItNIGZ0V8UugvOm3VXQ=
-20,62,vw/ko5inc9Vbz028K+d5XcVD9ww=,6jPYXA8yItNIGZ0V8UugvOm3VXQ=
-21,62,vw/ko5inc9Vbz028K+d5XcVD9ww=,6jPYXA8yItNIGZ0V8UugvOm3VXQ=
-24,62,vw/ko5inc9Vbz028K+d5XcVD9ww=,6jPYXA8yItNIGZ0V8UugvOm3VXQ=
-22,62,vw/ko5inc9Vbz028K+d5XcVD9ww=,6jPYXA8yItNIGZ0V8UugvOm3VXQ=
-23,62,vw/ko5inc9Vbz028K+d5XcVD9ww=,6jPYXA8yItNIGZ0V8UugvOm3VXQ=
-26,62,vw/ko5inc9Vbz028K+d5XcVD9ww=,6jPYXA8yItNIGZ0V8UugvOm3VXQ=
-27,62,vw/ko5inc9Vbz028K+d5XcVD9ww=,6jPYXA8yItNIGZ0V8UugvOm3VXQ=
-28,62,vw/ko5inc9Vbz028K+d5XcVD9ww=,6jPYXA8yItNIGZ0V8UugvOm3VXQ=
-29,62,vw/ko5inc9Vbz028K+d5XcVD9ww=,6jPYXA8yItNIGZ0V8UugvOm3VXQ=
-25,62,vw/ko5inc9Vbz028K+d5XcVD9ww=,6jPYXA8yItNIGZ0V8UugvOm3VXQ=
-31,49,vw/ko5inc9Vbz028K+d5XcVD9ww=,6jPYXA8yItNIGZ0V8UugvOm3VXQ=
-30,62,vw/ko5inc9Vbz028K+d5XcVD9ww=,6jPYXA8yItNIGZ0V8UugvOm3VXQ=
-32,49,vw/ko5inc9Vbz028K+d5XcVD9ww=,6jPYXA8yItNIGZ0V8UugvOm3VXQ=
-31,62,vw/ko5inc9Vbz028K+d5XcVD9ww=,6jPYXA8yItNIGZ0V8UugvOm3VXQ=
-23,51,vw/ko5inc9Vbz028K+d5XcVD9ww=,6jPYXA8yItNIGZ0V8UugvOm3VXQ=
-31,48,vw/ko5inc9Vbz028K+d5XcVD9ww=,6jPYXA8yItNIGZ0V8UugvOm3VXQ=
-17,61,vw/ko5inc9Vbz028K+d5XcVD9ww=,6jPYXA8yItNIGZ0V8UugvOm3VXQ=
-32,62,vw/ko5inc9Vbz028K+d5XcVD9ww=,6jPYXA8yItNIGZ0V8UugvOm3VXQ=
-18,61,vw/ko5inc9Vbz028K+d5XcVD9ww=,6jPYXA8yItNIGZ0V8UugvOm3VXQ=
-19,61,vw/ko5inc9Vbz028K+d5XcVD9ww=,6jPYXA8yItNIGZ0V8UugvOm3VXQ=
-20,61,vw/ko5inc9Vbz028K+d5XcVD9ww=,6jPYXA8yItNIGZ0V8UugvOm3VXQ=
-22,61,vw/ko5inc9Vbz028K+d5XcVD9ww=,6jPYXA8yItNIGZ0V8UugvOm3VXQ=
-21,61,vw/ko5inc9Vbz028K+d5XcVD9ww=,6jPYXA8yItNIGZ0V8UugvOm3VXQ=
-23,61,vw/ko5inc9Vbz028K+d5XcVD9ww=,6jPYXA8yItNIGZ0V8UugvOm3VXQ=
-25,61,vw/ko5inc9Vbz028K+d5XcVD9ww=,6jPYXA8yItNIGZ0V8UugvOm3VXQ=
-26,61,vw/ko5inc9Vbz028K+d5XcVD9ww=,6jPYXA8yItNIGZ0V8UugvOm3VXQ=
-24,61,vw/ko5inc9Vbz028K+d5XcVD9ww=,6jPYXA8yItNIGZ0V8UugvOm3VXQ=
-19,49,vw/ko5inc9Vbz028K+d5XcVD9ww=,6jPYXA8yItNIGZ0V8UugvOm3VXQ=
-27,61,vw/ko5inc9Vbz028K+d5XcVD9ww=,6jPYXA8yItNIGZ0V8UugvOm3VXQ=
-28,61,vw/ko5inc9Vbz028K+d5XcVD9ww=,6jPYXA8yItNIGZ0V8UugvOm3VXQ=
-29,61,vw/ko5inc9Vbz028K+d5XcVD9ww=,6jPYXA8yItNIGZ0V8UugvOm3VXQ=
-24,51,vw/ko5inc9Vbz028K+d5XcVD9ww=,6jPYXA8yItNIGZ0V8UugvOm3VXQ=
-30,61,vw/ko5inc9Vbz028K+d5XcVD9ww=,6jPYXA8yItNIGZ0V8UugvOm3VXQ=
-17,48,vw/ko5inc9Vbz028K+d5XcVD9ww=,6jPYXA8yItNIGZ0V8UugvOm3VXQ=
-31,61,vw/ko5inc9Vbz028K+d5XcVD9ww=,6jPYXA8yItNIGZ0V8UugvOm3VXQ=
-20,49,vw/ko5inc9Vbz028K+d5XcVD9ww=,6jPYXA8yItNIGZ0V8UugvOm3VXQ=
-32,61,vw/ko5inc9Vbz028K+d5XcVD9ww=,6jPYXA8yItNIGZ0V8UugvOm3VXQ=
-17,60,vw/ko5inc9Vbz028K+d5XcVD9ww=,6jPYXA8yItNIGZ0V8UugvOm3VXQ=
-18,60,vw/ko5inc9Vbz028K+d5XcVD9ww=,6jPYXA8yItNIGZ0V8UugvOm3VXQ=
-19,60,vw/ko5inc9Vbz028K+d5XcVD9ww=,6jPYXA8yItNIGZ0V8UugvOm3VXQ=
-20,60,vw/ko5inc9Vbz028K+d5XcVD9ww=,6jPYXA8yItNIGZ0V8UugvOm3VXQ=
-21,60,vw/ko5inc9Vbz028K+d5XcVD9ww=,6jPYXA8yItNIGZ0V8UugvOm3VXQ=
-22,60,vw/ko5inc9Vbz028K+d5XcVD9ww=,6jPYXA8yItNIGZ0V8UugvOm3VXQ=
-23,60,vw/ko5inc9Vbz028K+d5XcVD9ww=,6jPYXA8yItNIGZ0V8UugvOm3VXQ=
-24,60,vw/ko5inc9Vbz028K+d5XcVD9ww=,6jPYXA8yItNIGZ0V8UugvOm3VXQ=
-26,60,vw/ko5inc9Vbz028K+d5XcVD9ww=,6jPYXA8yItNIGZ0V8UugvOm3VXQ=
-27,60,vw/ko5inc9Vbz028K+d5XcVD9ww=,6jPYXA8yItNIGZ0V8UugvOm3VXQ=
-25,60,vw/ko5inc9Vbz028K+d5XcVD9ww=,6jPYXA8yItNIGZ0V8UugvOm3VXQ=
-28,60,vw/ko5inc9Vbz028K+d5XcVD9ww=,6jPYXA8yItNIGZ0V8UugvOm3VXQ=
-18,48,vw/ko5inc9Vbz028K+d5XcVD9ww=,6jPYXA8yItNIGZ0V8UugvOm3VXQ=
-25,51,vw/ko5inc9Vbz028K+d5XcVD9ww=,6jPYXA8yItNIGZ0V8UugvOm3VXQ=
-29,60,vw/ko5inc9Vbz028K+d5XcVD9ww=,6jPYXA8yItNIGZ0V8UugvOm3VXQ=
-30,60,vw/ko5inc9Vbz028K+d5XcVD9ww=,6jPYXA8yItNIGZ0V8UugvOm3VXQ=
-32,60,vw/ko5inc9Vbz028K+d5XcVD9ww=,6jPYXA8yItNIGZ0V8UugvOm3VXQ=
-21,49,vw/ko5inc9Vbz028K+d5XcVD9ww=,6jPYXA8yItNIGZ0V8UugvOm3VXQ=
-31,60,vw/ko5inc9Vbz028K+d5XcVD9ww=,6jPYXA8yItNIGZ0V8UugvOm3VXQ=
-17,59,vw/ko5inc9Vbz028K+d5XcVD9ww=,6jPYXA8yItNIGZ0V8UugvOm3VXQ=
-18,59,vw/ko5inc9Vbz028K+d5XcVD9ww=,6jPYXA8yItNIGZ0V8UugvOm3VXQ=
-19,59,vw/ko5inc9Vbz028K+d5XcVD9ww=,6jPYXA8yItNIGZ0V8UugvOm3VXQ=
-20,59,vw/ko5inc9Vbz028K+d5XcVD9ww=,6jPYXA8yItNIGZ0V8UugvOm3VXQ=
-21,59,vw/ko5inc9Vbz028K+d5XcVD9ww=,6jPYXA8yItNIGZ0V8UugvOm3VXQ=
-22,59,vw/ko5inc9Vbz028K+d5XcVD9ww=,6jPYXA8yItNIGZ0V8UugvOm3VXQ=
-23,59,vw/ko5inc9Vbz028K+d5XcVD9ww=,6jPYXA8yItNIGZ0V8UugvOm3VXQ=
-24,59,vw/ko5inc9Vbz028K+d5XcVD9ww=,6jPYXA8yItNIGZ0V8UugvOm3VXQ=
-25,59,vw/ko5inc9Vbz028K+d5XcVD9ww=,6jPYXA8yItNIGZ0V8UugvOm3VXQ=
-26,59,vw/ko5inc9Vbz028K+d5XcVD9ww=,6jPYXA8yItNIGZ0V8UugvOm3VXQ=
-27,59,vw/ko5inc9Vbz028K+d5XcVD9ww=,6jPYXA8yItNIGZ0V8UugvOm3VXQ=
-19,48,vw/ko5inc9Vbz028K+d5XcVD9ww=,6jPYXA8yItNIGZ0V8UugvOm3VXQ=
-26,51,vw/ko5inc9Vbz028K+d5XcVD9ww=,6jPYXA8yItNIGZ0V8UugvOm3VXQ=
-28,59,vw/ko5inc9Vbz028K+d5XcVD9ww=,6jPYXA8yItNIGZ0V8UugvOm3VXQ=
-29,59,vw/ko5inc9Vbz028K+d5XcVD9ww=,6jPYXA8yItNIGZ0V8UugvOm3VXQ=
-30,59,vw/ko5inc9Vbz028K+d5XcVD9ww=,6jPYXA8yItNIGZ0V8UugvOm3VXQ=
-31,59,vw/ko5inc9Vbz028K+d5XcVD9ww=,6jPYXA8yItNIGZ0V8UugvOm3VXQ=
-22,49,vw/ko5inc9Vbz028K+d5XcVD9ww=,6jPYXA8yItNIGZ0V8UugvOm3VXQ=
-18,58,vw/ko5inc9Vbz028K+d5XcVD9ww=,6jPYXA8yItNIGZ0V8UugvOm3VXQ=
-32,59,vw/ko5inc9Vbz028K+d5XcVD9ww=,6jPYXA8yItNIGZ0V8UugvOm3VXQ=
-17,58,vw/ko5inc9Vbz028K+d5XcVD9ww=,6jPYXA8yItNIGZ0V8UugvOm3VXQ=
-19,58,vw/ko5inc9Vbz028K+d5XcVD9ww=,6jPYXA8yItNIGZ0V8UugvOm3VXQ=
-20,58,vw/ko5inc9Vbz028K+d5XcVD9ww=,6jPYXA8yItNIGZ0V8UugvOm3VXQ=
-21,58,vw/ko5inc9Vbz028K+d5XcVD9ww=,6jPYXA8yItNIGZ0V8UugvOm3VXQ=
-22,58,vw/ko5inc9Vbz028K+d5XcVD9ww=,6jPYXA8yItNIGZ0V8UugvOm3VXQ=
-23,58,vw/ko5inc9Vbz028K+d5XcVD9ww=,6jPYXA8yItNIGZ0V8UugvOm3VXQ=
-24,58,vw/ko5inc9Vbz028K+d5XcVD9ww=,6jPYXA8yItNIGZ0V8UugvOm3VXQ=
-25,58,vw/ko5inc9Vbz028K+d5XcVD9ww=,6jPYXA8yItNIGZ0V8UugvOm3VXQ=
-26,58,vw/ko5inc9Vbz028K+d5XcVD9ww=,6jPYXA8yItNIGZ0V8UugvOm3VXQ=
-20,48,vw/ko5inc9Vbz028K+d5XcVD9ww=,6jPYXA8yItNIGZ0V8UugvOm3VXQ=
-27,58,vw/ko5inc9Vbz028K+d5XcVD9ww=,6jPYXA8yItNIGZ0V8UugvOm3VXQ=
-27,51,vw/ko5inc9Vbz028K+d5XcVD9ww=,6jPYXA8yItNIGZ0V8UugvOm3VXQ=
-28,58,vw/ko5inc9Vbz028K+d5XcVD9ww=,6jPYXA8yItNIGZ0V8UugvOm3VXQ=
-29,58,vw/ko5inc9Vbz028K+d5XcVD9ww=,6jPYXA8yItNIGZ0V8UugvOm3VXQ=
-31,58,vw/ko5inc9Vbz028K+d5XcVD9ww=,6jPYXA8yItNIGZ0V8UugvOm3VXQ=
-30,58,vw/ko5inc9Vbz028K+d5XcVD9ww=,6jPYXA8yItNIGZ0V8UugvOm3VXQ=
-23,49,vw/ko5inc9Vbz028K+d5XcVD9ww=,6jPYXA8yItNIGZ0V8UugvOm3VXQ=
-32,58,vw/ko5inc9Vbz028K+d5XcVD9ww=,6jPYXA8yItNIGZ0V8UugvOm3VXQ=
-17,57,vw/ko5inc9Vbz028K+d5XcVD9ww=,6jPYXA8yItNIGZ0V8UugvOm3VXQ=
-18,57,vw/ko5inc9Vbz028K+d5XcVD9ww=,6jPYXA8yItNIGZ0V8UugvOm3VXQ=
-19,57,vw/ko5inc9Vbz028K+d5XcVD9ww=,6jPYXA8yItNIGZ0V8UugvOm3VXQ=
-20,57,vw/ko5inc9Vbz028K+d5XcVD9ww=,6jPYXA8yItNIGZ0V8UugvOm3VXQ=
-21,57,vw/ko5inc9Vbz028K+d5XcVD9ww=,6jPYXA8yItNIGZ0V8UugvOm3VXQ=
-23,57,vw/ko5inc9Vbz028K+d5XcVD9ww=,6jPYXA8yItNIGZ0V8UugvOm3VXQ=
-22,57,vw/ko5inc9Vbz028K+d5XcVD9ww=,6jPYXA8yItNIGZ0V8UugvOm3VXQ=
-24,57,vw/ko5inc9Vbz028K+d5XcVD9ww=,6jPYXA8yItNIGZ0V8UugvOm3VXQ=
-25,57,vw/ko5inc9Vbz028K+d5XcVD9ww=,6jPYXA8yItNIGZ0V8UugvOm3VXQ=
-21,48,vw/ko5inc9Vbz028K+d5XcVD9ww=,6jPYXA8yItNIGZ0V8UugvOm3VXQ=
-26,57,vw/ko5inc9Vbz028K+d5XcVD9ww=,6jPYXA8yItNIGZ0V8UugvOm3VXQ=
-27,57,vw/ko5inc9Vbz028K+d5XcVD9ww=,6jPYXA8yItNIGZ0V8UugvOm3VXQ=
-28,51,vw/ko5inc9Vbz028K+d5XcVD9ww=,6jPYXA8yItNIGZ0V8UugvOm3VXQ=
-28,57,vw/ko5inc9Vbz028K+d5XcVD9ww=,6jPYXA8yItNIGZ0V8UugvOm3VXQ=
-29,57,vw/ko5inc9Vbz028K+d5XcVD9ww=,6jPYXA8yItNIGZ0V8UugvOm3VXQ=
-32,57,vw/ko5inc9Vbz028K+d5XcVD9ww=,6jPYXA8yItNIGZ0V8UugvOm3VXQ=
-30,57,vw/ko5inc9Vbz028K+d5XcVD9ww=,6jPYXA8yItNIGZ0V8UugvOm3VXQ=
-31,57,vw/ko5inc9Vbz028K+d5XcVD9ww=,6jPYXA8yItNIGZ0V8UugvOm3VXQ=
-24,49,vw/ko5inc9Vbz028K+d5XcVD9ww=,6jPYXA8yItNIGZ0V8UugvOm3VXQ=
-17,56,vw/ko5inc9Vbz028K+d5XcVD9ww=,6jPYXA8yItNIGZ0V8UugvOm3VXQ=
-18,56,vw/ko5inc9Vbz028K+d5XcVD9ww=,6jPYXA8yItNIGZ0V8UugvOm3VXQ=
-19,56,vw/ko5inc9Vbz028K+d5XcVD9ww=,6jPYXA8yItNIGZ0V8UugvOm3VXQ=
-20,56,vw/ko5inc9Vbz028K+d5XcVD9ww=,6jPYXA8yItNIGZ0V8UugvOm3VXQ=
-21,56,vw/ko5inc9Vbz028K+d5XcVD9ww=,6jPYXA8yItNIGZ0V8UugvOm3VXQ=
-22,56,vw/ko5inc9Vbz028K+d5XcVD9ww=,6jPYXA8yItNIGZ0V8UugvOm3VXQ=
-22,48,vw/ko5inc9Vbz028K+d5XcVD9ww=,6jPYXA8yItNIGZ0V8UugvOm3VXQ=
-23,56,vw/ko5inc9Vbz028K+d5XcVD9ww=,6jPYXA8yItNIGZ0V8UugvOm3VXQ=
-24,56,vw/ko5inc9Vbz028K+d5XcVD9ww=,6jPYXA8yItNIGZ0V8UugvOm3VXQ=
-29,51,vw/ko5inc9Vbz028K+d5XcVD9ww=,6jPYXA8yItNIGZ0V8UugvOm3VXQ=
-25,56,vw/ko5inc9Vbz028K+d5XcVD9ww=,6jPYXA8yItNIGZ0V8UugvOm3VXQ=
-27,56,vw/ko5inc9Vbz028K+d5XcVD9ww=,6jPYXA8yItNIGZ0V8UugvOm3VXQ=
-26,56,vw/ko5inc9Vbz028K+d5XcVD9ww=,6jPYXA8yItNIGZ0V8UugvOm3VXQ=
-30,56,vw/ko5inc9Vbz028K+d5XcVD9ww=,6jPYXA8yItNIGZ0V8UugvOm3VXQ=
-29,56,vw/ko5inc9Vbz028K+d5XcVD9ww=,6jPYXA8yItNIGZ0V8UugvOm3VXQ=
-28,56,vw/ko5inc9Vbz028K+d5XcVD9ww=,6jPYXA8yItNIGZ0V8UugvOm3VXQ=
-31,56,vw/ko5inc9Vbz028K+d5XcVD9ww=,6jPYXA8yItNIGZ0V8UugvOm3VXQ=
-25,49,vw/ko5inc9Vbz028K+d5XcVD9ww=,6jPYXA8yItNIGZ0V8UugvOm3VXQ=
-32,56,vw/ko5inc9Vbz028K+d5XcVD9ww=,6jPYXA8yItNIGZ0V8UugvOm3VXQ=
-17,55,vw/ko5inc9Vbz028K+d5XcVD9ww=,6jPYXA8yItNIGZ0V8UugvOm3VXQ=
-18,55,vw/ko5inc9Vbz028K+d5XcVD9ww=,6jPYXA8yItNIGZ0V8UugvOm3VXQ=
-19,55,vw/ko5inc9Vbz028K+d5XcVD9ww=,6jPYXA8yItNIGZ0V8UugvOm3VXQ=
-21,55,vw/ko5inc9Vbz028K+d5XcVD9ww=,6jPYXA8yItNIGZ0V8UugvOm3VXQ=
-20,55,vw/ko5inc9Vbz028K+d5XcVD9ww=,6jPYXA8yItNIGZ0V8UugvOm3VXQ=
-22,55,vw/ko5inc9Vbz028K+d5XcVD9ww=,6jPYXA8yItNIGZ0V8UugvOm3VXQ=
-23,48,vw/ko5inc9Vbz028K+d5XcVD9ww=,6jPYXA8yItNIGZ0V8UugvOm3VXQ=
-30,51,vw/ko5inc9Vbz028K+d5XcVD9ww=,6jPYXA8yItNIGZ0V8UugvOm3VXQ=
-24,55,vw/ko5inc9Vbz028K+d5XcVD9ww=,6jPYXA8yItNIGZ0V8UugvOm3VXQ=
-23,55,vw/ko5inc9Vbz028K+d5XcVD9ww=,6jPYXA8yItNIGZ0V8UugvOm3VXQ=
-25,55,vw/ko5inc9Vbz028K+d5XcVD9ww=,6jPYXA8yItNIGZ0V8UugvOm3VXQ=
-26,55,vw/ko5inc9Vbz028K+d5XcVD9ww=,6jPYXA8yItNIGZ0V8UugvOm3VXQ=
-27,55,vw/ko5inc9Vbz028K+d5XcVD9ww=,6jPYXA8yItNIGZ0V8UugvOm3VXQ=
-28,55,vw/ko5inc9Vbz028K+d5XcVD9ww=,6jPYXA8yItNIGZ0V8UugvOm3VXQ=
-29,55,vw/ko5inc9Vbz028K+d5XcVD9ww=,6jPYXA8yItNIGZ0V8UugvOm3VXQ=
-31,55,vw/ko5inc9Vbz028K+d5XcVD9ww=,6jPYXA8yItNIGZ0V8UugvOm3VXQ=
-30,55,vw/ko5inc9Vbz028K+d5XcVD9ww=,6jPYXA8yItNIGZ0V8UugvOm3VXQ=
-32,55,vw/ko5inc9Vbz028K+d5XcVD9ww=,6jPYXA8yItNIGZ0V8UugvOm3VXQ=
-26,49,vw/ko5inc9Vbz028K+d5XcVD9ww=,6jPYXA8yItNIGZ0V8UugvOm3VXQ=
-17,54,vw/ko5inc9Vbz028K+d5XcVD9ww=,6jPYXA8yItNIGZ0V8UugvOm3VXQ=
-18,54,vw/ko5inc9Vbz028K+d5XcVD9ww=,6jPYXA8yItNIGZ0V8UugvOm3VXQ=
-19,54,vw/ko5inc9Vbz028K+d5XcVD9ww=,6jPYXA8yItNIGZ0V8UugvOm3VXQ=
-20,54,vw/ko5inc9Vbz028K+d5XcVD9ww=,6jPYXA8yItNIGZ0V8UugvOm3VXQ=
-22,54,vw/ko5inc9Vbz028K+d5XcVD9ww=,6jPYXA8yItNIGZ0V8UugvOm3VXQ=
-21,54,vw/ko5inc9Vbz028K+d5XcVD9ww=,6jPYXA8yItNIGZ0V8UugvOm3VXQ=
-24,48,vw/ko5inc9Vbz028K+d5XcVD9ww=,6jPYXA8yItNIGZ0V8UugvOm3VXQ=
-31,51,vw/ko5inc9Vbz028K+d5XcVD9ww=,6jPYXA8yItNIGZ0V8UugvOm3VXQ=
-24,54,vw/ko5inc9Vbz028K+d5XcVD9ww=,6jPYXA8yItNIGZ0V8UugvOm3VXQ=
-23,54,vw/ko5inc9Vbz028K+d5XcVD9ww=,6jPYXA8yItNIGZ0V8UugvOm3VXQ=
-26,54,vw/ko5inc9Vbz028K+d5XcVD9ww=,6jPYXA8yItNIGZ0V8UugvOm3VXQ=
-27,54,vw/ko5inc9Vbz028K+d5XcVD9ww=,6jPYXA8yItNIGZ0V8UugvOm3VXQ=
-28,54,vw/ko5inc9Vbz028K+d5XcVD9ww=,6jPYXA8yItNIGZ0V8UugvOm3VXQ=
-25,54,vw/ko5inc9Vbz028K+d5XcVD9ww=,6jPYXA8yItNIGZ0V8UugvOm3VXQ=
-29,54,vw/ko5inc9Vbz028K+d5XcVD9ww=,6jPYXA8yItNIGZ0V8UugvOm3VXQ=
-30,54,vw/ko5inc9Vbz028K+d5XcVD9ww=,6jPYXA8yItNIGZ0V8UugvOm3VXQ=
-31,54,vw/ko5inc9Vbz028K+d5XcVD9ww=,6jPYXA8yItNIGZ0V8UugvOm3VXQ=
-32,54,vw/ko5inc9Vbz028K+d5XcVD9ww=,6jPYXA8yItNIGZ0V8UugvOm3VXQ=
-27,49,vw/ko5inc9Vbz028K+d5XcVD9ww=,6jPYXA8yItNIGZ0V8UugvOm3VXQ=
-17,53,vw/ko5inc9Vbz028K+d5XcVD9ww=,6jPYXA8yItNIGZ0V8UugvOm3VXQ=
-18,53,vw/ko5inc9Vbz028K+d5XcVD9ww=,6jPYXA8yItNIGZ0V8UugvOm3VXQ=
-19,53,vw/ko5inc9Vbz028K+d5XcVD9ww=,6jPYXA8yItNIGZ0V8UugvOm3VXQ=
-20,53,vw/ko5inc9Vbz028K+d5XcVD9ww=,6jPYXA8yItNIGZ0V8UugvOm3VXQ=
-21,53,vw/ko5inc9Vbz028K+d5XcVD9ww=,6jPYXA8yItNIGZ0V8UugvOm3VXQ=
-25,48,vw/ko5inc9Vbz028K+d5XcVD9ww=,6jPYXA8yItNIGZ0V8UugvOm3VXQ=
-28,49,vw/ko5inc9Vbz028K+d5XcVD9ww=,6jPYXA8yItNIGZ0V8UugvOm3VXQ=
-32,51,vw/ko5inc9Vbz028K+d5XcVD9ww=,6jPYXA8yItNIGZ0V8UugvOm3VXQ=
-22,53,vw/ko5inc9Vbz028K+d5XcVD9ww=,6jPYXA8yItNIGZ0V8UugvOm3VXQ=
-23,53,vw/ko5inc9Vbz028K+d5XcVD9ww=,6jPYXA8yItNIGZ0V8UugvOm3VXQ=
-26,53,vw/ko5inc9Vbz028K+d5XcVD9ww=,6jPYXA8yItNIGZ0V8UugvOm3VXQ=
-25,53,vw/ko5inc9Vbz028K+d5XcVD9ww=,6jPYXA8yItNIGZ0V8UugvOm3VXQ=
-24,53,vw/ko5inc9Vbz028K+d5XcVD9ww=,6jPYXA8yItNIGZ0V8UugvOm3VXQ=
-27,53,vw/ko5inc9Vbz028K+d5XcVD9ww=,6jPYXA8yItNIGZ0V8UugvOm3VXQ=
-32,48,vw/ko5inc9Vbz028K+d5XcVD9ww=,6jPYXA8yItNIGZ0V8UugvOm3VXQ=
-30,53,vw/ko5inc9Vbz028K+d5XcVD9ww=,6jPYXA8yItNIGZ0V8UugvOm3VXQ=
-31,53,vw/ko5inc9Vbz028K+d5XcVD9ww=,6jPYXA8yItNIGZ0V8UugvOm3VXQ=
-29,49,vw/ko5inc9Vbz028K+d5XcVD9ww=,6jPYXA8yItNIGZ0V8UugvOm3VXQ=
-32,53,vw/ko5inc9Vbz028K+d5XcVD9ww=,6jPYXA8yItNIGZ0V8UugvOm3VXQ=
-17,52,vw/ko5inc9Vbz028K+d5XcVD9ww=,6jPYXA8yItNIGZ0V8UugvOm3VXQ=
-19,52,vw/ko5inc9Vbz028K+d5XcVD9ww=,6jPYXA8yItNIGZ0V8UugvOm3VXQ=
-18,52,vw/ko5inc9Vbz028K+d5XcVD9ww=,6jPYXA8yItNIGZ0V8UugvOm3VXQ=
-20,52,vw/ko5inc9Vbz028K+d5XcVD9ww=,6jPYXA8yItNIGZ0V8UugvOm3VXQ=
-26,48,vw/ko5inc9Vbz028K+d5XcVD9ww=,6jPYXA8yItNIGZ0V8UugvOm3VXQ=
-17,50,vw/ko5inc9Vbz028K+d5XcVD9ww=,6jPYXA8yItNIGZ0V8UugvOm3VXQ=
-21,52,vw/ko5inc9Vbz028K+d5XcVD9ww=,6jPYXA8yItNIGZ0V8UugvOm3VXQ=
-22,52,vw/ko5inc9Vbz028K+d5XcVD9ww=,6jPYXA8yItNIGZ0V8UugvOm3VXQ=
-23,52,vw/ko5inc9Vbz028K+d5XcVD9ww=,6jPYXA8yItNIGZ0V8UugvOm3VXQ=
-24,52,vw/ko5inc9Vbz028K+d5XcVD9ww=,6jPYXA8yItNIGZ0V8UugvOm3VXQ=
-25,52,vw/ko5inc9Vbz028K+d5XcVD9ww=,6jPYXA8yItNIGZ0V8UugvOm3VXQ=
-26,52,vw/ko5inc9Vbz028K+d5XcVD9ww=,6jPYXA8yItNIGZ0V8UugvOm3VXQ=
-27,52,vw/ko5inc9Vbz028K+d5XcVD9ww=,6jPYXA8yItNIGZ0V8UugvOm3VXQ=
-29,53,vw/ko5inc9Vbz028K+d5XcVD9ww=,6jPYXA8yItNIGZ0V8UugvOm3VXQ=
-28,53,vw/ko5inc9Vbz028K+d5XcVD9ww=,6jPYXA8yItNIGZ0V8UugvOm3VXQ=
-28,52,vw/ko5inc9Vbz028K+d5XcVD9ww=,6jPYXA8yItNIGZ0V8UugvOm3VXQ=
-4,51,VBt7oMNfIa8yjJpEjsdY/2Pdkws=,e+KiyNCXeUOvULvViLesa5CbCSs=
-13,48,VBt7oMNfIa8yjJpEjsdY/2Pdkws=,e+KiyNCXeUOvULvViLesa5CbCSs=
-2,50,VBt7oMNfIa8yjJpEjsdY/2Pdkws=,e+KiyNCXeUOvULvViLesa5CbCSs=
-12,48,VBt7oMNfIa8yjJpEjsdY/2Pdkws=,e+KiyNCXeUOvULvViLesa5CbCSs=
-3,51,VBt7oMNfIa8yjJpEjsdY/2Pdkws=,e+KiyNCXeUOvULvViLesa5CbCSs=
-2,51,VBt7oMNfIa8yjJpEjsdY/2Pdkws=,e+KiyNCXeUOvULvViLesa5CbCSs=
-11,48,VBt7oMNfIa8yjJpEjsdY/2Pdkws=,e+KiyNCXeUOvULvViLesa5CbCSs=
-1,51,VBt7oMNfIa8yjJpEjsdY/2Pdkws=,e+KiyNCXeUOvULvViLesa5CbCSs=
-14,49,VBt7oMNfIa8yjJpEjsdY/2Pdkws=,e+KiyNCXeUOvULvViLesa5CbCSs=
-16,52,VBt7oMNfIa8yjJpEjsdY/2Pdkws=,e+KiyNCXeUOvULvViLesa5CbCSs=
-1,49,VBt7oMNfIa8yjJpEjsdY/2Pdkws=,e+KiyNCXeUOvULvViLesa5CbCSs=
-15,52,VBt7oMNfIa8yjJpEjsdY/2Pdkws=,e+KiyNCXeUOvULvViLesa5CbCSs=
-1,63,VBt7oMNfIa8yjJpEjsdY/2Pdkws=,e+KiyNCXeUOvULvViLesa5CbCSs=
-14,52,VBt7oMNfIa8yjJpEjsdY/2Pdkws=,e+KiyNCXeUOvULvViLesa5CbCSs=
-4,50,VBt7oMNfIa8yjJpEjsdY/2Pdkws=,e+KiyNCXeUOvULvViLesa5CbCSs=
-3,50,VBt7oMNfIa8yjJpEjsdY/2Pdkws=,e+KiyNCXeUOvULvViLesa5CbCSs=
-13,52,VBt7oMNfIa8yjJpEjsdY/2Pdkws=,e+KiyNCXeUOvULvViLesa5CbCSs=
-7,50,VBt7oMNfIa8yjJpEjsdY/2Pdkws=,e+KiyNCXeUOvULvViLesa5CbCSs=
-8,50,VBt7oMNfIa8yjJpEjsdY/2Pdkws=,e+KiyNCXeUOvULvViLesa5CbCSs=
-5,50,VBt7oMNfIa8yjJpEjsdY/2Pdkws=,e+KiyNCXeUOvULvViLesa5CbCSs=
-12,52,VBt7oMNfIa8yjJpEjsdY/2Pdkws=,e+KiyNCXeUOvULvViLesa5CbCSs=
-9,50,VBt7oMNfIa8yjJpEjsdY/2Pdkws=,e+KiyNCXeUOvULvViLesa5CbCSs=
-6,50,VBt7oMNfIa8yjJpEjsdY/2Pdkws=,e+KiyNCXeUOvULvViLesa5CbCSs=
-10,50,VBt7oMNfIa8yjJpEjsdY/2Pdkws=,e+KiyNCXeUOvULvViLesa5CbCSs=
-11,52,VBt7oMNfIa8yjJpEjsdY/2Pdkws=,e+KiyNCXeUOvULvViLesa5CbCSs=
-12,50,VBt7oMNfIa8yjJpEjsdY/2Pdkws=,e+KiyNCXeUOvULvViLesa5CbCSs=
-10,52,VBt7oMNfIa8yjJpEjsdY/2Pdkws=,e+KiyNCXeUOvULvViLesa5CbCSs=
-13,50,VBt7oMNfIa8yjJpEjsdY/2Pdkws=,e+KiyNCXeUOvULvViLesa5CbCSs=
-14,50,VBt7oMNfIa8yjJpEjsdY/2Pdkws=,e+KiyNCXeUOvULvViLesa5CbCSs=
-11,50,VBt7oMNfIa8yjJpEjsdY/2Pdkws=,e+KiyNCXeUOvULvViLesa5CbCSs=
-5,51,VBt7oMNfIa8yjJpEjsdY/2Pdkws=,e+KiyNCXeUOvULvViLesa5CbCSs=
-2,63,VBt7oMNfIa8yjJpEjsdY/2Pdkws=,e+KiyNCXeUOvULvViLesa5CbCSs=
-15,50,VBt7oMNfIa8yjJpEjsdY/2Pdkws=,e+KiyNCXeUOvULvViLesa5CbCSs=
-3,63,VBt7oMNfIa8yjJpEjsdY/2Pdkws=,e+KiyNCXeUOvULvViLesa5CbCSs=
-4,63,VBt7oMNfIa8yjJpEjsdY/2Pdkws=,e+KiyNCXeUOvULvViLesa5CbCSs=
-16,50,VBt7oMNfIa8yjJpEjsdY/2Pdkws=,e+KiyNCXeUOvULvViLesa5CbCSs=
-6,63,VBt7oMNfIa8yjJpEjsdY/2Pdkws=,e+KiyNCXeUOvULvViLesa5CbCSs=
-7,63,VBt7oMNfIa8yjJpEjsdY/2Pdkws=,e+KiyNCXeUOvULvViLesa5CbCSs=
-9,63,VBt7oMNfIa8yjJpEjsdY/2Pdkws=,e+KiyNCXeUOvULvViLesa5CbCSs=
-8,63,VBt7oMNfIa8yjJpEjsdY/2Pdkws=,e+KiyNCXeUOvULvViLesa5CbCSs=
-10,63,VBt7oMNfIa8yjJpEjsdY/2Pdkws=,e+KiyNCXeUOvULvViLesa5CbCSs=
-5,63,VBt7oMNfIa8yjJpEjsdY/2Pdkws=,e+KiyNCXeUOvULvViLesa5CbCSs=
-12,63,VBt7oMNfIa8yjJpEjsdY/2Pdkws=,e+KiyNCXeUOvULvViLesa5CbCSs=
-11,63,VBt7oMNfIa8yjJpEjsdY/2Pdkws=,e+KiyNCXeUOvULvViLesa5CbCSs=
-13,63,VBt7oMNfIa8yjJpEjsdY/2Pdkws=,e+KiyNCXeUOvULvViLesa5CbCSs=
-14,48,VBt7oMNfIa8yjJpEjsdY/2Pdkws=,e+KiyNCXeUOvULvViLesa5CbCSs=
-14,63,VBt7oMNfIa8yjJpEjsdY/2Pdkws=,e+KiyNCXeUOvULvViLesa5CbCSs=
-6,51,VBt7oMNfIa8yjJpEjsdY/2Pdkws=,e+KiyNCXeUOvULvViLesa5CbCSs=
-15,63,VBt7oMNfIa8yjJpEjsdY/2Pdkws=,e+KiyNCXeUOvULvViLesa5CbCSs=
-2,49,VBt7oMNfIa8yjJpEjsdY/2Pdkws=,e+KiyNCXeUOvULvViLesa5CbCSs=
-2,62,VBt7oMNfIa8yjJpEjsdY/2Pdkws=,e+KiyNCXeUOvULvViLesa5CbCSs=
-1,62,VBt7oMNfIa8yjJpEjsdY/2Pdkws=,e+KiyNCXeUOvULvViLesa5CbCSs=
-16,63,VBt7oMNfIa8yjJpEjsdY/2Pdkws=,e+KiyNCXeUOvULvViLesa5CbCSs=
-4,62,VBt7oMNfIa8yjJpEjsdY/2Pdkws=,e+KiyNCXeUOvULvViLesa5CbCSs=
-3,62,VBt7oMNfIa8yjJpEjsdY/2Pdkws=,e+KiyNCXeUOvULvViLesa5CbCSs=
-5,62,VBt7oMNfIa8yjJpEjsdY/2Pdkws=,e+KiyNCXeUOvULvViLesa5CbCSs=
-6,62,VBt7oMNfIa8yjJpEjsdY/2Pdkws=,e+KiyNCXeUOvULvViLesa5CbCSs=
-7,62,VBt7oMNfIa8yjJpEjsdY/2Pdkws=,e+KiyNCXeUOvULvViLesa5CbCSs=
-9,62,VBt7oMNfIa8yjJpEjsdY/2Pdkws=,e+KiyNCXeUOvULvViLesa5CbCSs=
-8,62,VBt7oMNfIa8yjJpEjsdY/2Pdkws=,e+KiyNCXeUOvULvViLesa5CbCSs=
-11,62,VBt7oMNfIa8yjJpEjsdY/2Pdkws=,e+KiyNCXeUOvULvViLesa5CbCSs=
-10,62,VBt7oMNfIa8yjJpEjsdY/2Pdkws=,e+KiyNCXeUOvULvViLesa5CbCSs=
-12,62,VBt7oMNfIa8yjJpEjsdY/2Pdkws=,e+KiyNCXeUOvULvViLesa5CbCSs=
-13,62,VBt7oMNfIa8yjJpEjsdY/2Pdkws=,e+KiyNCXeUOvULvViLesa5CbCSs=
-14,62,VBt7oMNfIa8yjJpEjsdY/2Pdkws=,e+KiyNCXeUOvULvViLesa5CbCSs=
-15,49,VBt7oMNfIa8yjJpEjsdY/2Pdkws=,e+KiyNCXeUOvULvViLesa5CbCSs=
-16,49,VBt7oMNfIa8yjJpEjsdY/2Pdkws=,e+KiyNCXeUOvULvViLesa5CbCSs=
-15,62,VBt7oMNfIa8yjJpEjsdY/2Pdkws=,e+KiyNCXeUOvULvViLesa5CbCSs=
-16,62,VBt7oMNfIa8yjJpEjsdY/2Pdkws=,e+KiyNCXeUOvULvViLesa5CbCSs=
-1,61,VBt7oMNfIa8yjJpEjsdY/2Pdkws=,e+KiyNCXeUOvULvViLesa5CbCSs=
-15,48,VBt7oMNfIa8yjJpEjsdY/2Pdkws=,e+KiyNCXeUOvULvViLesa5CbCSs=
-2,61,VBt7oMNfIa8yjJpEjsdY/2Pdkws=,e+KiyNCXeUOvULvViLesa5CbCSs=
-4,61,VBt7oMNfIa8yjJpEjsdY/2Pdkws=,e+KiyNCXeUOvULvViLesa5CbCSs=
-5,61,VBt7oMNfIa8yjJpEjsdY/2Pdkws=,e+KiyNCXeUOvULvViLesa5CbCSs=
-3,61,VBt7oMNfIa8yjJpEjsdY/2Pdkws=,e+KiyNCXeUOvULvViLesa5CbCSs=
-6,61,VBt7oMNfIa8yjJpEjsdY/2Pdkws=,e+KiyNCXeUOvULvViLesa5CbCSs=
-8,61,VBt7oMNfIa8yjJpEjsdY/2Pdkws=,e+KiyNCXeUOvULvViLesa5CbCSs=
-7,61,VBt7oMNfIa8yjJpEjsdY/2Pdkws=,e+KiyNCXeUOvULvViLesa5CbCSs=
-10,61,VBt7oMNfIa8yjJpEjsdY/2Pdkws=,e+KiyNCXeUOvULvViLesa5CbCSs=
-9,61,VBt7oMNfIa8yjJpEjsdY/2Pdkws=,e+KiyNCXeUOvULvViLesa5CbCSs=
-12,61,VBt7oMNfIa8yjJpEjsdY/2Pdkws=,e+KiyNCXeUOvULvViLesa5CbCSs=
-11,61,VBt7oMNfIa8yjJpEjsdY/2Pdkws=,e+KiyNCXeUOvULvViLesa5CbCSs=
-13,61,VBt7oMNfIa8yjJpEjsdY/2Pdkws=,e+KiyNCXeUOvULvViLesa5CbCSs=
-1,48,VBt7oMNfIa8yjJpEjsdY/2Pdkws=,e+KiyNCXeUOvULvViLesa5CbCSs=
-3,49,VBt7oMNfIa8yjJpEjsdY/2Pdkws=,e+KiyNCXeUOvULvViLesa5CbCSs=
-8,51,VBt7oMNfIa8yjJpEjsdY/2Pdkws=,e+KiyNCXeUOvULvViLesa5CbCSs=
-14,61,VBt7oMNfIa8yjJpEjsdY/2Pdkws=,e+KiyNCXeUOvULvViLesa5CbCSs=
-15,61,VBt7oMNfIa8yjJpEjsdY/2Pdkws=,e+KiyNCXeUOvULvViLesa5CbCSs=
-4,49,VBt7oMNfIa8yjJpEjsdY/2Pdkws=,e+KiyNCXeUOvULvViLesa5CbCSs=
-1,60,VBt7oMNfIa8yjJpEjsdY/2Pdkws=,e+KiyNCXeUOvULvViLesa5CbCSs=
-16,61,VBt7oMNfIa8yjJpEjsdY/2Pdkws=,e+KiyNCXeUOvULvViLesa5CbCSs=
-2,60,VBt7oMNfIa8yjJpEjsdY/2Pdkws=,e+KiyNCXeUOvULvViLesa5CbCSs=
-3,60,VBt7oMNfIa8yjJpEjsdY/2Pdkws=,e+KiyNCXeUOvULvViLesa5CbCSs=
-5,60,VBt7oMNfIa8yjJpEjsdY/2Pdkws=,e+KiyNCXeUOvULvViLesa5CbCSs=
-6,60,VBt7oMNfIa8yjJpEjsdY/2Pdkws=,e+KiyNCXeUOvULvViLesa5CbCSs=
-4,60,VBt7oMNfIa8yjJpEjsdY/2Pdkws=,e+KiyNCXeUOvULvViLesa5CbCSs=
-7,60,VBt7oMNfIa8yjJpEjsdY/2Pdkws=,e+KiyNCXeUOvULvViLesa5CbCSs=
-8,60,VBt7oMNfIa8yjJpEjsdY/2Pdkws=,e+KiyNCXeUOvULvViLesa5CbCSs=
-9,60,VBt7oMNfIa8yjJpEjsdY/2Pdkws=,e+KiyNCXeUOvULvViLesa5CbCSs=
-11,60,VBt7oMNfIa8yjJpEjsdY/2Pdkws=,e+KiyNCXeUOvULvViLesa5CbCSs=
-10,60,VBt7oMNfIa8yjJpEjsdY/2Pdkws=,e+KiyNCXeUOvULvViLesa5CbCSs=
-12,60,VBt7oMNfIa8yjJpEjsdY/2Pdkws=,e+KiyNCXeUOvULvViLesa5CbCSs=
-2,48,VBt7oMNfIa8yjJpEjsdY/2Pdkws=,e+KiyNCXeUOvULvViLesa5CbCSs=
-13,60,VBt7oMNfIa8yjJpEjsdY/2Pdkws=,e+KiyNCXeUOvULvViLesa5CbCSs=
-9,51,VBt7oMNfIa8yjJpEjsdY/2Pdkws=,e+KiyNCXeUOvULvViLesa5CbCSs=
-14,60,VBt7oMNfIa8yjJpEjsdY/2Pdkws=,e+KiyNCXeUOvULvViLesa5CbCSs=
-15,60,VBt7oMNfIa8yjJpEjsdY/2Pdkws=,e+KiyNCXeUOvULvViLesa5CbCSs=
-5,49,VBt7oMNfIa8yjJpEjsdY/2Pdkws=,e+KiyNCXeUOvULvViLesa5CbCSs=
-1,59,VBt7oMNfIa8yjJpEjsdY/2Pdkws=,e+KiyNCXeUOvULvViLesa5CbCSs=
-3,59,VBt7oMNfIa8yjJpEjsdY/2Pdkws=,e+KiyNCXeUOvULvViLesa5CbCSs=
-16,60,VBt7oMNfIa8yjJpEjsdY/2Pdkws=,e+KiyNCXeUOvULvViLesa5CbCSs=
-2,59,VBt7oMNfIa8yjJpEjsdY/2Pdkws=,e+KiyNCXeUOvULvViLesa5CbCSs=
-5,59,VBt7oMNfIa8yjJpEjsdY/2Pdkws=,e+KiyNCXeUOvULvViLesa5CbCSs=
-4,59,VBt7oMNfIa8yjJpEjsdY/2Pdkws=,e+KiyNCXeUOvULvViLesa5CbCSs=
-6,59,VBt7oMNfIa8yjJpEjsdY/2Pdkws=,e+KiyNCXeUOvULvViLesa5CbCSs=
-8,59,VBt7oMNfIa8yjJpEjsdY/2Pdkws=,e+KiyNCXeUOvULvViLesa5CbCSs=
-9,59,VBt7oMNfIa8yjJpEjsdY/2Pdkws=,e+KiyNCXeUOvULvViLesa5CbCSs=
-7,59,VBt7oMNfIa8yjJpEjsdY/2Pdkws=,e+KiyNCXeUOvULvViLesa5CbCSs=
-10,59,VBt7oMNfIa8yjJpEjsdY/2Pdkws=,e+KiyNCXeUOvULvViLesa5CbCSs=
-11,59,VBt7oMNfIa8yjJpEjsdY/2Pdkws=,e+KiyNCXeUOvULvViLesa5CbCSs=
-3,48,VBt7oMNfIa8yjJpEjsdY/2Pdkws=,e+KiyNCXeUOvULvViLesa5CbCSs=
-12,59,VBt7oMNfIa8yjJpEjsdY/2Pdkws=,e+KiyNCXeUOvULvViLesa5CbCSs=
-10,51,VBt7oMNfIa8yjJpEjsdY/2Pdkws=,e+KiyNCXeUOvULvViLesa5CbCSs=
-13,59,VBt7oMNfIa8yjJpEjsdY/2Pdkws=,e+KiyNCXeUOvULvViLesa5CbCSs=
-14,59,VBt7oMNfIa8yjJpEjsdY/2Pdkws=,e+KiyNCXeUOvULvViLesa5CbCSs=
-15,59,VBt7oMNfIa8yjJpEjsdY/2Pdkws=,e+KiyNCXeUOvULvViLesa5CbCSs=
-16,59,VBt7oMNfIa8yjJpEjsdY/2Pdkws=,e+KiyNCXeUOvULvViLesa5CbCSs=
-6,49,VBt7oMNfIa8yjJpEjsdY/2Pdkws=,e+KiyNCXeUOvULvViLesa5CbCSs=
-1,58,VBt7oMNfIa8yjJpEjsdY/2Pdkws=,e+KiyNCXeUOvULvViLesa5CbCSs=
-3,58,VBt7oMNfIa8yjJpEjsdY/2Pdkws=,e+KiyNCXeUOvULvViLesa5CbCSs=
-2,58,VBt7oMNfIa8yjJpEjsdY/2Pdkws=,e+KiyNCXeUOvULvViLesa5CbCSs=
-4,58,VBt7oMNfIa8yjJpEjsdY/2Pdkws=,e+KiyNCXeUOvULvViLesa5CbCSs=
-6,58,VBt7oMNfIa8yjJpEjsdY/2Pdkws=,e+KiyNCXeUOvULvViLesa5CbCSs=
-5,58,VBt7oMNfIa8yjJpEjsdY/2Pdkws=,e+KiyNCXeUOvULvViLesa5CbCSs=
-7,58,VBt7oMNfIa8yjJpEjsdY/2Pdkws=,e+KiyNCXeUOvULvViLesa5CbCSs=
-8,58,VBt7oMNfIa8yjJpEjsdY/2Pdkws=,e+KiyNCXeUOvULvViLesa5CbCSs=
-9,58,VBt7oMNfIa8yjJpEjsdY/2Pdkws=,e+KiyNCXeUOvULvViLesa5CbCSs=
-4,48,VBt7oMNfIa8yjJpEjsdY/2Pdkws=,e+KiyNCXeUOvULvViLesa5CbCSs=
-10,58,VBt7oMNfIa8yjJpEjsdY/2Pdkws=,e+KiyNCXeUOvULvViLesa5CbCSs=
-11,58,VBt7oMNfIa8yjJpEjsdY/2Pdkws=,e+KiyNCXeUOvULvViLesa5CbCSs=
-13,58,VBt7oMNfIa8yjJpEjsdY/2Pdkws=,e+KiyNCXeUOvULvViLesa5CbCSs=
-11,51,VBt7oMNfIa8yjJpEjsdY/2Pdkws=,e+KiyNCXeUOvULvViLesa5CbCSs=
-12,58,VBt7oMNfIa8yjJpEjsdY/2Pdkws=,e+KiyNCXeUOvULvViLesa5CbCSs=
-14,58,VBt7oMNfIa8yjJpEjsdY/2Pdkws=,e+KiyNCXeUOvULvViLesa5CbCSs=
-16,58,VBt7oMNfIa8yjJpEjsdY/2Pdkws=,e+KiyNCXeUOvULvViLesa5CbCSs=
-7,49,VBt7oMNfIa8yjJpEjsdY/2Pdkws=,e+KiyNCXeUOvULvViLesa5CbCSs=
-15,58,VBt7oMNfIa8yjJpEjsdY/2Pdkws=,e+KiyNCXeUOvULvViLesa5CbCSs=
-1,57,VBt7oMNfIa8yjJpEjsdY/2Pdkws=,e+KiyNCXeUOvULvViLesa5CbCSs=
-2,57,VBt7oMNfIa8yjJpEjsdY/2Pdkws=,e+KiyNCXeUOvULvViLesa5CbCSs=
-4,57,VBt7oMNfIa8yjJpEjsdY/2Pdkws=,e+KiyNCXeUOvULvViLesa5CbCSs=
-5,57,VBt7oMNfIa8yjJpEjsdY/2Pdkws=,e+KiyNCXeUOvULvViLesa5CbCSs=
-6,57,VBt7oMNfIa8yjJpEjsdY/2Pdkws=,e+KiyNCXeUOvULvViLesa5CbCSs=
-7,57,VBt7oMNfIa8yjJpEjsdY/2Pdkws=,e+KiyNCXeUOvULvViLesa5CbCSs=
-8,57,VBt7oMNfIa8yjJpEjsdY/2Pdkws=,e+KiyNCXeUOvULvViLesa5CbCSs=
-9,57,VBt7oMNfIa8yjJpEjsdY/2Pdkws=,e+KiyNCXeUOvULvViLesa5CbCSs=
-5,48,VBt7oMNfIa8yjJpEjsdY/2Pdkws=,e+KiyNCXeUOvULvViLesa5CbCSs=
-10,57,VBt7oMNfIa8yjJpEjsdY/2Pdkws=,e+KiyNCXeUOvULvViLesa5CbCSs=
-11,57,VBt7oMNfIa8yjJpEjsdY/2Pdkws=,e+KiyNCXeUOvULvViLesa5CbCSs=
-12,51,VBt7oMNfIa8yjJpEjsdY/2Pdkws=,e+KiyNCXeUOvULvViLesa5CbCSs=
-12,57,VBt7oMNfIa8yjJpEjsdY/2Pdkws=,e+KiyNCXeUOvULvViLesa5CbCSs=
-13,57,VBt7oMNfIa8yjJpEjsdY/2Pdkws=,e+KiyNCXeUOvULvViLesa5CbCSs=
-14,57,VBt7oMNfIa8yjJpEjsdY/2Pdkws=,e+KiyNCXeUOvULvViLesa5CbCSs=
-15,57,VBt7oMNfIa8yjJpEjsdY/2Pdkws=,e+KiyNCXeUOvULvViLesa5CbCSs=
-8,49,VBt7oMNfIa8yjJpEjsdY/2Pdkws=,e+KiyNCXeUOvULvViLesa5CbCSs=
-16,57,VBt7oMNfIa8yjJpEjsdY/2Pdkws=,e+KiyNCXeUOvULvViLesa5CbCSs=
-1,56,VBt7oMNfIa8yjJpEjsdY/2Pdkws=,e+KiyNCXeUOvULvViLesa5CbCSs=
-2,56,VBt7oMNfIa8yjJpEjsdY/2Pdkws=,e+KiyNCXeUOvULvViLesa5CbCSs=
-3,56,VBt7oMNfIa8yjJpEjsdY/2Pdkws=,e+KiyNCXeUOvULvViLesa5CbCSs=
-4,56,VBt7oMNfIa8yjJpEjsdY/2Pdkws=,e+KiyNCXeUOvULvViLesa5CbCSs=
-5,56,VBt7oMNfIa8yjJpEjsdY/2Pdkws=,e+KiyNCXeUOvULvViLesa5CbCSs=
-6,56,VBt7oMNfIa8yjJpEjsdY/2Pdkws=,e+KiyNCXeUOvULvViLesa5CbCSs=
-7,56,VBt7oMNfIa8yjJpEjsdY/2Pdkws=,e+KiyNCXeUOvULvViLesa5CbCSs=
-8,56,VBt7oMNfIa8yjJpEjsdY/2Pdkws=,e+KiyNCXeUOvULvViLesa5CbCSs=
-6,48,VBt7oMNfIa8yjJpEjsdY/2Pdkws=,e+KiyNCXeUOvULvViLesa5CbCSs=
-9,56,VBt7oMNfIa8yjJpEjsdY/2Pdkws=,e+KiyNCXeUOvULvViLesa5CbCSs=
-13,51,VBt7oMNfIa8yjJpEjsdY/2Pdkws=,e+KiyNCXeUOvULvViLesa5CbCSs=
-10,56,VBt7oMNfIa8yjJpEjsdY/2Pdkws=,e+KiyNCXeUOvULvViLesa5CbCSs=
-11,56,VBt7oMNfIa8yjJpEjsdY/2Pdkws=,e+KiyNCXeUOvULvViLesa5CbCSs=
-12,56,VBt7oMNfIa8yjJpEjsdY/2Pdkws=,e+KiyNCXeUOvULvViLesa5CbCSs=
-13,56,VBt7oMNfIa8yjJpEjsdY/2Pdkws=,e+KiyNCXeUOvULvViLesa5CbCSs=
-14,56,VBt7oMNfIa8yjJpEjsdY/2Pdkws=,e+KiyNCXeUOvULvViLesa5CbCSs=
-9,49,VBt7oMNfIa8yjJpEjsdY/2Pdkws=,e+KiyNCXeUOvULvViLesa5CbCSs=
-15,56,VBt7oMNfIa8yjJpEjsdY/2Pdkws=,e+KiyNCXeUOvULvViLesa5CbCSs=
-16,56,VBt7oMNfIa8yjJpEjsdY/2Pdkws=,e+KiyNCXeUOvULvViLesa5CbCSs=
-1,55,VBt7oMNfIa8yjJpEjsdY/2Pdkws=,e+KiyNCXeUOvULvViLesa5CbCSs=
-2,55,VBt7oMNfIa8yjJpEjsdY/2Pdkws=,e+KiyNCXeUOvULvViLesa5CbCSs=
-3,55,VBt7oMNfIa8yjJpEjsdY/2Pdkws=,e+KiyNCXeUOvULvViLesa5CbCSs=
-4,55,VBt7oMNfIa8yjJpEjsdY/2Pdkws=,e+KiyNCXeUOvULvViLesa5CbCSs=
-5,55,VBt7oMNfIa8yjJpEjsdY/2Pdkws=,e+KiyNCXeUOvULvViLesa5CbCSs=
-6,55,VBt7oMNfIa8yjJpEjsdY/2Pdkws=,e+KiyNCXeUOvULvViLesa5CbCSs=
-7,55,VBt7oMNfIa8yjJpEjsdY/2Pdkws=,e+KiyNCXeUOvULvViLesa5CbCSs=
-7,48,VBt7oMNfIa8yjJpEjsdY/2Pdkws=,e+KiyNCXeUOvULvViLesa5CbCSs=
-8,55,VBt7oMNfIa8yjJpEjsdY/2Pdkws=,e+KiyNCXeUOvULvViLesa5CbCSs=
-14,51,VBt7oMNfIa8yjJpEjsdY/2Pdkws=,e+KiyNCXeUOvULvViLesa5CbCSs=
-9,55,VBt7oMNfIa8yjJpEjsdY/2Pdkws=,e+KiyNCXeUOvULvViLesa5CbCSs=
-10,55,VBt7oMNfIa8yjJpEjsdY/2Pdkws=,e+KiyNCXeUOvULvViLesa5CbCSs=
-11,55,VBt7oMNfIa8yjJpEjsdY/2Pdkws=,e+KiyNCXeUOvULvViLesa5CbCSs=
-13,55,VBt7oMNfIa8yjJpEjsdY/2Pdkws=,e+KiyNCXeUOvULvViLesa5CbCSs=
-12,55,VBt7oMNfIa8yjJpEjsdY/2Pdkws=,e+KiyNCXeUOvULvViLesa5CbCSs=
-14,55,VBt7oMNfIa8yjJpEjsdY/2Pdkws=,e+KiyNCXeUOvULvViLesa5CbCSs=
-15,55,VBt7oMNfIa8yjJpEjsdY/2Pdkws=,e+KiyNCXeUOvULvViLesa5CbCSs=
-10,49,VBt7oMNfIa8yjJpEjsdY/2Pdkws=,e+KiyNCXeUOvULvViLesa5CbCSs=
-16,55,VBt7oMNfIa8yjJpEjsdY/2Pdkws=,e+KiyNCXeUOvULvViLesa5CbCSs=
-1,54,VBt7oMNfIa8yjJpEjsdY/2Pdkws=,e+KiyNCXeUOvULvViLesa5CbCSs=
-4,54,VBt7oMNfIa8yjJpEjsdY/2Pdkws=,e+KiyNCXeUOvULvViLesa5CbCSs=
-3,54,VBt7oMNfIa8yjJpEjsdY/2Pdkws=,e+KiyNCXeUOvULvViLesa5CbCSs=
-2,54,VBt7oMNfIa8yjJpEjsdY/2Pdkws=,e+KiyNCXeUOvULvViLesa5CbCSs=
-6,54,VBt7oMNfIa8yjJpEjsdY/2Pdkws=,e+KiyNCXeUOvULvViLesa5CbCSs=
-5,54,VBt7oMNfIa8yjJpEjsdY/2Pdkws=,e+KiyNCXeUOvULvViLesa5CbCSs=
-8,48,VBt7oMNfIa8yjJpEjsdY/2Pdkws=,e+KiyNCXeUOvULvViLesa5CbCSs=
-7,54,VBt7oMNfIa8yjJpEjsdY/2Pdkws=,e+KiyNCXeUOvULvViLesa5CbCSs=
-15,51,VBt7oMNfIa8yjJpEjsdY/2Pdkws=,e+KiyNCXeUOvULvViLesa5CbCSs=
-9,54,VBt7oMNfIa8yjJpEjsdY/2Pdkws=,e+KiyNCXeUOvULvViLesa5CbCSs=
-8,54,VBt7oMNfIa8yjJpEjsdY/2Pdkws=,e+KiyNCXeUOvULvViLesa5CbCSs=
-10,54,VBt7oMNfIa8yjJpEjsdY/2Pdkws=,e+KiyNCXeUOvULvViLesa5CbCSs=
-11,54,VBt7oMNfIa8yjJpEjsdY/2Pdkws=,e+KiyNCXeUOvULvViLesa5CbCSs=
-12,54,VBt7oMNfIa8yjJpEjsdY/2Pdkws=,e+KiyNCXeUOvULvViLesa5CbCSs=
-13,54,VBt7oMNfIa8yjJpEjsdY/2Pdkws=,e+KiyNCXeUOvULvViLesa5CbCSs=
-14,54,VBt7oMNfIa8yjJpEjsdY/2Pdkws=,e+KiyNCXeUOvULvViLesa5CbCSs=
-11,49,VBt7oMNfIa8yjJpEjsdY/2Pdkws=,e+KiyNCXeUOvULvViLesa5CbCSs=
-16,54,VBt7oMNfIa8yjJpEjsdY/2Pdkws=,e+KiyNCXeUOvULvViLesa5CbCSs=
-15,54,VBt7oMNfIa8yjJpEjsdY/2Pdkws=,e+KiyNCXeUOvULvViLesa5CbCSs=
-1,53,VBt7oMNfIa8yjJpEjsdY/2Pdkws=,e+KiyNCXeUOvULvViLesa5CbCSs=
-2,53,VBt7oMNfIa8yjJpEjsdY/2Pdkws=,e+KiyNCXeUOvULvViLesa5CbCSs=
-3,53,VBt7oMNfIa8yjJpEjsdY/2Pdkws=,e+KiyNCXeUOvULvViLesa5CbCSs=
-4,53,VBt7oMNfIa8yjJpEjsdY/2Pdkws=,e+KiyNCXeUOvULvViLesa5CbCSs=
-5,53,VBt7oMNfIa8yjJpEjsdY/2Pdkws=,e+KiyNCXeUOvULvViLesa5CbCSs=
-9,48,VBt7oMNfIa8yjJpEjsdY/2Pdkws=,e+KiyNCXeUOvULvViLesa5CbCSs=
-16,51,VBt7oMNfIa8yjJpEjsdY/2Pdkws=,e+KiyNCXeUOvULvViLesa5CbCSs=
-12,49,VBt7oMNfIa8yjJpEjsdY/2Pdkws=,e+KiyNCXeUOvULvViLesa5CbCSs=
-6,53,VBt7oMNfIa8yjJpEjsdY/2Pdkws=,e+KiyNCXeUOvULvViLesa5CbCSs=
-7,53,VBt7oMNfIa8yjJpEjsdY/2Pdkws=,e+KiyNCXeUOvULvViLesa5CbCSs=
-10,53,VBt7oMNfIa8yjJpEjsdY/2Pdkws=,e+KiyNCXeUOvULvViLesa5CbCSs=
-11,53,VBt7oMNfIa8yjJpEjsdY/2Pdkws=,e+KiyNCXeUOvULvViLesa5CbCSs=
-12,53,VBt7oMNfIa8yjJpEjsdY/2Pdkws=,e+KiyNCXeUOvULvViLesa5CbCSs=
-13,53,VBt7oMNfIa8yjJpEjsdY/2Pdkws=,e+KiyNCXeUOvULvViLesa5CbCSs=
-16,48,VBt7oMNfIa8yjJpEjsdY/2Pdkws=,e+KiyNCXeUOvULvViLesa5CbCSs=
-14,53,VBt7oMNfIa8yjJpEjsdY/2Pdkws=,e+KiyNCXeUOvULvViLesa5CbCSs=
-15,53,VBt7oMNfIa8yjJpEjsdY/2Pdkws=,e+KiyNCXeUOvULvViLesa5CbCSs=
-16,53,VBt7oMNfIa8yjJpEjsdY/2Pdkws=,e+KiyNCXeUOvULvViLesa5CbCSs=
-13,49,VBt7oMNfIa8yjJpEjsdY/2Pdkws=,e+KiyNCXeUOvULvViLesa5CbCSs=
-1,52,VBt7oMNfIa8yjJpEjsdY/2Pdkws=,e+KiyNCXeUOvULvViLesa5CbCSs=
-2,52,VBt7oMNfIa8yjJpEjsdY/2Pdkws=,e+KiyNCXeUOvULvViLesa5CbCSs=
-3,52,VBt7oMNfIa8yjJpEjsdY/2Pdkws=,e+KiyNCXeUOvULvViLesa5CbCSs=
-4,52,VBt7oMNfIa8yjJpEjsdY/2Pdkws=,e+KiyNCXeUOvULvViLesa5CbCSs=
-10,48,VBt7oMNfIa8yjJpEjsdY/2Pdkws=,e+KiyNCXeUOvULvViLesa5CbCSs=
-5,52,VBt7oMNfIa8yjJpEjsdY/2Pdkws=,e+KiyNCXeUOvULvViLesa5CbCSs=
-1,50,VBt7oMNfIa8yjJpEjsdY/2Pdkws=,e+KiyNCXeUOvULvViLesa5CbCSs=
-7,51,VBt7oMNfIa8yjJpEjsdY/2Pdkws=,e+KiyNCXeUOvULvViLesa5CbCSs=
-3,57,VBt7oMNfIa8yjJpEjsdY/2Pdkws=,e+KiyNCXeUOvULvViLesa5CbCSs=
-6,52,VBt7oMNfIa8yjJpEjsdY/2Pdkws=,e+KiyNCXeUOvULvViLesa5CbCSs=
-9,52,VBt7oMNfIa8yjJpEjsdY/2Pdkws=,e+KiyNCXeUOvULvViLesa5CbCSs=
-8,52,VBt7oMNfIa8yjJpEjsdY/2Pdkws=,e+KiyNCXeUOvULvViLesa5CbCSs=
-8,53,VBt7oMNfIa8yjJpEjsdY/2Pdkws=,e+KiyNCXeUOvULvViLesa5CbCSs=
-9,53,VBt7oMNfIa8yjJpEjsdY/2Pdkws=,e+KiyNCXeUOvULvViLesa5CbCSs=
-7,52,VBt7oMNfIa8yjJpEjsdY/2Pdkws=,e+KiyNCXeUOvULvViLesa5CbCSs=
