-45,-16,XXNL/V6rJMajaZ/q/pcRSVgnDOc=,3Or/Jrx4J8Q5N6j8D3leRb+fFBY=
-33,-1,XXNL/V6rJMajaZ/q/pcRSVgnDOc=,3Or/Jrx4J8Q5N6j8D3leRb+fFBY=
-35,-14,XXNL/V6rJMajaZ/q/pcRSVgnDOc=,3Or/Jrx4J8Q5N6j8D3leRb+fFBY=
-33,-15,XXNL/V6rJMajaZ/q/pcRSVgnDOc=,3Or/Jrx4J8Q5N6j8D3leRb+fFBY=
-36,-13,XXNL/V6rJMajaZ/q/pcRSVgnDOc=,3Or/Jrx4J8Q5N6j8D3leRb+fFBY=
-36,-14,XXNL/V6rJMajaZ/q/pcRSVgnDOc=,3Or/Jrx4J8Q5N6j8D3leRb+fFBY=
-37,-14,XXNL/V6rJMajaZ/q/pcRSVgnDOc=,3Or/Jrx4J8Q5N6j8D3leRb+fFBY=
-34,-14,XXNL/V6rJMajaZ/q/pcRSVgnDOc=,3Or/Jrx4J8Q5N6j8D3leRb+fFBY=
-44,-16,XXNL/V6rJMajaZ/q/pcRSVgnDOc=,3Or/Jrx4J8Q5N6j8D3leRb+fFBY=
-39,-14,XXNL/V6rJMajaZ/q/pcRSVgnDOc=,3Or/Jrx4J8Q5N6j8D3leRb+fFBY=
-41,-14,XXNL/V6rJMajaZ/q/pcRSVgnDOc=,3Or/Jrx4J8Q5N6j8D3leRb+fFBY=
-38,-14,XXNL/V6rJMajaZ/q/pcRSVgnDOc=,3Or/Jrx4J8Q5N6j8D3leRb+fFBY=
-35,-13,XXNL/V6rJMajaZ/q/pcRSVgnDOc=,3Or/Jrx4J8Q5N6j8D3leRb+fFBY=
-43,-14,XXNL/V6rJMajaZ/q/pcRSVgnDOc=,3Or/Jrx4J8Q5N6j8D3leRb+fFBY=
-40,-14,XXNL/V6rJMajaZ/q/pcRSVgnDOc=,3Or/Jrx4J8Q5N6j8D3leRb+fFBY=
-45,-14,XXNL/V6rJMajaZ/q/pcRSVgnDOc=,3Or/Jrx4J8Q5N6j8D3leRb+fFBY=
-44,-14,XXNL/V6rJMajaZ/q/pcRSVgnDOc=,3Or/Jrx4J8Q5N6j8D3leRb+fFBY=
-46,-14,XXNL/V6rJMajaZ/q/pcRSVgnDOc=,3Or/Jrx4J8Q5N6j8D3leRb+fFBY=
-42,-14,XXNL/V6rJMajaZ/q/pcRSVgnDOc=,3Or/Jrx4J8Q5N6j8D3leRb+fFBY=
-34,-13,XXNL/V6rJMajaZ/q/pcRSVgnDOc=,3Or/Jrx4J8Q5N6j8D3leRb+fFBY=
-47,-14,XXNL/V6rJMajaZ/q/pcRSVgnDOc=,3Or/Jrx4J8Q5N6j8D3leRb+fFBY=
-48,-14,XXNL/V6rJMajaZ/q/pcRSVgnDOc=,3Or/Jrx4J8Q5N6j8D3leRb+fFBY=
-34,-1,XXNL/V6rJMajaZ/q/pcRSVgnDOc=,3Or/Jrx4J8Q5N6j8D3leRb+fFBY=
-37,-13,XXNL/V6rJMajaZ/q/pcRSVgnDOc=,3Or/Jrx4J8Q5N6j8D3leRb+fFBY=
-33,-13,XXNL/V6rJMajaZ/q/pcRSVgnDOc=,3Or/Jrx4J8Q5N6j8D3leRb+fFBY=
-35,-1,XXNL/V6rJMajaZ/q/pcRSVgnDOc=,3Or/Jrx4J8Q5N6j8D3leRb+fFBY=
-36,-1,XXNL/V6rJMajaZ/q/pcRSVgnDOc=,3Or/Jrx4J8Q5N6j8D3leRb+fFBY=
-38,-1,XXNL/V6rJMajaZ/q/pcRSVgnDOc=,3Or/Jrx4J8Q5N6j8D3leRb+fFBY=
-37,-1,XXNL/V6rJMajaZ/q/pcRSVgnDOc=,3Or/Jrx4J8Q5N6j8D3leRb+fFBY=
-40,-1,XXNL/V6rJMajaZ/q/pcRSVgnDOc=,3Or/Jrx4J8Q5N6j8D3leRb+fFBY=
-39,-1,XXNL/V6rJMajaZ/q/pcRSVgnDOc=,3Or/Jrx4J8Q5N6j8D3leRb+fFBY=
-41,-1,XXNL/V6rJMajaZ/q/pcRSVgnDOc=,3Or/Jrx4J8Q5N6j8D3leRb+fFBY=
-42,-1,XXNL/V6rJMajaZ/q/pcRSVgnDOc=,3Or/Jrx4J8Q5N6j8D3leRb+fFBY=
-48,-12,XXNL/V6rJMajaZ/q/pcRSVgnDOc=,3Or/Jrx4J8Q5N6j8D3leRb+fFBY=
-44,-1,XXNL/V6rJMajaZ/q/pcRSVgnDOc=,3Or/Jrx4J8Q5N6j8D3leRb+fFBY=
-43,-1,XXNL/V6rJMajaZ/q/pcRSVgnDOc=,3Or/Jrx4J8Q5N6j8D3leRb+fFBY=
-45,-1,XXNL/V6rJMajaZ/q/pcRSVgnDOc=,3Or/Jrx4J8Q5N6j8D3leRb+fFBY=
-46,-16,XXNL/V6rJMajaZ/q/pcRSVgnDOc=,3Or/Jrx4J8Q5N6j8D3leRb+fFBY=
-46,-1,XXNL/V6rJMajaZ/q/pcRSVgnDOc=,3Or/Jrx4J8Q5N6j8D3leRb+fFBY=
-43,-16,XXNL/V6rJMajaZ/q/pcRSVgnDOc=,3Or/Jrx4J8Q5N6j8D3leRb+fFBY=
-38,-13,XXNL/V6rJMajaZ/q/pcRSVgnDOc=,3Or/Jrx4J8Q5N6j8D3leRb+fFBY=
-48,-1,XXNL/V6rJMajaZ/q/pcRSVgnDOc=,3Or/Jrx4J8Q5N6j8D3leRb+fFBY=
-47,-1,XXNL/V6rJMajaZ/q/pcRSVgnDOc=,3Or/Jrx4J8Q5N6j8D3leRb+fFBY=
-34,-15,XXNL/V6rJMajaZ/q/pcRSVgnDOc=,3Or/Jrx4J8Q5N6j8D3leRb+fFBY=
-46,-15,XXNL/V6rJMajaZ/q/pcRSVgnDOc=,3Or/Jrx4J8Q5N6j8D3leRb+fFBY=
-33,-2,XXNL/V6rJMajaZ/q/pcRSVgnDOc=,3Or/Jrx4J8Q5N6j8D3leRb+fFBY=
-34,-2,XXNL/V6rJMajaZ/q/pcRSVgnDOc=,3Or/Jrx4J8Q5N6j8D3leRb+fFBY=
-47,-12,XXNL/V6rJMajaZ/q/pcRSVgnDOc=,3Or/Jrx4J8Q5N6j8D3leRb+fFBY=
-35,-2,XXNL/V6rJMajaZ/q/pcRSVgnDOc=,3Or/Jrx4J8Q5N6j8D3leRb+fFBY=
-36,-2,XXNL/V6rJMajaZ/q/pcRSVgnDOc=,3Or/Jrx4J8Q5N6j8D3leRb+fFBY=
-37,-2,XXNL/V6rJMajaZ/q/pcRSVgnDOc=,3Or/Jrx4J8Q5N6j8D3leRb+fFBY=
-38,-2,XXNL/V6rJMajaZ/q/pcRSVgnDOc=,3Or/Jrx4J8Q5N6j8D3leRb+fFBY=
-46,-12,XXNL/V6rJMajaZ/q/pcRSVgnDOc=,3Or/Jrx4J8Q5N6j8D3leRb+fFBY=
-40,-2,XXNL/V6rJMajaZ/q/pcRSVgnDOc=,3Or/Jrx4J8Q5N6j8D3leRb+fFBY=
-42,-2,XXNL/V6rJMajaZ/q/pcRSVgnDOc=,3Or/Jrx4J8Q5N6j8D3leRb+fFBY=
-41,-2,XXNL/V6rJMajaZ/q/pcRSVgnDOc=,3Or/Jrx4J8Q5N6j8D3leRb+fFBY=
-43,-2,XXNL/V6rJMajaZ/q/pcRSVgnDOc=,3Or/Jrx4J8Q5N6j8D3leRb+fFBY=
-45,-12,XXNL/V6rJMajaZ/q/pcRSVgnDOc=,3Or/Jrx4J8Q5N6j8D3leRb+fFBY=
-39,-2,XXNL/V6rJMajaZ/q/pcRSVgnDOc=,3Or/Jrx4J8Q5N6j8D3leRb+fFBY=
-44,-2,XXNL/V6rJMajaZ/q/pcRSVgnDOc=,3Or/Jrx4J8Q5N6j8D3leRb+fFBY=
-45,-2,XXNL/V6rJMajaZ/q/pcRSVgnDOc=,3Or/Jrx4J8Q5N6j8D3leRb+fFBY=
-46,-2,XXNL/V6rJMajaZ/q/pcRSVgnDOc=,3Or/Jrx4J8Q5N6j8D3leRb+fFBY=
-44,-12,XXNL/V6rJMajaZ/q/pcRSVgnDOc=,3Or/Jrx4J8Q5N6j8D3leRb+fFBY=
-39,-13,XXNL/V6rJMajaZ/q/pcRSVgnDOc=,3Or/Jrx4J8Q5N6j8D3leRb+fFBY=
-43,-12,XXNL/V6rJMajaZ/q/pcRSVgnDOc=,3Or/Jrx4J8Q5N6j8D3leRb+fFBY=
-48,-15,XXNL/V6rJMajaZ/q/pcRSVgnDOc=,3Or/Jrx4J8Q5N6j8D3leRb+fFBY=
-47,-15,XXNL/V6rJMajaZ/q/pcRSVgnDOc=,3Or/Jrx4J8Q5N6j8D3leRb+fFBY=
-47,-2,XXNL/V6rJMajaZ/q/pcRSVgnDOc=,3Or/Jrx4J8Q5N6j8D3leRb+fFBY=
-47,-16,XXNL/V6rJMajaZ/q/pcRSVgnDOc=,3Or/Jrx4J8Q5N6j8D3leRb+fFBY=
-42,-12,XXNL/V6rJMajaZ/q/pcRSVgnDOc=,3Or/Jrx4J8Q5N6j8D3leRb+fFBY=
-48,-2,XXNL/V6rJMajaZ/q/pcRSVgnDOc=,3Or/Jrx4J8Q5N6j8D3leRb+fFBY=
-34,-3,XXNL/V6rJMajaZ/q/pcRSVgnDOc=,3Or/Jrx4J8Q5N6j8D3leRb+fFBY=
-33,-3,XXNL/V6rJMajaZ/q/pcRSVgnDOc=,3Or/Jrx4J8Q5N6j8D3leRb+fFBY=
-41,-12,XXNL/V6rJMajaZ/q/pcRSVgnDOc=,3Or/Jrx4J8Q5N6j8D3leRb+fFBY=
-35,-3,XXNL/V6rJMajaZ/q/pcRSVgnDOc=,3Or/Jrx4J8Q5N6j8D3leRb+fFBY=
-37,-3,XXNL/V6rJMajaZ/q/pcRSVgnDOc=,3Or/Jrx4J8Q5N6j8D3leRb+fFBY=
-36,-3,XXNL/V6rJMajaZ/q/pcRSVgnDOc=,3Or/Jrx4J8Q5N6j8D3leRb+fFBY=
-38,-3,XXNL/V6rJMajaZ/q/pcRSVgnDOc=,3Or/Jrx4J8Q5N6j8D3leRb+fFBY=
-40,-12,XXNL/V6rJMajaZ/q/pcRSVgnDOc=,3Or/Jrx4J8Q5N6j8D3leRb+fFBY=
-40,-3,XXNL/V6rJMajaZ/q/pcRSVgnDOc=,3Or/Jrx4J8Q5N6j8D3leRb+fFBY=
-39,-3,XXNL/V6rJMajaZ/q/pcRSVgnDOc=,3Or/Jrx4J8Q5N6j8D3leRb+fFBY=
-41,-3,XXNL/V6rJMajaZ/q/pcRSVgnDOc=,3Or/Jrx4J8Q5N6j8D3leRb+fFBY=
-39,-12,XXNL/V6rJMajaZ/q/pcRSVgnDOc=,3Or/Jrx4J8Q5N6j8D3leRb+fFBY=
-42,-3,XXNL/V6rJMajaZ/q/pcRSVgnDOc=,3Or/Jrx4J8Q5N6j8D3leRb+fFBY=
-44,-3,XXNL/V6rJMajaZ/q/pcRSVgnDOc=,3Or/Jrx4J8Q5N6j8D3leRb+fFBY=
-43,-3,XXNL/V6rJMajaZ/q/pcRSVgnDOc=,3Or/Jrx4J8Q5N6j8D3leRb+fFBY=
-45,-3,XXNL/V6rJMajaZ/q/pcRSVgnDOc=,3Or/Jrx4J8Q5N6j8D3leRb+fFBY=
-38,-12,XXNL/V6rJMajaZ/q/pcRSVgnDOc=,3Or/Jrx4J8Q5N6j8D3leRb+fFBY=
-35,-15,XXNL/V6rJMajaZ/q/pcRSVgnDOc=,3Or/Jrx4J8Q5N6j8D3leRb+fFBY=
-33,-16,XXNL/V6rJMajaZ/q/pcRSVgnDOc=,3Or/Jrx4J8Q5N6j8D3leRb+fFBY=
-40,-13,XXNL/V6rJMajaZ/q/pcRSVgnDOc=,3Or/Jrx4J8Q5N6j8D3leRb+fFBY=
-37,-12,XXNL/V6rJMajaZ/q/pcRSVgnDOc=,3Or/Jrx4J8Q5N6j8D3leRb+fFBY=
-46,-3,XXNL/V6rJMajaZ/q/pcRSVgnDOc=,3Or/Jrx4J8Q5N6j8D3leRb+fFBY=
-47,-3,XXNL/V6rJMajaZ/q/pcRSVgnDOc=,3Or/Jrx4J8Q5N6j8D3leRb+fFBY=
-33,-14,XXNL/V6rJMajaZ/q/pcRSVgnDOc=,3Or/Jrx4J8Q5N6j8D3leRb+fFBY=
-36,-15,XXNL/V6rJMajaZ/q/pcRSVgnDOc=,3Or/Jrx4J8Q5N6j8D3leRb+fFBY=
-48,-3,XXNL/V6rJMajaZ/q/pcRSVgnDOc=,3Or/Jrx4J8Q5N6j8D3leRb+fFBY=
-33,-4,XXNL/V6rJMajaZ/q/pcRSVgnDOc=,3Or/Jrx4J8Q5N6j8D3leRb+fFBY=
-34,-4,XXNL/V6rJMajaZ/q/pcRSVgnDOc=,3Or/Jrx4J8Q5N6j8D3leRb+fFBY=
-42,-16,XXNL/V6rJMajaZ/q/pcRSVgnDOc=,3Or/Jrx4J8Q5N6j8D3leRb+fFBY=
-38,-4,XXNL/V6rJMajaZ/q/pcRSVgnDOc=,3Or/Jrx4J8Q5N6j8D3leRb+fFBY=
-36,-12,XXNL/V6rJMajaZ/q/pcRSVgnDOc=,3Or/Jrx4J8Q5N6j8D3leRb+fFBY=
-37,-4,XXNL/V6rJMajaZ/q/pcRSVgnDOc=,3Or/Jrx4J8Q5N6j8D3leRb+fFBY=
-39,-4,XXNL/V6rJMajaZ/q/pcRSVgnDOc=,3Or/Jrx4J8Q5N6j8D3leRb+fFBY=
-35,-4,XXNL/V6rJMajaZ/q/pcRSVgnDOc=,3Or/Jrx4J8Q5N6j8D3leRb+fFBY=
-35,-12,XXNL/V6rJMajaZ/q/pcRSVgnDOc=,3Or/Jrx4J8Q5N6j8D3leRb+fFBY=
-40,-4,XXNL/V6rJMajaZ/q/pcRSVgnDOc=,3Or/Jrx4J8Q5N6j8D3leRb+fFBY=
-41,-4,XXNL/V6rJMajaZ/q/pcRSVgnDOc=,3Or/Jrx4J8Q5N6j8D3leRb+fFBY=
-42,-4,XXNL/V6rJMajaZ/q/pcRSVgnDOc=,3Or/Jrx4J8Q5N6j8D3leRb+fFBY=
-43,-4,XXNL/V6rJMajaZ/q/pcRSVgnDOc=,3Or/Jrx4J8Q5N6j8D3leRb+fFBY=
-34,-12,XXNL/V6rJMajaZ/q/pcRSVgnDOc=,3Or/Jrx4J8Q5N6j8D3leRb+fFBY=
-44,-4,XXNL/V6rJMajaZ/q/pcRSVgnDOc=,3Or/Jrx4J8Q5N6j8D3leRb+fFBY=
-34,-16,XXNL/V6rJMajaZ/q/pcRSVgnDOc=,3Or/Jrx4J8Q5N6j8D3leRb+fFBY=
-33,-12,XXNL/V6rJMajaZ/q/pcRSVgnDOc=,3Or/Jrx4J8Q5N6j8D3leRb+fFBY=
-41,-13,XXNL/V6rJMajaZ/q/pcRSVgnDOc=,3Or/Jrx4J8Q5N6j8D3leRb+fFBY=
-45,-4,XXNL/V6rJMajaZ/q/pcRSVgnDOc=,3Or/Jrx4J8Q5N6j8D3leRb+fFBY=
-46,-4,XXNL/V6rJMajaZ/q/pcRSVgnDOc=,3Or/Jrx4J8Q5N6j8D3leRb+fFBY=
-48,-11,XXNL/V6rJMajaZ/q/pcRSVgnDOc=,3Or/Jrx4J8Q5N6j8D3leRb+fFBY=
-37,-15,XXNL/V6rJMajaZ/q/pcRSVgnDOc=,3Or/Jrx4J8Q5N6j8D3leRb+fFBY=
-48,-4,XXNL/V6rJMajaZ/q/pcRSVgnDOc=,3Or/Jrx4J8Q5N6j8D3leRb+fFBY=
-47,-4,XXNL/V6rJMajaZ/q/pcRSVgnDOc=,3Or/Jrx4J8Q5N6j8D3leRb+fFBY=
-45,-15,XXNL/V6rJMajaZ/q/pcRSVgnDOc=,3Or/Jrx4J8Q5N6j8D3leRb+fFBY=
-33,-5,XXNL/V6rJMajaZ/q/pcRSVgnDOc=,3Or/Jrx4J8Q5N6j8D3leRb+fFBY=
-34,-5,XXNL/V6rJMajaZ/q/pcRSVgnDOc=,3Or/Jrx4J8Q5N6j8D3leRb+fFBY=
-35,-5,XXNL/V6rJMajaZ/q/pcRSVgnDOc=,3Or/Jrx4J8Q5N6j8D3leRb+fFBY=
-47,-11,XXNL/V6rJMajaZ/q/pcRSVgnDOc=,3Or/Jrx4J8Q5N6j8D3leRb+fFBY=
-36,-5,XXNL/V6rJMajaZ/q/pcRSVgnDOc=,3Or/Jrx4J8Q5N6j8D3leRb+fFBY=
-37,-5,XXNL/V6rJMajaZ/q/pcRSVgnDOc=,3Or/Jrx4J8Q5N6j8D3leRb+fFBY=
-38,-5,XXNL/V6rJMajaZ/q/pcRSVgnDOc=,3Or/Jrx4J8Q5N6j8D3leRb+fFBY=
-46,-11,XXNL/V6rJMajaZ/q/pcRSVgnDOc=,3Or/Jrx4J8Q5N6j8D3leRb+fFBY=
-40,-5,XXNL/V6rJMajaZ/q/pcRSVgnDOc=,3Or/Jrx4J8Q5N6j8D3leRb+fFBY=
-39,-5,XXNL/V6rJMajaZ/q/pcRSVgnDOc=,3Or/Jrx4J8Q5N6j8D3leRb+fFBY=
-48,-16,XXNL/V6rJMajaZ/q/pcRSVgnDOc=,3Or/Jrx4J8Q5N6j8D3leRb+fFBY=
-41,-5,XXNL/V6rJMajaZ/q/pcRSVgnDOc=,3Or/Jrx4J8Q5N6j8D3leRb+fFBY=
-42,-5,XXNL/V6rJMajaZ/q/pcRSVgnDOc=,3Or/Jrx4J8Q5N6j8D3leRb+fFBY=
-43,-5,XXNL/V6rJMajaZ/q/pcRSVgnDOc=,3Or/Jrx4J8Q5N6j8D3leRb+fFBY=
-45,-11,XXNL/V6rJMajaZ/q/pcRSVgnDOc=,3Or/Jrx4J8Q5N6j8D3leRb+fFBY=
-35,-16,XXNL/V6rJMajaZ/q/pcRSVgnDOc=,3Or/Jrx4J8Q5N6j8D3leRb+fFBY=
-42,-13,XXNL/V6rJMajaZ/q/pcRSVgnDOc=,3Or/Jrx4J8Q5N6j8D3leRb+fFBY=
-44,-5,XXNL/V6rJMajaZ/q/pcRSVgnDOc=,3Or/Jrx4J8Q5N6j8D3leRb+fFBY=
-44,-11,XXNL/V6rJMajaZ/q/pcRSVgnDOc=,3Or/Jrx4J8Q5N6j8D3leRb+fFBY=
-45,-5,XXNL/V6rJMajaZ/q/pcRSVgnDOc=,3Or/Jrx4J8Q5N6j8D3leRb+fFBY=
-47,-5,XXNL/V6rJMajaZ/q/pcRSVgnDOc=,3Or/Jrx4J8Q5N6j8D3leRb+fFBY=
-46,-5,XXNL/V6rJMajaZ/q/pcRSVgnDOc=,3Or/Jrx4J8Q5N6j8D3leRb+fFBY=
-43,-11,XXNL/V6rJMajaZ/q/pcRSVgnDOc=,3Or/Jrx4J8Q5N6j8D3leRb+fFBY=
-38,-15,XXNL/V6rJMajaZ/q/pcRSVgnDOc=,3Or/Jrx4J8Q5N6j8D3leRb+fFBY=
-48,-5,XXNL/V6rJMajaZ/q/pcRSVgnDOc=,3Or/Jrx4J8Q5N6j8D3leRb+fFBY=
-42,-11,XXNL/V6rJMajaZ/q/pcRSVgnDOc=,3Or/Jrx4J8Q5N6j8D3leRb+fFBY=
-34,-6,XXNL/V6rJMajaZ/q/pcRSVgnDOc=,3Or/Jrx4J8Q5N6j8D3leRb+fFBY=
-41,-11,XXNL/V6rJMajaZ/q/pcRSVgnDOc=,3Or/Jrx4J8Q5N6j8D3leRb+fFBY=
-35,-6,XXNL/V6rJMajaZ/q/pcRSVgnDOc=,3Or/Jrx4J8Q5N6j8D3leRb+fFBY=
-36,-6,XXNL/V6rJMajaZ/q/pcRSVgnDOc=,3Or/Jrx4J8Q5N6j8D3leRb+fFBY=
-33,-6,XXNL/V6rJMajaZ/q/pcRSVgnDOc=,3Or/Jrx4J8Q5N6j8D3leRb+fFBY=
-40,-11,XXNL/V6rJMajaZ/q/pcRSVgnDOc=,3Or/Jrx4J8Q5N6j8D3leRb+fFBY=
-37,-6,XXNL/V6rJMajaZ/q/pcRSVgnDOc=,3Or/Jrx4J8Q5N6j8D3leRb+fFBY=
-38,-6,XXNL/V6rJMajaZ/q/pcRSVgnDOc=,3Or/Jrx4J8Q5N6j8D3leRb+fFBY=
-39,-6,XXNL/V6rJMajaZ/q/pcRSVgnDOc=,3Or/Jrx4J8Q5N6j8D3leRb+fFBY=
-39,-11,XXNL/V6rJMajaZ/q/pcRSVgnDOc=,3Or/Jrx4J8Q5N6j8D3leRb+fFBY=
-41,-6,XXNL/V6rJMajaZ/q/pcRSVgnDOc=,3Or/Jrx4J8Q5N6j8D3leRb+fFBY=
-40,-6,XXNL/V6rJMajaZ/q/pcRSVgnDOc=,3Or/Jrx4J8Q5N6j8D3leRb+fFBY=
-38,-11,XXNL/V6rJMajaZ/q/pcRSVgnDOc=,3Or/Jrx4J8Q5N6j8D3leRb+fFBY=
-42,-6,XXNL/V6rJMajaZ/q/pcRSVgnDOc=,3Or/Jrx4J8Q5N6j8D3leRb+fFBY=
-36,-16,XXNL/V6rJMajaZ/q/pcRSVgnDOc=,3Or/Jrx4J8Q5N6j8D3leRb+fFBY=
-43,-13,XXNL/V6rJMajaZ/q/pcRSVgnDOc=,3Or/Jrx4J8Q5N6j8D3leRb+fFBY=
-43,-6,XXNL/V6rJMajaZ/q/pcRSVgnDOc=,3Or/Jrx4J8Q5N6j8D3leRb+fFBY=
-48,-13,XXNL/V6rJMajaZ/q/pcRSVgnDOc=,3Or/Jrx4J8Q5N6j8D3leRb+fFBY=
-45,-6,XXNL/V6rJMajaZ/q/pcRSVgnDOc=,3Or/Jrx4J8Q5N6j8D3leRb+fFBY=
-44,-6,XXNL/V6rJMajaZ/q/pcRSVgnDOc=,3Or/Jrx4J8Q5N6j8D3leRb+fFBY=
-46,-6,XXNL/V6rJMajaZ/q/pcRSVgnDOc=,3Or/Jrx4J8Q5N6j8D3leRb+fFBY=
-44,-15,XXNL/V6rJMajaZ/q/pcRSVgnDOc=,3Or/Jrx4J8Q5N6j8D3leRb+fFBY=
-47,-6,XXNL/V6rJMajaZ/q/pcRSVgnDOc=,3Or/Jrx4J8Q5N6j8D3leRb+fFBY=
-39,-15,XXNL/V6rJMajaZ/q/pcRSVgnDOc=,3Or/Jrx4J8Q5N6j8D3leRb+fFBY=
-48,-6,XXNL/V6rJMajaZ/q/pcRSVgnDOc=,3Or/Jrx4J8Q5N6j8D3leRb+fFBY=
-33,-7,XXNL/V6rJMajaZ/q/pcRSVgnDOc=,3Or/Jrx4J8Q5N6j8D3leRb+fFBY=
-41,-16,XXNL/V6rJMajaZ/q/pcRSVgnDOc=,3Or/Jrx4J8Q5N6j8D3leRb+fFBY=
-34,-7,XXNL/V6rJMajaZ/q/pcRSVgnDOc=,3Or/Jrx4J8Q5N6j8D3leRb+fFBY=
-35,-7,XXNL/V6rJMajaZ/q/pcRSVgnDOc=,3Or/Jrx4J8Q5N6j8D3leRb+fFBY=
-37,-11,XXNL/V6rJMajaZ/q/pcRSVgnDOc=,3Or/Jrx4J8Q5N6j8D3leRb+fFBY=
-36,-7,XXNL/V6rJMajaZ/q/pcRSVgnDOc=,3Or/Jrx4J8Q5N6j8D3leRb+fFBY=
-37,-7,XXNL/V6rJMajaZ/q/pcRSVgnDOc=,3Or/Jrx4J8Q5N6j8D3leRb+fFBY=
-38,-7,XXNL/V6rJMajaZ/q/pcRSVgnDOc=,3Or/Jrx4J8Q5N6j8D3leRb+fFBY=
-36,-11,XXNL/V6rJMajaZ/q/pcRSVgnDOc=,3Or/Jrx4J8Q5N6j8D3leRb+fFBY=
-39,-7,XXNL/V6rJMajaZ/q/pcRSVgnDOc=,3Or/Jrx4J8Q5N6j8D3leRb+fFBY=
-40,-7,XXNL/V6rJMajaZ/q/pcRSVgnDOc=,3Or/Jrx4J8Q5N6j8D3leRb+fFBY=
-41,-7,XXNL/V6rJMajaZ/q/pcRSVgnDOc=,3Or/Jrx4J8Q5N6j8D3leRb+fFBY=
-37,-16,XXNL/V6rJMajaZ/q/pcRSVgnDOc=,3Or/Jrx4J8Q5N6j8D3leRb+fFBY=
-35,-11,XXNL/V6rJMajaZ/q/pcRSVgnDOc=,3Or/Jrx4J8Q5N6j8D3leRb+fFBY=
-44,-13,XXNL/V6rJMajaZ/q/pcRSVgnDOc=,3Or/Jrx4J8Q5N6j8D3leRb+fFBY=
-42,-7,XXNL/V6rJMajaZ/q/pcRSVgnDOc=,3Or/Jrx4J8Q5N6j8D3leRb+fFBY=
-43,-7,XXNL/V6rJMajaZ/q/pcRSVgnDOc=,3Or/Jrx4J8Q5N6j8D3leRb+fFBY=
-34,-11,XXNL/V6rJMajaZ/q/pcRSVgnDOc=,3Or/Jrx4J8Q5N6j8D3leRb+fFBY=
-44,-7,XXNL/V6rJMajaZ/q/pcRSVgnDOc=,3Or/Jrx4J8Q5N6j8D3leRb+fFBY=
-45,-7,XXNL/V6rJMajaZ/q/pcRSVgnDOc=,3Or/Jrx4J8Q5N6j8D3leRb+fFBY=
-33,-11,XXNL/V6rJMajaZ/q/pcRSVgnDOc=,3Or/Jrx4J8Q5N6j8D3leRb+fFBY=
-47,-7,XXNL/V6rJMajaZ/q/pcRSVgnDOc=,3Or/Jrx4J8Q5N6j8D3leRb+fFBY=
-46,-7,XXNL/V6rJMajaZ/q/pcRSVgnDOc=,3Or/Jrx4J8Q5N6j8D3leRb+fFBY=
-48,-7,XXNL/V6rJMajaZ/q/pcRSVgnDOc=,3Or/Jrx4J8Q5N6j8D3leRb+fFBY=
-40,-15,XXNL/V6rJMajaZ/q/pcRSVgnDOc=,3Or/Jrx4J8Q5N6j8D3leRb+fFBY=
-43,-15,XXNL/V6rJMajaZ/q/pcRSVgnDOc=,3Or/Jrx4J8Q5N6j8D3leRb+fFBY=
-33,-8,XXNL/V6rJMajaZ/q/pcRSVgnDOc=,3Or/Jrx4J8Q5N6j8D3leRb+fFBY=
-34,-8,XXNL/V6rJMajaZ/q/pcRSVgnDOc=,3Or/Jrx4J8Q5N6j8D3leRb+fFBY=
-48,-10,XXNL/V6rJMajaZ/q/pcRSVgnDOc=,3Or/Jrx4J8Q5N6j8D3leRb+fFBY=
-35,-8,XXNL/V6rJMajaZ/q/pcRSVgnDOc=,3Or/Jrx4J8Q5N6j8D3leRb+fFBY=
-47,-10,XXNL/V6rJMajaZ/q/pcRSVgnDOc=,3Or/Jrx4J8Q5N6j8D3leRb+fFBY=
-46,-10,XXNL/V6rJMajaZ/q/pcRSVgnDOc=,3Or/Jrx4J8Q5N6j8D3leRb+fFBY=
-45,-10,XXNL/V6rJMajaZ/q/pcRSVgnDOc=,3Or/Jrx4J8Q5N6j8D3leRb+fFBY=
-44,-10,XXNL/V6rJMajaZ/q/pcRSVgnDOc=,3Or/Jrx4J8Q5N6j8D3leRb+fFBY=
-43,-10,XXNL/V6rJMajaZ/q/pcRSVgnDOc=,3Or/Jrx4J8Q5N6j8D3leRb+fFBY=
-42,-10,XXNL/V6rJMajaZ/q/pcRSVgnDOc=,3Or/Jrx4J8Q5N6j8D3leRb+fFBY=
-41,-10,XXNL/V6rJMajaZ/q/pcRSVgnDOc=,3Or/Jrx4J8Q5N6j8D3leRb+fFBY=
-40,-10,XXNL/V6rJMajaZ/q/pcRSVgnDOc=,3Or/Jrx4J8Q5N6j8D3leRb+fFBY=
-39,-10,XXNL/V6rJMajaZ/q/pcRSVgnDOc=,3Or/Jrx4J8Q5N6j8D3leRb+fFBY=
-47,-13,XXNL/V6rJMajaZ/q/pcRSVgnDOc=,3Or/Jrx4J8Q5N6j8D3leRb+fFBY=
-40,-16,XXNL/V6rJMajaZ/q/pcRSVgnDOc=,3Or/Jrx4J8Q5N6j8D3leRb+fFBY=
-38,-10,XXNL/V6rJMajaZ/q/pcRSVgnDOc=,3Or/Jrx4J8Q5N6j8D3leRb+fFBY=
-37,-10,XXNL/V6rJMajaZ/q/pcRSVgnDOc=,3Or/Jrx4J8Q5N6j8D3leRb+fFBY=
-36,-10,XXNL/V6rJMajaZ/q/pcRSVgnDOc=,3Or/Jrx4J8Q5N6j8D3leRb+fFBY=
-35,-10,XXNL/V6rJMajaZ/q/pcRSVgnDOc=,3Or/Jrx4J8Q5N6j8D3leRb+fFBY=
-34,-10,XXNL/V6rJMajaZ/q/pcRSVgnDOc=,3Or/Jrx4J8Q5N6j8D3leRb+fFBY=
-33,-10,XXNL/V6rJMajaZ/q/pcRSVgnDOc=,3Or/Jrx4J8Q5N6j8D3leRb+fFBY=
-42,-15,XXNL/V6rJMajaZ/q/pcRSVgnDOc=,3Or/Jrx4J8Q5N6j8D3leRb+fFBY=
-48,-9,XXNL/V6rJMajaZ/q/pcRSVgnDOc=,3Or/Jrx4J8Q5N6j8D3leRb+fFBY=
-47,-9,XXNL/V6rJMajaZ/q/pcRSVgnDOc=,3Or/Jrx4J8Q5N6j8D3leRb+fFBY=
-46,-9,XXNL/V6rJMajaZ/q/pcRSVgnDOc=,3Or/Jrx4J8Q5N6j8D3leRb+fFBY=
-45,-9,XXNL/V6rJMajaZ/q/pcRSVgnDOc=,3Or/Jrx4J8Q5N6j8D3leRb+fFBY=
-44,-9,XXNL/V6rJMajaZ/q/pcRSVgnDOc=,3Or/Jrx4J8Q5N6j8D3leRb+fFBY=
-43,-9,XXNL/V6rJMajaZ/q/pcRSVgnDOc=,3Or/Jrx4J8Q5N6j8D3leRb+fFBY=
-42,-9,XXNL/V6rJMajaZ/q/pcRSVgnDOc=,3Or/Jrx4J8Q5N6j8D3leRb+fFBY=
-41,-9,XXNL/V6rJMajaZ/q/pcRSVgnDOc=,3Or/Jrx4J8Q5N6j8D3leRb+fFBY=
-40,-9,XXNL/V6rJMajaZ/q/pcRSVgnDOc=,3Or/Jrx4J8Q5N6j8D3leRb+fFBY=
-46,-13,XXNL/V6rJMajaZ/q/pcRSVgnDOc=,3Or/Jrx4J8Q5N6j8D3leRb+fFBY=
-39,-16,XXNL/V6rJMajaZ/q/pcRSVgnDOc=,3Or/Jrx4J8Q5N6j8D3leRb+fFBY=
-39,-9,XXNL/V6rJMajaZ/q/pcRSVgnDOc=,3Or/Jrx4J8Q5N6j8D3leRb+fFBY=
-38,-9,XXNL/V6rJMajaZ/q/pcRSVgnDOc=,3Or/Jrx4J8Q5N6j8D3leRb+fFBY=
-36,-8,XXNL/V6rJMajaZ/q/pcRSVgnDOc=,3Or/Jrx4J8Q5N6j8D3leRb+fFBY=
-37,-9,XXNL/V6rJMajaZ/q/pcRSVgnDOc=,3Or/Jrx4J8Q5N6j8D3leRb+fFBY=
-36,-9,XXNL/V6rJMajaZ/q/pcRSVgnDOc=,3Or/Jrx4J8Q5N6j8D3leRb+fFBY=
-35,-9,XXNL/V6rJMajaZ/q/pcRSVgnDOc=,3Or/Jrx4J8Q5N6j8D3leRb+fFBY=
-34,-9,XXNL/V6rJMajaZ/q/pcRSVgnDOc=,3Or/Jrx4J8Q5N6j8D3leRb+fFBY=
-33,-9,XXNL/V6rJMajaZ/q/pcRSVgnDOc=,3Or/Jrx4J8Q5N6j8D3leRb+fFBY=
-41,-15,XXNL/V6rJMajaZ/q/pcRSVgnDOc=,3Or/Jrx4J8Q5N6j8D3leRb+fFBY=
-48,-8,XXNL/V6rJMajaZ/q/pcRSVgnDOc=,3Or/Jrx4J8Q5N6j8D3leRb+fFBY=
-47,-8,XXNL/V6rJMajaZ/q/pcRSVgnDOc=,3Or/Jrx4J8Q5N6j8D3leRb+fFBY=
-46,-8,XXNL/V6rJMajaZ/q/pcRSVgnDOc=,3Or/Jrx4J8Q5N6j8D3leRb+fFBY=
-45,-8,XXNL/V6rJMajaZ/q/pcRSVgnDOc=,3Or/Jrx4J8Q5N6j8D3leRb+fFBY=
-44,-8,XXNL/V6rJMajaZ/q/pcRSVgnDOc=,3Or/Jrx4J8Q5N6j8D3leRb+fFBY=
-43,-8,XXNL/V6rJMajaZ/q/pcRSVgnDOc=,3Or/Jrx4J8Q5N6j8D3leRb+fFBY=
-41,-8,XXNL/V6rJMajaZ/q/pcRSVgnDOc=,3Or/Jrx4J8Q5N6j8D3leRb+fFBY=
-42,-8,XXNL/V6rJMajaZ/q/pcRSVgnDOc=,3Or/Jrx4J8Q5N6j8D3leRb+fFBY=
-45,-13,XXNL/V6rJMajaZ/q/pcRSVgnDOc=,3Or/Jrx4J8Q5N6j8D3leRb+fFBY=
-38,-16,XXNL/V6rJMajaZ/q/pcRSVgnDOc=,3Or/Jrx4J8Q5N6j8D3leRb+fFBY=
-36,-4,XXNL/V6rJMajaZ/q/pcRSVgnDOc=,3Or/Jrx4J8Q5N6j8D3leRb+fFBY=
-39,-8,XXNL/V6rJMajaZ/q/pcRSVgnDOc=,3Or/Jrx4J8Q5N6j8D3leRb+fFBY=
-40,-8,XXNL/V6rJMajaZ/q/pcRSVgnDOc=,3Or/Jrx4J8Q5N6j8D3leRb+fFBY=
-38,-8,XXNL/V6rJMajaZ/q/pcRSVgnDOc=,3Or/Jrx4J8Q5N6j8D3leRb+fFBY=
-37,-8,XXNL/V6rJMajaZ/q/pcRSVgnDOc=,3Or/Jrx4J8Q5N6j8D3leRb+fFBY=
-33,-31,Df4jbdxnyaNMiMk4vv/F6VUoxxI=,SBhq9UTVvjtlm+LscETHjwdKdZk=
-45,-32,Df4jbdxnyaNMiMk4vv/F6VUoxxI=,SBhq9UTVvjtlm+LscETHjwdKdZk=
-36,-30,Df4jbdxnyaNMiMk4vv/F6VUoxxI=,SBhq9UTVvjtlm+LscETHjwdKdZk=
-33,-17,Df4jbdxnyaNMiMk4vv/F6VUoxxI=,SBhq9UTVvjtlm+LscETHjwdKdZk=
-37,-30,Df4jbdxnyaNMiMk4vv/F6VUoxxI=,SBhq9UTVvjtlm+LscETHjwdKdZk=
-35,-30,Df4jbdxnyaNMiMk4vv/F6VUoxxI=,SBhq9UTVvjtlm+LscETHjwdKdZk=
-39,-30,Df4jbdxnyaNMiMk4vv/F6VUoxxI=,SBhq9UTVvjtlm+LscETHjwdKdZk=
-41,-30,Df4jbdxnyaNMiMk4vv/F6VUoxxI=,SBhq9UTVvjtlm+LscETHjwdKdZk=
-38,-30,Df4jbdxnyaNMiMk4vv/F6VUoxxI=,SBhq9UTVvjtlm+LscETHjwdKdZk=
-40,-30,Df4jbdxnyaNMiMk4vv/F6VUoxxI=,SBhq9UTVvjtlm+LscETHjwdKdZk=
-43,-30,Df4jbdxnyaNMiMk4vv/F6VUoxxI=,SBhq9UTVvjtlm+LscETHjwdKdZk=
-44,-30,Df4jbdxnyaNMiMk4vv/F6VUoxxI=,SBhq9UTVvjtlm+LscETHjwdKdZk=
-45,-30,Df4jbdxnyaNMiMk4vv/F6VUoxxI=,SBhq9UTVvjtlm+LscETHjwdKdZk=
-42,-30,Df4jbdxnyaNMiMk4vv/F6VUoxxI=,SBhq9UTVvjtlm+LscETHjwdKdZk=
-46,-30,Df4jbdxnyaNMiMk4vv/F6VUoxxI=,SBhq9UTVvjtlm+LscETHjwdKdZk=
-47,-30,Df4jbdxnyaNMiMk4vv/F6VUoxxI=,SBhq9UTVvjtlm+LscETHjwdKdZk=
-34,-17,Df4jbdxnyaNMiMk4vv/F6VUoxxI=,SBhq9UTVvjtlm+LscETHjwdKdZk=
-48,-30,Df4jbdxnyaNMiMk4vv/F6VUoxxI=,SBhq9UTVvjtlm+LscETHjwdKdZk=
-37,-17,Df4jbdxnyaNMiMk4vv/F6VUoxxI=,SBhq9UTVvjtlm+LscETHjwdKdZk=
-36,-17,Df4jbdxnyaNMiMk4vv/F6VUoxxI=,SBhq9UTVvjtlm+LscETHjwdKdZk=
-38,-17,Df4jbdxnyaNMiMk4vv/F6VUoxxI=,SBhq9UTVvjtlm+LscETHjwdKdZk=
-39,-17,Df4jbdxnyaNMiMk4vv/F6VUoxxI=,SBhq9UTVvjtlm+LscETHjwdKdZk=
-40,-17,Df4jbdxnyaNMiMk4vv/F6VUoxxI=,SBhq9UTVvjtlm+LscETHjwdKdZk=
-35,-17,Df4jbdxnyaNMiMk4vv/F6VUoxxI=,SBhq9UTVvjtlm+LscETHjwdKdZk=
-43,-17,Df4jbdxnyaNMiMk4vv/F6VUoxxI=,SBhq9UTVvjtlm+LscETHjwdKdZk=
-41,-17,Df4jbdxnyaNMiMk4vv/F6VUoxxI=,SBhq9UTVvjtlm+LscETHjwdKdZk=
-44,-17,Df4jbdxnyaNMiMk4vv/F6VUoxxI=,SBhq9UTVvjtlm+LscETHjwdKdZk=
-42,-17,Df4jbdxnyaNMiMk4vv/F6VUoxxI=,SBhq9UTVvjtlm+LscETHjwdKdZk=
-46,-17,Df4jbdxnyaNMiMk4vv/F6VUoxxI=,SBhq9UTVvjtlm+LscETHjwdKdZk=
-45,-17,Df4jbdxnyaNMiMk4vv/F6VUoxxI=,SBhq9UTVvjtlm+LscETHjwdKdZk=
-47,-17,Df4jbdxnyaNMiMk4vv/F6VUoxxI=,SBhq9UTVvjtlm+LscETHjwdKdZk=
-34,-31,Df4jbdxnyaNMiMk4vv/F6VUoxxI=,SBhq9UTVvjtlm+LscETHjwdKdZk=
-46,-32,Df4jbdxnyaNMiMk4vv/F6VUoxxI=,SBhq9UTVvjtlm+LscETHjwdKdZk=
-48,-17,Df4jbdxnyaNMiMk4vv/F6VUoxxI=,SBhq9UTVvjtlm+LscETHjwdKdZk=
-33,-18,Df4jbdxnyaNMiMk4vv/F6VUoxxI=,SBhq9UTVvjtlm+LscETHjwdKdZk=
-34,-18,Df4jbdxnyaNMiMk4vv/F6VUoxxI=,SBhq9UTVvjtlm+LscETHjwdKdZk=
-35,-18,Df4jbdxnyaNMiMk4vv/F6VUoxxI=,SBhq9UTVvjtlm+LscETHjwdKdZk=
-36,-18,Df4jbdxnyaNMiMk4vv/F6VUoxxI=,SBhq9UTVvjtlm+LscETHjwdKdZk=
-37,-18,Df4jbdxnyaNMiMk4vv/F6VUoxxI=,SBhq9UTVvjtlm+LscETHjwdKdZk=
-38,-18,Df4jbdxnyaNMiMk4vv/F6VUoxxI=,SBhq9UTVvjtlm+LscETHjwdKdZk=
-39,-18,Df4jbdxnyaNMiMk4vv/F6VUoxxI=,SBhq9UTVvjtlm+LscETHjwdKdZk=
-40,-18,Df4jbdxnyaNMiMk4vv/F6VUoxxI=,SBhq9UTVvjtlm+LscETHjwdKdZk=
-42,-18,Df4jbdxnyaNMiMk4vv/F6VUoxxI=,SBhq9UTVvjtlm+LscETHjwdKdZk=
-41,-18,Df4jbdxnyaNMiMk4vv/F6VUoxxI=,SBhq9UTVvjtlm+LscETHjwdKdZk=
-43,-18,Df4jbdxnyaNMiMk4vv/F6VUoxxI=,SBhq9UTVvjtlm+LscETHjwdKdZk=
-44,-18,Df4jbdxnyaNMiMk4vv/F6VUoxxI=,SBhq9UTVvjtlm+LscETHjwdKdZk=
-45,-18,Df4jbdxnyaNMiMk4vv/F6VUoxxI=,SBhq9UTVvjtlm+LscETHjwdKdZk=
-46,-18,Df4jbdxnyaNMiMk4vv/F6VUoxxI=,SBhq9UTVvjtlm+LscETHjwdKdZk=
-47,-31,Df4jbdxnyaNMiMk4vv/F6VUoxxI=,SBhq9UTVvjtlm+LscETHjwdKdZk=
-48,-31,Df4jbdxnyaNMiMk4vv/F6VUoxxI=,SBhq9UTVvjtlm+LscETHjwdKdZk=
-47,-18,Df4jbdxnyaNMiMk4vv/F6VUoxxI=,SBhq9UTVvjtlm+LscETHjwdKdZk=
-48,-18,Df4jbdxnyaNMiMk4vv/F6VUoxxI=,SBhq9UTVvjtlm+LscETHjwdKdZk=
-47,-32,Df4jbdxnyaNMiMk4vv/F6VUoxxI=,SBhq9UTVvjtlm+LscETHjwdKdZk=
-34,-19,Df4jbdxnyaNMiMk4vv/F6VUoxxI=,SBhq9UTVvjtlm+LscETHjwdKdZk=
-33,-19,Df4jbdxnyaNMiMk4vv/F6VUoxxI=,SBhq9UTVvjtlm+LscETHjwdKdZk=
-35,-19,Df4jbdxnyaNMiMk4vv/F6VUoxxI=,SBhq9UTVvjtlm+LscETHjwdKdZk=
-36,-19,Df4jbdxnyaNMiMk4vv/F6VUoxxI=,SBhq9UTVvjtlm+LscETHjwdKdZk=
-37,-19,Df4jbdxnyaNMiMk4vv/F6VUoxxI=,SBhq9UTVvjtlm+LscETHjwdKdZk=
-38,-19,Df4jbdxnyaNMiMk4vv/F6VUoxxI=,SBhq9UTVvjtlm+LscETHjwdKdZk=
-39,-19,Df4jbdxnyaNMiMk4vv/F6VUoxxI=,SBhq9UTVvjtlm+LscETHjwdKdZk=
-40,-19,Df4jbdxnyaNMiMk4vv/F6VUoxxI=,SBhq9UTVvjtlm+LscETHjwdKdZk=
-41,-19,Df4jbdxnyaNMiMk4vv/F6VUoxxI=,SBhq9UTVvjtlm+LscETHjwdKdZk=
-42,-19,Df4jbdxnyaNMiMk4vv/F6VUoxxI=,SBhq9UTVvjtlm+LscETHjwdKdZk=
-43,-19,Df4jbdxnyaNMiMk4vv/F6VUoxxI=,SBhq9UTVvjtlm+LscETHjwdKdZk=
-44,-19,Df4jbdxnyaNMiMk4vv/F6VUoxxI=,SBhq9UTVvjtlm+LscETHjwdKdZk=
-45,-19,Df4jbdxnyaNMiMk4vv/F6VUoxxI=,SBhq9UTVvjtlm+LscETHjwdKdZk=
-33,-32,Df4jbdxnyaNMiMk4vv/F6VUoxxI=,SBhq9UTVvjtlm+LscETHjwdKdZk=
-35,-31,Df4jbdxnyaNMiMk4vv/F6VUoxxI=,SBhq9UTVvjtlm+LscETHjwdKdZk=
-40,-29,Df4jbdxnyaNMiMk4vv/F6VUoxxI=,SBhq9UTVvjtlm+LscETHjwdKdZk=
-46,-19,Df4jbdxnyaNMiMk4vv/F6VUoxxI=,SBhq9UTVvjtlm+LscETHjwdKdZk=
-47,-19,Df4jbdxnyaNMiMk4vv/F6VUoxxI=,SBhq9UTVvjtlm+LscETHjwdKdZk=
-48,-19,Df4jbdxnyaNMiMk4vv/F6VUoxxI=,SBhq9UTVvjtlm+LscETHjwdKdZk=
-36,-31,Df4jbdxnyaNMiMk4vv/F6VUoxxI=,SBhq9UTVvjtlm+LscETHjwdKdZk=
-33,-20,Df4jbdxnyaNMiMk4vv/F6VUoxxI=,SBhq9UTVvjtlm+LscETHjwdKdZk=
-34,-20,Df4jbdxnyaNMiMk4vv/F6VUoxxI=,SBhq9UTVvjtlm+LscETHjwdKdZk=
-35,-20,Df4jbdxnyaNMiMk4vv/F6VUoxxI=,SBhq9UTVvjtlm+LscETHjwdKdZk=
-36,-20,Df4jbdxnyaNMiMk4vv/F6VUoxxI=,SBhq9UTVvjtlm+LscETHjwdKdZk=
-37,-20,Df4jbdxnyaNMiMk4vv/F6VUoxxI=,SBhq9UTVvjtlm+LscETHjwdKdZk=
-38,-20,Df4jbdxnyaNMiMk4vv/F6VUoxxI=,SBhq9UTVvjtlm+LscETHjwdKdZk=
-40,-20,Df4jbdxnyaNMiMk4vv/F6VUoxxI=,SBhq9UTVvjtlm+LscETHjwdKdZk=
-39,-20,Df4jbdxnyaNMiMk4vv/F6VUoxxI=,SBhq9UTVvjtlm+LscETHjwdKdZk=
-42,-20,Df4jbdxnyaNMiMk4vv/F6VUoxxI=,SBhq9UTVvjtlm+LscETHjwdKdZk=
-41,-20,Df4jbdxnyaNMiMk4vv/F6VUoxxI=,SBhq9UTVvjtlm+LscETHjwdKdZk=
-44,-20,Df4jbdxnyaNMiMk4vv/F6VUoxxI=,SBhq9UTVvjtlm+LscETHjwdKdZk=
-43,-20,Df4jbdxnyaNMiMk4vv/F6VUoxxI=,SBhq9UTVvjtlm+LscETHjwdKdZk=
-41,-29,Df4jbdxnyaNMiMk4vv/F6VUoxxI=,SBhq9UTVvjtlm+LscETHjwdKdZk=
-34,-32,Df4jbdxnyaNMiMk4vv/F6VUoxxI=,SBhq9UTVvjtlm+LscETHjwdKdZk=
-46,-20,Df4jbdxnyaNMiMk4vv/F6VUoxxI=,SBhq9UTVvjtlm+LscETHjwdKdZk=
-45,-20,Df4jbdxnyaNMiMk4vv/F6VUoxxI=,SBhq9UTVvjtlm+LscETHjwdKdZk=
-47,-20,Df4jbdxnyaNMiMk4vv/F6VUoxxI=,SBhq9UTVvjtlm+LscETHjwdKdZk=
-48,-20,Df4jbdxnyaNMiMk4vv/F6VUoxxI=,SBhq9UTVvjtlm+LscETHjwdKdZk=
-37,-31,Df4jbdxnyaNMiMk4vv/F6VUoxxI=,SBhq9UTVvjtlm+LscETHjwdKdZk=
-33,-21,Df4jbdxnyaNMiMk4vv/F6VUoxxI=,SBhq9UTVvjtlm+LscETHjwdKdZk=
-34,-21,Df4jbdxnyaNMiMk4vv/F6VUoxxI=,SBhq9UTVvjtlm+LscETHjwdKdZk=
-35,-21,Df4jbdxnyaNMiMk4vv/F6VUoxxI=,SBhq9UTVvjtlm+LscETHjwdKdZk=
-36,-21,Df4jbdxnyaNMiMk4vv/F6VUoxxI=,SBhq9UTVvjtlm+LscETHjwdKdZk=
-37,-21,Df4jbdxnyaNMiMk4vv/F6VUoxxI=,SBhq9UTVvjtlm+LscETHjwdKdZk=
-38,-21,Df4jbdxnyaNMiMk4vv/F6VUoxxI=,SBhq9UTVvjtlm+LscETHjwdKdZk=
-39,-21,Df4jbdxnyaNMiMk4vv/F6VUoxxI=,SBhq9UTVvjtlm+LscETHjwdKdZk=
-40,-21,Df4jbdxnyaNMiMk4vv/F6VUoxxI=,SBhq9UTVvjtlm+LscETHjwdKdZk=
-41,-21,Df4jbdxnyaNMiMk4vv/F6VUoxxI=,SBhq9UTVvjtlm+LscETHjwdKdZk=
-42,-21,Df4jbdxnyaNMiMk4vv/F6VUoxxI=,SBhq9UTVvjtlm+LscETHjwdKdZk=
-43,-21,Df4jbdxnyaNMiMk4vv/F6VUoxxI=,SBhq9UTVvjtlm+LscETHjwdKdZk=
-35,-32,Df4jbdxnyaNMiMk4vv/F6VUoxxI=,SBhq9UTVvjtlm+LscETHjwdKdZk=
-42,-29,Df4jbdxnyaNMiMk4vv/F6VUoxxI=,SBhq9UTVvjtlm+LscETHjwdKdZk=
-44,-21,Df4jbdxnyaNMiMk4vv/F6VUoxxI=,SBhq9UTVvjtlm+LscETHjwdKdZk=
-45,-21,Df4jbdxnyaNMiMk4vv/F6VUoxxI=,SBhq9UTVvjtlm+LscETHjwdKdZk=
-46,-21,Df4jbdxnyaNMiMk4vv/F6VUoxxI=,SBhq9UTVvjtlm+LscETHjwdKdZk=
-47,-21,Df4jbdxnyaNMiMk4vv/F6VUoxxI=,SBhq9UTVvjtlm+LscETHjwdKdZk=
-48,-21,Df4jbdxnyaNMiMk4vv/F6VUoxxI=,SBhq9UTVvjtlm+LscETHjwdKdZk=
-38,-31,Df4jbdxnyaNMiMk4vv/F6VUoxxI=,SBhq9UTVvjtlm+LscETHjwdKdZk=
-33,-22,Df4jbdxnyaNMiMk4vv/F6VUoxxI=,SBhq9UTVvjtlm+LscETHjwdKdZk=
-34,-22,Df4jbdxnyaNMiMk4vv/F6VUoxxI=,SBhq9UTVvjtlm+LscETHjwdKdZk=
-35,-22,Df4jbdxnyaNMiMk4vv/F6VUoxxI=,SBhq9UTVvjtlm+LscETHjwdKdZk=
-36,-22,Df4jbdxnyaNMiMk4vv/F6VUoxxI=,SBhq9UTVvjtlm+LscETHjwdKdZk=
-37,-22,Df4jbdxnyaNMiMk4vv/F6VUoxxI=,SBhq9UTVvjtlm+LscETHjwdKdZk=
-38,-22,Df4jbdxnyaNMiMk4vv/F6VUoxxI=,SBhq9UTVvjtlm+LscETHjwdKdZk=
-39,-22,Df4jbdxnyaNMiMk4vv/F6VUoxxI=,SBhq9UTVvjtlm+LscETHjwdKdZk=
-40,-22,Df4jbdxnyaNMiMk4vv/F6VUoxxI=,SBhq9UTVvjtlm+LscETHjwdKdZk=
-41,-22,Df4jbdxnyaNMiMk4vv/F6VUoxxI=,SBhq9UTVvjtlm+LscETHjwdKdZk=
-42,-22,Df4jbdxnyaNMiMk4vv/F6VUoxxI=,SBhq9UTVvjtlm+LscETHjwdKdZk=
-36,-32,Df4jbdxnyaNMiMk4vv/F6VUoxxI=,SBhq9UTVvjtlm+LscETHjwdKdZk=
-43,-29,Df4jbdxnyaNMiMk4vv/F6VUoxxI=,SBhq9UTVvjtlm+LscETHjwdKdZk=
-43,-22,Df4jbdxnyaNMiMk4vv/F6VUoxxI=,SBhq9UTVvjtlm+LscETHjwdKdZk=
-44,-22,Df4jbdxnyaNMiMk4vv/F6VUoxxI=,SBhq9UTVvjtlm+LscETHjwdKdZk=
-45,-22,Df4jbdxnyaNMiMk4vv/F6VUoxxI=,SBhq9UTVvjtlm+LscETHjwdKdZk=
-46,-22,Df4jbdxnyaNMiMk4vv/F6VUoxxI=,SBhq9UTVvjtlm+LscETHjwdKdZk=
-39,-29,Df4jbdxnyaNMiMk4vv/F6VUoxxI=,SBhq9UTVvjtlm+LscETHjwdKdZk=
-47,-22,Df4jbdxnyaNMiMk4vv/F6VUoxxI=,SBhq9UTVvjtlm+LscETHjwdKdZk=
-39,-31,Df4jbdxnyaNMiMk4vv/F6VUoxxI=,SBhq9UTVvjtlm+LscETHjwdKdZk=
-33,-23,Df4jbdxnyaNMiMk4vv/F6VUoxxI=,SBhq9UTVvjtlm+LscETHjwdKdZk=
-34,-23,Df4jbdxnyaNMiMk4vv/F6VUoxxI=,SBhq9UTVvjtlm+LscETHjwdKdZk=
-48,-22,Df4jbdxnyaNMiMk4vv/F6VUoxxI=,SBhq9UTVvjtlm+LscETHjwdKdZk=
-35,-23,Df4jbdxnyaNMiMk4vv/F6VUoxxI=,SBhq9UTVvjtlm+LscETHjwdKdZk=
-36,-23,Df4jbdxnyaNMiMk4vv/F6VUoxxI=,SBhq9UTVvjtlm+LscETHjwdKdZk=
-38,-23,Df4jbdxnyaNMiMk4vv/F6VUoxxI=,SBhq9UTVvjtlm+LscETHjwdKdZk=
-39,-23,Df4jbdxnyaNMiMk4vv/F6VUoxxI=,SBhq9UTVvjtlm+LscETHjwdKdZk=
-37,-23,Df4jbdxnyaNMiMk4vv/F6VUoxxI=,SBhq9UTVvjtlm+LscETHjwdKdZk=
-40,-23,Df4jbdxnyaNMiMk4vv/F6VUoxxI=,SBhq9UTVvjtlm+LscETHjwdKdZk=
-41,-23,Df4jbdxnyaNMiMk4vv/F6VUoxxI=,SBhq9UTVvjtlm+LscETHjwdKdZk=
-37,-32,Df4jbdxnyaNMiMk4vv/F6VUoxxI=,SBhq9UTVvjtlm+LscETHjwdKdZk=
-42,-23,Df4jbdxnyaNMiMk4vv/F6VUoxxI=,SBhq9UTVvjtlm+LscETHjwdKdZk=
-44,-29,Df4jbdxnyaNMiMk4vv/F6VUoxxI=,SBhq9UTVvjtlm+LscETHjwdKdZk=
-44,-23,Df4jbdxnyaNMiMk4vv/F6VUoxxI=,SBhq9UTVvjtlm+LscETHjwdKdZk=
-45,-23,Df4jbdxnyaNMiMk4vv/F6VUoxxI=,SBhq9UTVvjtlm+LscETHjwdKdZk=
-43,-23,Df4jbdxnyaNMiMk4vv/F6VUoxxI=,SBhq9UTVvjtlm+LscETHjwdKdZk=
-46,-23,Df4jbdxnyaNMiMk4vv/F6VUoxxI=,SBhq9UTVvjtlm+LscETHjwdKdZk=
-47,-23,Df4jbdxnyaNMiMk4vv/F6VUoxxI=,SBhq9UTVvjtlm+LscETHjwdKdZk=
-40,-31,Df4jbdxnyaNMiMk4vv/F6VUoxxI=,SBhq9UTVvjtlm+LscETHjwdKdZk=
-48,-23,Df4jbdxnyaNMiMk4vv/F6VUoxxI=,SBhq9UTVvjtlm+LscETHjwdKdZk=
-33,-24,Df4jbdxnyaNMiMk4vv/F6VUoxxI=,SBhq9UTVvjtlm+LscETHjwdKdZk=
-34,-24,Df4jbdxnyaNMiMk4vv/F6VUoxxI=,SBhq9UTVvjtlm+LscETHjwdKdZk=
-35,-24,Df4jbdxnyaNMiMk4vv/F6VUoxxI=,SBhq9UTVvjtlm+LscETHjwdKdZk=
-36,-24,Df4jbdxnyaNMiMk4vv/F6VUoxxI=,SBhq9UTVvjtlm+LscETHjwdKdZk=
-37,-24,Df4jbdxnyaNMiMk4vv/F6VUoxxI=,SBhq9UTVvjtlm+LscETHjwdKdZk=
-39,-24,Df4jbdxnyaNMiMk4vv/F6VUoxxI=,SBhq9UTVvjtlm+LscETHjwdKdZk=
-38,-24,Df4jbdxnyaNMiMk4vv/F6VUoxxI=,SBhq9UTVvjtlm+LscETHjwdKdZk=
-40,-24,Df4jbdxnyaNMiMk4vv/F6VUoxxI=,SBhq9UTVvjtlm+LscETHjwdKdZk=
-38,-32,Df4jbdxnyaNMiMk4vv/F6VUoxxI=,SBhq9UTVvjtlm+LscETHjwdKdZk=
-45,-29,Df4jbdxnyaNMiMk4vv/F6VUoxxI=,SBhq9UTVvjtlm+LscETHjwdKdZk=
-42,-24,Df4jbdxnyaNMiMk4vv/F6VUoxxI=,SBhq9UTVvjtlm+LscETHjwdKdZk=
-41,-24,Df4jbdxnyaNMiMk4vv/F6VUoxxI=,SBhq9UTVvjtlm+LscETHjwdKdZk=
-43,-24,Df4jbdxnyaNMiMk4vv/F6VUoxxI=,SBhq9UTVvjtlm+LscETHjwdKdZk=
-44,-24,Df4jbdxnyaNMiMk4vv/F6VUoxxI=,SBhq9UTVvjtlm+LscETHjwdKdZk=
-46,-24,Df4jbdxnyaNMiMk4vv/F6VUoxxI=,SBhq9UTVvjtlm+LscETHjwdKdZk=
-47,-24,Df4jbdxnyaNMiMk4vv/F6VUoxxI=,SBhq9UTVvjtlm+LscETHjwdKdZk=
-45,-24,Df4jbdxnyaNMiMk4vv/F6VUoxxI=,SBhq9UTVvjtlm+LscETHjwdKdZk=
-41,-31,Df4jbdxnyaNMiMk4vv/F6VUoxxI=,SBhq9UTVvjtlm+LscETHjwdKdZk=
-48,-24,Df4jbdxnyaNMiMk4vv/F6VUoxxI=,SBhq9UTVvjtlm+LscETHjwdKdZk=
-33,-25,Df4jbdxnyaNMiMk4vv/F6VUoxxI=,SBhq9UTVvjtlm+LscETHjwdKdZk=
-34,-25,Df4jbdxnyaNMiMk4vv/F6VUoxxI=,SBhq9UTVvjtlm+LscETHjwdKdZk=
-35,-25,Df4jbdxnyaNMiMk4vv/F6VUoxxI=,SBhq9UTVvjtlm+LscETHjwdKdZk=
-36,-25,Df4jbdxnyaNMiMk4vv/F6VUoxxI=,SBhq9UTVvjtlm+LscETHjwdKdZk=
-38,-25,Df4jbdxnyaNMiMk4vv/F6VUoxxI=,SBhq9UTVvjtlm+LscETHjwdKdZk=
-37,-25,Df4jbdxnyaNMiMk4vv/F6VUoxxI=,SBhq9UTVvjtlm+LscETHjwdKdZk=
-39,-25,Df4jbdxnyaNMiMk4vv/F6VUoxxI=,SBhq9UTVvjtlm+LscETHjwdKdZk=
-40,-25,Df4jbdxnyaNMiMk4vv/F6VUoxxI=,SBhq9UTVvjtlm+LscETHjwdKdZk=
-46,-29,Df4jbdxnyaNMiMk4vv/F6VUoxxI=,SBhq9UTVvjtlm+LscETHjwdKdZk=
-39,-32,Df4jbdxnyaNMiMk4vv/F6VUoxxI=,SBhq9UTVvjtlm+LscETHjwdKdZk=
-41,-25,Df4jbdxnyaNMiMk4vv/F6VUoxxI=,SBhq9UTVvjtlm+LscETHjwdKdZk=
-42,-25,Df4jbdxnyaNMiMk4vv/F6VUoxxI=,SBhq9UTVvjtlm+LscETHjwdKdZk=
-43,-25,Df4jbdxnyaNMiMk4vv/F6VUoxxI=,SBhq9UTVvjtlm+LscETHjwdKdZk=
-44,-25,Df4jbdxnyaNMiMk4vv/F6VUoxxI=,SBhq9UTVvjtlm+LscETHjwdKdZk=
-45,-25,Df4jbdxnyaNMiMk4vv/F6VUoxxI=,SBhq9UTVvjtlm+LscETHjwdKdZk=
-47,-25,Df4jbdxnyaNMiMk4vv/F6VUoxxI=,SBhq9UTVvjtlm+LscETHjwdKdZk=
-46,-25,Df4jbdxnyaNMiMk4vv/F6VUoxxI=,SBhq9UTVvjtlm+LscETHjwdKdZk=
-42,-31,Df4jbdxnyaNMiMk4vv/F6VUoxxI=,SBhq9UTVvjtlm+LscETHjwdKdZk=
-48,-25,Df4jbdxnyaNMiMk4vv/F6VUoxxI=,SBhq9UTVvjtlm+LscETHjwdKdZk=
-33,-26,Df4jbdxnyaNMiMk4vv/F6VUoxxI=,SBhq9UTVvjtlm+LscETHjwdKdZk=
-34,-26,Df4jbdxnyaNMiMk4vv/F6VUoxxI=,SBhq9UTVvjtlm+LscETHjwdKdZk=
-35,-26,Df4jbdxnyaNMiMk4vv/F6VUoxxI=,SBhq9UTVvjtlm+LscETHjwdKdZk=
-36,-26,Df4jbdxnyaNMiMk4vv/F6VUoxxI=,SBhq9UTVvjtlm+LscETHjwdKdZk=
-37,-26,Df4jbdxnyaNMiMk4vv/F6VUoxxI=,SBhq9UTVvjtlm+LscETHjwdKdZk=
-38,-26,Df4jbdxnyaNMiMk4vv/F6VUoxxI=,SBhq9UTVvjtlm+LscETHjwdKdZk=
-40,-32,Df4jbdxnyaNMiMk4vv/F6VUoxxI=,SBhq9UTVvjtlm+LscETHjwdKdZk=
-47,-29,Df4jbdxnyaNMiMk4vv/F6VUoxxI=,SBhq9UTVvjtlm+LscETHjwdKdZk=
-39,-26,Df4jbdxnyaNMiMk4vv/F6VUoxxI=,SBhq9UTVvjtlm+LscETHjwdKdZk=
-40,-26,Df4jbdxnyaNMiMk4vv/F6VUoxxI=,SBhq9UTVvjtlm+LscETHjwdKdZk=
-42,-26,Df4jbdxnyaNMiMk4vv/F6VUoxxI=,SBhq9UTVvjtlm+LscETHjwdKdZk=
-41,-26,Df4jbdxnyaNMiMk4vv/F6VUoxxI=,SBhq9UTVvjtlm+LscETHjwdKdZk=
-43,-26,Df4jbdxnyaNMiMk4vv/F6VUoxxI=,SBhq9UTVvjtlm+LscETHjwdKdZk=
-44,-26,Df4jbdxnyaNMiMk4vv/F6VUoxxI=,SBhq9UTVvjtlm+LscETHjwdKdZk=
-45,-26,Df4jbdxnyaNMiMk4vv/F6VUoxxI=,SBhq9UTVvjtlm+LscETHjwdKdZk=
-46,-26,Df4jbdxnyaNMiMk4vv/F6VUoxxI=,SBhq9UTVvjtlm+LscETHjwdKdZk=
-47,-26,Df4jbdxnyaNMiMk4vv/F6VUoxxI=,SBhq9UTVvjtlm+LscETHjwdKdZk=
-43,-31,Df4jbdxnyaNMiMk4vv/F6VUoxxI=,SBhq9UTVvjtlm+LscETHjwdKdZk=
-48,-26,Df4jbdxnyaNMiMk4vv/F6VUoxxI=,SBhq9UTVvjtlm+LscETHjwdKdZk=
-33,-27,Df4jbdxnyaNMiMk4vv/F6VUoxxI=,SBhq9UTVvjtlm+LscETHjwdKdZk=
-34,-27,Df4jbdxnyaNMiMk4vv/F6VUoxxI=,SBhq9UTVvjtlm+LscETHjwdKdZk=
-35,-27,Df4jbdxnyaNMiMk4vv/F6VUoxxI=,SBhq9UTVvjtlm+LscETHjwdKdZk=
-36,-29,Df4jbdxnyaNMiMk4vv/F6VUoxxI=,SBhq9UTVvjtlm+LscETHjwdKdZk=
-36,-27,Df4jbdxnyaNMiMk4vv/F6VUoxxI=,SBhq9UTVvjtlm+LscETHjwdKdZk=
-41,-32,Df4jbdxnyaNMiMk4vv/F6VUoxxI=,SBhq9UTVvjtlm+LscETHjwdKdZk=
-37,-27,Df4jbdxnyaNMiMk4vv/F6VUoxxI=,SBhq9UTVvjtlm+LscETHjwdKdZk=
-34,-30,Df4jbdxnyaNMiMk4vv/F6VUoxxI=,SBhq9UTVvjtlm+LscETHjwdKdZk=
-44,-31,Df4jbdxnyaNMiMk4vv/F6VUoxxI=,SBhq9UTVvjtlm+LscETHjwdKdZk=
-48,-29,Df4jbdxnyaNMiMk4vv/F6VUoxxI=,SBhq9UTVvjtlm+LscETHjwdKdZk=
-38,-27,Df4jbdxnyaNMiMk4vv/F6VUoxxI=,SBhq9UTVvjtlm+LscETHjwdKdZk=
-39,-27,Df4jbdxnyaNMiMk4vv/F6VUoxxI=,SBhq9UTVvjtlm+LscETHjwdKdZk=
-44,-32,Df4jbdxnyaNMiMk4vv/F6VUoxxI=,SBhq9UTVvjtlm+LscETHjwdKdZk=
-41,-27,Df4jbdxnyaNMiMk4vv/F6VUoxxI=,SBhq9UTVvjtlm+LscETHjwdKdZk=
-40,-27,Df4jbdxnyaNMiMk4vv/F6VUoxxI=,SBhq9UTVvjtlm+LscETHjwdKdZk=
-43,-27,Df4jbdxnyaNMiMk4vv/F6VUoxxI=,SBhq9UTVvjtlm+LscETHjwdKdZk=
-42,-27,Df4jbdxnyaNMiMk4vv/F6VUoxxI=,SBhq9UTVvjtlm+LscETHjwdKdZk=
-45,-27,Df4jbdxnyaNMiMk4vv/F6VUoxxI=,SBhq9UTVvjtlm+LscETHjwdKdZk=
-44,-27,Df4jbdxnyaNMiMk4vv/F6VUoxxI=,SBhq9UTVvjtlm+LscETHjwdKdZk=
-48,-32,Df4jbdxnyaNMiMk4vv/F6VUoxxI=,SBhq9UTVvjtlm+LscETHjwdKdZk=
-46,-27,Df4jbdxnyaNMiMk4vv/F6VUoxxI=,SBhq9UTVvjtlm+LscETHjwdKdZk=
-47,-27,Df4jbdxnyaNMiMk4vv/F6VUoxxI=,SBhq9UTVvjtlm+LscETHjwdKdZk=
-48,-27,Df4jbdxnyaNMiMk4vv/F6VUoxxI=,SBhq9UTVvjtlm+LscETHjwdKdZk=
-45,-31,Df4jbdxnyaNMiMk4vv/F6VUoxxI=,SBhq9UTVvjtlm+LscETHjwdKdZk=
-34,-28,Df4jbdxnyaNMiMk4vv/F6VUoxxI=,SBhq9UTVvjtlm+LscETHjwdKdZk=
-33,-28,Df4jbdxnyaNMiMk4vv/F6VUoxxI=,SBhq9UTVvjtlm+LscETHjwdKdZk=
-42,-32,Df4jbdxnyaNMiMk4vv/F6VUoxxI=,SBhq9UTVvjtlm+LscETHjwdKdZk=
-37,-29,Df4jbdxnyaNMiMk4vv/F6VUoxxI=,SBhq9UTVvjtlm+LscETHjwdKdZk=
-33,-30,Df4jbdxnyaNMiMk4vv/F6VUoxxI=,SBhq9UTVvjtlm+LscETHjwdKdZk=
-35,-29,Df4jbdxnyaNMiMk4vv/F6VUoxxI=,SBhq9UTVvjtlm+LscETHjwdKdZk=
-34,-29,Df4jbdxnyaNMiMk4vv/F6VUoxxI=,SBhq9UTVvjtlm+LscETHjwdKdZk=
-43,-32,Df4jbdxnyaNMiMk4vv/F6VUoxxI=,SBhq9UTVvjtlm+LscETHjwdKdZk=
-46,-31,Df4jbdxnyaNMiMk4vv/F6VUoxxI=,SBhq9UTVvjtlm+LscETHjwdKdZk=
-33,-29,Df4jbdxnyaNMiMk4vv/F6VUoxxI=,SBhq9UTVvjtlm+LscETHjwdKdZk=
-48,-28,Df4jbdxnyaNMiMk4vv/F6VUoxxI=,SBhq9UTVvjtlm+LscETHjwdKdZk=
-47,-28,Df4jbdxnyaNMiMk4vv/F6VUoxxI=,SBhq9UTVvjtlm+LscETHjwdKdZk=
-46,-28,Df4jbdxnyaNMiMk4vv/F6VUoxxI=,SBhq9UTVvjtlm+LscETHjwdKdZk=
-45,-28,Df4jbdxnyaNMiMk4vv/F6VUoxxI=,SBhq9UTVvjtlm+LscETHjwdKdZk=
-44,-28,Df4jbdxnyaNMiMk4vv/F6VUoxxI=,SBhq9UTVvjtlm+LscETHjwdKdZk=
-43,-28,Df4jbdxnyaNMiMk4vv/F6VUoxxI=,SBhq9UTVvjtlm+LscETHjwdKdZk=
-42,-28,Df4jbdxnyaNMiMk4vv/F6VUoxxI=,SBhq9UTVvjtlm+LscETHjwdKdZk=
-41,-28,Df4jbdxnyaNMiMk4vv/F6VUoxxI=,SBhq9UTVvjtlm+LscETHjwdKdZk=
-40,-28,Df4jbdxnyaNMiMk4vv/F6VUoxxI=,SBhq9UTVvjtlm+LscETHjwdKdZk=
-36,-28,Df4jbdxnyaNMiMk4vv/F6VUoxxI=,SBhq9UTVvjtlm+LscETHjwdKdZk=
-35,-28,Df4jbdxnyaNMiMk4vv/F6VUoxxI=,SBhq9UTVvjtlm+LscETHjwdKdZk=
-39,-28,Df4jbdxnyaNMiMk4vv/F6VUoxxI=,SBhq9UTVvjtlm+LscETHjwdKdZk=
-37,-28,Df4jbdxnyaNMiMk4vv/F6VUoxxI=,SBhq9UTVvjtlm+LscETHjwdKdZk=
-38,-28,Df4jbdxnyaNMiMk4vv/F6VUoxxI=,SBhq9UTVvjtlm+LscETHjwdKdZk=
-38,-29,Df4jbdxnyaNMiMk4vv/F6VUoxxI=,SBhq9UTVvjtlm+LscETHjwdKdZk=
-49,-17,9buKacate4GUbD/Lp71Y7qaOaXA=,5VWlxFc7Za/MAV9d2GTaXBQn5eQ=
-50,-30,9buKacate4GUbD/Lp71Y7qaOaXA=,5VWlxFc7Za/MAV9d2GTaXBQn5eQ=
-64,-29,9buKacate4GUbD/Lp71Y7qaOaXA=,5VWlxFc7Za/MAV9d2GTaXBQn5eQ=
-49,-30,9buKacate4GUbD/Lp71Y7qaOaXA=,5VWlxFc7Za/MAV9d2GTaXBQn5eQ=
-63,-29,9buKacate4GUbD/Lp71Y7qaOaXA=,5VWlxFc7Za/MAV9d2GTaXBQn5eQ=
-61,-29,9buKacate4GUbD/Lp71Y7qaOaXA=,5VWlxFc7Za/MAV9d2GTaXBQn5eQ=
-62,-29,9buKacate4GUbD/Lp71Y7qaOaXA=,5VWlxFc7Za/MAV9d2GTaXBQn5eQ=
-60,-29,9buKacate4GUbD/Lp71Y7qaOaXA=,5VWlxFc7Za/MAV9d2GTaXBQn5eQ=
-64,-30,9buKacate4GUbD/Lp71Y7qaOaXA=,5VWlxFc7Za/MAV9d2GTaXBQn5eQ=
-60,-32,9buKacate4GUbD/Lp71Y7qaOaXA=,5VWlxFc7Za/MAV9d2GTaXBQn5eQ=
-51,-30,9buKacate4GUbD/Lp71Y7qaOaXA=,5VWlxFc7Za/MAV9d2GTaXBQn5eQ=
-58,-29,9buKacate4GUbD/Lp71Y7qaOaXA=,5VWlxFc7Za/MAV9d2GTaXBQn5eQ=
-59,-29,9buKacate4GUbD/Lp71Y7qaOaXA=,5VWlxFc7Za/MAV9d2GTaXBQn5eQ=
-57,-29,9buKacate4GUbD/Lp71Y7qaOaXA=,5VWlxFc7Za/MAV9d2GTaXBQn5eQ=
-56,-29,9buKacate4GUbD/Lp71Y7qaOaXA=,5VWlxFc7Za/MAV9d2GTaXBQn5eQ=
-61,-32,9buKacate4GUbD/Lp71Y7qaOaXA=,5VWlxFc7Za/MAV9d2GTaXBQn5eQ=
-50,-17,9buKacate4GUbD/Lp71Y7qaOaXA=,5VWlxFc7Za/MAV9d2GTaXBQn5eQ=
-51,-17,9buKacate4GUbD/Lp71Y7qaOaXA=,5VWlxFc7Za/MAV9d2GTaXBQn5eQ=
-55,-29,9buKacate4GUbD/Lp71Y7qaOaXA=,5VWlxFc7Za/MAV9d2GTaXBQn5eQ=
-54,-29,9buKacate4GUbD/Lp71Y7qaOaXA=,5VWlxFc7Za/MAV9d2GTaXBQn5eQ=
-53,-17,9buKacate4GUbD/Lp71Y7qaOaXA=,5VWlxFc7Za/MAV9d2GTaXBQn5eQ=
-53,-29,9buKacate4GUbD/Lp71Y7qaOaXA=,5VWlxFc7Za/MAV9d2GTaXBQn5eQ=
-54,-17,9buKacate4GUbD/Lp71Y7qaOaXA=,5VWlxFc7Za/MAV9d2GTaXBQn5eQ=
-52,-17,9buKacate4GUbD/Lp71Y7qaOaXA=,5VWlxFc7Za/MAV9d2GTaXBQn5eQ=
-55,-17,9buKacate4GUbD/Lp71Y7qaOaXA=,5VWlxFc7Za/MAV9d2GTaXBQn5eQ=
-52,-29,9buKacate4GUbD/Lp71Y7qaOaXA=,5VWlxFc7Za/MAV9d2GTaXBQn5eQ=
-56,-17,9buKacate4GUbD/Lp71Y7qaOaXA=,5VWlxFc7Za/MAV9d2GTaXBQn5eQ=
-60,-17,9buKacate4GUbD/Lp71Y7qaOaXA=,5VWlxFc7Za/MAV9d2GTaXBQn5eQ=
-57,-17,9buKacate4GUbD/Lp71Y7qaOaXA=,5VWlxFc7Za/MAV9d2GTaXBQn5eQ=
-51,-29,9buKacate4GUbD/Lp71Y7qaOaXA=,5VWlxFc7Za/MAV9d2GTaXBQn5eQ=
-50,-29,9buKacate4GUbD/Lp71Y7qaOaXA=,5VWlxFc7Za/MAV9d2GTaXBQn5eQ=
-63,-30,9buKacate4GUbD/Lp71Y7qaOaXA=,5VWlxFc7Za/MAV9d2GTaXBQn5eQ=
-61,-17,9buKacate4GUbD/Lp71Y7qaOaXA=,5VWlxFc7Za/MAV9d2GTaXBQn5eQ=
-62,-17,9buKacate4GUbD/Lp71Y7qaOaXA=,5VWlxFc7Za/MAV9d2GTaXBQn5eQ=
-49,-31,9buKacate4GUbD/Lp71Y7qaOaXA=,5VWlxFc7Za/MAV9d2GTaXBQn5eQ=
-49,-29,9buKacate4GUbD/Lp71Y7qaOaXA=,5VWlxFc7Za/MAV9d2GTaXBQn5eQ=
-63,-17,9buKacate4GUbD/Lp71Y7qaOaXA=,5VWlxFc7Za/MAV9d2GTaXBQn5eQ=
-63,-31,9buKacate4GUbD/Lp71Y7qaOaXA=,5VWlxFc7Za/MAV9d2GTaXBQn5eQ=
-64,-28,9buKacate4GUbD/Lp71Y7qaOaXA=,5VWlxFc7Za/MAV9d2GTaXBQn5eQ=
-50,-31,9buKacate4GUbD/Lp71Y7qaOaXA=,5VWlxFc7Za/MAV9d2GTaXBQn5eQ=
-63,-28,9buKacate4GUbD/Lp71Y7qaOaXA=,5VWlxFc7Za/MAV9d2GTaXBQn5eQ=
-51,-31,9buKacate4GUbD/Lp71Y7qaOaXA=,5VWlxFc7Za/MAV9d2GTaXBQn5eQ=
-52,-31,9buKacate4GUbD/Lp71Y7qaOaXA=,5VWlxFc7Za/MAV9d2GTaXBQn5eQ=
-62,-28,9buKacate4GUbD/Lp71Y7qaOaXA=,5VWlxFc7Za/MAV9d2GTaXBQn5eQ=
-53,-31,9buKacate4GUbD/Lp71Y7qaOaXA=,5VWlxFc7Za/MAV9d2GTaXBQn5eQ=
-61,-28,9buKacate4GUbD/Lp71Y7qaOaXA=,5VWlxFc7Za/MAV9d2GTaXBQn5eQ=
-55,-31,9buKacate4GUbD/Lp71Y7qaOaXA=,5VWlxFc7Za/MAV9d2GTaXBQn5eQ=
-54,-31,9buKacate4GUbD/Lp71Y7qaOaXA=,5VWlxFc7Za/MAV9d2GTaXBQn5eQ=
-62,-30,9buKacate4GUbD/Lp71Y7qaOaXA=,5VWlxFc7Za/MAV9d2GTaXBQn5eQ=
-56,-31,9buKacate4GUbD/Lp71Y7qaOaXA=,5VWlxFc7Za/MAV9d2GTaXBQn5eQ=
-57,-31,9buKacate4GUbD/Lp71Y7qaOaXA=,5VWlxFc7Za/MAV9d2GTaXBQn5eQ=
-58,-31,9buKacate4GUbD/Lp71Y7qaOaXA=,5VWlxFc7Za/MAV9d2GTaXBQn5eQ=
-60,-28,9buKacate4GUbD/Lp71Y7qaOaXA=,5VWlxFc7Za/MAV9d2GTaXBQn5eQ=
-59,-31,9buKacate4GUbD/Lp71Y7qaOaXA=,5VWlxFc7Za/MAV9d2GTaXBQn5eQ=
-59,-32,9buKacate4GUbD/Lp71Y7qaOaXA=,5VWlxFc7Za/MAV9d2GTaXBQn5eQ=
-60,-31,9buKacate4GUbD/Lp71Y7qaOaXA=,5VWlxFc7Za/MAV9d2GTaXBQn5eQ=
-64,-17,9buKacate4GUbD/Lp71Y7qaOaXA=,5VWlxFc7Za/MAV9d2GTaXBQn5eQ=
-61,-31,9buKacate4GUbD/Lp71Y7qaOaXA=,5VWlxFc7Za/MAV9d2GTaXBQn5eQ=
-49,-18,9buKacate4GUbD/Lp71Y7qaOaXA=,5VWlxFc7Za/MAV9d2GTaXBQn5eQ=
-59,-28,9buKacate4GUbD/Lp71Y7qaOaXA=,5VWlxFc7Za/MAV9d2GTaXBQn5eQ=
-62,-31,9buKacate4GUbD/Lp71Y7qaOaXA=,5VWlxFc7Za/MAV9d2GTaXBQn5eQ=
-58,-28,9buKacate4GUbD/Lp71Y7qaOaXA=,5VWlxFc7Za/MAV9d2GTaXBQn5eQ=
-62,-32,9buKacate4GUbD/Lp71Y7qaOaXA=,5VWlxFc7Za/MAV9d2GTaXBQn5eQ=
-50,-18,9buKacate4GUbD/Lp71Y7qaOaXA=,5VWlxFc7Za/MAV9d2GTaXBQn5eQ=
-64,-32,9buKacate4GUbD/Lp71Y7qaOaXA=,5VWlxFc7Za/MAV9d2GTaXBQn5eQ=
-52,-30,9buKacate4GUbD/Lp71Y7qaOaXA=,5VWlxFc7Za/MAV9d2GTaXBQn5eQ=
-51,-18,9buKacate4GUbD/Lp71Y7qaOaXA=,5VWlxFc7Za/MAV9d2GTaXBQn5eQ=
-57,-28,9buKacate4GUbD/Lp71Y7qaOaXA=,5VWlxFc7Za/MAV9d2GTaXBQn5eQ=
-52,-18,9buKacate4GUbD/Lp71Y7qaOaXA=,5VWlxFc7Za/MAV9d2GTaXBQn5eQ=
-56,-28,9buKacate4GUbD/Lp71Y7qaOaXA=,5VWlxFc7Za/MAV9d2GTaXBQn5eQ=
-53,-18,9buKacate4GUbD/Lp71Y7qaOaXA=,5VWlxFc7Za/MAV9d2GTaXBQn5eQ=
-54,-18,9buKacate4GUbD/Lp71Y7qaOaXA=,5VWlxFc7Za/MAV9d2GTaXBQn5eQ=
-55,-28,9buKacate4GUbD/Lp71Y7qaOaXA=,5VWlxFc7Za/MAV9d2GTaXBQn5eQ=
-55,-18,9buKacate4GUbD/Lp71Y7qaOaXA=,5VWlxFc7Za/MAV9d2GTaXBQn5eQ=
-56,-18,9buKacate4GUbD/Lp71Y7qaOaXA=,5VWlxFc7Za/MAV9d2GTaXBQn5eQ=
-54,-28,9buKacate4GUbD/Lp71Y7qaOaXA=,5VWlxFc7Za/MAV9d2GTaXBQn5eQ=
-53,-28,9buKacate4GUbD/Lp71Y7qaOaXA=,5VWlxFc7Za/MAV9d2GTaXBQn5eQ=
-52,-28,9buKacate4GUbD/Lp71Y7qaOaXA=,5VWlxFc7Za/MAV9d2GTaXBQn5eQ=
-51,-28,9buKacate4GUbD/Lp71Y7qaOaXA=,5VWlxFc7Za/MAV9d2GTaXBQn5eQ=
-50,-28,9buKacate4GUbD/Lp71Y7qaOaXA=,5VWlxFc7Za/MAV9d2GTaXBQn5eQ=
-49,-28,9buKacate4GUbD/Lp71Y7qaOaXA=,5VWlxFc7Za/MAV9d2GTaXBQn5eQ=
-58,-32,9buKacate4GUbD/Lp71Y7qaOaXA=,5VWlxFc7Za/MAV9d2GTaXBQn5eQ=
-64,-27,9buKacate4GUbD/Lp71Y7qaOaXA=,5VWlxFc7Za/MAV9d2GTaXBQn5eQ=
-63,-27,9buKacate4GUbD/Lp71Y7qaOaXA=,5VWlxFc7Za/MAV9d2GTaXBQn5eQ=
-62,-27,9buKacate4GUbD/Lp71Y7qaOaXA=,5VWlxFc7Za/MAV9d2GTaXBQn5eQ=
-61,-27,9buKacate4GUbD/Lp71Y7qaOaXA=,5VWlxFc7Za/MAV9d2GTaXBQn5eQ=
-60,-27,9buKacate4GUbD/Lp71Y7qaOaXA=,5VWlxFc7Za/MAV9d2GTaXBQn5eQ=
-57,-32,9buKacate4GUbD/Lp71Y7qaOaXA=,5VWlxFc7Za/MAV9d2GTaXBQn5eQ=
-61,-30,9buKacate4GUbD/Lp71Y7qaOaXA=,5VWlxFc7Za/MAV9d2GTaXBQn5eQ=
-58,-27,9buKacate4GUbD/Lp71Y7qaOaXA=,5VWlxFc7Za/MAV9d2GTaXBQn5eQ=
-59,-27,9buKacate4GUbD/Lp71Y7qaOaXA=,5VWlxFc7Za/MAV9d2GTaXBQn5eQ=
-57,-27,9buKacate4GUbD/Lp71Y7qaOaXA=,5VWlxFc7Za/MAV9d2GTaXBQn5eQ=
-56,-27,9buKacate4GUbD/Lp71Y7qaOaXA=,5VWlxFc7Za/MAV9d2GTaXBQn5eQ=
-55,-27,9buKacate4GUbD/Lp71Y7qaOaXA=,5VWlxFc7Za/MAV9d2GTaXBQn5eQ=
-54,-27,9buKacate4GUbD/Lp71Y7qaOaXA=,5VWlxFc7Za/MAV9d2GTaXBQn5eQ=
-53,-27,9buKacate4GUbD/Lp71Y7qaOaXA=,5VWlxFc7Za/MAV9d2GTaXBQn5eQ=
-52,-27,9buKacate4GUbD/Lp71Y7qaOaXA=,5VWlxFc7Za/MAV9d2GTaXBQn5eQ=
-51,-27,9buKacate4GUbD/Lp71Y7qaOaXA=,5VWlxFc7Za/MAV9d2GTaXBQn5eQ=
-50,-27,9buKacate4GUbD/Lp71Y7qaOaXA=,5VWlxFc7Za/MAV9d2GTaXBQn5eQ=
-49,-27,9buKacate4GUbD/Lp71Y7qaOaXA=,5VWlxFc7Za/MAV9d2GTaXBQn5eQ=
-64,-26,9buKacate4GUbD/Lp71Y7qaOaXA=,5VWlxFc7Za/MAV9d2GTaXBQn5eQ=
-63,-26,9buKacate4GUbD/Lp71Y7qaOaXA=,5VWlxFc7Za/MAV9d2GTaXBQn5eQ=
-62,-26,9buKacate4GUbD/Lp71Y7qaOaXA=,5VWlxFc7Za/MAV9d2GTaXBQn5eQ=
-61,-26,9buKacate4GUbD/Lp71Y7qaOaXA=,5VWlxFc7Za/MAV9d2GTaXBQn5eQ=
-60,-26,9buKacate4GUbD/Lp71Y7qaOaXA=,5VWlxFc7Za/MAV9d2GTaXBQn5eQ=
-59,-26,9buKacate4GUbD/Lp71Y7qaOaXA=,5VWlxFc7Za/MAV9d2GTaXBQn5eQ=
-60,-30,9buKacate4GUbD/Lp71Y7qaOaXA=,5VWlxFc7Za/MAV9d2GTaXBQn5eQ=
-56,-32,9buKacate4GUbD/Lp71Y7qaOaXA=,5VWlxFc7Za/MAV9d2GTaXBQn5eQ=
-58,-26,9buKacate4GUbD/Lp71Y7qaOaXA=,5VWlxFc7Za/MAV9d2GTaXBQn5eQ=
-57,-26,9buKacate4GUbD/Lp71Y7qaOaXA=,5VWlxFc7Za/MAV9d2GTaXBQn5eQ=
-56,-26,9buKacate4GUbD/Lp71Y7qaOaXA=,5VWlxFc7Za/MAV9d2GTaXBQn5eQ=
-55,-26,9buKacate4GUbD/Lp71Y7qaOaXA=,5VWlxFc7Za/MAV9d2GTaXBQn5eQ=
-54,-26,9buKacate4GUbD/Lp71Y7qaOaXA=,5VWlxFc7Za/MAV9d2GTaXBQn5eQ=
-53,-26,9buKacate4GUbD/Lp71Y7qaOaXA=,5VWlxFc7Za/MAV9d2GTaXBQn5eQ=
-52,-26,9buKacate4GUbD/Lp71Y7qaOaXA=,5VWlxFc7Za/MAV9d2GTaXBQn5eQ=
-51,-26,9buKacate4GUbD/Lp71Y7qaOaXA=,5VWlxFc7Za/MAV9d2GTaXBQn5eQ=
-50,-26,9buKacate4GUbD/Lp71Y7qaOaXA=,5VWlxFc7Za/MAV9d2GTaXBQn5eQ=
-49,-26,9buKacate4GUbD/Lp71Y7qaOaXA=,5VWlxFc7Za/MAV9d2GTaXBQn5eQ=
-64,-25,9buKacate4GUbD/Lp71Y7qaOaXA=,5VWlxFc7Za/MAV9d2GTaXBQn5eQ=
-63,-25,9buKacate4GUbD/Lp71Y7qaOaXA=,5VWlxFc7Za/MAV9d2GTaXBQn5eQ=
-62,-25,9buKacate4GUbD/Lp71Y7qaOaXA=,5VWlxFc7Za/MAV9d2GTaXBQn5eQ=
-61,-25,9buKacate4GUbD/Lp71Y7qaOaXA=,5VWlxFc7Za/MAV9d2GTaXBQn5eQ=
-60,-25,9buKacate4GUbD/Lp71Y7qaOaXA=,5VWlxFc7Za/MAV9d2GTaXBQn5eQ=
-59,-25,9buKacate4GUbD/Lp71Y7qaOaXA=,5VWlxFc7Za/MAV9d2GTaXBQn5eQ=
-58,-25,9buKacate4GUbD/Lp71Y7qaOaXA=,5VWlxFc7Za/MAV9d2GTaXBQn5eQ=
-59,-30,9buKacate4GUbD/Lp71Y7qaOaXA=,5VWlxFc7Za/MAV9d2GTaXBQn5eQ=
-55,-32,9buKacate4GUbD/Lp71Y7qaOaXA=,5VWlxFc7Za/MAV9d2GTaXBQn5eQ=
-57,-25,9buKacate4GUbD/Lp71Y7qaOaXA=,5VWlxFc7Za/MAV9d2GTaXBQn5eQ=
-56,-25,9buKacate4GUbD/Lp71Y7qaOaXA=,5VWlxFc7Za/MAV9d2GTaXBQn5eQ=
-54,-25,9buKacate4GUbD/Lp71Y7qaOaXA=,5VWlxFc7Za/MAV9d2GTaXBQn5eQ=
-55,-25,9buKacate4GUbD/Lp71Y7qaOaXA=,5VWlxFc7Za/MAV9d2GTaXBQn5eQ=
-53,-25,9buKacate4GUbD/Lp71Y7qaOaXA=,5VWlxFc7Za/MAV9d2GTaXBQn5eQ=
-52,-25,9buKacate4GUbD/Lp71Y7qaOaXA=,5VWlxFc7Za/MAV9d2GTaXBQn5eQ=
-51,-25,9buKacate4GUbD/Lp71Y7qaOaXA=,5VWlxFc7Za/MAV9d2GTaXBQn5eQ=
-50,-25,9buKacate4GUbD/Lp71Y7qaOaXA=,5VWlxFc7Za/MAV9d2GTaXBQn5eQ=
-49,-25,9buKacate4GUbD/Lp71Y7qaOaXA=,5VWlxFc7Za/MAV9d2GTaXBQn5eQ=
-64,-24,9buKacate4GUbD/Lp71Y7qaOaXA=,5VWlxFc7Za/MAV9d2GTaXBQn5eQ=
-63,-24,9buKacate4GUbD/Lp71Y7qaOaXA=,5VWlxFc7Za/MAV9d2GTaXBQn5eQ=
-62,-24,9buKacate4GUbD/Lp71Y7qaOaXA=,5VWlxFc7Za/MAV9d2GTaXBQn5eQ=
-61,-24,9buKacate4GUbD/Lp71Y7qaOaXA=,5VWlxFc7Za/MAV9d2GTaXBQn5eQ=
-60,-24,9buKacate4GUbD/Lp71Y7qaOaXA=,5VWlxFc7Za/MAV9d2GTaXBQn5eQ=
-59,-24,9buKacate4GUbD/Lp71Y7qaOaXA=,5VWlxFc7Za/MAV9d2GTaXBQn5eQ=
-58,-24,9buKacate4GUbD/Lp71Y7qaOaXA=,5VWlxFc7Za/MAV9d2GTaXBQn5eQ=
-57,-24,9buKacate4GUbD/Lp71Y7qaOaXA=,5VWlxFc7Za/MAV9d2GTaXBQn5eQ=
-58,-30,9buKacate4GUbD/Lp71Y7qaOaXA=,5VWlxFc7Za/MAV9d2GTaXBQn5eQ=
-54,-32,9buKacate4GUbD/Lp71Y7qaOaXA=,5VWlxFc7Za/MAV9d2GTaXBQn5eQ=
-56,-24,9buKacate4GUbD/Lp71Y7qaOaXA=,5VWlxFc7Za/MAV9d2GTaXBQn5eQ=
-55,-24,9buKacate4GUbD/Lp71Y7qaOaXA=,5VWlxFc7Za/MAV9d2GTaXBQn5eQ=
-54,-24,9buKacate4GUbD/Lp71Y7qaOaXA=,5VWlxFc7Za/MAV9d2GTaXBQn5eQ=
-52,-24,9buKacate4GUbD/Lp71Y7qaOaXA=,5VWlxFc7Za/MAV9d2GTaXBQn5eQ=
-51,-24,9buKacate4GUbD/Lp71Y7qaOaXA=,5VWlxFc7Za/MAV9d2GTaXBQn5eQ=
-53,-24,9buKacate4GUbD/Lp71Y7qaOaXA=,5VWlxFc7Za/MAV9d2GTaXBQn5eQ=
-50,-24,9buKacate4GUbD/Lp71Y7qaOaXA=,5VWlxFc7Za/MAV9d2GTaXBQn5eQ=
-49,-24,9buKacate4GUbD/Lp71Y7qaOaXA=,5VWlxFc7Za/MAV9d2GTaXBQn5eQ=
-64,-23,9buKacate4GUbD/Lp71Y7qaOaXA=,5VWlxFc7Za/MAV9d2GTaXBQn5eQ=
-58,-17,9buKacate4GUbD/Lp71Y7qaOaXA=,5VWlxFc7Za/MAV9d2GTaXBQn5eQ=
-63,-23,9buKacate4GUbD/Lp71Y7qaOaXA=,5VWlxFc7Za/MAV9d2GTaXBQn5eQ=
-61,-23,9buKacate4GUbD/Lp71Y7qaOaXA=,5VWlxFc7Za/MAV9d2GTaXBQn5eQ=
-62,-23,9buKacate4GUbD/Lp71Y7qaOaXA=,5VWlxFc7Za/MAV9d2GTaXBQn5eQ=
-60,-23,9buKacate4GUbD/Lp71Y7qaOaXA=,5VWlxFc7Za/MAV9d2GTaXBQn5eQ=
-59,-23,9buKacate4GUbD/Lp71Y7qaOaXA=,5VWlxFc7Za/MAV9d2GTaXBQn5eQ=
-58,-23,9buKacate4GUbD/Lp71Y7qaOaXA=,5VWlxFc7Za/MAV9d2GTaXBQn5eQ=
-57,-23,9buKacate4GUbD/Lp71Y7qaOaXA=,5VWlxFc7Za/MAV9d2GTaXBQn5eQ=
-56,-23,9buKacate4GUbD/Lp71Y7qaOaXA=,5VWlxFc7Za/MAV9d2GTaXBQn5eQ=
-57,-30,9buKacate4GUbD/Lp71Y7qaOaXA=,5VWlxFc7Za/MAV9d2GTaXBQn5eQ=
-53,-32,9buKacate4GUbD/Lp71Y7qaOaXA=,5VWlxFc7Za/MAV9d2GTaXBQn5eQ=
-55,-23,9buKacate4GUbD/Lp71Y7qaOaXA=,5VWlxFc7Za/MAV9d2GTaXBQn5eQ=
-54,-23,9buKacate4GUbD/Lp71Y7qaOaXA=,5VWlxFc7Za/MAV9d2GTaXBQn5eQ=
-53,-23,9buKacate4GUbD/Lp71Y7qaOaXA=,5VWlxFc7Za/MAV9d2GTaXBQn5eQ=
-52,-23,9buKacate4GUbD/Lp71Y7qaOaXA=,5VWlxFc7Za/MAV9d2GTaXBQn5eQ=
-51,-23,9buKacate4GUbD/Lp71Y7qaOaXA=,5VWlxFc7Za/MAV9d2GTaXBQn5eQ=
-50,-23,9buKacate4GUbD/Lp71Y7qaOaXA=,5VWlxFc7Za/MAV9d2GTaXBQn5eQ=
-49,-23,9buKacate4GUbD/Lp71Y7qaOaXA=,5VWlxFc7Za/MAV9d2GTaXBQn5eQ=
-64,-22,9buKacate4GUbD/Lp71Y7qaOaXA=,5VWlxFc7Za/MAV9d2GTaXBQn5eQ=
-58,-18,9buKacate4GUbD/Lp71Y7qaOaXA=,5VWlxFc7Za/MAV9d2GTaXBQn5eQ=
-63,-22,9buKacate4GUbD/Lp71Y7qaOaXA=,5VWlxFc7Za/MAV9d2GTaXBQn5eQ=
-62,-22,9buKacate4GUbD/Lp71Y7qaOaXA=,5VWlxFc7Za/MAV9d2GTaXBQn5eQ=
-61,-22,9buKacate4GUbD/Lp71Y7qaOaXA=,5VWlxFc7Za/MAV9d2GTaXBQn5eQ=
-60,-22,9buKacate4GUbD/Lp71Y7qaOaXA=,5VWlxFc7Za/MAV9d2GTaXBQn5eQ=
-60,-18,9buKacate4GUbD/Lp71Y7qaOaXA=,5VWlxFc7Za/MAV9d2GTaXBQn5eQ=
-59,-22,9buKacate4GUbD/Lp71Y7qaOaXA=,5VWlxFc7Za/MAV9d2GTaXBQn5eQ=
-61,-18,9buKacate4GUbD/Lp71Y7qaOaXA=,5VWlxFc7Za/MAV9d2GTaXBQn5eQ=
-58,-22,9buKacate4GUbD/Lp71Y7qaOaXA=,5VWlxFc7Za/MAV9d2GTaXBQn5eQ=
-57,-22,9buKacate4GUbD/Lp71Y7qaOaXA=,5VWlxFc7Za/MAV9d2GTaXBQn5eQ=
-62,-18,9buKacate4GUbD/Lp71Y7qaOaXA=,5VWlxFc7Za/MAV9d2GTaXBQn5eQ=
-56,-22,9buKacate4GUbD/Lp71Y7qaOaXA=,5VWlxFc7Za/MAV9d2GTaXBQn5eQ=
-55,-22,9buKacate4GUbD/Lp71Y7qaOaXA=,5VWlxFc7Za/MAV9d2GTaXBQn5eQ=
-63,-18,9buKacate4GUbD/Lp71Y7qaOaXA=,5VWlxFc7Za/MAV9d2GTaXBQn5eQ=
-56,-30,9buKacate4GUbD/Lp71Y7qaOaXA=,5VWlxFc7Za/MAV9d2GTaXBQn5eQ=
-64,-18,9buKacate4GUbD/Lp71Y7qaOaXA=,5VWlxFc7Za/MAV9d2GTaXBQn5eQ=
-54,-22,9buKacate4GUbD/Lp71Y7qaOaXA=,5VWlxFc7Za/MAV9d2GTaXBQn5eQ=
-49,-19,9buKacate4GUbD/Lp71Y7qaOaXA=,5VWlxFc7Za/MAV9d2GTaXBQn5eQ=
-52,-32,9buKacate4GUbD/Lp71Y7qaOaXA=,5VWlxFc7Za/MAV9d2GTaXBQn5eQ=
-53,-22,9buKacate4GUbD/Lp71Y7qaOaXA=,5VWlxFc7Za/MAV9d2GTaXBQn5eQ=
-64,-31,9buKacate4GUbD/Lp71Y7qaOaXA=,5VWlxFc7Za/MAV9d2GTaXBQn5eQ=
-59,-17,9buKacate4GUbD/Lp71Y7qaOaXA=,5VWlxFc7Za/MAV9d2GTaXBQn5eQ=
-52,-22,9buKacate4GUbD/Lp71Y7qaOaXA=,5VWlxFc7Za/MAV9d2GTaXBQn5eQ=
-51,-22,9buKacate4GUbD/Lp71Y7qaOaXA=,5VWlxFc7Za/MAV9d2GTaXBQn5eQ=
-50,-19,9buKacate4GUbD/Lp71Y7qaOaXA=,5VWlxFc7Za/MAV9d2GTaXBQn5eQ=
-57,-18,9buKacate4GUbD/Lp71Y7qaOaXA=,5VWlxFc7Za/MAV9d2GTaXBQn5eQ=
-50,-22,9buKacate4GUbD/Lp71Y7qaOaXA=,5VWlxFc7Za/MAV9d2GTaXBQn5eQ=
-51,-19,9buKacate4GUbD/Lp71Y7qaOaXA=,5VWlxFc7Za/MAV9d2GTaXBQn5eQ=
-49,-22,9buKacate4GUbD/Lp71Y7qaOaXA=,5VWlxFc7Za/MAV9d2GTaXBQn5eQ=
-53,-30,9buKacate4GUbD/Lp71Y7qaOaXA=,5VWlxFc7Za/MAV9d2GTaXBQn5eQ=
-52,-19,9buKacate4GUbD/Lp71Y7qaOaXA=,5VWlxFc7Za/MAV9d2GTaXBQn5eQ=
-49,-32,9buKacate4GUbD/Lp71Y7qaOaXA=,5VWlxFc7Za/MAV9d2GTaXBQn5eQ=
-64,-21,9buKacate4GUbD/Lp71Y7qaOaXA=,5VWlxFc7Za/MAV9d2GTaXBQn5eQ=
-53,-19,9buKacate4GUbD/Lp71Y7qaOaXA=,5VWlxFc7Za/MAV9d2GTaXBQn5eQ=
-54,-19,9buKacate4GUbD/Lp71Y7qaOaXA=,5VWlxFc7Za/MAV9d2GTaXBQn5eQ=
-56,-19,9buKacate4GUbD/Lp71Y7qaOaXA=,5VWlxFc7Za/MAV9d2GTaXBQn5eQ=
-63,-21,9buKacate4GUbD/Lp71Y7qaOaXA=,5VWlxFc7Za/MAV9d2GTaXBQn5eQ=
-55,-19,9buKacate4GUbD/Lp71Y7qaOaXA=,5VWlxFc7Za/MAV9d2GTaXBQn5eQ=
-62,-21,9buKacate4GUbD/Lp71Y7qaOaXA=,5VWlxFc7Za/MAV9d2GTaXBQn5eQ=
-60,-19,9buKacate4GUbD/Lp71Y7qaOaXA=,5VWlxFc7Za/MAV9d2GTaXBQn5eQ=
-61,-21,9buKacate4GUbD/Lp71Y7qaOaXA=,5VWlxFc7Za/MAV9d2GTaXBQn5eQ=
-60,-21,9buKacate4GUbD/Lp71Y7qaOaXA=,5VWlxFc7Za/MAV9d2GTaXBQn5eQ=
-59,-21,9buKacate4GUbD/Lp71Y7qaOaXA=,5VWlxFc7Za/MAV9d2GTaXBQn5eQ=
-58,-21,9buKacate4GUbD/Lp71Y7qaOaXA=,5VWlxFc7Za/MAV9d2GTaXBQn5eQ=
-57,-21,9buKacate4GUbD/Lp71Y7qaOaXA=,5VWlxFc7Za/MAV9d2GTaXBQn5eQ=
-56,-21,9buKacate4GUbD/Lp71Y7qaOaXA=,5VWlxFc7Za/MAV9d2GTaXBQn5eQ=
-55,-21,9buKacate4GUbD/Lp71Y7qaOaXA=,5VWlxFc7Za/MAV9d2GTaXBQn5eQ=
-54,-21,9buKacate4GUbD/Lp71Y7qaOaXA=,5VWlxFc7Za/MAV9d2GTaXBQn5eQ=
-55,-30,9buKacate4GUbD/Lp71Y7qaOaXA=,5VWlxFc7Za/MAV9d2GTaXBQn5eQ=
-53,-21,9buKacate4GUbD/Lp71Y7qaOaXA=,5VWlxFc7Za/MAV9d2GTaXBQn5eQ=
-51,-32,9buKacate4GUbD/Lp71Y7qaOaXA=,5VWlxFc7Za/MAV9d2GTaXBQn5eQ=
-52,-21,9buKacate4GUbD/Lp71Y7qaOaXA=,5VWlxFc7Za/MAV9d2GTaXBQn5eQ=
-51,-21,9buKacate4GUbD/Lp71Y7qaOaXA=,5VWlxFc7Za/MAV9d2GTaXBQn5eQ=
-50,-21,9buKacate4GUbD/Lp71Y7qaOaXA=,5VWlxFc7Za/MAV9d2GTaXBQn5eQ=
-49,-21,9buKacate4GUbD/Lp71Y7qaOaXA=,5VWlxFc7Za/MAV9d2GTaXBQn5eQ=
-64,-20,9buKacate4GUbD/Lp71Y7qaOaXA=,5VWlxFc7Za/MAV9d2GTaXBQn5eQ=
-63,-20,9buKacate4GUbD/Lp71Y7qaOaXA=,5VWlxFc7Za/MAV9d2GTaXBQn5eQ=
-62,-20,9buKacate4GUbD/Lp71Y7qaOaXA=,5VWlxFc7Za/MAV9d2GTaXBQn5eQ=
-61,-20,9buKacate4GUbD/Lp71Y7qaOaXA=,5VWlxFc7Za/MAV9d2GTaXBQn5eQ=
-60,-20,9buKacate4GUbD/Lp71Y7qaOaXA=,5VWlxFc7Za/MAV9d2GTaXBQn5eQ=
-59,-18,9buKacate4GUbD/Lp71Y7qaOaXA=,5VWlxFc7Za/MAV9d2GTaXBQn5eQ=
-59,-20,9buKacate4GUbD/Lp71Y7qaOaXA=,5VWlxFc7Za/MAV9d2GTaXBQn5eQ=
-62,-19,9buKacate4GUbD/Lp71Y7qaOaXA=,5VWlxFc7Za/MAV9d2GTaXBQn5eQ=
-63,-19,9buKacate4GUbD/Lp71Y7qaOaXA=,5VWlxFc7Za/MAV9d2GTaXBQn5eQ=
-63,-32,9buKacate4GUbD/Lp71Y7qaOaXA=,5VWlxFc7Za/MAV9d2GTaXBQn5eQ=
-64,-19,9buKacate4GUbD/Lp71Y7qaOaXA=,5VWlxFc7Za/MAV9d2GTaXBQn5eQ=
-49,-20,9buKacate4GUbD/Lp71Y7qaOaXA=,5VWlxFc7Za/MAV9d2GTaXBQn5eQ=
-50,-20,9buKacate4GUbD/Lp71Y7qaOaXA=,5VWlxFc7Za/MAV9d2GTaXBQn5eQ=
-51,-20,9buKacate4GUbD/Lp71Y7qaOaXA=,5VWlxFc7Za/MAV9d2GTaXBQn5eQ=
-50,-32,9buKacate4GUbD/Lp71Y7qaOaXA=,5VWlxFc7Za/MAV9d2GTaXBQn5eQ=
-54,-30,9buKacate4GUbD/Lp71Y7qaOaXA=,5VWlxFc7Za/MAV9d2GTaXBQn5eQ=
-52,-20,9buKacate4GUbD/Lp71Y7qaOaXA=,5VWlxFc7Za/MAV9d2GTaXBQn5eQ=
-53,-20,9buKacate4GUbD/Lp71Y7qaOaXA=,5VWlxFc7Za/MAV9d2GTaXBQn5eQ=
-54,-20,9buKacate4GUbD/Lp71Y7qaOaXA=,5VWlxFc7Za/MAV9d2GTaXBQn5eQ=
-55,-20,9buKacate4GUbD/Lp71Y7qaOaXA=,5VWlxFc7Za/MAV9d2GTaXBQn5eQ=
-56,-20,9buKacate4GUbD/Lp71Y7qaOaXA=,5VWlxFc7Za/MAV9d2GTaXBQn5eQ=
-57,-20,9buKacate4GUbD/Lp71Y7qaOaXA=,5VWlxFc7Za/MAV9d2GTaXBQn5eQ=
-61,-19,9buKacate4GUbD/Lp71Y7qaOaXA=,5VWlxFc7Za/MAV9d2GTaXBQn5eQ=
-58,-20,9buKacate4GUbD/Lp71Y7qaOaXA=,5VWlxFc7Za/MAV9d2GTaXBQn5eQ=
-59,-19,9buKacate4GUbD/Lp71Y7qaOaXA=,5VWlxFc7Za/MAV9d2GTaXBQn5eQ=
-58,-19,9buKacate4GUbD/Lp71Y7qaOaXA=,5VWlxFc7Za/MAV9d2GTaXBQn5eQ=
-57,-19,9buKacate4GUbD/Lp71Y7qaOaXA=,5VWlxFc7Za/MAV9d2GTaXBQn5eQ=
