15,47,GoBZv8/Sj+f3t700yDjF2P3SvJI=,vUMKpNNzoXTXdXizTNve/2O5TOg=
3,32,GoBZv8/Sj+f3t700yDjF2P3SvJI=,vUMKpNNzoXTXdXizTNve/2O5TOg=
15,33,GoBZv8/Sj+f3t700yDjF2P3SvJI=,vUMKpNNzoXTXdXizTNve/2O5TOg=
14,47,GoBZv8/Sj+f3t700yDjF2P3SvJI=,vUMKpNNzoXTXdXizTNve/2O5TOg=
14,33,GoBZv8/Sj+f3t700yDjF2P3SvJI=,vUMKpNNzoXTXdXizTNve/2O5TOg=
13,47,GoBZv8/Sj+f3t700yDjF2P3SvJI=,vUMKpNNzoXTXdXizTNve/2O5TOg=
12,47,GoBZv8/Sj+f3t700yDjF2P3SvJI=,vUMKpNNzoXTXdXizTNve/2O5TOg=
14,34,GoBZv8/Sj+f3t700yDjF2P3SvJI=,vUMKpNNzoXTXdXizTNve/2O5TOg=
11,47,GoBZv8/Sj+f3t700yDjF2P3SvJI=,vUMKpNNzoXTXdXizTNve/2O5TOg=
13,33,GoBZv8/Sj+f3t700yDjF2P3SvJI=,vUMKpNNzoXTXdXizTNve/2O5TOg=
10,47,GoBZv8/Sj+f3t700yDjF2P3SvJI=,vUMKpNNzoXTXdXizTNve/2O5TOg=
15,34,GoBZv8/Sj+f3t700yDjF2P3SvJI=,vUMKpNNzoXTXdXizTNve/2O5TOg=
12,33,GoBZv8/Sj+f3t700yDjF2P3SvJI=,vUMKpNNzoXTXdXizTNve/2O5TOg=
11,33,GoBZv8/Sj+f3t700yDjF2P3SvJI=,vUMKpNNzoXTXdXizTNve/2O5TOg=
0,35,GoBZv8/Sj+f3t700yDjF2P3SvJI=,vUMKpNNzoXTXdXizTNve/2O5TOg=
10,33,GoBZv8/Sj+f3t700yDjF2P3SvJI=,vUMKpNNzoXTXdXizTNve/2O5TOg=
0,34,GoBZv8/Sj+f3t700yDjF2P3SvJI=,vUMKpNNzoXTXdXizTNve/2O5TOg=
9,33,GoBZv8/Sj+f3t700yDjF2P3SvJI=,vUMKpNNzoXTXdXizTNve/2O5TOg=
8,33,GoBZv8/Sj+f3t700yDjF2P3SvJI=,vUMKpNNzoXTXdXizTNve/2O5TOg=
7,33,GoBZv8/Sj+f3t700yDjF2P3SvJI=,vUMKpNNzoXTXdXizTNve/2O5TOg=
4,32,GoBZv8/Sj+f3t700yDjF2P3SvJI=,vUMKpNNzoXTXdXizTNve/2O5TOg=
6,33,GoBZv8/Sj+f3t700yDjF2P3SvJI=,vUMKpNNzoXTXdXizTNve/2O5TOg=
8,47,GoBZv8/Sj+f3t700yDjF2P3SvJI=,vUMKpNNzoXTXdXizTNve/2O5TOg=
5,33,GoBZv8/Sj+f3t700yDjF2P3SvJI=,vUMKpNNzoXTXdXizTNve/2O5TOg=
1,35,GoBZv8/Sj+f3t700yDjF2P3SvJI=,vUMKpNNzoXTXdXizTNve/2O5TOg=
7,47,GoBZv8/Sj+f3t700yDjF2P3SvJI=,vUMKpNNzoXTXdXizTNve/2O5TOg=
2,35,GoBZv8/Sj+f3t700yDjF2P3SvJI=,vUMKpNNzoXTXdXizTNve/2O5TOg=
9,47,GoBZv8/Sj+f3t700yDjF2P3SvJI=,vUMKpNNzoXTXdXizTNve/2O5TOg=
3,33,GoBZv8/Sj+f3t700yDjF2P3SvJI=,vUMKpNNzoXTXdXizTNve/2O5TOg=
4,33,GoBZv8/Sj+f3t700yDjF2P3SvJI=,vUMKpNNzoXTXdXizTNve/2O5TOg=
3,35,GoBZv8/Sj+f3t700yDjF2P3SvJI=,vUMKpNNzoXTXdXizTNve/2O5TOg=
2,33,GoBZv8/Sj+f3t700yDjF2P3SvJI=,vUMKpNNzoXTXdXizTNve/2O5TOg=
6,47,GoBZv8/Sj+f3t700yDjF2P3SvJI=,vUMKpNNzoXTXdXizTNve/2O5TOg=
2,32,GoBZv8/Sj+f3t700yDjF2P3SvJI=,vUMKpNNzoXTXdXizTNve/2O5TOg=
13,34,GoBZv8/Sj+f3t700yDjF2P3SvJI=,vUMKpNNzoXTXdXizTNve/2O5TOg=
4,35,GoBZv8/Sj+f3t700yDjF2P3SvJI=,vUMKpNNzoXTXdXizTNve/2O5TOg=
4,47,GoBZv8/Sj+f3t700yDjF2P3SvJI=,vUMKpNNzoXTXdXizTNve/2O5TOg=
5,47,GoBZv8/Sj+f3t700yDjF2P3SvJI=,vUMKpNNzoXTXdXizTNve/2O5TOg=
3,47,GoBZv8/Sj+f3t700yDjF2P3SvJI=,vUMKpNNzoXTXdXizTNve/2O5TOg=
5,35,GoBZv8/Sj+f3t700yDjF2P3SvJI=,vUMKpNNzoXTXdXizTNve/2O5TOg=
2,47,GoBZv8/Sj+f3t700yDjF2P3SvJI=,vUMKpNNzoXTXdXizTNve/2O5TOg=
0,47,GoBZv8/Sj+f3t700yDjF2P3SvJI=,vUMKpNNzoXTXdXizTNve/2O5TOg=
1,47,GoBZv8/Sj+f3t700yDjF2P3SvJI=,vUMKpNNzoXTXdXizTNve/2O5TOg=
6,35,GoBZv8/Sj+f3t700yDjF2P3SvJI=,vUMKpNNzoXTXdXizTNve/2O5TOg=
14,46,GoBZv8/Sj+f3t700yDjF2P3SvJI=,vUMKpNNzoXTXdXizTNve/2O5TOg=
15,46,GoBZv8/Sj+f3t700yDjF2P3SvJI=,vUMKpNNzoXTXdXizTNve/2O5TOg=
12,34,GoBZv8/Sj+f3t700yDjF2P3SvJI=,vUMKpNNzoXTXdXizTNve/2O5TOg=
7,35,GoBZv8/Sj+f3t700yDjF2P3SvJI=,vUMKpNNzoXTXdXizTNve/2O5TOg=
12,46,GoBZv8/Sj+f3t700yDjF2P3SvJI=,vUMKpNNzoXTXdXizTNve/2O5TOg=
13,46,GoBZv8/Sj+f3t700yDjF2P3SvJI=,vUMKpNNzoXTXdXizTNve/2O5TOg=
10,46,GoBZv8/Sj+f3t700yDjF2P3SvJI=,vUMKpNNzoXTXdXizTNve/2O5TOg=
11,46,GoBZv8/Sj+f3t700yDjF2P3SvJI=,vUMKpNNzoXTXdXizTNve/2O5TOg=
8,35,GoBZv8/Sj+f3t700yDjF2P3SvJI=,vUMKpNNzoXTXdXizTNve/2O5TOg=
9,46,GoBZv8/Sj+f3t700yDjF2P3SvJI=,vUMKpNNzoXTXdXizTNve/2O5TOg=
7,46,GoBZv8/Sj+f3t700yDjF2P3SvJI=,vUMKpNNzoXTXdXizTNve/2O5TOg=
8,46,GoBZv8/Sj+f3t700yDjF2P3SvJI=,vUMKpNNzoXTXdXizTNve/2O5TOg=
9,35,GoBZv8/Sj+f3t700yDjF2P3SvJI=,vUMKpNNzoXTXdXizTNve/2O5TOg=
5,46,GoBZv8/Sj+f3t700yDjF2P3SvJI=,vUMKpNNzoXTXdXizTNve/2O5TOg=
6,46,GoBZv8/Sj+f3t700yDjF2P3SvJI=,vUMKpNNzoXTXdXizTNve/2O5TOg=
4,46,GoBZv8/Sj+f3t700yDjF2P3SvJI=,vUMKpNNzoXTXdXizTNve/2O5TOg=
10,35,GoBZv8/Sj+f3t700yDjF2P3SvJI=,vUMKpNNzoXTXdXizTNve/2O5TOg=
2,46,GoBZv8/Sj+f3t700yDjF2P3SvJI=,vUMKpNNzoXTXdXizTNve/2O5TOg=
3,46,GoBZv8/Sj+f3t700yDjF2P3SvJI=,vUMKpNNzoXTXdXizTNve/2O5TOg=
1,46,GoBZv8/Sj+f3t700yDjF2P3SvJI=,vUMKpNNzoXTXdXizTNve/2O5TOg=
0,46,GoBZv8/Sj+f3t700yDjF2P3SvJI=,vUMKpNNzoXTXdXizTNve/2O5TOg=
11,35,GoBZv8/Sj+f3t700yDjF2P3SvJI=,vUMKpNNzoXTXdXizTNve/2O5TOg=
15,45,GoBZv8/Sj+f3t700yDjF2P3SvJI=,vUMKpNNzoXTXdXizTNve/2O5TOg=
1,33,GoBZv8/Sj+f3t700yDjF2P3SvJI=,vUMKpNNzoXTXdXizTNve/2O5TOg=
0,33,GoBZv8/Sj+f3t700yDjF2P3SvJI=,vUMKpNNzoXTXdXizTNve/2O5TOg=
12,35,GoBZv8/Sj+f3t700yDjF2P3SvJI=,vUMKpNNzoXTXdXizTNve/2O5TOg=
11,34,GoBZv8/Sj+f3t700yDjF2P3SvJI=,vUMKpNNzoXTXdXizTNve/2O5TOg=
13,35,GoBZv8/Sj+f3t700yDjF2P3SvJI=,vUMKpNNzoXTXdXizTNve/2O5TOg=
14,45,GoBZv8/Sj+f3t700yDjF2P3SvJI=,vUMKpNNzoXTXdXizTNve/2O5TOg=
13,45,GoBZv8/Sj+f3t700yDjF2P3SvJI=,vUMKpNNzoXTXdXizTNve/2O5TOg=
12,45,GoBZv8/Sj+f3t700yDjF2P3SvJI=,vUMKpNNzoXTXdXizTNve/2O5TOg=
11,45,GoBZv8/Sj+f3t700yDjF2P3SvJI=,vUMKpNNzoXTXdXizTNve/2O5TOg=
10,45,GoBZv8/Sj+f3t700yDjF2P3SvJI=,vUMKpNNzoXTXdXizTNve/2O5TOg=
14,35,GoBZv8/Sj+f3t700yDjF2P3SvJI=,vUMKpNNzoXTXdXizTNve/2O5TOg=
8,45,GoBZv8/Sj+f3t700yDjF2P3SvJI=,vUMKpNNzoXTXdXizTNve/2O5TOg=
9,45,GoBZv8/Sj+f3t700yDjF2P3SvJI=,vUMKpNNzoXTXdXizTNve/2O5TOg=
7,45,GoBZv8/Sj+f3t700yDjF2P3SvJI=,vUMKpNNzoXTXdXizTNve/2O5TOg=
6,45,GoBZv8/Sj+f3t700yDjF2P3SvJI=,vUMKpNNzoXTXdXizTNve/2O5TOg=
15,35,GoBZv8/Sj+f3t700yDjF2P3SvJI=,vUMKpNNzoXTXdXizTNve/2O5TOg=
5,45,GoBZv8/Sj+f3t700yDjF2P3SvJI=,vUMKpNNzoXTXdXizTNve/2O5TOg=
4,45,GoBZv8/Sj+f3t700yDjF2P3SvJI=,vUMKpNNzoXTXdXizTNve/2O5TOg=
2,45,GoBZv8/Sj+f3t700yDjF2P3SvJI=,vUMKpNNzoXTXdXizTNve/2O5TOg=
0,36,GoBZv8/Sj+f3t700yDjF2P3SvJI=,vUMKpNNzoXTXdXizTNve/2O5TOg=
3,45,GoBZv8/Sj+f3t700yDjF2P3SvJI=,vUMKpNNzoXTXdXizTNve/2O5TOg=
1,45,GoBZv8/Sj+f3t700yDjF2P3SvJI=,vUMKpNNzoXTXdXizTNve/2O5TOg=
15,44,GoBZv8/Sj+f3t700yDjF2P3SvJI=,vUMKpNNzoXTXdXizTNve/2O5TOg=
0,45,GoBZv8/Sj+f3t700yDjF2P3SvJI=,vUMKpNNzoXTXdXizTNve/2O5TOg=
1,36,GoBZv8/Sj+f3t700yDjF2P3SvJI=,vUMKpNNzoXTXdXizTNve/2O5TOg=
14,44,GoBZv8/Sj+f3t700yDjF2P3SvJI=,vUMKpNNzoXTXdXizTNve/2O5TOg=
15,32,GoBZv8/Sj+f3t700yDjF2P3SvJI=,vUMKpNNzoXTXdXizTNve/2O5TOg=
2,36,GoBZv8/Sj+f3t700yDjF2P3SvJI=,vUMKpNNzoXTXdXizTNve/2O5TOg=
10,34,GoBZv8/Sj+f3t700yDjF2P3SvJI=,vUMKpNNzoXTXdXizTNve/2O5TOg=
13,44,GoBZv8/Sj+f3t700yDjF2P3SvJI=,vUMKpNNzoXTXdXizTNve/2O5TOg=
12,44,GoBZv8/Sj+f3t700yDjF2P3SvJI=,vUMKpNNzoXTXdXizTNve/2O5TOg=
1,34,GoBZv8/Sj+f3t700yDjF2P3SvJI=,vUMKpNNzoXTXdXizTNve/2O5TOg=
11,44,GoBZv8/Sj+f3t700yDjF2P3SvJI=,vUMKpNNzoXTXdXizTNve/2O5TOg=
10,44,GoBZv8/Sj+f3t700yDjF2P3SvJI=,vUMKpNNzoXTXdXizTNve/2O5TOg=
9,44,GoBZv8/Sj+f3t700yDjF2P3SvJI=,vUMKpNNzoXTXdXizTNve/2O5TOg=
8,44,GoBZv8/Sj+f3t700yDjF2P3SvJI=,vUMKpNNzoXTXdXizTNve/2O5TOg=
3,36,GoBZv8/Sj+f3t700yDjF2P3SvJI=,vUMKpNNzoXTXdXizTNve/2O5TOg=
7,44,GoBZv8/Sj+f3t700yDjF2P3SvJI=,vUMKpNNzoXTXdXizTNve/2O5TOg=
2,34,GoBZv8/Sj+f3t700yDjF2P3SvJI=,vUMKpNNzoXTXdXizTNve/2O5TOg=
6,44,GoBZv8/Sj+f3t700yDjF2P3SvJI=,vUMKpNNzoXTXdXizTNve/2O5TOg=
5,44,GoBZv8/Sj+f3t700yDjF2P3SvJI=,vUMKpNNzoXTXdXizTNve/2O5TOg=
4,44,GoBZv8/Sj+f3t700yDjF2P3SvJI=,vUMKpNNzoXTXdXizTNve/2O5TOg=
5,32,GoBZv8/Sj+f3t700yDjF2P3SvJI=,vUMKpNNzoXTXdXizTNve/2O5TOg=
3,44,GoBZv8/Sj+f3t700yDjF2P3SvJI=,vUMKpNNzoXTXdXizTNve/2O5TOg=
2,44,GoBZv8/Sj+f3t700yDjF2P3SvJI=,vUMKpNNzoXTXdXizTNve/2O5TOg=
1,44,GoBZv8/Sj+f3t700yDjF2P3SvJI=,vUMKpNNzoXTXdXizTNve/2O5TOg=
4,36,GoBZv8/Sj+f3t700yDjF2P3SvJI=,vUMKpNNzoXTXdXizTNve/2O5TOg=
15,43,GoBZv8/Sj+f3t700yDjF2P3SvJI=,vUMKpNNzoXTXdXizTNve/2O5TOg=
0,44,GoBZv8/Sj+f3t700yDjF2P3SvJI=,vUMKpNNzoXTXdXizTNve/2O5TOg=
14,43,GoBZv8/Sj+f3t700yDjF2P3SvJI=,vUMKpNNzoXTXdXizTNve/2O5TOg=
5,36,GoBZv8/Sj+f3t700yDjF2P3SvJI=,vUMKpNNzoXTXdXizTNve/2O5TOg=
6,36,GoBZv8/Sj+f3t700yDjF2P3SvJI=,vUMKpNNzoXTXdXizTNve/2O5TOg=
12,43,GoBZv8/Sj+f3t700yDjF2P3SvJI=,vUMKpNNzoXTXdXizTNve/2O5TOg=
0,32,GoBZv8/Sj+f3t700yDjF2P3SvJI=,vUMKpNNzoXTXdXizTNve/2O5TOg=
9,34,GoBZv8/Sj+f3t700yDjF2P3SvJI=,vUMKpNNzoXTXdXizTNve/2O5TOg=
13,43,GoBZv8/Sj+f3t700yDjF2P3SvJI=,vUMKpNNzoXTXdXizTNve/2O5TOg=
11,43,GoBZv8/Sj+f3t700yDjF2P3SvJI=,vUMKpNNzoXTXdXizTNve/2O5TOg=
10,43,GoBZv8/Sj+f3t700yDjF2P3SvJI=,vUMKpNNzoXTXdXizTNve/2O5TOg=
7,36,GoBZv8/Sj+f3t700yDjF2P3SvJI=,vUMKpNNzoXTXdXizTNve/2O5TOg=
9,43,GoBZv8/Sj+f3t700yDjF2P3SvJI=,vUMKpNNzoXTXdXizTNve/2O5TOg=
8,43,GoBZv8/Sj+f3t700yDjF2P3SvJI=,vUMKpNNzoXTXdXizTNve/2O5TOg=
8,36,GoBZv8/Sj+f3t700yDjF2P3SvJI=,vUMKpNNzoXTXdXizTNve/2O5TOg=
7,43,GoBZv8/Sj+f3t700yDjF2P3SvJI=,vUMKpNNzoXTXdXizTNve/2O5TOg=
6,43,GoBZv8/Sj+f3t700yDjF2P3SvJI=,vUMKpNNzoXTXdXizTNve/2O5TOg=
9,36,GoBZv8/Sj+f3t700yDjF2P3SvJI=,vUMKpNNzoXTXdXizTNve/2O5TOg=
5,43,GoBZv8/Sj+f3t700yDjF2P3SvJI=,vUMKpNNzoXTXdXizTNve/2O5TOg=
4,43,GoBZv8/Sj+f3t700yDjF2P3SvJI=,vUMKpNNzoXTXdXizTNve/2O5TOg=
10,36,GoBZv8/Sj+f3t700yDjF2P3SvJI=,vUMKpNNzoXTXdXizTNve/2O5TOg=
3,43,GoBZv8/Sj+f3t700yDjF2P3SvJI=,vUMKpNNzoXTXdXizTNve/2O5TOg=
2,43,GoBZv8/Sj+f3t700yDjF2P3SvJI=,vUMKpNNzoXTXdXizTNve/2O5TOg=
1,43,GoBZv8/Sj+f3t700yDjF2P3SvJI=,vUMKpNNzoXTXdXizTNve/2O5TOg=
11,36,GoBZv8/Sj+f3t700yDjF2P3SvJI=,vUMKpNNzoXTXdXizTNve/2O5TOg=
0,43,GoBZv8/Sj+f3t700yDjF2P3SvJI=,vUMKpNNzoXTXdXizTNve/2O5TOg=
12,32,GoBZv8/Sj+f3t700yDjF2P3SvJI=,vUMKpNNzoXTXdXizTNve/2O5TOg=
12,36,GoBZv8/Sj+f3t700yDjF2P3SvJI=,vUMKpNNzoXTXdXizTNve/2O5TOg=
15,42,GoBZv8/Sj+f3t700yDjF2P3SvJI=,vUMKpNNzoXTXdXizTNve/2O5TOg=
13,36,GoBZv8/Sj+f3t700yDjF2P3SvJI=,vUMKpNNzoXTXdXizTNve/2O5TOg=
8,34,GoBZv8/Sj+f3t700yDjF2P3SvJI=,vUMKpNNzoXTXdXizTNve/2O5TOg=
14,42,GoBZv8/Sj+f3t700yDjF2P3SvJI=,vUMKpNNzoXTXdXizTNve/2O5TOg=
14,36,GoBZv8/Sj+f3t700yDjF2P3SvJI=,vUMKpNNzoXTXdXizTNve/2O5TOg=
13,42,GoBZv8/Sj+f3t700yDjF2P3SvJI=,vUMKpNNzoXTXdXizTNve/2O5TOg=
12,42,GoBZv8/Sj+f3t700yDjF2P3SvJI=,vUMKpNNzoXTXdXizTNve/2O5TOg=
6,32,GoBZv8/Sj+f3t700yDjF2P3SvJI=,vUMKpNNzoXTXdXizTNve/2O5TOg=
11,42,GoBZv8/Sj+f3t700yDjF2P3SvJI=,vUMKpNNzoXTXdXizTNve/2O5TOg=
15,36,GoBZv8/Sj+f3t700yDjF2P3SvJI=,vUMKpNNzoXTXdXizTNve/2O5TOg=
10,42,GoBZv8/Sj+f3t700yDjF2P3SvJI=,vUMKpNNzoXTXdXizTNve/2O5TOg=
9,42,GoBZv8/Sj+f3t700yDjF2P3SvJI=,vUMKpNNzoXTXdXizTNve/2O5TOg=
8,42,GoBZv8/Sj+f3t700yDjF2P3SvJI=,vUMKpNNzoXTXdXizTNve/2O5TOg=
0,37,GoBZv8/Sj+f3t700yDjF2P3SvJI=,vUMKpNNzoXTXdXizTNve/2O5TOg=
7,42,GoBZv8/Sj+f3t700yDjF2P3SvJI=,vUMKpNNzoXTXdXizTNve/2O5TOg=
6,42,GoBZv8/Sj+f3t700yDjF2P3SvJI=,vUMKpNNzoXTXdXizTNve/2O5TOg=
1,37,GoBZv8/Sj+f3t700yDjF2P3SvJI=,vUMKpNNzoXTXdXizTNve/2O5TOg=
5,42,GoBZv8/Sj+f3t700yDjF2P3SvJI=,vUMKpNNzoXTXdXizTNve/2O5TOg=
2,37,GoBZv8/Sj+f3t700yDjF2P3SvJI=,vUMKpNNzoXTXdXizTNve/2O5TOg=
1,32,GoBZv8/Sj+f3t700yDjF2P3SvJI=,vUMKpNNzoXTXdXizTNve/2O5TOg=
4,42,GoBZv8/Sj+f3t700yDjF2P3SvJI=,vUMKpNNzoXTXdXizTNve/2O5TOg=
3,37,GoBZv8/Sj+f3t700yDjF2P3SvJI=,vUMKpNNzoXTXdXizTNve/2O5TOg=
3,42,GoBZv8/Sj+f3t700yDjF2P3SvJI=,vUMKpNNzoXTXdXizTNve/2O5TOg=
2,42,GoBZv8/Sj+f3t700yDjF2P3SvJI=,vUMKpNNzoXTXdXizTNve/2O5TOg=
4,37,GoBZv8/Sj+f3t700yDjF2P3SvJI=,vUMKpNNzoXTXdXizTNve/2O5TOg=
1,42,GoBZv8/Sj+f3t700yDjF2P3SvJI=,vUMKpNNzoXTXdXizTNve/2O5TOg=
0,42,GoBZv8/Sj+f3t700yDjF2P3SvJI=,vUMKpNNzoXTXdXizTNve/2O5TOg=
5,37,GoBZv8/Sj+f3t700yDjF2P3SvJI=,vUMKpNNzoXTXdXizTNve/2O5TOg=
15,41,GoBZv8/Sj+f3t700yDjF2P3SvJI=,vUMKpNNzoXTXdXizTNve/2O5TOg=
11,32,GoBZv8/Sj+f3t700yDjF2P3SvJI=,vUMKpNNzoXTXdXizTNve/2O5TOg=
6,37,GoBZv8/Sj+f3t700yDjF2P3SvJI=,vUMKpNNzoXTXdXizTNve/2O5TOg=
7,34,GoBZv8/Sj+f3t700yDjF2P3SvJI=,vUMKpNNzoXTXdXizTNve/2O5TOg=
14,41,GoBZv8/Sj+f3t700yDjF2P3SvJI=,vUMKpNNzoXTXdXizTNve/2O5TOg=
3,34,GoBZv8/Sj+f3t700yDjF2P3SvJI=,vUMKpNNzoXTXdXizTNve/2O5TOg=
13,41,GoBZv8/Sj+f3t700yDjF2P3SvJI=,vUMKpNNzoXTXdXizTNve/2O5TOg=
12,41,GoBZv8/Sj+f3t700yDjF2P3SvJI=,vUMKpNNzoXTXdXizTNve/2O5TOg=
7,32,GoBZv8/Sj+f3t700yDjF2P3SvJI=,vUMKpNNzoXTXdXizTNve/2O5TOg=
11,41,GoBZv8/Sj+f3t700yDjF2P3SvJI=,vUMKpNNzoXTXdXizTNve/2O5TOg=
10,41,GoBZv8/Sj+f3t700yDjF2P3SvJI=,vUMKpNNzoXTXdXizTNve/2O5TOg=
7,37,GoBZv8/Sj+f3t700yDjF2P3SvJI=,vUMKpNNzoXTXdXizTNve/2O5TOg=
9,41,GoBZv8/Sj+f3t700yDjF2P3SvJI=,vUMKpNNzoXTXdXizTNve/2O5TOg=
8,41,GoBZv8/Sj+f3t700yDjF2P3SvJI=,vUMKpNNzoXTXdXizTNve/2O5TOg=
8,37,GoBZv8/Sj+f3t700yDjF2P3SvJI=,vUMKpNNzoXTXdXizTNve/2O5TOg=
7,41,GoBZv8/Sj+f3t700yDjF2P3SvJI=,vUMKpNNzoXTXdXizTNve/2O5TOg=
6,41,GoBZv8/Sj+f3t700yDjF2P3SvJI=,vUMKpNNzoXTXdXizTNve/2O5TOg=
9,37,GoBZv8/Sj+f3t700yDjF2P3SvJI=,vUMKpNNzoXTXdXizTNve/2O5TOg=
5,41,GoBZv8/Sj+f3t700yDjF2P3SvJI=,vUMKpNNzoXTXdXizTNve/2O5TOg=
10,37,GoBZv8/Sj+f3t700yDjF2P3SvJI=,vUMKpNNzoXTXdXizTNve/2O5TOg=
4,41,GoBZv8/Sj+f3t700yDjF2P3SvJI=,vUMKpNNzoXTXdXizTNve/2O5TOg=
2,41,GoBZv8/Sj+f3t700yDjF2P3SvJI=,vUMKpNNzoXTXdXizTNve/2O5TOg=
3,41,GoBZv8/Sj+f3t700yDjF2P3SvJI=,vUMKpNNzoXTXdXizTNve/2O5TOg=
1,41,GoBZv8/Sj+f3t700yDjF2P3SvJI=,vUMKpNNzoXTXdXizTNve/2O5TOg=
11,37,GoBZv8/Sj+f3t700yDjF2P3SvJI=,vUMKpNNzoXTXdXizTNve/2O5TOg=
0,41,GoBZv8/Sj+f3t700yDjF2P3SvJI=,vUMKpNNzoXTXdXizTNve/2O5TOg=
14,40,GoBZv8/Sj+f3t700yDjF2P3SvJI=,vUMKpNNzoXTXdXizTNve/2O5TOg=
15,40,GoBZv8/Sj+f3t700yDjF2P3SvJI=,vUMKpNNzoXTXdXizTNve/2O5TOg=
12,37,GoBZv8/Sj+f3t700yDjF2P3SvJI=,vUMKpNNzoXTXdXizTNve/2O5TOg=
13,37,GoBZv8/Sj+f3t700yDjF2P3SvJI=,vUMKpNNzoXTXdXizTNve/2O5TOg=
13,40,GoBZv8/Sj+f3t700yDjF2P3SvJI=,vUMKpNNzoXTXdXizTNve/2O5TOg=
12,40,GoBZv8/Sj+f3t700yDjF2P3SvJI=,vUMKpNNzoXTXdXizTNve/2O5TOg=
11,40,GoBZv8/Sj+f3t700yDjF2P3SvJI=,vUMKpNNzoXTXdXizTNve/2O5TOg=
10,40,GoBZv8/Sj+f3t700yDjF2P3SvJI=,vUMKpNNzoXTXdXizTNve/2O5TOg=
14,37,GoBZv8/Sj+f3t700yDjF2P3SvJI=,vUMKpNNzoXTXdXizTNve/2O5TOg=
6,34,GoBZv8/Sj+f3t700yDjF2P3SvJI=,vUMKpNNzoXTXdXizTNve/2O5TOg=
10,32,GoBZv8/Sj+f3t700yDjF2P3SvJI=,vUMKpNNzoXTXdXizTNve/2O5TOg=
15,37,GoBZv8/Sj+f3t700yDjF2P3SvJI=,vUMKpNNzoXTXdXizTNve/2O5TOg=
9,40,GoBZv8/Sj+f3t700yDjF2P3SvJI=,vUMKpNNzoXTXdXizTNve/2O5TOg=
0,38,GoBZv8/Sj+f3t700yDjF2P3SvJI=,vUMKpNNzoXTXdXizTNve/2O5TOg=
8,40,GoBZv8/Sj+f3t700yDjF2P3SvJI=,vUMKpNNzoXTXdXizTNve/2O5TOg=
7,40,GoBZv8/Sj+f3t700yDjF2P3SvJI=,vUMKpNNzoXTXdXizTNve/2O5TOg=
1,38,GoBZv8/Sj+f3t700yDjF2P3SvJI=,vUMKpNNzoXTXdXizTNve/2O5TOg=
6,40,GoBZv8/Sj+f3t700yDjF2P3SvJI=,vUMKpNNzoXTXdXizTNve/2O5TOg=
5,40,GoBZv8/Sj+f3t700yDjF2P3SvJI=,vUMKpNNzoXTXdXizTNve/2O5TOg=
4,40,GoBZv8/Sj+f3t700yDjF2P3SvJI=,vUMKpNNzoXTXdXizTNve/2O5TOg=
3,40,GoBZv8/Sj+f3t700yDjF2P3SvJI=,vUMKpNNzoXTXdXizTNve/2O5TOg=
2,38,GoBZv8/Sj+f3t700yDjF2P3SvJI=,vUMKpNNzoXTXdXizTNve/2O5TOg=
2,40,GoBZv8/Sj+f3t700yDjF2P3SvJI=,vUMKpNNzoXTXdXizTNve/2O5TOg=
1,40,GoBZv8/Sj+f3t700yDjF2P3SvJI=,vUMKpNNzoXTXdXizTNve/2O5TOg=
3,38,GoBZv8/Sj+f3t700yDjF2P3SvJI=,vUMKpNNzoXTXdXizTNve/2O5TOg=
0,40,GoBZv8/Sj+f3t700yDjF2P3SvJI=,vUMKpNNzoXTXdXizTNve/2O5TOg=
15,39,GoBZv8/Sj+f3t700yDjF2P3SvJI=,vUMKpNNzoXTXdXizTNve/2O5TOg=
4,38,GoBZv8/Sj+f3t700yDjF2P3SvJI=,vUMKpNNzoXTXdXizTNve/2O5TOg=
14,39,GoBZv8/Sj+f3t700yDjF2P3SvJI=,vUMKpNNzoXTXdXizTNve/2O5TOg=
13,39,GoBZv8/Sj+f3t700yDjF2P3SvJI=,vUMKpNNzoXTXdXizTNve/2O5TOg=
12,39,GoBZv8/Sj+f3t700yDjF2P3SvJI=,vUMKpNNzoXTXdXizTNve/2O5TOg=
11,39,GoBZv8/Sj+f3t700yDjF2P3SvJI=,vUMKpNNzoXTXdXizTNve/2O5TOg=
5,38,GoBZv8/Sj+f3t700yDjF2P3SvJI=,vUMKpNNzoXTXdXizTNve/2O5TOg=
10,39,GoBZv8/Sj+f3t700yDjF2P3SvJI=,vUMKpNNzoXTXdXizTNve/2O5TOg=
6,38,GoBZv8/Sj+f3t700yDjF2P3SvJI=,vUMKpNNzoXTXdXizTNve/2O5TOg=
9,39,GoBZv8/Sj+f3t700yDjF2P3SvJI=,vUMKpNNzoXTXdXizTNve/2O5TOg=
9,32,GoBZv8/Sj+f3t700yDjF2P3SvJI=,vUMKpNNzoXTXdXizTNve/2O5TOg=
7,38,GoBZv8/Sj+f3t700yDjF2P3SvJI=,vUMKpNNzoXTXdXizTNve/2O5TOg=
5,34,GoBZv8/Sj+f3t700yDjF2P3SvJI=,vUMKpNNzoXTXdXizTNve/2O5TOg=
8,39,GoBZv8/Sj+f3t700yDjF2P3SvJI=,vUMKpNNzoXTXdXizTNve/2O5TOg=
8,38,GoBZv8/Sj+f3t700yDjF2P3SvJI=,vUMKpNNzoXTXdXizTNve/2O5TOg=
7,39,GoBZv8/Sj+f3t700yDjF2P3SvJI=,vUMKpNNzoXTXdXizTNve/2O5TOg=
6,39,GoBZv8/Sj+f3t700yDjF2P3SvJI=,vUMKpNNzoXTXdXizTNve/2O5TOg=
5,39,GoBZv8/Sj+f3t700yDjF2P3SvJI=,vUMKpNNzoXTXdXizTNve/2O5TOg=
4,34,GoBZv8/Sj+f3t700yDjF2P3SvJI=,vUMKpNNzoXTXdXizTNve/2O5TOg=
4,39,GoBZv8/Sj+f3t700yDjF2P3SvJI=,vUMKpNNzoXTXdXizTNve/2O5TOg=
3,39,GoBZv8/Sj+f3t700yDjF2P3SvJI=,vUMKpNNzoXTXdXizTNve/2O5TOg=
8,32,GoBZv8/Sj+f3t700yDjF2P3SvJI=,vUMKpNNzoXTXdXizTNve/2O5TOg=
2,39,GoBZv8/Sj+f3t700yDjF2P3SvJI=,vUMKpNNzoXTXdXizTNve/2O5TOg=
1,39,GoBZv8/Sj+f3t700yDjF2P3SvJI=,vUMKpNNzoXTXdXizTNve/2O5TOg=
9,38,GoBZv8/Sj+f3t700yDjF2P3SvJI=,vUMKpNNzoXTXdXizTNve/2O5TOg=
0,39,GoBZv8/Sj+f3t700yDjF2P3SvJI=,vUMKpNNzoXTXdXizTNve/2O5TOg=
15,38,GoBZv8/Sj+f3t700yDjF2P3SvJI=,vUMKpNNzoXTXdXizTNve/2O5TOg=
14,38,GoBZv8/Sj+f3t700yDjF2P3SvJI=,vUMKpNNzoXTXdXizTNve/2O5TOg=
13,38,GoBZv8/Sj+f3t700yDjF2P3SvJI=,vUMKpNNzoXTXdXizTNve/2O5TOg=
10,38,GoBZv8/Sj+f3t700yDjF2P3SvJI=,vUMKpNNzoXTXdXizTNve/2O5TOg=
12,38,GoBZv8/Sj+f3t700yDjF2P3SvJI=,vUMKpNNzoXTXdXizTNve/2O5TOg=
11,38,GoBZv8/Sj+f3t700yDjF2P3SvJI=,vUMKpNNzoXTXdXizTNve/2O5TOg=
14,32,GoBZv8/Sj+f3t700yDjF2P3SvJI=,vUMKpNNzoXTXdXizTNve/2O5TOg=
13,32,GoBZv8/Sj+f3t700yDjF2P3SvJI=,vUMKpNNzoXTXdXizTNve/2O5TOg=
28,51,ZJ5JIzxI6I3+NouHd8qeg9YWGSQ=,2JBtZnOGw0yuj5TOhLADY+XMGM8=
19,48,ZJ5JIzxI6I3+NouHd8qeg9YWGSQ=,2JBtZnOGw0yuj5TOhLADY+XMGM8=
31,49,ZJ5JIzxI6I3+NouHd8qeg9YWGSQ=,2JBtZnOGw0yuj5TOhLADY+XMGM8=
28,50,ZJ5JIzxI6I3+NouHd8qeg9YWGSQ=,2JBtZnOGw0yuj5TOhLADY+XMGM8=
31,63,ZJ5JIzxI6I3+NouHd8qeg9YWGSQ=,2JBtZnOGw0yuj5TOhLADY+XMGM8=
29,50,ZJ5JIzxI6I3+NouHd8qeg9YWGSQ=,2JBtZnOGw0yuj5TOhLADY+XMGM8=
26,50,ZJ5JIzxI6I3+NouHd8qeg9YWGSQ=,2JBtZnOGw0yuj5TOhLADY+XMGM8=
27,50,ZJ5JIzxI6I3+NouHd8qeg9YWGSQ=,2JBtZnOGw0yuj5TOhLADY+XMGM8=
24,50,ZJ5JIzxI6I3+NouHd8qeg9YWGSQ=,2JBtZnOGw0yuj5TOhLADY+XMGM8=
22,50,ZJ5JIzxI6I3+NouHd8qeg9YWGSQ=,2JBtZnOGw0yuj5TOhLADY+XMGM8=
23,50,ZJ5JIzxI6I3+NouHd8qeg9YWGSQ=,2JBtZnOGw0yuj5TOhLADY+XMGM8=
27,51,ZJ5JIzxI6I3+NouHd8qeg9YWGSQ=,2JBtZnOGw0yuj5TOhLADY+XMGM8=
21,50,ZJ5JIzxI6I3+NouHd8qeg9YWGSQ=,2JBtZnOGw0yuj5TOhLADY+XMGM8=
25,50,ZJ5JIzxI6I3+NouHd8qeg9YWGSQ=,2JBtZnOGw0yuj5TOhLADY+XMGM8=
20,50,ZJ5JIzxI6I3+NouHd8qeg9YWGSQ=,2JBtZnOGw0yuj5TOhLADY+XMGM8=
30,63,ZJ5JIzxI6I3+NouHd8qeg9YWGSQ=,2JBtZnOGw0yuj5TOhLADY+XMGM8=
29,63,ZJ5JIzxI6I3+NouHd8qeg9YWGSQ=,2JBtZnOGw0yuj5TOhLADY+XMGM8=
28,63,ZJ5JIzxI6I3+NouHd8qeg9YWGSQ=,2JBtZnOGw0yuj5TOhLADY+XMGM8=
19,50,ZJ5JIzxI6I3+NouHd8qeg9YWGSQ=,2JBtZnOGw0yuj5TOhLADY+XMGM8=
26,63,ZJ5JIzxI6I3+NouHd8qeg9YWGSQ=,2JBtZnOGw0yuj5TOhLADY+XMGM8=
27,63,ZJ5JIzxI6I3+NouHd8qeg9YWGSQ=,2JBtZnOGw0yuj5TOhLADY+XMGM8=
24,63,ZJ5JIzxI6I3+NouHd8qeg9YWGSQ=,2JBtZnOGw0yuj5TOhLADY+XMGM8=
18,50,ZJ5JIzxI6I3+NouHd8qeg9YWGSQ=,2JBtZnOGw0yuj5TOhLADY+XMGM8=
17,50,ZJ5JIzxI6I3+NouHd8qeg9YWGSQ=,2JBtZnOGw0yuj5TOhLADY+XMGM8=
25,63,ZJ5JIzxI6I3+NouHd8qeg9YWGSQ=,2JBtZnOGw0yuj5TOhLADY+XMGM8=
23,63,ZJ5JIzxI6I3+NouHd8qeg9YWGSQ=,2JBtZnOGw0yuj5TOhLADY+XMGM8=
16,50,ZJ5JIzxI6I3+NouHd8qeg9YWGSQ=,2JBtZnOGw0yuj5TOhLADY+XMGM8=
22,63,ZJ5JIzxI6I3+NouHd8qeg9YWGSQ=,2JBtZnOGw0yuj5TOhLADY+XMGM8=
21,63,ZJ5JIzxI6I3+NouHd8qeg9YWGSQ=,2JBtZnOGw0yuj5TOhLADY+XMGM8=
20,63,ZJ5JIzxI6I3+NouHd8qeg9YWGSQ=,2JBtZnOGw0yuj5TOhLADY+XMGM8=
19,63,ZJ5JIzxI6I3+NouHd8qeg9YWGSQ=,2JBtZnOGw0yuj5TOhLADY+XMGM8=
18,48,ZJ5JIzxI6I3+NouHd8qeg9YWGSQ=,2JBtZnOGw0yuj5TOhLADY+XMGM8=
18,63,ZJ5JIzxI6I3+NouHd8qeg9YWGSQ=,2JBtZnOGw0yuj5TOhLADY+XMGM8=
26,51,ZJ5JIzxI6I3+NouHd8qeg9YWGSQ=,2JBtZnOGw0yuj5TOhLADY+XMGM8=
17,63,ZJ5JIzxI6I3+NouHd8qeg9YWGSQ=,2JBtZnOGw0yuj5TOhLADY+XMGM8=
30,49,ZJ5JIzxI6I3+NouHd8qeg9YWGSQ=,2JBtZnOGw0yuj5TOhLADY+XMGM8=
16,63,ZJ5JIzxI6I3+NouHd8qeg9YWGSQ=,2JBtZnOGw0yuj5TOhLADY+XMGM8=
30,62,ZJ5JIzxI6I3+NouHd8qeg9YWGSQ=,2JBtZnOGw0yuj5TOhLADY+XMGM8=
29,62,ZJ5JIzxI6I3+NouHd8qeg9YWGSQ=,2JBtZnOGw0yuj5TOhLADY+XMGM8=
28,62,ZJ5JIzxI6I3+NouHd8qeg9YWGSQ=,2JBtZnOGw0yuj5TOhLADY+XMGM8=
31,62,ZJ5JIzxI6I3+NouHd8qeg9YWGSQ=,2JBtZnOGw0yuj5TOhLADY+XMGM8=
25,62,ZJ5JIzxI6I3+NouHd8qeg9YWGSQ=,2JBtZnOGw0yuj5TOhLADY+XMGM8=
27,62,ZJ5JIzxI6I3+NouHd8qeg9YWGSQ=,2JBtZnOGw0yuj5TOhLADY+XMGM8=
26,62,ZJ5JIzxI6I3+NouHd8qeg9YWGSQ=,2JBtZnOGw0yuj5TOhLADY+XMGM8=
24,62,ZJ5JIzxI6I3+NouHd8qeg9YWGSQ=,2JBtZnOGw0yuj5TOhLADY+XMGM8=
22,62,ZJ5JIzxI6I3+NouHd8qeg9YWGSQ=,2JBtZnOGw0yuj5TOhLADY+XMGM8=
23,62,ZJ5JIzxI6I3+NouHd8qeg9YWGSQ=,2JBtZnOGw0yuj5TOhLADY+XMGM8=
20,62,ZJ5JIzxI6I3+NouHd8qeg9YWGSQ=,2JBtZnOGw0yuj5TOhLADY+XMGM8=
21,62,ZJ5JIzxI6I3+NouHd8qeg9YWGSQ=,2JBtZnOGw0yuj5TOhLADY+XMGM8=
19,62,ZJ5JIzxI6I3+NouHd8qeg9YWGSQ=,2JBtZnOGw0yuj5TOhLADY+XMGM8=
18,62,ZJ5JIzxI6I3+NouHd8qeg9YWGSQ=,2JBtZnOGw0yuj5TOhLADY+XMGM8=
17,49,ZJ5JIzxI6I3+NouHd8qeg9YWGSQ=,2JBtZnOGw0yuj5TOhLADY+XMGM8=
25,51,ZJ5JIzxI6I3+NouHd8qeg9YWGSQ=,2JBtZnOGw0yuj5TOhLADY+XMGM8=
16,49,ZJ5JIzxI6I3+NouHd8qeg9YWGSQ=,2JBtZnOGw0yuj5TOhLADY+XMGM8=
17,62,ZJ5JIzxI6I3+NouHd8qeg9YWGSQ=,2JBtZnOGw0yuj5TOhLADY+XMGM8=
16,62,ZJ5JIzxI6I3+NouHd8qeg9YWGSQ=,2JBtZnOGw0yuj5TOhLADY+XMGM8=
17,48,ZJ5JIzxI6I3+NouHd8qeg9YWGSQ=,2JBtZnOGw0yuj5TOhLADY+XMGM8=
31,61,ZJ5JIzxI6I3+NouHd8qeg9YWGSQ=,2JBtZnOGw0yuj5TOhLADY+XMGM8=
30,61,ZJ5JIzxI6I3+NouHd8qeg9YWGSQ=,2JBtZnOGw0yuj5TOhLADY+XMGM8=
29,61,ZJ5JIzxI6I3+NouHd8qeg9YWGSQ=,2JBtZnOGw0yuj5TOhLADY+XMGM8=
28,61,ZJ5JIzxI6I3+NouHd8qeg9YWGSQ=,2JBtZnOGw0yuj5TOhLADY+XMGM8=
27,61,ZJ5JIzxI6I3+NouHd8qeg9YWGSQ=,2JBtZnOGw0yuj5TOhLADY+XMGM8=
26,61,ZJ5JIzxI6I3+NouHd8qeg9YWGSQ=,2JBtZnOGw0yuj5TOhLADY+XMGM8=
25,61,ZJ5JIzxI6I3+NouHd8qeg9YWGSQ=,2JBtZnOGw0yuj5TOhLADY+XMGM8=
24,61,ZJ5JIzxI6I3+NouHd8qeg9YWGSQ=,2JBtZnOGw0yuj5TOhLADY+XMGM8=
23,61,ZJ5JIzxI6I3+NouHd8qeg9YWGSQ=,2JBtZnOGw0yuj5TOhLADY+XMGM8=
22,61,ZJ5JIzxI6I3+NouHd8qeg9YWGSQ=,2JBtZnOGw0yuj5TOhLADY+XMGM8=
21,61,ZJ5JIzxI6I3+NouHd8qeg9YWGSQ=,2JBtZnOGw0yuj5TOhLADY+XMGM8=
19,61,ZJ5JIzxI6I3+NouHd8qeg9YWGSQ=,2JBtZnOGw0yuj5TOhLADY+XMGM8=
29,49,ZJ5JIzxI6I3+NouHd8qeg9YWGSQ=,2JBtZnOGw0yuj5TOhLADY+XMGM8=
31,48,ZJ5JIzxI6I3+NouHd8qeg9YWGSQ=,2JBtZnOGw0yuj5TOhLADY+XMGM8=
20,61,ZJ5JIzxI6I3+NouHd8qeg9YWGSQ=,2JBtZnOGw0yuj5TOhLADY+XMGM8=
24,51,ZJ5JIzxI6I3+NouHd8qeg9YWGSQ=,2JBtZnOGw0yuj5TOhLADY+XMGM8=
17,61,ZJ5JIzxI6I3+NouHd8qeg9YWGSQ=,2JBtZnOGw0yuj5TOhLADY+XMGM8=
16,61,ZJ5JIzxI6I3+NouHd8qeg9YWGSQ=,2JBtZnOGw0yuj5TOhLADY+XMGM8=
28,49,ZJ5JIzxI6I3+NouHd8qeg9YWGSQ=,2JBtZnOGw0yuj5TOhLADY+XMGM8=
18,61,ZJ5JIzxI6I3+NouHd8qeg9YWGSQ=,2JBtZnOGw0yuj5TOhLADY+XMGM8=
31,60,ZJ5JIzxI6I3+NouHd8qeg9YWGSQ=,2JBtZnOGw0yuj5TOhLADY+XMGM8=
30,60,ZJ5JIzxI6I3+NouHd8qeg9YWGSQ=,2JBtZnOGw0yuj5TOhLADY+XMGM8=
29,60,ZJ5JIzxI6I3+NouHd8qeg9YWGSQ=,2JBtZnOGw0yuj5TOhLADY+XMGM8=
28,60,ZJ5JIzxI6I3+NouHd8qeg9YWGSQ=,2JBtZnOGw0yuj5TOhLADY+XMGM8=
27,60,ZJ5JIzxI6I3+NouHd8qeg9YWGSQ=,2JBtZnOGw0yuj5TOhLADY+XMGM8=
26,60,ZJ5JIzxI6I3+NouHd8qeg9YWGSQ=,2JBtZnOGw0yuj5TOhLADY+XMGM8=
25,60,ZJ5JIzxI6I3+NouHd8qeg9YWGSQ=,2JBtZnOGw0yuj5TOhLADY+XMGM8=
23,60,ZJ5JIzxI6I3+NouHd8qeg9YWGSQ=,2JBtZnOGw0yuj5TOhLADY+XMGM8=
22,60,ZJ5JIzxI6I3+NouHd8qeg9YWGSQ=,2JBtZnOGw0yuj5TOhLADY+XMGM8=
24,60,ZJ5JIzxI6I3+NouHd8qeg9YWGSQ=,2JBtZnOGw0yuj5TOhLADY+XMGM8=
21,60,ZJ5JIzxI6I3+NouHd8qeg9YWGSQ=,2JBtZnOGw0yuj5TOhLADY+XMGM8=
20,60,ZJ5JIzxI6I3+NouHd8qeg9YWGSQ=,2JBtZnOGw0yuj5TOhLADY+XMGM8=
30,48,ZJ5JIzxI6I3+NouHd8qeg9YWGSQ=,2JBtZnOGw0yuj5TOhLADY+XMGM8=
23,51,ZJ5JIzxI6I3+NouHd8qeg9YWGSQ=,2JBtZnOGw0yuj5TOhLADY+XMGM8=
19,60,ZJ5JIzxI6I3+NouHd8qeg9YWGSQ=,2JBtZnOGw0yuj5TOhLADY+XMGM8=
18,60,ZJ5JIzxI6I3+NouHd8qeg9YWGSQ=,2JBtZnOGw0yuj5TOhLADY+XMGM8=
17,60,ZJ5JIzxI6I3+NouHd8qeg9YWGSQ=,2JBtZnOGw0yuj5TOhLADY+XMGM8=
16,60,ZJ5JIzxI6I3+NouHd8qeg9YWGSQ=,2JBtZnOGw0yuj5TOhLADY+XMGM8=
27,49,ZJ5JIzxI6I3+NouHd8qeg9YWGSQ=,2JBtZnOGw0yuj5TOhLADY+XMGM8=
31,59,ZJ5JIzxI6I3+NouHd8qeg9YWGSQ=,2JBtZnOGw0yuj5TOhLADY+XMGM8=
30,59,ZJ5JIzxI6I3+NouHd8qeg9YWGSQ=,2JBtZnOGw0yuj5TOhLADY+XMGM8=
28,59,ZJ5JIzxI6I3+NouHd8qeg9YWGSQ=,2JBtZnOGw0yuj5TOhLADY+XMGM8=
29,59,ZJ5JIzxI6I3+NouHd8qeg9YWGSQ=,2JBtZnOGw0yuj5TOhLADY+XMGM8=
27,59,ZJ5JIzxI6I3+NouHd8qeg9YWGSQ=,2JBtZnOGw0yuj5TOhLADY+XMGM8=
26,59,ZJ5JIzxI6I3+NouHd8qeg9YWGSQ=,2JBtZnOGw0yuj5TOhLADY+XMGM8=
25,59,ZJ5JIzxI6I3+NouHd8qeg9YWGSQ=,2JBtZnOGw0yuj5TOhLADY+XMGM8=
24,59,ZJ5JIzxI6I3+NouHd8qeg9YWGSQ=,2JBtZnOGw0yuj5TOhLADY+XMGM8=
23,59,ZJ5JIzxI6I3+NouHd8qeg9YWGSQ=,2JBtZnOGw0yuj5TOhLADY+XMGM8=
22,59,ZJ5JIzxI6I3+NouHd8qeg9YWGSQ=,2JBtZnOGw0yuj5TOhLADY+XMGM8=
21,59,ZJ5JIzxI6I3+NouHd8qeg9YWGSQ=,2JBtZnOGw0yuj5TOhLADY+XMGM8=
29,48,ZJ5JIzxI6I3+NouHd8qeg9YWGSQ=,2JBtZnOGw0yuj5TOhLADY+XMGM8=
20,59,ZJ5JIzxI6I3+NouHd8qeg9YWGSQ=,2JBtZnOGw0yuj5TOhLADY+XMGM8=
22,51,ZJ5JIzxI6I3+NouHd8qeg9YWGSQ=,2JBtZnOGw0yuj5TOhLADY+XMGM8=
19,59,ZJ5JIzxI6I3+NouHd8qeg9YWGSQ=,2JBtZnOGw0yuj5TOhLADY+XMGM8=
18,59,ZJ5JIzxI6I3+NouHd8qeg9YWGSQ=,2JBtZnOGw0yuj5TOhLADY+XMGM8=
17,59,ZJ5JIzxI6I3+NouHd8qeg9YWGSQ=,2JBtZnOGw0yuj5TOhLADY+XMGM8=
16,59,ZJ5JIzxI6I3+NouHd8qeg9YWGSQ=,2JBtZnOGw0yuj5TOhLADY+XMGM8=
26,49,ZJ5JIzxI6I3+NouHd8qeg9YWGSQ=,2JBtZnOGw0yuj5TOhLADY+XMGM8=
31,58,ZJ5JIzxI6I3+NouHd8qeg9YWGSQ=,2JBtZnOGw0yuj5TOhLADY+XMGM8=
30,58,ZJ5JIzxI6I3+NouHd8qeg9YWGSQ=,2JBtZnOGw0yuj5TOhLADY+XMGM8=
29,58,ZJ5JIzxI6I3+NouHd8qeg9YWGSQ=,2JBtZnOGw0yuj5TOhLADY+XMGM8=
28,58,ZJ5JIzxI6I3+NouHd8qeg9YWGSQ=,2JBtZnOGw0yuj5TOhLADY+XMGM8=
27,58,ZJ5JIzxI6I3+NouHd8qeg9YWGSQ=,2JBtZnOGw0yuj5TOhLADY+XMGM8=
26,58,ZJ5JIzxI6I3+NouHd8qeg9YWGSQ=,2JBtZnOGw0yuj5TOhLADY+XMGM8=
25,58,ZJ5JIzxI6I3+NouHd8qeg9YWGSQ=,2JBtZnOGw0yuj5TOhLADY+XMGM8=
24,58,ZJ5JIzxI6I3+NouHd8qeg9YWGSQ=,2JBtZnOGw0yuj5TOhLADY+XMGM8=
22,58,ZJ5JIzxI6I3+NouHd8qeg9YWGSQ=,2JBtZnOGw0yuj5TOhLADY+XMGM8=
23,58,ZJ5JIzxI6I3+NouHd8qeg9YWGSQ=,2JBtZnOGw0yuj5TOhLADY+XMGM8=
28,48,ZJ5JIzxI6I3+NouHd8qeg9YWGSQ=,2JBtZnOGw0yuj5TOhLADY+XMGM8=
21,58,ZJ5JIzxI6I3+NouHd8qeg9YWGSQ=,2JBtZnOGw0yuj5TOhLADY+XMGM8=
20,58,ZJ5JIzxI6I3+NouHd8qeg9YWGSQ=,2JBtZnOGw0yuj5TOhLADY+XMGM8=
19,58,ZJ5JIzxI6I3+NouHd8qeg9YWGSQ=,2JBtZnOGw0yuj5TOhLADY+XMGM8=
18,58,ZJ5JIzxI6I3+NouHd8qeg9YWGSQ=,2JBtZnOGw0yuj5TOhLADY+XMGM8=
17,58,ZJ5JIzxI6I3+NouHd8qeg9YWGSQ=,2JBtZnOGw0yuj5TOhLADY+XMGM8=
25,49,ZJ5JIzxI6I3+NouHd8qeg9YWGSQ=,2JBtZnOGw0yuj5TOhLADY+XMGM8=
16,58,ZJ5JIzxI6I3+NouHd8qeg9YWGSQ=,2JBtZnOGw0yuj5TOhLADY+XMGM8=
31,57,ZJ5JIzxI6I3+NouHd8qeg9YWGSQ=,2JBtZnOGw0yuj5TOhLADY+XMGM8=
30,57,ZJ5JIzxI6I3+NouHd8qeg9YWGSQ=,2JBtZnOGw0yuj5TOhLADY+XMGM8=
29,57,ZJ5JIzxI6I3+NouHd8qeg9YWGSQ=,2JBtZnOGw0yuj5TOhLADY+XMGM8=
28,57,ZJ5JIzxI6I3+NouHd8qeg9YWGSQ=,2JBtZnOGw0yuj5TOhLADY+XMGM8=
27,57,ZJ5JIzxI6I3+NouHd8qeg9YWGSQ=,2JBtZnOGw0yuj5TOhLADY+XMGM8=
26,57,ZJ5JIzxI6I3+NouHd8qeg9YWGSQ=,2JBtZnOGw0yuj5TOhLADY+XMGM8=
25,57,ZJ5JIzxI6I3+NouHd8qeg9YWGSQ=,2JBtZnOGw0yuj5TOhLADY+XMGM8=
24,57,ZJ5JIzxI6I3+NouHd8qeg9YWGSQ=,2JBtZnOGw0yuj5TOhLADY+XMGM8=
23,57,ZJ5JIzxI6I3+NouHd8qeg9YWGSQ=,2JBtZnOGw0yuj5TOhLADY+XMGM8=
27,48,ZJ5JIzxI6I3+NouHd8qeg9YWGSQ=,2JBtZnOGw0yuj5TOhLADY+XMGM8=
22,57,ZJ5JIzxI6I3+NouHd8qeg9YWGSQ=,2JBtZnOGw0yuj5TOhLADY+XMGM8=
21,57,ZJ5JIzxI6I3+NouHd8qeg9YWGSQ=,2JBtZnOGw0yuj5TOhLADY+XMGM8=
20,57,ZJ5JIzxI6I3+NouHd8qeg9YWGSQ=,2JBtZnOGw0yuj5TOhLADY+XMGM8=
19,57,ZJ5JIzxI6I3+NouHd8qeg9YWGSQ=,2JBtZnOGw0yuj5TOhLADY+XMGM8=
18,57,ZJ5JIzxI6I3+NouHd8qeg9YWGSQ=,2JBtZnOGw0yuj5TOhLADY+XMGM8=
24,49,ZJ5JIzxI6I3+NouHd8qeg9YWGSQ=,2JBtZnOGw0yuj5TOhLADY+XMGM8=
16,57,ZJ5JIzxI6I3+NouHd8qeg9YWGSQ=,2JBtZnOGw0yuj5TOhLADY+XMGM8=
17,57,ZJ5JIzxI6I3+NouHd8qeg9YWGSQ=,2JBtZnOGw0yuj5TOhLADY+XMGM8=
31,56,ZJ5JIzxI6I3+NouHd8qeg9YWGSQ=,2JBtZnOGw0yuj5TOhLADY+XMGM8=
30,56,ZJ5JIzxI6I3+NouHd8qeg9YWGSQ=,2JBtZnOGw0yuj5TOhLADY+XMGM8=
29,56,ZJ5JIzxI6I3+NouHd8qeg9YWGSQ=,2JBtZnOGw0yuj5TOhLADY+XMGM8=
28,56,ZJ5JIzxI6I3+NouHd8qeg9YWGSQ=,2JBtZnOGw0yuj5TOhLADY+XMGM8=
27,56,ZJ5JIzxI6I3+NouHd8qeg9YWGSQ=,2JBtZnOGw0yuj5TOhLADY+XMGM8=
26,56,ZJ5JIzxI6I3+NouHd8qeg9YWGSQ=,2JBtZnOGw0yuj5TOhLADY+XMGM8=
25,56,ZJ5JIzxI6I3+NouHd8qeg9YWGSQ=,2JBtZnOGw0yuj5TOhLADY+XMGM8=
26,48,ZJ5JIzxI6I3+NouHd8qeg9YWGSQ=,2JBtZnOGw0yuj5TOhLADY+XMGM8=
24,56,ZJ5JIzxI6I3+NouHd8qeg9YWGSQ=,2JBtZnOGw0yuj5TOhLADY+XMGM8=
19,51,ZJ5JIzxI6I3+NouHd8qeg9YWGSQ=,2JBtZnOGw0yuj5TOhLADY+XMGM8=
23,56,ZJ5JIzxI6I3+NouHd8qeg9YWGSQ=,2JBtZnOGw0yuj5TOhLADY+XMGM8=
22,56,ZJ5JIzxI6I3+NouHd8qeg9YWGSQ=,2JBtZnOGw0yuj5TOhLADY+XMGM8=
21,56,ZJ5JIzxI6I3+NouHd8qeg9YWGSQ=,2JBtZnOGw0yuj5TOhLADY+XMGM8=
19,56,ZJ5JIzxI6I3+NouHd8qeg9YWGSQ=,2JBtZnOGw0yuj5TOhLADY+XMGM8=
20,56,ZJ5JIzxI6I3+NouHd8qeg9YWGSQ=,2JBtZnOGw0yuj5TOhLADY+XMGM8=
18,56,ZJ5JIzxI6I3+NouHd8qeg9YWGSQ=,2JBtZnOGw0yuj5TOhLADY+XMGM8=
17,56,ZJ5JIzxI6I3+NouHd8qeg9YWGSQ=,2JBtZnOGw0yuj5TOhLADY+XMGM8=
23,49,ZJ5JIzxI6I3+NouHd8qeg9YWGSQ=,2JBtZnOGw0yuj5TOhLADY+XMGM8=
16,56,ZJ5JIzxI6I3+NouHd8qeg9YWGSQ=,2JBtZnOGw0yuj5TOhLADY+XMGM8=
31,55,ZJ5JIzxI6I3+NouHd8qeg9YWGSQ=,2JBtZnOGw0yuj5TOhLADY+XMGM8=
30,55,ZJ5JIzxI6I3+NouHd8qeg9YWGSQ=,2JBtZnOGw0yuj5TOhLADY+XMGM8=
29,55,ZJ5JIzxI6I3+NouHd8qeg9YWGSQ=,2JBtZnOGw0yuj5TOhLADY+XMGM8=
28,55,ZJ5JIzxI6I3+NouHd8qeg9YWGSQ=,2JBtZnOGw0yuj5TOhLADY+XMGM8=
27,55,ZJ5JIzxI6I3+NouHd8qeg9YWGSQ=,2JBtZnOGw0yuj5TOhLADY+XMGM8=
26,55,ZJ5JIzxI6I3+NouHd8qeg9YWGSQ=,2JBtZnOGw0yuj5TOhLADY+XMGM8=
25,55,ZJ5JIzxI6I3+NouHd8qeg9YWGSQ=,2JBtZnOGw0yuj5TOhLADY+XMGM8=
18,51,ZJ5JIzxI6I3+NouHd8qeg9YWGSQ=,2JBtZnOGw0yuj5TOhLADY+XMGM8=
25,48,ZJ5JIzxI6I3+NouHd8qeg9YWGSQ=,2JBtZnOGw0yuj5TOhLADY+XMGM8=
24,55,ZJ5JIzxI6I3+NouHd8qeg9YWGSQ=,2JBtZnOGw0yuj5TOhLADY+XMGM8=
23,55,ZJ5JIzxI6I3+NouHd8qeg9YWGSQ=,2JBtZnOGw0yuj5TOhLADY+XMGM8=
22,55,ZJ5JIzxI6I3+NouHd8qeg9YWGSQ=,2JBtZnOGw0yuj5TOhLADY+XMGM8=
21,55,ZJ5JIzxI6I3+NouHd8qeg9YWGSQ=,2JBtZnOGw0yuj5TOhLADY+XMGM8=
19,55,ZJ5JIzxI6I3+NouHd8qeg9YWGSQ=,2JBtZnOGw0yuj5TOhLADY+XMGM8=
18,55,ZJ5JIzxI6I3+NouHd8qeg9YWGSQ=,2JBtZnOGw0yuj5TOhLADY+XMGM8=
20,55,ZJ5JIzxI6I3+NouHd8qeg9YWGSQ=,2JBtZnOGw0yuj5TOhLADY+XMGM8=
17,55,ZJ5JIzxI6I3+NouHd8qeg9YWGSQ=,2JBtZnOGw0yuj5TOhLADY+XMGM8=
22,49,ZJ5JIzxI6I3+NouHd8qeg9YWGSQ=,2JBtZnOGw0yuj5TOhLADY+XMGM8=
31,54,ZJ5JIzxI6I3+NouHd8qeg9YWGSQ=,2JBtZnOGw0yuj5TOhLADY+XMGM8=
30,54,ZJ5JIzxI6I3+NouHd8qeg9YWGSQ=,2JBtZnOGw0yuj5TOhLADY+XMGM8=
16,55,ZJ5JIzxI6I3+NouHd8qeg9YWGSQ=,2JBtZnOGw0yuj5TOhLADY+XMGM8=
29,54,ZJ5JIzxI6I3+NouHd8qeg9YWGSQ=,2JBtZnOGw0yuj5TOhLADY+XMGM8=
28,54,ZJ5JIzxI6I3+NouHd8qeg9YWGSQ=,2JBtZnOGw0yuj5TOhLADY+XMGM8=
27,54,ZJ5JIzxI6I3+NouHd8qeg9YWGSQ=,2JBtZnOGw0yuj5TOhLADY+XMGM8=
26,54,ZJ5JIzxI6I3+NouHd8qeg9YWGSQ=,2JBtZnOGw0yuj5TOhLADY+XMGM8=
17,51,ZJ5JIzxI6I3+NouHd8qeg9YWGSQ=,2JBtZnOGw0yuj5TOhLADY+XMGM8=
24,48,ZJ5JIzxI6I3+NouHd8qeg9YWGSQ=,2JBtZnOGw0yuj5TOhLADY+XMGM8=
24,54,ZJ5JIzxI6I3+NouHd8qeg9YWGSQ=,2JBtZnOGw0yuj5TOhLADY+XMGM8=
25,54,ZJ5JIzxI6I3+NouHd8qeg9YWGSQ=,2JBtZnOGw0yuj5TOhLADY+XMGM8=
23,54,ZJ5JIzxI6I3+NouHd8qeg9YWGSQ=,2JBtZnOGw0yuj5TOhLADY+XMGM8=
22,54,ZJ5JIzxI6I3+NouHd8qeg9YWGSQ=,2JBtZnOGw0yuj5TOhLADY+XMGM8=
21,54,ZJ5JIzxI6I3+NouHd8qeg9YWGSQ=,2JBtZnOGw0yuj5TOhLADY+XMGM8=
20,54,ZJ5JIzxI6I3+NouHd8qeg9YWGSQ=,2JBtZnOGw0yuj5TOhLADY+XMGM8=
19,54,ZJ5JIzxI6I3+NouHd8qeg9YWGSQ=,2JBtZnOGw0yuj5TOhLADY+XMGM8=
18,54,ZJ5JIzxI6I3+NouHd8qeg9YWGSQ=,2JBtZnOGw0yuj5TOhLADY+XMGM8=
17,54,ZJ5JIzxI6I3+NouHd8qeg9YWGSQ=,2JBtZnOGw0yuj5TOhLADY+XMGM8=
21,49,ZJ5JIzxI6I3+NouHd8qeg9YWGSQ=,2JBtZnOGw0yuj5TOhLADY+XMGM8=
16,54,ZJ5JIzxI6I3+NouHd8qeg9YWGSQ=,2JBtZnOGw0yuj5TOhLADY+XMGM8=
31,53,ZJ5JIzxI6I3+NouHd8qeg9YWGSQ=,2JBtZnOGw0yuj5TOhLADY+XMGM8=
29,53,ZJ5JIzxI6I3+NouHd8qeg9YWGSQ=,2JBtZnOGw0yuj5TOhLADY+XMGM8=
30,53,ZJ5JIzxI6I3+NouHd8qeg9YWGSQ=,2JBtZnOGw0yuj5TOhLADY+XMGM8=
28,53,ZJ5JIzxI6I3+NouHd8qeg9YWGSQ=,2JBtZnOGw0yuj5TOhLADY+XMGM8=
27,53,ZJ5JIzxI6I3+NouHd8qeg9YWGSQ=,2JBtZnOGw0yuj5TOhLADY+XMGM8=
20,49,ZJ5JIzxI6I3+NouHd8qeg9YWGSQ=,2JBtZnOGw0yuj5TOhLADY+XMGM8=
16,51,ZJ5JIzxI6I3+NouHd8qeg9YWGSQ=,2JBtZnOGw0yuj5TOhLADY+XMGM8=
23,48,ZJ5JIzxI6I3+NouHd8qeg9YWGSQ=,2JBtZnOGw0yuj5TOhLADY+XMGM8=
26,53,ZJ5JIzxI6I3+NouHd8qeg9YWGSQ=,2JBtZnOGw0yuj5TOhLADY+XMGM8=
25,53,ZJ5JIzxI6I3+NouHd8qeg9YWGSQ=,2JBtZnOGw0yuj5TOhLADY+XMGM8=
24,53,ZJ5JIzxI6I3+NouHd8qeg9YWGSQ=,2JBtZnOGw0yuj5TOhLADY+XMGM8=
23,53,ZJ5JIzxI6I3+NouHd8qeg9YWGSQ=,2JBtZnOGw0yuj5TOhLADY+XMGM8=
22,53,ZJ5JIzxI6I3+NouHd8qeg9YWGSQ=,2JBtZnOGw0yuj5TOhLADY+XMGM8=
20,53,ZJ5JIzxI6I3+NouHd8qeg9YWGSQ=,2JBtZnOGw0yuj5TOhLADY+XMGM8=
21,53,ZJ5JIzxI6I3+NouHd8qeg9YWGSQ=,2JBtZnOGw0yuj5TOhLADY+XMGM8=
19,53,ZJ5JIzxI6I3+NouHd8qeg9YWGSQ=,2JBtZnOGw0yuj5TOhLADY+XMGM8=
16,48,ZJ5JIzxI6I3+NouHd8qeg9YWGSQ=,2JBtZnOGw0yuj5TOhLADY+XMGM8=
18,53,ZJ5JIzxI6I3+NouHd8qeg9YWGSQ=,2JBtZnOGw0yuj5TOhLADY+XMGM8=
17,53,ZJ5JIzxI6I3+NouHd8qeg9YWGSQ=,2JBtZnOGw0yuj5TOhLADY+XMGM8=
16,53,ZJ5JIzxI6I3+NouHd8qeg9YWGSQ=,2JBtZnOGw0yuj5TOhLADY+XMGM8=
19,49,ZJ5JIzxI6I3+NouHd8qeg9YWGSQ=,2JBtZnOGw0yuj5TOhLADY+XMGM8=
31,52,ZJ5JIzxI6I3+NouHd8qeg9YWGSQ=,2JBtZnOGw0yuj5TOhLADY+XMGM8=
30,52,ZJ5JIzxI6I3+NouHd8qeg9YWGSQ=,2JBtZnOGw0yuj5TOhLADY+XMGM8=
29,52,ZJ5JIzxI6I3+NouHd8qeg9YWGSQ=,2JBtZnOGw0yuj5TOhLADY+XMGM8=
28,52,ZJ5JIzxI6I3+NouHd8qeg9YWGSQ=,2JBtZnOGw0yuj5TOhLADY+XMGM8=
22,48,ZJ5JIzxI6I3+NouHd8qeg9YWGSQ=,2JBtZnOGw0yuj5TOhLADY+XMGM8=
31,50,ZJ5JIzxI6I3+NouHd8qeg9YWGSQ=,2JBtZnOGw0yuj5TOhLADY+XMGM8=
27,52,ZJ5JIzxI6I3+NouHd8qeg9YWGSQ=,2JBtZnOGw0yuj5TOhLADY+XMGM8=
26,52,ZJ5JIzxI6I3+NouHd8qeg9YWGSQ=,2JBtZnOGw0yuj5TOhLADY+XMGM8=
24,52,ZJ5JIzxI6I3+NouHd8qeg9YWGSQ=,2JBtZnOGw0yuj5TOhLADY+XMGM8=
23,52,ZJ5JIzxI6I3+NouHd8qeg9YWGSQ=,2JBtZnOGw0yuj5TOhLADY+XMGM8=
25,52,ZJ5JIzxI6I3+NouHd8qeg9YWGSQ=,2JBtZnOGw0yuj5TOhLADY+XMGM8=
22,52,ZJ5JIzxI6I3+NouHd8qeg9YWGSQ=,2JBtZnOGw0yuj5TOhLADY+XMGM8=
20,52,ZJ5JIzxI6I3+NouHd8qeg9YWGSQ=,2JBtZnOGw0yuj5TOhLADY+XMGM8=
19,52,ZJ5JIzxI6I3+NouHd8qeg9YWGSQ=,2JBtZnOGw0yuj5TOhLADY+XMGM8=
18,52,ZJ5JIzxI6I3+NouHd8qeg9YWGSQ=,2JBtZnOGw0yuj5TOhLADY+XMGM8=
17,52,ZJ5JIzxI6I3+NouHd8qeg9YWGSQ=,2JBtZnOGw0yuj5TOhLADY+XMGM8=
16,52,ZJ5JIzxI6I3+NouHd8qeg9YWGSQ=,2JBtZnOGw0yuj5TOhLADY+XMGM8=
31,51,ZJ5JIzxI6I3+NouHd8qeg9YWGSQ=,2JBtZnOGw0yuj5TOhLADY+XMGM8=
30,51,ZJ5JIzxI6I3+NouHd8qeg9YWGSQ=,2JBtZnOGw0yuj5TOhLADY+XMGM8=
18,49,ZJ5JIzxI6I3+NouHd8qeg9YWGSQ=,2JBtZnOGw0yuj5TOhLADY+XMGM8=
21,48,ZJ5JIzxI6I3+NouHd8qeg9YWGSQ=,2JBtZnOGw0yuj5TOhLADY+XMGM8=
29,51,ZJ5JIzxI6I3+NouHd8qeg9YWGSQ=,2JBtZnOGw0yuj5TOhLADY+XMGM8=
20,48,ZJ5JIzxI6I3+NouHd8qeg9YWGSQ=,2JBtZnOGw0yuj5TOhLADY+XMGM8=
30,50,ZJ5JIzxI6I3+NouHd8qeg9YWGSQ=,2JBtZnOGw0yuj5TOhLADY+XMGM8=
20,51,ZJ5JIzxI6I3+NouHd8qeg9YWGSQ=,2JBtZnOGw0yuj5TOhLADY+XMGM8=
21,51,ZJ5JIzxI6I3+NouHd8qeg9YWGSQ=,2JBtZnOGw0yuj5TOhLADY+XMGM8=
21,52,ZJ5JIzxI6I3+NouHd8qeg9YWGSQ=,2JBtZnOGw0yuj5TOhLADY+XMGM8=
31,47,ClN6XXpaxTrse7MGPfCQZ5glJDY=,XQuO0elSQOziQJ8YWEA2U41WDCw=
30,34,ClN6XXpaxTrse7MGPfCQZ5glJDY=,XQuO0elSQOziQJ8YWEA2U41WDCw=
29,34,ClN6XXpaxTrse7MGPfCQZ5glJDY=,XQuO0elSQOziQJ8YWEA2U41WDCw=
30,47,ClN6XXpaxTrse7MGPfCQZ5glJDY=,XQuO0elSQOziQJ8YWEA2U41WDCw=
29,47,ClN6XXpaxTrse7MGPfCQZ5glJDY=,XQuO0elSQOziQJ8YWEA2U41WDCw=
19,32,ClN6XXpaxTrse7MGPfCQZ5glJDY=,XQuO0elSQOziQJ8YWEA2U41WDCw=
28,47,ClN6XXpaxTrse7MGPfCQZ5glJDY=,XQuO0elSQOziQJ8YWEA2U41WDCw=
27,47,ClN6XXpaxTrse7MGPfCQZ5glJDY=,XQuO0elSQOziQJ8YWEA2U41WDCw=
26,47,ClN6XXpaxTrse7MGPfCQZ5glJDY=,XQuO0elSQOziQJ8YWEA2U41WDCw=
24,47,ClN6XXpaxTrse7MGPfCQZ5glJDY=,XQuO0elSQOziQJ8YWEA2U41WDCw=
25,47,ClN6XXpaxTrse7MGPfCQZ5glJDY=,XQuO0elSQOziQJ8YWEA2U41WDCw=
23,47,ClN6XXpaxTrse7MGPfCQZ5glJDY=,XQuO0elSQOziQJ8YWEA2U41WDCw=
21,47,ClN6XXpaxTrse7MGPfCQZ5glJDY=,XQuO0elSQOziQJ8YWEA2U41WDCw=
20,47,ClN6XXpaxTrse7MGPfCQZ5glJDY=,XQuO0elSQOziQJ8YWEA2U41WDCw=
22,47,ClN6XXpaxTrse7MGPfCQZ5glJDY=,XQuO0elSQOziQJ8YWEA2U41WDCw=
29,33,ClN6XXpaxTrse7MGPfCQZ5glJDY=,XQuO0elSQOziQJ8YWEA2U41WDCw=
31,33,ClN6XXpaxTrse7MGPfCQZ5glJDY=,XQuO0elSQOziQJ8YWEA2U41WDCw=
30,33,ClN6XXpaxTrse7MGPfCQZ5glJDY=,XQuO0elSQOziQJ8YWEA2U41WDCw=
19,47,ClN6XXpaxTrse7MGPfCQZ5glJDY=,XQuO0elSQOziQJ8YWEA2U41WDCw=
28,33,ClN6XXpaxTrse7MGPfCQZ5glJDY=,XQuO0elSQOziQJ8YWEA2U41WDCw=
27,33,ClN6XXpaxTrse7MGPfCQZ5glJDY=,XQuO0elSQOziQJ8YWEA2U41WDCw=
18,47,ClN6XXpaxTrse7MGPfCQZ5glJDY=,XQuO0elSQOziQJ8YWEA2U41WDCw=
25,33,ClN6XXpaxTrse7MGPfCQZ5glJDY=,XQuO0elSQOziQJ8YWEA2U41WDCw=
24,33,ClN6XXpaxTrse7MGPfCQZ5glJDY=,XQuO0elSQOziQJ8YWEA2U41WDCw=
26,33,ClN6XXpaxTrse7MGPfCQZ5glJDY=,XQuO0elSQOziQJ8YWEA2U41WDCw=
17,33,ClN6XXpaxTrse7MGPfCQZ5glJDY=,XQuO0elSQOziQJ8YWEA2U41WDCw=
22,33,ClN6XXpaxTrse7MGPfCQZ5glJDY=,XQuO0elSQOziQJ8YWEA2U41WDCw=
23,33,ClN6XXpaxTrse7MGPfCQZ5glJDY=,XQuO0elSQOziQJ8YWEA2U41WDCw=
17,47,ClN6XXpaxTrse7MGPfCQZ5glJDY=,XQuO0elSQOziQJ8YWEA2U41WDCw=
20,33,ClN6XXpaxTrse7MGPfCQZ5glJDY=,XQuO0elSQOziQJ8YWEA2U41WDCw=
19,33,ClN6XXpaxTrse7MGPfCQZ5glJDY=,XQuO0elSQOziQJ8YWEA2U41WDCw=
18,33,ClN6XXpaxTrse7MGPfCQZ5glJDY=,XQuO0elSQOziQJ8YWEA2U41WDCw=
16,47,ClN6XXpaxTrse7MGPfCQZ5glJDY=,XQuO0elSQOziQJ8YWEA2U41WDCw=
30,46,ClN6XXpaxTrse7MGPfCQZ5glJDY=,XQuO0elSQOziQJ8YWEA2U41WDCw=
31,46,ClN6XXpaxTrse7MGPfCQZ5glJDY=,XQuO0elSQOziQJ8YWEA2U41WDCw=
18,32,ClN6XXpaxTrse7MGPfCQZ5glJDY=,XQuO0elSQOziQJ8YWEA2U41WDCw=
28,34,ClN6XXpaxTrse7MGPfCQZ5glJDY=,XQuO0elSQOziQJ8YWEA2U41WDCw=
28,46,ClN6XXpaxTrse7MGPfCQZ5glJDY=,XQuO0elSQOziQJ8YWEA2U41WDCw=
26,46,ClN6XXpaxTrse7MGPfCQZ5glJDY=,XQuO0elSQOziQJ8YWEA2U41WDCw=
27,46,ClN6XXpaxTrse7MGPfCQZ5glJDY=,XQuO0elSQOziQJ8YWEA2U41WDCw=
29,46,ClN6XXpaxTrse7MGPfCQZ5glJDY=,XQuO0elSQOziQJ8YWEA2U41WDCw=
24,46,ClN6XXpaxTrse7MGPfCQZ5glJDY=,XQuO0elSQOziQJ8YWEA2U41WDCw=
25,46,ClN6XXpaxTrse7MGPfCQZ5glJDY=,XQuO0elSQOziQJ8YWEA2U41WDCw=
23,46,ClN6XXpaxTrse7MGPfCQZ5glJDY=,XQuO0elSQOziQJ8YWEA2U41WDCw=
20,46,ClN6XXpaxTrse7MGPfCQZ5glJDY=,XQuO0elSQOziQJ8YWEA2U41WDCw=
22,46,ClN6XXpaxTrse7MGPfCQZ5glJDY=,XQuO0elSQOziQJ8YWEA2U41WDCw=
21,46,ClN6XXpaxTrse7MGPfCQZ5glJDY=,XQuO0elSQOziQJ8YWEA2U41WDCw=
19,46,ClN6XXpaxTrse7MGPfCQZ5glJDY=,XQuO0elSQOziQJ8YWEA2U41WDCw=
18,46,ClN6XXpaxTrse7MGPfCQZ5glJDY=,XQuO0elSQOziQJ8YWEA2U41WDCw=
17,46,ClN6XXpaxTrse7MGPfCQZ5glJDY=,XQuO0elSQOziQJ8YWEA2U41WDCw=
16,46,ClN6XXpaxTrse7MGPfCQZ5glJDY=,XQuO0elSQOziQJ8YWEA2U41WDCw=
31,45,ClN6XXpaxTrse7MGPfCQZ5glJDY=,XQuO0elSQOziQJ8YWEA2U41WDCw=
30,45,ClN6XXpaxTrse7MGPfCQZ5glJDY=,XQuO0elSQOziQJ8YWEA2U41WDCw=
29,45,ClN6XXpaxTrse7MGPfCQZ5glJDY=,XQuO0elSQOziQJ8YWEA2U41WDCw=
31,32,ClN6XXpaxTrse7MGPfCQZ5glJDY=,XQuO0elSQOziQJ8YWEA2U41WDCw=
16,33,ClN6XXpaxTrse7MGPfCQZ5glJDY=,XQuO0elSQOziQJ8YWEA2U41WDCw=
27,34,ClN6XXpaxTrse7MGPfCQZ5glJDY=,XQuO0elSQOziQJ8YWEA2U41WDCw=
28,45,ClN6XXpaxTrse7MGPfCQZ5glJDY=,XQuO0elSQOziQJ8YWEA2U41WDCw=
26,45,ClN6XXpaxTrse7MGPfCQZ5glJDY=,XQuO0elSQOziQJ8YWEA2U41WDCw=
27,45,ClN6XXpaxTrse7MGPfCQZ5glJDY=,XQuO0elSQOziQJ8YWEA2U41WDCw=
25,45,ClN6XXpaxTrse7MGPfCQZ5glJDY=,XQuO0elSQOziQJ8YWEA2U41WDCw=
24,45,ClN6XXpaxTrse7MGPfCQZ5glJDY=,XQuO0elSQOziQJ8YWEA2U41WDCw=
23,45,ClN6XXpaxTrse7MGPfCQZ5glJDY=,XQuO0elSQOziQJ8YWEA2U41WDCw=
22,45,ClN6XXpaxTrse7MGPfCQZ5glJDY=,XQuO0elSQOziQJ8YWEA2U41WDCw=
21,45,ClN6XXpaxTrse7MGPfCQZ5glJDY=,XQuO0elSQOziQJ8YWEA2U41WDCw=
20,45,ClN6XXpaxTrse7MGPfCQZ5glJDY=,XQuO0elSQOziQJ8YWEA2U41WDCw=
19,45,ClN6XXpaxTrse7MGPfCQZ5glJDY=,XQuO0elSQOziQJ8YWEA2U41WDCw=
18,45,ClN6XXpaxTrse7MGPfCQZ5glJDY=,XQuO0elSQOziQJ8YWEA2U41WDCw=
17,45,ClN6XXpaxTrse7MGPfCQZ5glJDY=,XQuO0elSQOziQJ8YWEA2U41WDCw=
17,32,ClN6XXpaxTrse7MGPfCQZ5glJDY=,XQuO0elSQOziQJ8YWEA2U41WDCw=
16,45,ClN6XXpaxTrse7MGPfCQZ5glJDY=,XQuO0elSQOziQJ8YWEA2U41WDCw=
31,44,ClN6XXpaxTrse7MGPfCQZ5glJDY=,XQuO0elSQOziQJ8YWEA2U41WDCw=
29,44,ClN6XXpaxTrse7MGPfCQZ5glJDY=,XQuO0elSQOziQJ8YWEA2U41WDCw=
30,44,ClN6XXpaxTrse7MGPfCQZ5glJDY=,XQuO0elSQOziQJ8YWEA2U41WDCw=
30,32,ClN6XXpaxTrse7MGPfCQZ5glJDY=,XQuO0elSQOziQJ8YWEA2U41WDCw=
28,44,ClN6XXpaxTrse7MGPfCQZ5glJDY=,XQuO0elSQOziQJ8YWEA2U41WDCw=
26,34,ClN6XXpaxTrse7MGPfCQZ5glJDY=,XQuO0elSQOziQJ8YWEA2U41WDCw=
27,44,ClN6XXpaxTrse7MGPfCQZ5glJDY=,XQuO0elSQOziQJ8YWEA2U41WDCw=
26,44,ClN6XXpaxTrse7MGPfCQZ5glJDY=,XQuO0elSQOziQJ8YWEA2U41WDCw=
25,44,ClN6XXpaxTrse7MGPfCQZ5glJDY=,XQuO0elSQOziQJ8YWEA2U41WDCw=
23,44,ClN6XXpaxTrse7MGPfCQZ5glJDY=,XQuO0elSQOziQJ8YWEA2U41WDCw=
24,44,ClN6XXpaxTrse7MGPfCQZ5glJDY=,XQuO0elSQOziQJ8YWEA2U41WDCw=
22,44,ClN6XXpaxTrse7MGPfCQZ5glJDY=,XQuO0elSQOziQJ8YWEA2U41WDCw=
21,44,ClN6XXpaxTrse7MGPfCQZ5glJDY=,XQuO0elSQOziQJ8YWEA2U41WDCw=
20,44,ClN6XXpaxTrse7MGPfCQZ5glJDY=,XQuO0elSQOziQJ8YWEA2U41WDCw=
19,44,ClN6XXpaxTrse7MGPfCQZ5glJDY=,XQuO0elSQOziQJ8YWEA2U41WDCw=
17,44,ClN6XXpaxTrse7MGPfCQZ5glJDY=,XQuO0elSQOziQJ8YWEA2U41WDCw=
18,44,ClN6XXpaxTrse7MGPfCQZ5glJDY=,XQuO0elSQOziQJ8YWEA2U41WDCw=
16,44,ClN6XXpaxTrse7MGPfCQZ5glJDY=,XQuO0elSQOziQJ8YWEA2U41WDCw=
31,43,ClN6XXpaxTrse7MGPfCQZ5glJDY=,XQuO0elSQOziQJ8YWEA2U41WDCw=
30,43,ClN6XXpaxTrse7MGPfCQZ5glJDY=,XQuO0elSQOziQJ8YWEA2U41WDCw=
29,43,ClN6XXpaxTrse7MGPfCQZ5glJDY=,XQuO0elSQOziQJ8YWEA2U41WDCw=
29,32,ClN6XXpaxTrse7MGPfCQZ5glJDY=,XQuO0elSQOziQJ8YWEA2U41WDCw=
28,43,ClN6XXpaxTrse7MGPfCQZ5glJDY=,XQuO0elSQOziQJ8YWEA2U41WDCw=
25,34,ClN6XXpaxTrse7MGPfCQZ5glJDY=,XQuO0elSQOziQJ8YWEA2U41WDCw=
27,43,ClN6XXpaxTrse7MGPfCQZ5glJDY=,XQuO0elSQOziQJ8YWEA2U41WDCw=
26,43,ClN6XXpaxTrse7MGPfCQZ5glJDY=,XQuO0elSQOziQJ8YWEA2U41WDCw=
25,43,ClN6XXpaxTrse7MGPfCQZ5glJDY=,XQuO0elSQOziQJ8YWEA2U41WDCw=
24,43,ClN6XXpaxTrse7MGPfCQZ5glJDY=,XQuO0elSQOziQJ8YWEA2U41WDCw=
23,43,ClN6XXpaxTrse7MGPfCQZ5glJDY=,XQuO0elSQOziQJ8YWEA2U41WDCw=
22,43,ClN6XXpaxTrse7MGPfCQZ5glJDY=,XQuO0elSQOziQJ8YWEA2U41WDCw=
21,43,ClN6XXpaxTrse7MGPfCQZ5glJDY=,XQuO0elSQOziQJ8YWEA2U41WDCw=
20,43,ClN6XXpaxTrse7MGPfCQZ5glJDY=,XQuO0elSQOziQJ8YWEA2U41WDCw=
19,43,ClN6XXpaxTrse7MGPfCQZ5glJDY=,XQuO0elSQOziQJ8YWEA2U41WDCw=
18,43,ClN6XXpaxTrse7MGPfCQZ5glJDY=,XQuO0elSQOziQJ8YWEA2U41WDCw=
17,43,ClN6XXpaxTrse7MGPfCQZ5glJDY=,XQuO0elSQOziQJ8YWEA2U41WDCw=
16,43,ClN6XXpaxTrse7MGPfCQZ5glJDY=,XQuO0elSQOziQJ8YWEA2U41WDCw=
31,42,ClN6XXpaxTrse7MGPfCQZ5glJDY=,XQuO0elSQOziQJ8YWEA2U41WDCw=
29,42,ClN6XXpaxTrse7MGPfCQZ5glJDY=,XQuO0elSQOziQJ8YWEA2U41WDCw=
30,42,ClN6XXpaxTrse7MGPfCQZ5glJDY=,XQuO0elSQOziQJ8YWEA2U41WDCw=
27,42,ClN6XXpaxTrse7MGPfCQZ5glJDY=,XQuO0elSQOziQJ8YWEA2U41WDCw=
28,42,ClN6XXpaxTrse7MGPfCQZ5glJDY=,XQuO0elSQOziQJ8YWEA2U41WDCw=
28,32,ClN6XXpaxTrse7MGPfCQZ5glJDY=,XQuO0elSQOziQJ8YWEA2U41WDCw=
26,42,ClN6XXpaxTrse7MGPfCQZ5glJDY=,XQuO0elSQOziQJ8YWEA2U41WDCw=
24,34,ClN6XXpaxTrse7MGPfCQZ5glJDY=,XQuO0elSQOziQJ8YWEA2U41WDCw=
25,42,ClN6XXpaxTrse7MGPfCQZ5glJDY=,XQuO0elSQOziQJ8YWEA2U41WDCw=
24,42,ClN6XXpaxTrse7MGPfCQZ5glJDY=,XQuO0elSQOziQJ8YWEA2U41WDCw=
23,42,ClN6XXpaxTrse7MGPfCQZ5glJDY=,XQuO0elSQOziQJ8YWEA2U41WDCw=
22,42,ClN6XXpaxTrse7MGPfCQZ5glJDY=,XQuO0elSQOziQJ8YWEA2U41WDCw=
21,42,ClN6XXpaxTrse7MGPfCQZ5glJDY=,XQuO0elSQOziQJ8YWEA2U41WDCw=
20,42,ClN6XXpaxTrse7MGPfCQZ5glJDY=,XQuO0elSQOziQJ8YWEA2U41WDCw=
19,42,ClN6XXpaxTrse7MGPfCQZ5glJDY=,XQuO0elSQOziQJ8YWEA2U41WDCw=
17,42,ClN6XXpaxTrse7MGPfCQZ5glJDY=,XQuO0elSQOziQJ8YWEA2U41WDCw=
16,42,ClN6XXpaxTrse7MGPfCQZ5glJDY=,XQuO0elSQOziQJ8YWEA2U41WDCw=
18,42,ClN6XXpaxTrse7MGPfCQZ5glJDY=,XQuO0elSQOziQJ8YWEA2U41WDCw=
31,41,ClN6XXpaxTrse7MGPfCQZ5glJDY=,XQuO0elSQOziQJ8YWEA2U41WDCw=
30,41,ClN6XXpaxTrse7MGPfCQZ5glJDY=,XQuO0elSQOziQJ8YWEA2U41WDCw=
29,41,ClN6XXpaxTrse7MGPfCQZ5glJDY=,XQuO0elSQOziQJ8YWEA2U41WDCw=
28,41,ClN6XXpaxTrse7MGPfCQZ5glJDY=,XQuO0elSQOziQJ8YWEA2U41WDCw=
27,41,ClN6XXpaxTrse7MGPfCQZ5glJDY=,XQuO0elSQOziQJ8YWEA2U41WDCw=
26,41,ClN6XXpaxTrse7MGPfCQZ5glJDY=,XQuO0elSQOziQJ8YWEA2U41WDCw=
25,41,ClN6XXpaxTrse7MGPfCQZ5glJDY=,XQuO0elSQOziQJ8YWEA2U41WDCw=
27,32,ClN6XXpaxTrse7MGPfCQZ5glJDY=,XQuO0elSQOziQJ8YWEA2U41WDCw=
23,41,ClN6XXpaxTrse7MGPfCQZ5glJDY=,XQuO0elSQOziQJ8YWEA2U41WDCw=
23,34,ClN6XXpaxTrse7MGPfCQZ5glJDY=,XQuO0elSQOziQJ8YWEA2U41WDCw=
24,41,ClN6XXpaxTrse7MGPfCQZ5glJDY=,XQuO0elSQOziQJ8YWEA2U41WDCw=
21,41,ClN6XXpaxTrse7MGPfCQZ5glJDY=,XQuO0elSQOziQJ8YWEA2U41WDCw=
19,41,ClN6XXpaxTrse7MGPfCQZ5glJDY=,XQuO0elSQOziQJ8YWEA2U41WDCw=
22,41,ClN6XXpaxTrse7MGPfCQZ5glJDY=,XQuO0elSQOziQJ8YWEA2U41WDCw=
18,41,ClN6XXpaxTrse7MGPfCQZ5glJDY=,XQuO0elSQOziQJ8YWEA2U41WDCw=
20,41,ClN6XXpaxTrse7MGPfCQZ5glJDY=,XQuO0elSQOziQJ8YWEA2U41WDCw=
17,41,ClN6XXpaxTrse7MGPfCQZ5glJDY=,XQuO0elSQOziQJ8YWEA2U41WDCw=
31,40,ClN6XXpaxTrse7MGPfCQZ5glJDY=,XQuO0elSQOziQJ8YWEA2U41WDCw=
16,41,ClN6XXpaxTrse7MGPfCQZ5glJDY=,XQuO0elSQOziQJ8YWEA2U41WDCw=
30,40,ClN6XXpaxTrse7MGPfCQZ5glJDY=,XQuO0elSQOziQJ8YWEA2U41WDCw=
29,40,ClN6XXpaxTrse7MGPfCQZ5glJDY=,XQuO0elSQOziQJ8YWEA2U41WDCw=
28,40,ClN6XXpaxTrse7MGPfCQZ5glJDY=,XQuO0elSQOziQJ8YWEA2U41WDCw=
27,40,ClN6XXpaxTrse7MGPfCQZ5glJDY=,XQuO0elSQOziQJ8YWEA2U41WDCw=
26,40,ClN6XXpaxTrse7MGPfCQZ5glJDY=,XQuO0elSQOziQJ8YWEA2U41WDCw=
25,40,ClN6XXpaxTrse7MGPfCQZ5glJDY=,XQuO0elSQOziQJ8YWEA2U41WDCw=
24,40,ClN6XXpaxTrse7MGPfCQZ5glJDY=,XQuO0elSQOziQJ8YWEA2U41WDCw=
22,34,ClN6XXpaxTrse7MGPfCQZ5glJDY=,XQuO0elSQOziQJ8YWEA2U41WDCw=
26,32,ClN6XXpaxTrse7MGPfCQZ5glJDY=,XQuO0elSQOziQJ8YWEA2U41WDCw=
23,40,ClN6XXpaxTrse7MGPfCQZ5glJDY=,XQuO0elSQOziQJ8YWEA2U41WDCw=
22,40,ClN6XXpaxTrse7MGPfCQZ5glJDY=,XQuO0elSQOziQJ8YWEA2U41WDCw=
21,40,ClN6XXpaxTrse7MGPfCQZ5glJDY=,XQuO0elSQOziQJ8YWEA2U41WDCw=
19,40,ClN6XXpaxTrse7MGPfCQZ5glJDY=,XQuO0elSQOziQJ8YWEA2U41WDCw=
20,40,ClN6XXpaxTrse7MGPfCQZ5glJDY=,XQuO0elSQOziQJ8YWEA2U41WDCw=
18,40,ClN6XXpaxTrse7MGPfCQZ5glJDY=,XQuO0elSQOziQJ8YWEA2U41WDCw=
17,40,ClN6XXpaxTrse7MGPfCQZ5glJDY=,XQuO0elSQOziQJ8YWEA2U41WDCw=
16,40,ClN6XXpaxTrse7MGPfCQZ5glJDY=,XQuO0elSQOziQJ8YWEA2U41WDCw=
31,39,ClN6XXpaxTrse7MGPfCQZ5glJDY=,XQuO0elSQOziQJ8YWEA2U41WDCw=
30,39,ClN6XXpaxTrse7MGPfCQZ5glJDY=,XQuO0elSQOziQJ8YWEA2U41WDCw=
29,39,ClN6XXpaxTrse7MGPfCQZ5glJDY=,XQuO0elSQOziQJ8YWEA2U41WDCw=
28,39,ClN6XXpaxTrse7MGPfCQZ5glJDY=,XQuO0elSQOziQJ8YWEA2U41WDCw=
27,39,ClN6XXpaxTrse7MGPfCQZ5glJDY=,XQuO0elSQOziQJ8YWEA2U41WDCw=
26,39,ClN6XXpaxTrse7MGPfCQZ5glJDY=,XQuO0elSQOziQJ8YWEA2U41WDCw=
25,39,ClN6XXpaxTrse7MGPfCQZ5glJDY=,XQuO0elSQOziQJ8YWEA2U41WDCw=
24,39,ClN6XXpaxTrse7MGPfCQZ5glJDY=,XQuO0elSQOziQJ8YWEA2U41WDCw=
23,39,ClN6XXpaxTrse7MGPfCQZ5glJDY=,XQuO0elSQOziQJ8YWEA2U41WDCw=
21,34,ClN6XXpaxTrse7MGPfCQZ5glJDY=,XQuO0elSQOziQJ8YWEA2U41WDCw=
22,39,ClN6XXpaxTrse7MGPfCQZ5glJDY=,XQuO0elSQOziQJ8YWEA2U41WDCw=
25,32,ClN6XXpaxTrse7MGPfCQZ5glJDY=,XQuO0elSQOziQJ8YWEA2U41WDCw=
21,39,ClN6XXpaxTrse7MGPfCQZ5glJDY=,XQuO0elSQOziQJ8YWEA2U41WDCw=
20,39,ClN6XXpaxTrse7MGPfCQZ5glJDY=,XQuO0elSQOziQJ8YWEA2U41WDCw=
19,39,ClN6XXpaxTrse7MGPfCQZ5glJDY=,XQuO0elSQOziQJ8YWEA2U41WDCw=
18,39,ClN6XXpaxTrse7MGPfCQZ5glJDY=,XQuO0elSQOziQJ8YWEA2U41WDCw=
17,39,ClN6XXpaxTrse7MGPfCQZ5glJDY=,XQuO0elSQOziQJ8YWEA2U41WDCw=
16,39,ClN6XXpaxTrse7MGPfCQZ5glJDY=,XQuO0elSQOziQJ8YWEA2U41WDCw=
29,38,ClN6XXpaxTrse7MGPfCQZ5glJDY=,XQuO0elSQOziQJ8YWEA2U41WDCw=
31,38,ClN6XXpaxTrse7MGPfCQZ5glJDY=,XQuO0elSQOziQJ8YWEA2U41WDCw=
30,38,ClN6XXpaxTrse7MGPfCQZ5glJDY=,XQuO0elSQOziQJ8YWEA2U41WDCw=
28,38,ClN6XXpaxTrse7MGPfCQZ5glJDY=,XQuO0elSQOziQJ8YWEA2U41WDCw=
27,38,ClN6XXpaxTrse7MGPfCQZ5glJDY=,XQuO0elSQOziQJ8YWEA2U41WDCw=
26,38,ClN6XXpaxTrse7MGPfCQZ5glJDY=,XQuO0elSQOziQJ8YWEA2U41WDCw=
25,38,ClN6XXpaxTrse7MGPfCQZ5glJDY=,XQuO0elSQOziQJ8YWEA2U41WDCw=
24,38,ClN6XXpaxTrse7MGPfCQZ5glJDY=,XQuO0elSQOziQJ8YWEA2U41WDCw=
23,38,ClN6XXpaxTrse7MGPfCQZ5glJDY=,XQuO0elSQOziQJ8YWEA2U41WDCw=
22,38,ClN6XXpaxTrse7MGPfCQZ5glJDY=,XQuO0elSQOziQJ8YWEA2U41WDCw=
20,34,ClN6XXpaxTrse7MGPfCQZ5glJDY=,XQuO0elSQOziQJ8YWEA2U41WDCw=
24,32,ClN6XXpaxTrse7MGPfCQZ5glJDY=,XQuO0elSQOziQJ8YWEA2U41WDCw=
21,38,ClN6XXpaxTrse7MGPfCQZ5glJDY=,XQuO0elSQOziQJ8YWEA2U41WDCw=
20,38,ClN6XXpaxTrse7MGPfCQZ5glJDY=,XQuO0elSQOziQJ8YWEA2U41WDCw=
19,38,ClN6XXpaxTrse7MGPfCQZ5glJDY=,XQuO0elSQOziQJ8YWEA2U41WDCw=
18,38,ClN6XXpaxTrse7MGPfCQZ5glJDY=,XQuO0elSQOziQJ8YWEA2U41WDCw=
17,38,ClN6XXpaxTrse7MGPfCQZ5glJDY=,XQuO0elSQOziQJ8YWEA2U41WDCw=
31,37,ClN6XXpaxTrse7MGPfCQZ5glJDY=,XQuO0elSQOziQJ8YWEA2U41WDCw=
16,38,ClN6XXpaxTrse7MGPfCQZ5glJDY=,XQuO0elSQOziQJ8YWEA2U41WDCw=
30,37,ClN6XXpaxTrse7MGPfCQZ5glJDY=,XQuO0elSQOziQJ8YWEA2U41WDCw=
29,37,ClN6XXpaxTrse7MGPfCQZ5glJDY=,XQuO0elSQOziQJ8YWEA2U41WDCw=
28,37,ClN6XXpaxTrse7MGPfCQZ5glJDY=,XQuO0elSQOziQJ8YWEA2U41WDCw=
27,37,ClN6XXpaxTrse7MGPfCQZ5glJDY=,XQuO0elSQOziQJ8YWEA2U41WDCw=
25,37,ClN6XXpaxTrse7MGPfCQZ5glJDY=,XQuO0elSQOziQJ8YWEA2U41WDCw=
26,37,ClN6XXpaxTrse7MGPfCQZ5glJDY=,XQuO0elSQOziQJ8YWEA2U41WDCw=
24,37,ClN6XXpaxTrse7MGPfCQZ5glJDY=,XQuO0elSQOziQJ8YWEA2U41WDCw=
23,37,ClN6XXpaxTrse7MGPfCQZ5glJDY=,XQuO0elSQOziQJ8YWEA2U41WDCw=
22,37,ClN6XXpaxTrse7MGPfCQZ5glJDY=,XQuO0elSQOziQJ8YWEA2U41WDCw=
21,37,ClN6XXpaxTrse7MGPfCQZ5glJDY=,XQuO0elSQOziQJ8YWEA2U41WDCw=
19,34,ClN6XXpaxTrse7MGPfCQZ5glJDY=,XQuO0elSQOziQJ8YWEA2U41WDCw=
20,37,ClN6XXpaxTrse7MGPfCQZ5glJDY=,XQuO0elSQOziQJ8YWEA2U41WDCw=
23,32,ClN6XXpaxTrse7MGPfCQZ5glJDY=,XQuO0elSQOziQJ8YWEA2U41WDCw=
19,37,ClN6XXpaxTrse7MGPfCQZ5glJDY=,XQuO0elSQOziQJ8YWEA2U41WDCw=
18,37,ClN6XXpaxTrse7MGPfCQZ5glJDY=,XQuO0elSQOziQJ8YWEA2U41WDCw=
16,37,ClN6XXpaxTrse7MGPfCQZ5glJDY=,XQuO0elSQOziQJ8YWEA2U41WDCw=
31,36,ClN6XXpaxTrse7MGPfCQZ5glJDY=,XQuO0elSQOziQJ8YWEA2U41WDCw=
17,37,ClN6XXpaxTrse7MGPfCQZ5glJDY=,XQuO0elSQOziQJ8YWEA2U41WDCw=
29,36,ClN6XXpaxTrse7MGPfCQZ5glJDY=,XQuO0elSQOziQJ8YWEA2U41WDCw=
30,36,ClN6XXpaxTrse7MGPfCQZ5glJDY=,XQuO0elSQOziQJ8YWEA2U41WDCw=
28,36,ClN6XXpaxTrse7MGPfCQZ5glJDY=,XQuO0elSQOziQJ8YWEA2U41WDCw=
27,36,ClN6XXpaxTrse7MGPfCQZ5glJDY=,XQuO0elSQOziQJ8YWEA2U41WDCw=
26,36,ClN6XXpaxTrse7MGPfCQZ5glJDY=,XQuO0elSQOziQJ8YWEA2U41WDCw=
25,36,ClN6XXpaxTrse7MGPfCQZ5glJDY=,XQuO0elSQOziQJ8YWEA2U41WDCw=
24,36,ClN6XXpaxTrse7MGPfCQZ5glJDY=,XQuO0elSQOziQJ8YWEA2U41WDCw=
23,36,ClN6XXpaxTrse7MGPfCQZ5glJDY=,XQuO0elSQOziQJ8YWEA2U41WDCw=
22,36,ClN6XXpaxTrse7MGPfCQZ5glJDY=,XQuO0elSQOziQJ8YWEA2U41WDCw=
16,32,ClN6XXpaxTrse7MGPfCQZ5glJDY=,XQuO0elSQOziQJ8YWEA2U41WDCw=
21,36,ClN6XXpaxTrse7MGPfCQZ5glJDY=,XQuO0elSQOziQJ8YWEA2U41WDCw=
20,36,ClN6XXpaxTrse7MGPfCQZ5glJDY=,XQuO0elSQOziQJ8YWEA2U41WDCw=
18,34,ClN6XXpaxTrse7MGPfCQZ5glJDY=,XQuO0elSQOziQJ8YWEA2U41WDCw=
19,36,ClN6XXpaxTrse7MGPfCQZ5glJDY=,XQuO0elSQOziQJ8YWEA2U41WDCw=
18,36,ClN6XXpaxTrse7MGPfCQZ5glJDY=,XQuO0elSQOziQJ8YWEA2U41WDCw=
17,36,ClN6XXpaxTrse7MGPfCQZ5glJDY=,XQuO0elSQOziQJ8YWEA2U41WDCw=
16,36,ClN6XXpaxTrse7MGPfCQZ5glJDY=,XQuO0elSQOziQJ8YWEA2U41WDCw=
31,35,ClN6XXpaxTrse7MGPfCQZ5glJDY=,XQuO0elSQOziQJ8YWEA2U41WDCw=
17,34,ClN6XXpaxTrse7MGPfCQZ5glJDY=,XQuO0elSQOziQJ8YWEA2U41WDCw=
30,35,ClN6XXpaxTrse7MGPfCQZ5glJDY=,XQuO0elSQOziQJ8YWEA2U41WDCw=
29,35,ClN6XXpaxTrse7MGPfCQZ5glJDY=,XQuO0elSQOziQJ8YWEA2U41WDCw=
28,35,ClN6XXpaxTrse7MGPfCQZ5glJDY=,XQuO0elSQOziQJ8YWEA2U41WDCw=
27,35,ClN6XXpaxTrse7MGPfCQZ5glJDY=,XQuO0elSQOziQJ8YWEA2U41WDCw=
26,35,ClN6XXpaxTrse7MGPfCQZ5glJDY=,XQuO0elSQOziQJ8YWEA2U41WDCw=
25,35,ClN6XXpaxTrse7MGPfCQZ5glJDY=,XQuO0elSQOziQJ8YWEA2U41WDCw=
24,35,ClN6XXpaxTrse7MGPfCQZ5glJDY=,XQuO0elSQOziQJ8YWEA2U41WDCw=
23,35,ClN6XXpaxTrse7MGPfCQZ5glJDY=,XQuO0elSQOziQJ8YWEA2U41WDCw=
22,35,ClN6XXpaxTrse7MGPfCQZ5glJDY=,XQuO0elSQOziQJ8YWEA2U41WDCw=
21,35,ClN6XXpaxTrse7MGPfCQZ5glJDY=,XQuO0elSQOziQJ8YWEA2U41WDCw=
20,32,ClN6XXpaxTrse7MGPfCQZ5glJDY=,XQuO0elSQOziQJ8YWEA2U41WDCw=
16,34,ClN6XXpaxTrse7MGPfCQZ5glJDY=,XQuO0elSQOziQJ8YWEA2U41WDCw=
20,35,ClN6XXpaxTrse7MGPfCQZ5glJDY=,XQuO0elSQOziQJ8YWEA2U41WDCw=
19,35,ClN6XXpaxTrse7MGPfCQZ5glJDY=,XQuO0elSQOziQJ8YWEA2U41WDCw=
17,35,ClN6XXpaxTrse7MGPfCQZ5glJDY=,XQuO0elSQOziQJ8YWEA2U41WDCw=
18,35,ClN6XXpaxTrse7MGPfCQZ5glJDY=,XQuO0elSQOziQJ8YWEA2U41WDCw=
31,34,ClN6XXpaxTrse7MGPfCQZ5glJDY=,XQuO0elSQOziQJ8YWEA2U41WDCw=
16,35,ClN6XXpaxTrse7MGPfCQZ5glJDY=,XQuO0elSQOziQJ8YWEA2U41WDCw=
22,32,ClN6XXpaxTrse7MGPfCQZ5glJDY=,XQuO0elSQOziQJ8YWEA2U41WDCw=
21,32,ClN6XXpaxTrse7MGPfCQZ5glJDY=,XQuO0elSQOziQJ8YWEA2U41WDCw=
21,33,ClN6XXpaxTrse7MGPfCQZ5glJDY=,XQuO0elSQOziQJ8YWEA2U41WDCw=
